month,country,work_related,ask_do_express,share_of_messages
2024-07-01,AE,0,asking,0.507
2024-07-01,AE,0,doing,0.348
2024-07-01,AE,0,expressing,0.145
2024-07-01,AE,1,asking,0.251
2024-07-01,AE,1,doing,0.631
2024-07-01,AE,1,expressing,0.118
2024-07-01,AO,0,asking,0.695
2024-07-01,AO,0,doing,0.221
2024-07-01,AO,0,expressing,0.084
2024-07-01,AR,0,asking,0.586
2024-07-01,AR,0,doing,0.289
2024-07-01,AR,0,expressing,0.125
2024-07-01,AR,1,asking,0.404
2024-07-01,AR,1,doing,0.487
2024-07-01,AR,1,expressing,0.110
2024-07-01,AT,0,asking,0.538
2024-07-01,AT,0,doing,0.357
2024-07-01,AT,0,expressing,0.105
2024-07-01,AT,1,asking,0.367
2024-07-01,AT,1,doing,0.533
2024-07-01,AT,1,expressing,0.100
2024-07-01,AU,0,asking,0.534
2024-07-01,AU,0,doing,0.378
2024-07-01,AU,0,expressing,0.088
2024-07-01,AU,1,asking,0.325
2024-07-01,AU,1,doing,0.593
2024-07-01,AU,1,expressing,0.082
2024-07-01,AZ,0,asking,0.563
2024-07-01,AZ,0,doing,0.268
2024-07-01,AZ,0,expressing,0.169
2024-07-01,AZ,1,asking,0.434
2024-07-01,AZ,1,doing,0.460
2024-07-01,AZ,1,expressing,0.105
2024-07-01,BD,0,asking,0.529
2024-07-01,BD,0,doing,0.348
2024-07-01,BD,0,expressing,0.123
2024-07-01,BD,1,asking,0.357
2024-07-01,BD,1,doing,0.564
2024-07-01,BD,1,expressing,0.079
2024-07-01,BE,0,asking,0.541
2024-07-01,BE,0,doing,0.350
2024-07-01,BE,0,expressing,0.109
2024-07-01,BE,1,asking,0.304
2024-07-01,BE,1,doing,0.598
2024-07-01,BE,1,expressing,0.098
2024-07-01,BG,0,asking,0.659
2024-07-01,BG,0,doing,0.206
2024-07-01,BG,0,expressing,0.136
2024-07-01,BG,1,asking,0.396
2024-07-01,BG,1,doing,0.493
2024-07-01,BG,1,expressing,0.111
2024-07-01,BO,0,asking,0.661
2024-07-01,BO,0,doing,0.243
2024-07-01,BO,0,expressing,0.097
2024-07-01,BO,1,asking,0.454
2024-07-01,BO,1,doing,0.486
2024-07-01,BO,1,expressing,0.061
2024-07-01,BR,0,asking,0.509
2024-07-01,BR,0,doing,0.358
2024-07-01,BR,0,expressing,0.133
2024-07-01,BR,1,asking,0.319
2024-07-01,BR,1,doing,0.579
2024-07-01,BR,1,expressing,0.102
2024-07-01,CA,0,asking,0.559
2024-07-01,CA,0,doing,0.340
2024-07-01,CA,0,expressing,0.100
2024-07-01,CA,1,asking,0.388
2024-07-01,CA,1,doing,0.522
2024-07-01,CA,1,expressing,0.090
2024-07-01,CH,0,asking,0.546
2024-07-01,CH,0,doing,0.344
2024-07-01,CH,0,expressing,0.110
2024-07-01,CH,1,asking,0.310
2024-07-01,CH,1,doing,0.573
2024-07-01,CH,1,expressing,0.117
2024-07-01,CI,0,asking,0.517
2024-07-01,CI,0,doing,0.357
2024-07-01,CI,0,expressing,0.126
2024-07-01,CI,1,asking,0.415
2024-07-01,CI,1,doing,0.493
2024-07-01,CI,1,expressing,0.092
2024-07-01,CL,0,asking,0.568
2024-07-01,CL,0,doing,0.319
2024-07-01,CL,0,expressing,0.113
2024-07-01,CL,1,asking,0.388
2024-07-01,CL,1,doing,0.530
2024-07-01,CL,1,expressing,0.081
2024-07-01,CO,0,asking,0.524
2024-07-01,CO,0,doing,0.359
2024-07-01,CO,0,expressing,0.117
2024-07-01,CO,1,asking,0.362
2024-07-01,CO,1,doing,0.533
2024-07-01,CO,1,expressing,0.105
2024-07-01,CR,0,asking,0.515
2024-07-01,CR,0,doing,0.315
2024-07-01,CR,0,expressing,0.170
2024-07-01,CR,1,asking,0.369
2024-07-01,CR,1,doing,0.518
2024-07-01,CR,1,expressing,0.113
2024-07-01,CY,1,asking,0.316
2024-07-01,CY,1,doing,0.529
2024-07-01,CY,1,expressing,0.154
2024-07-01,CZ,0,asking,0.586
2024-07-01,CZ,0,doing,0.306
2024-07-01,CZ,0,expressing,0.108
2024-07-01,CZ,1,asking,0.347
2024-07-01,CZ,1,doing,0.544
2024-07-01,CZ,1,expressing,0.109
2024-07-01,DE,0,asking,0.533
2024-07-01,DE,0,doing,0.351
2024-07-01,DE,0,expressing,0.117
2024-07-01,DE,1,asking,0.384
2024-07-01,DE,1,doing,0.514
2024-07-01,DE,1,expressing,0.102
2024-07-01,DK,0,asking,0.566
2024-07-01,DK,0,doing,0.320
2024-07-01,DK,0,expressing,0.113
2024-07-01,DK,1,asking,0.361
2024-07-01,DK,1,doing,0.525
2024-07-01,DK,1,expressing,0.114
2024-07-01,DO,0,asking,0.589
2024-07-01,DO,0,doing,0.276
2024-07-01,DO,0,expressing,0.135
2024-07-01,DO,1,asking,0.407
2024-07-01,DO,1,doing,0.495
2024-07-01,DO,1,expressing,0.098
2024-07-01,DZ,0,asking,0.520
2024-07-01,DZ,0,doing,0.294
2024-07-01,DZ,0,expressing,0.186
2024-07-01,DZ,1,asking,0.384
2024-07-01,DZ,1,doing,0.501
2024-07-01,DZ,1,expressing,0.116
2024-07-01,EC,0,asking,0.585
2024-07-01,EC,0,doing,0.327
2024-07-01,EC,0,expressing,0.087
2024-07-01,EC,1,asking,0.385
2024-07-01,EC,1,doing,0.558
2024-07-01,EC,1,expressing,0.057
2024-07-01,EE,0,asking,0.489
2024-07-01,EE,0,doing,0.257
2024-07-01,EE,0,expressing,0.255
2024-07-01,EG,0,asking,0.518
2024-07-01,EG,0,doing,0.291
2024-07-01,EG,0,expressing,0.191
2024-07-01,EG,1,asking,0.435
2024-07-01,EG,1,doing,0.469
2024-07-01,EG,1,expressing,0.096
2024-07-01,ES,0,asking,0.561
2024-07-01,ES,0,doing,0.318
2024-07-01,ES,0,expressing,0.121
2024-07-01,ES,1,asking,0.382
2024-07-01,ES,1,doing,0.516
2024-07-01,ES,1,expressing,0.102
2024-07-01,ET,0,asking,0.553
2024-07-01,ET,0,doing,0.307
2024-07-01,ET,0,expressing,0.140
2024-07-01,ET,1,asking,0.355
2024-07-01,ET,1,doing,0.539
2024-07-01,ET,1,expressing,0.106
2024-07-01,FI,0,asking,0.482
2024-07-01,FI,0,doing,0.342
2024-07-01,FI,0,expressing,0.176
2024-07-01,FI,1,asking,0.388
2024-07-01,FI,1,doing,0.484
2024-07-01,FI,1,expressing,0.128
2024-07-01,FR,0,asking,0.493
2024-07-01,FR,0,doing,0.369
2024-07-01,FR,0,expressing,0.139
2024-07-01,FR,1,asking,0.316
2024-07-01,FR,1,doing,0.570
2024-07-01,FR,1,expressing,0.114
2024-07-01,GB,0,asking,0.494
2024-07-01,GB,0,doing,0.380
2024-07-01,GB,0,expressing,0.127
2024-07-01,GB,1,asking,0.358
2024-07-01,GB,1,doing,0.560
2024-07-01,GB,1,expressing,0.082
2024-07-01,GE,0,asking,0.590
2024-07-01,GE,0,doing,0.284
2024-07-01,GE,0,expressing,0.126
2024-07-01,GE,1,asking,0.338
2024-07-01,GE,1,doing,0.516
2024-07-01,GE,1,expressing,0.147
2024-07-01,GH,0,asking,0.690
2024-07-01,GH,0,doing,0.230
2024-07-01,GH,0,expressing,0.079
2024-07-01,GH,1,asking,0.441
2024-07-01,GH,1,doing,0.481
2024-07-01,GH,1,expressing,0.077
2024-07-01,GR,0,asking,0.582
2024-07-01,GR,0,doing,0.266
2024-07-01,GR,0,expressing,0.152
2024-07-01,GR,1,asking,0.399
2024-07-01,GR,1,doing,0.517
2024-07-01,GR,1,expressing,0.084
2024-07-01,GT,0,asking,0.594
2024-07-01,GT,0,doing,0.331
2024-07-01,GT,0,expressing,0.074
2024-07-01,GT,1,asking,0.418
2024-07-01,GT,1,doing,0.496
2024-07-01,GT,1,expressing,0.086
2024-07-01,HN,0,asking,0.583
2024-07-01,HN,0,doing,0.307
2024-07-01,HN,0,expressing,0.110
2024-07-01,HN,1,asking,0.403
2024-07-01,HN,1,doing,0.484
2024-07-01,HN,1,expressing,0.114
2024-07-01,HR,0,asking,0.581
2024-07-01,HR,0,doing,0.294
2024-07-01,HR,0,expressing,0.125
2024-07-01,HR,1,asking,0.324
2024-07-01,HR,1,doing,0.573
2024-07-01,HR,1,expressing,0.103
2024-07-01,HU,0,asking,0.560
2024-07-01,HU,0,doing,0.305
2024-07-01,HU,0,expressing,0.136
2024-07-01,HU,1,asking,0.432
2024-07-01,HU,1,doing,0.458
2024-07-01,HU,1,expressing,0.110
2024-07-01,ID,0,asking,0.580
2024-07-01,ID,0,doing,0.335
2024-07-01,ID,0,expressing,0.085
2024-07-01,ID,1,asking,0.415
2024-07-01,ID,1,doing,0.518
2024-07-01,ID,1,expressing,0.067
2024-07-01,IE,0,asking,0.518
2024-07-01,IE,0,doing,0.350
2024-07-01,IE,0,expressing,0.131
2024-07-01,IE,1,asking,0.354
2024-07-01,IE,1,doing,0.552
2024-07-01,IE,1,expressing,0.094
2024-07-01,IL,0,asking,0.594
2024-07-01,IL,0,doing,0.287
2024-07-01,IL,0,expressing,0.120
2024-07-01,IL,1,asking,0.458
2024-07-01,IL,1,doing,0.418
2024-07-01,IL,1,expressing,0.123
2024-07-01,IN,0,asking,0.539
2024-07-01,IN,0,doing,0.351
2024-07-01,IN,0,expressing,0.110
2024-07-01,IN,1,asking,0.428
2024-07-01,IN,1,doing,0.484
2024-07-01,IN,1,expressing,0.087
2024-07-01,IQ,0,asking,0.618
2024-07-01,IQ,0,doing,0.240
2024-07-01,IQ,0,expressing,0.142
2024-07-01,IQ,1,asking,0.381
2024-07-01,IQ,1,doing,0.440
2024-07-01,IQ,1,expressing,0.179
2024-07-01,IT,0,asking,0.580
2024-07-01,IT,0,doing,0.294
2024-07-01,IT,0,expressing,0.126
2024-07-01,IT,1,asking,0.387
2024-07-01,IT,1,doing,0.515
2024-07-01,IT,1,expressing,0.098
2024-07-01,JO,0,asking,0.502
2024-07-01,JO,0,doing,0.335
2024-07-01,JO,0,expressing,0.163
2024-07-01,JO,1,asking,0.264
2024-07-01,JO,1,doing,0.596
2024-07-01,JO,1,expressing,0.140
2024-07-01,JP,0,asking,0.538
2024-07-01,JP,0,doing,0.320
2024-07-01,JP,0,expressing,0.142
2024-07-01,JP,1,asking,0.452
2024-07-01,JP,1,doing,0.438
2024-07-01,JP,1,expressing,0.109
2024-07-01,KE,0,asking,0.642
2024-07-01,KE,0,doing,0.261
2024-07-01,KE,0,expressing,0.096
2024-07-01,KE,1,asking,0.481
2024-07-01,KE,1,doing,0.454
2024-07-01,KE,1,expressing,0.066
2024-07-01,KH,0,asking,0.483
2024-07-01,KH,0,doing,0.377
2024-07-01,KH,0,expressing,0.140
2024-07-01,KH,1,asking,0.417
2024-07-01,KH,1,doing,0.462
2024-07-01,KH,1,expressing,0.121
2024-07-01,KR,0,asking,0.506
2024-07-01,KR,0,doing,0.352
2024-07-01,KR,0,expressing,0.143
2024-07-01,KR,1,asking,0.472
2024-07-01,KR,1,doing,0.427
2024-07-01,KR,1,expressing,0.101
2024-07-01,KZ,0,asking,0.572
2024-07-01,KZ,0,doing,0.293
2024-07-01,KZ,0,expressing,0.135
2024-07-01,KZ,1,asking,0.435
2024-07-01,KZ,1,doing,0.513
2024-07-01,KZ,1,expressing,0.052
2024-07-01,LB,0,asking,0.524
2024-07-01,LB,0,doing,0.362
2024-07-01,LB,0,expressing,0.114
2024-07-01,LB,1,asking,0.314
2024-07-01,LB,1,doing,0.589
2024-07-01,LB,1,expressing,0.097
2024-07-01,LK,0,asking,0.533
2024-07-01,LK,0,doing,0.340
2024-07-01,LK,0,expressing,0.127
2024-07-01,LK,1,asking,0.385
2024-07-01,LK,1,doing,0.534
2024-07-01,LK,1,expressing,0.081
2024-07-01,LT,0,asking,0.592
2024-07-01,LT,0,doing,0.273
2024-07-01,LT,0,expressing,0.136
2024-07-01,LT,1,asking,0.433
2024-07-01,LT,1,doing,0.477
2024-07-01,LT,1,expressing,0.090
2024-07-01,LV,1,asking,0.271
2024-07-01,LV,1,doing,0.513
2024-07-01,LV,1,expressing,0.216
2024-07-01,LY,0,asking,0.587
2024-07-01,LY,0,doing,0.324
2024-07-01,LY,0,expressing,0.089
2024-07-01,MA,0,asking,0.504
2024-07-01,MA,0,doing,0.332
2024-07-01,MA,0,expressing,0.165
2024-07-01,MA,1,asking,0.348
2024-07-01,MA,1,doing,0.526
2024-07-01,MA,1,expressing,0.126
2024-07-01,MD,1,asking,0.389
2024-07-01,MD,1,doing,0.487
2024-07-01,MD,1,expressing,0.123
2024-07-01,MG,1,asking,0.425
2024-07-01,MG,1,doing,0.482
2024-07-01,MG,1,expressing,0.093
2024-07-01,MM,0,asking,0.460
2024-07-01,MM,0,doing,0.376
2024-07-01,MM,0,expressing,0.164
2024-07-01,MM,1,asking,0.467
2024-07-01,MM,1,doing,0.479
2024-07-01,MM,1,expressing,0.053
2024-07-01,MX,0,asking,0.554
2024-07-01,MX,0,doing,0.329
2024-07-01,MX,0,expressing,0.117
2024-07-01,MX,1,asking,0.383
2024-07-01,MX,1,doing,0.533
2024-07-01,MX,1,expressing,0.085
2024-07-01,MY,0,asking,0.549
2024-07-01,MY,0,doing,0.323
2024-07-01,MY,0,expressing,0.128
2024-07-01,MY,1,asking,0.367
2024-07-01,MY,1,doing,0.524
2024-07-01,MY,1,expressing,0.108
2024-07-01,MZ,0,asking,0.568
2024-07-01,MZ,0,doing,0.351
2024-07-01,MZ,0,expressing,0.081
2024-07-01,NG,0,asking,0.539
2024-07-01,NG,0,doing,0.344
2024-07-01,NG,0,expressing,0.117
2024-07-01,NG,1,asking,0.361
2024-07-01,NG,1,doing,0.560
2024-07-01,NG,1,expressing,0.079
2024-07-01,NI,0,asking,0.571
2024-07-01,NI,0,doing,0.263
2024-07-01,NI,0,expressing,0.167
2024-07-01,NL,0,asking,0.531
2024-07-01,NL,0,doing,0.334
2024-07-01,NL,0,expressing,0.135
2024-07-01,NL,1,asking,0.353
2024-07-01,NL,1,doing,0.543
2024-07-01,NL,1,expressing,0.104
2024-07-01,NO,0,asking,0.570
2024-07-01,NO,0,doing,0.316
2024-07-01,NO,0,expressing,0.115
2024-07-01,NO,1,asking,0.349
2024-07-01,NO,1,doing,0.517
2024-07-01,NO,1,expressing,0.134
2024-07-01,NP,0,asking,0.546
2024-07-01,NP,0,doing,0.344
2024-07-01,NP,0,expressing,0.111
2024-07-01,NP,1,asking,0.432
2024-07-01,NP,1,doing,0.485
2024-07-01,NP,1,expressing,0.082
2024-07-01,NZ,0,asking,0.577
2024-07-01,NZ,0,doing,0.298
2024-07-01,NZ,0,expressing,0.125
2024-07-01,NZ,1,asking,0.324
2024-07-01,NZ,1,doing,0.599
2024-07-01,NZ,1,expressing,0.078
2024-07-01,OM,1,asking,0.284
2024-07-01,OM,1,doing,0.582
2024-07-01,OM,1,expressing,0.134
2024-07-01,PA,0,asking,0.606
2024-07-01,PA,0,doing,0.300
2024-07-01,PA,0,expressing,0.093
2024-07-01,PA,1,asking,0.357
2024-07-01,PA,1,doing,0.590
2024-07-01,PA,1,expressing,0.053
2024-07-01,PE,0,asking,0.552
2024-07-01,PE,0,doing,0.343
2024-07-01,PE,0,expressing,0.105
2024-07-01,PE,1,asking,0.376
2024-07-01,PE,1,doing,0.537
2024-07-01,PE,1,expressing,0.087
2024-07-01,PH,0,asking,0.489
2024-07-01,PH,0,doing,0.403
2024-07-01,PH,0,expressing,0.108
2024-07-01,PH,1,asking,0.297
2024-07-01,PH,1,doing,0.612
2024-07-01,PH,1,expressing,0.091
2024-07-01,PK,0,asking,0.522
2024-07-01,PK,0,doing,0.365
2024-07-01,PK,0,expressing,0.113
2024-07-01,PK,1,asking,0.323
2024-07-01,PK,1,doing,0.592
2024-07-01,PK,1,expressing,0.085
2024-07-01,PL,0,asking,0.551
2024-07-01,PL,0,doing,0.322
2024-07-01,PL,0,expressing,0.127
2024-07-01,PL,1,asking,0.380
2024-07-01,PL,1,doing,0.518
2024-07-01,PL,1,expressing,0.102
2024-07-01,PR,0,asking,0.521
2024-07-01,PR,0,doing,0.321
2024-07-01,PR,0,expressing,0.158
2024-07-01,PS,0,asking,0.712
2024-07-01,PS,0,doing,0.160
2024-07-01,PS,0,expressing,0.128
2024-07-01,PT,0,asking,0.546
2024-07-01,PT,0,doing,0.285
2024-07-01,PT,0,expressing,0.169
2024-07-01,PT,1,asking,0.363
2024-07-01,PT,1,doing,0.526
2024-07-01,PT,1,expressing,0.111
2024-07-01,PY,0,asking,0.580
2024-07-01,PY,0,doing,0.287
2024-07-01,PY,0,expressing,0.134
2024-07-01,PY,1,asking,0.451
2024-07-01,PY,1,doing,0.454
2024-07-01,PY,1,expressing,0.095
2024-07-01,QA,1,asking,0.311
2024-07-01,QA,1,doing,0.564
2024-07-01,QA,1,expressing,0.126
2024-07-01,RO,0,asking,0.572
2024-07-01,RO,0,doing,0.285
2024-07-01,RO,0,expressing,0.143
2024-07-01,RO,1,asking,0.356
2024-07-01,RO,1,doing,0.549
2024-07-01,RO,1,expressing,0.095
2024-07-01,RS,0,asking,0.561
2024-07-01,RS,0,doing,0.250
2024-07-01,RS,0,expressing,0.189
2024-07-01,RS,1,asking,0.360
2024-07-01,RS,1,doing,0.500
2024-07-01,RS,1,expressing,0.140
2024-07-01,RW,1,asking,0.360
2024-07-01,RW,1,doing,0.501
2024-07-01,RW,1,expressing,0.139
2024-07-01,SA,0,asking,0.558
2024-07-01,SA,0,doing,0.291
2024-07-01,SA,0,expressing,0.151
2024-07-01,SA,1,asking,0.325
2024-07-01,SA,1,doing,0.566
2024-07-01,SA,1,expressing,0.109
2024-07-01,SC,0,asking,0.111
2024-07-01,SC,0,doing,0.782
2024-07-01,SC,0,expressing,0.107
2024-07-01,SC,1,asking,0.197
2024-07-01,SC,1,doing,0.779
2024-07-01,SC,1,expressing,0.024
2024-07-01,SE,0,asking,0.603
2024-07-01,SE,0,doing,0.278
2024-07-01,SE,0,expressing,0.119
2024-07-01,SE,1,asking,0.386
2024-07-01,SE,1,doing,0.485
2024-07-01,SE,1,expressing,0.129
2024-07-01,SG,0,asking,0.562
2024-07-01,SG,0,doing,0.327
2024-07-01,SG,0,expressing,0.112
2024-07-01,SG,1,asking,0.412
2024-07-01,SG,1,doing,0.479
2024-07-01,SG,1,expressing,0.109
2024-07-01,SI,0,asking,0.543
2024-07-01,SI,0,doing,0.353
2024-07-01,SI,0,expressing,0.103
2024-07-01,SI,1,asking,0.362
2024-07-01,SI,1,doing,0.503
2024-07-01,SI,1,expressing,0.136
2024-07-01,SK,0,asking,0.592
2024-07-01,SK,0,doing,0.306
2024-07-01,SK,0,expressing,0.101
2024-07-01,SK,1,asking,0.384
2024-07-01,SK,1,doing,0.533
2024-07-01,SK,1,expressing,0.083
2024-07-01,SN,0,asking,0.548
2024-07-01,SN,0,doing,0.317
2024-07-01,SN,0,expressing,0.135
2024-07-01,SN,1,asking,0.356
2024-07-01,SN,1,doing,0.571
2024-07-01,SN,1,expressing,0.073
2024-07-01,SO,0,asking,0.388
2024-07-01,SO,0,doing,0.186
2024-07-01,SO,0,expressing,0.426
2024-07-01,SV,0,asking,0.556
2024-07-01,SV,0,doing,0.310
2024-07-01,SV,0,expressing,0.134
2024-07-01,SV,1,asking,0.373
2024-07-01,SV,1,doing,0.533
2024-07-01,SV,1,expressing,0.094
2024-07-01,TH,0,asking,0.557
2024-07-01,TH,0,doing,0.328
2024-07-01,TH,0,expressing,0.115
2024-07-01,TH,1,asking,0.382
2024-07-01,TH,1,doing,0.504
2024-07-01,TH,1,expressing,0.115
2024-07-01,TN,0,asking,0.486
2024-07-01,TN,0,doing,0.320
2024-07-01,TN,0,expressing,0.194
2024-07-01,TN,1,asking,0.329
2024-07-01,TN,1,doing,0.524
2024-07-01,TN,1,expressing,0.147
2024-07-01,TR,0,asking,0.504
2024-07-01,TR,0,doing,0.320
2024-07-01,TR,0,expressing,0.176
2024-07-01,TR,1,asking,0.378
2024-07-01,TR,1,doing,0.510
2024-07-01,TR,1,expressing,0.112
2024-07-01,TW,0,asking,0.459
2024-07-01,TW,0,doing,0.378
2024-07-01,TW,0,expressing,0.162
2024-07-01,TW,1,asking,0.434
2024-07-01,TW,1,doing,0.451
2024-07-01,TW,1,expressing,0.115
2024-07-01,TZ,0,asking,0.657
2024-07-01,TZ,0,doing,0.202
2024-07-01,TZ,0,expressing,0.141
2024-07-01,TZ,1,asking,0.446
2024-07-01,TZ,1,doing,0.512
2024-07-01,TZ,1,expressing,0.042
2024-07-01,UA,0,asking,0.485
2024-07-01,UA,0,doing,0.377
2024-07-01,UA,0,expressing,0.138
2024-07-01,UA,1,asking,0.368
2024-07-01,UA,1,doing,0.517
2024-07-01,UA,1,expressing,0.114
2024-07-01,UG,0,asking,0.589
2024-07-01,UG,0,doing,0.300
2024-07-01,UG,0,expressing,0.111
2024-07-01,UG,1,asking,0.308
2024-07-01,UG,1,doing,0.557
2024-07-01,UG,1,expressing,0.134
2024-07-01,US,0,asking,0.577
2024-07-01,US,0,doing,0.319
2024-07-01,US,0,expressing,0.103
2024-07-01,US,1,asking,0.379
2024-07-01,US,1,doing,0.536
2024-07-01,US,1,expressing,0.085
2024-07-01,UY,0,asking,0.612
2024-07-01,UY,0,doing,0.292
2024-07-01,UY,0,expressing,0.096
2024-07-01,UY,1,asking,0.464
2024-07-01,UY,1,doing,0.392
2024-07-01,UY,1,expressing,0.144
2024-07-01,UZ,0,asking,0.502
2024-07-01,UZ,0,doing,0.314
2024-07-01,UZ,0,expressing,0.183
2024-07-01,UZ,1,asking,0.355
2024-07-01,UZ,1,doing,0.537
2024-07-01,UZ,1,expressing,0.108
2024-07-01,VN,0,asking,0.423
2024-07-01,VN,0,doing,0.284
2024-07-01,VN,0,expressing,0.293
2024-07-01,VN,1,asking,0.396
2024-07-01,VN,1,doing,0.493
2024-07-01,VN,1,expressing,0.111
2024-07-01,ZA,0,asking,0.505
2024-07-01,ZA,0,doing,0.384
2024-07-01,ZA,0,expressing,0.111
2024-07-01,ZA,1,asking,0.373
2024-07-01,ZA,1,doing,0.527
2024-07-01,ZA,1,expressing,0.100
2024-08-01,AE,0,asking,0.510
2024-08-01,AE,0,doing,0.344
2024-08-01,AE,0,expressing,0.146
2024-08-01,AE,1,asking,0.286
2024-08-01,AE,1,doing,0.601
2024-08-01,AE,1,expressing,0.113
2024-08-01,AF,0,asking,0.551
2024-08-01,AF,0,doing,0.232
2024-08-01,AF,0,expressing,0.217
2024-08-01,AM,0,asking,0.497
2024-08-01,AM,0,doing,0.344
2024-08-01,AM,0,expressing,0.160
2024-08-01,AR,0,asking,0.567
2024-08-01,AR,0,doing,0.310
2024-08-01,AR,0,expressing,0.123
2024-08-01,AR,1,asking,0.421
2024-08-01,AR,1,doing,0.479
2024-08-01,AR,1,expressing,0.100
2024-08-01,AT,0,asking,0.511
2024-08-01,AT,0,doing,0.374
2024-08-01,AT,0,expressing,0.115
2024-08-01,AT,1,asking,0.333
2024-08-01,AT,1,doing,0.538
2024-08-01,AT,1,expressing,0.129
2024-08-01,AU,0,asking,0.528
2024-08-01,AU,0,doing,0.357
2024-08-01,AU,0,expressing,0.115
2024-08-01,AU,1,asking,0.349
2024-08-01,AU,1,doing,0.548
2024-08-01,AU,1,expressing,0.103
2024-08-01,AZ,0,asking,0.503
2024-08-01,AZ,0,doing,0.311
2024-08-01,AZ,0,expressing,0.186
2024-08-01,AZ,1,asking,0.347
2024-08-01,AZ,1,doing,0.546
2024-08-01,AZ,1,expressing,0.107
2024-08-01,BD,0,asking,0.430
2024-08-01,BD,0,doing,0.274
2024-08-01,BD,0,expressing,0.295
2024-08-01,BD,1,asking,0.310
2024-08-01,BD,1,doing,0.594
2024-08-01,BD,1,expressing,0.096
2024-08-01,BE,0,asking,0.559
2024-08-01,BE,0,doing,0.309
2024-08-01,BE,0,expressing,0.131
2024-08-01,BE,1,asking,0.363
2024-08-01,BE,1,doing,0.533
2024-08-01,BE,1,expressing,0.104
2024-08-01,BG,0,asking,0.556
2024-08-01,BG,0,doing,0.279
2024-08-01,BG,0,expressing,0.165
2024-08-01,BG,1,asking,0.410
2024-08-01,BG,1,doing,0.489
2024-08-01,BG,1,expressing,0.101
2024-08-01,BO,0,asking,0.611
2024-08-01,BO,0,doing,0.314
2024-08-01,BO,0,expressing,0.075
2024-08-01,BO,1,asking,0.359
2024-08-01,BO,1,doing,0.583
2024-08-01,BO,1,expressing,0.058
2024-08-01,BR,0,asking,0.513
2024-08-01,BR,0,doing,0.360
2024-08-01,BR,0,expressing,0.128
2024-08-01,BR,1,asking,0.337
2024-08-01,BR,1,doing,0.564
2024-08-01,BR,1,expressing,0.099
2024-08-01,CA,0,asking,0.561
2024-08-01,CA,0,doing,0.312
2024-08-01,CA,0,expressing,0.127
2024-08-01,CA,1,asking,0.378
2024-08-01,CA,1,doing,0.533
2024-08-01,CA,1,expressing,0.089
2024-08-01,CH,0,asking,0.533
2024-08-01,CH,0,doing,0.331
2024-08-01,CH,0,expressing,0.136
2024-08-01,CH,1,asking,0.341
2024-08-01,CH,1,doing,0.549
2024-08-01,CH,1,expressing,0.110
2024-08-01,CI,0,asking,0.466
2024-08-01,CI,0,doing,0.339
2024-08-01,CI,0,expressing,0.195
2024-08-01,CI,1,asking,0.394
2024-08-01,CI,1,doing,0.461
2024-08-01,CI,1,expressing,0.144
2024-08-01,CL,0,asking,0.571
2024-08-01,CL,0,doing,0.316
2024-08-01,CL,0,expressing,0.113
2024-08-01,CL,1,asking,0.386
2024-08-01,CL,1,doing,0.518
2024-08-01,CL,1,expressing,0.097
2024-08-01,CO,0,asking,0.549
2024-08-01,CO,0,doing,0.356
2024-08-01,CO,0,expressing,0.094
2024-08-01,CO,1,asking,0.368
2024-08-01,CO,1,doing,0.551
2024-08-01,CO,1,expressing,0.081
2024-08-01,CR,0,asking,0.578
2024-08-01,CR,0,doing,0.303
2024-08-01,CR,0,expressing,0.120
2024-08-01,CR,1,asking,0.327
2024-08-01,CR,1,doing,0.588
2024-08-01,CR,1,expressing,0.085
2024-08-01,CZ,0,asking,0.588
2024-08-01,CZ,0,doing,0.258
2024-08-01,CZ,0,expressing,0.154
2024-08-01,CZ,1,asking,0.329
2024-08-01,CZ,1,doing,0.586
2024-08-01,CZ,1,expressing,0.085
2024-08-01,DE,0,asking,0.529
2024-08-01,DE,0,doing,0.340
2024-08-01,DE,0,expressing,0.131
2024-08-01,DE,1,asking,0.376
2024-08-01,DE,1,doing,0.512
2024-08-01,DE,1,expressing,0.112
2024-08-01,DK,0,asking,0.526
2024-08-01,DK,0,doing,0.348
2024-08-01,DK,0,expressing,0.126
2024-08-01,DK,1,asking,0.326
2024-08-01,DK,1,doing,0.540
2024-08-01,DK,1,expressing,0.134
2024-08-01,DO,0,asking,0.615
2024-08-01,DO,0,doing,0.261
2024-08-01,DO,0,expressing,0.123
2024-08-01,DO,1,asking,0.396
2024-08-01,DO,1,doing,0.516
2024-08-01,DO,1,expressing,0.088
2024-08-01,DZ,0,asking,0.543
2024-08-01,DZ,0,doing,0.268
2024-08-01,DZ,0,expressing,0.188
2024-08-01,DZ,1,asking,0.307
2024-08-01,DZ,1,doing,0.546
2024-08-01,DZ,1,expressing,0.148
2024-08-01,EC,0,asking,0.570
2024-08-01,EC,0,doing,0.338
2024-08-01,EC,0,expressing,0.092
2024-08-01,EC,1,asking,0.369
2024-08-01,EC,1,doing,0.554
2024-08-01,EC,1,expressing,0.077
2024-08-01,EE,1,asking,0.393
2024-08-01,EE,1,doing,0.495
2024-08-01,EE,1,expressing,0.112
2024-08-01,EG,0,asking,0.542
2024-08-01,EG,0,doing,0.296
2024-08-01,EG,0,expressing,0.162
2024-08-01,EG,1,asking,0.371
2024-08-01,EG,1,doing,0.521
2024-08-01,EG,1,expressing,0.108
2024-08-01,ES,0,asking,0.551
2024-08-01,ES,0,doing,0.314
2024-08-01,ES,0,expressing,0.135
2024-08-01,ES,1,asking,0.373
2024-08-01,ES,1,doing,0.516
2024-08-01,ES,1,expressing,0.112
2024-08-01,ET,0,asking,0.548
2024-08-01,ET,0,doing,0.309
2024-08-01,ET,0,expressing,0.144
2024-08-01,ET,1,asking,0.374
2024-08-01,ET,1,doing,0.493
2024-08-01,ET,1,expressing,0.133
2024-08-01,FI,0,asking,0.557
2024-08-01,FI,0,doing,0.318
2024-08-01,FI,0,expressing,0.125
2024-08-01,FI,1,asking,0.428
2024-08-01,FI,1,doing,0.466
2024-08-01,FI,1,expressing,0.106
2024-08-01,FR,0,asking,0.495
2024-08-01,FR,0,doing,0.369
2024-08-01,FR,0,expressing,0.136
2024-08-01,FR,1,asking,0.325
2024-08-01,FR,1,doing,0.557
2024-08-01,FR,1,expressing,0.118
2024-08-01,GB,0,asking,0.508
2024-08-01,GB,0,doing,0.360
2024-08-01,GB,0,expressing,0.133
2024-08-01,GB,1,asking,0.333
2024-08-01,GB,1,doing,0.568
2024-08-01,GB,1,expressing,0.099
2024-08-01,GE,0,asking,0.554
2024-08-01,GE,0,doing,0.282
2024-08-01,GE,0,expressing,0.164
2024-08-01,GE,1,asking,0.419
2024-08-01,GE,1,doing,0.581
2024-08-01,GE,1,expressing,0.000
2024-08-01,GH,0,asking,0.594
2024-08-01,GH,0,doing,0.306
2024-08-01,GH,0,expressing,0.100
2024-08-01,GH,1,asking,0.433
2024-08-01,GH,1,doing,0.461
2024-08-01,GH,1,expressing,0.106
2024-08-01,GR,0,asking,0.566
2024-08-01,GR,0,doing,0.273
2024-08-01,GR,0,expressing,0.162
2024-08-01,GR,1,asking,0.306
2024-08-01,GR,1,doing,0.558
2024-08-01,GR,1,expressing,0.137
2024-08-01,GT,0,asking,0.576
2024-08-01,GT,0,doing,0.340
2024-08-01,GT,0,expressing,0.084
2024-08-01,GT,1,asking,0.404
2024-08-01,GT,1,doing,0.508
2024-08-01,GT,1,expressing,0.089
2024-08-01,HN,0,asking,0.527
2024-08-01,HN,0,doing,0.345
2024-08-01,HN,0,expressing,0.128
2024-08-01,HN,1,asking,0.439
2024-08-01,HN,1,doing,0.493
2024-08-01,HN,1,expressing,0.068
2024-08-01,HR,0,asking,0.581
2024-08-01,HR,0,doing,0.279
2024-08-01,HR,0,expressing,0.140
2024-08-01,HR,1,asking,0.387
2024-08-01,HR,1,doing,0.459
2024-08-01,HR,1,expressing,0.154
2024-08-01,HU,0,asking,0.515
2024-08-01,HU,0,doing,0.304
2024-08-01,HU,0,expressing,0.181
2024-08-01,HU,1,asking,0.370
2024-08-01,HU,1,doing,0.519
2024-08-01,HU,1,expressing,0.112
2024-08-01,ID,0,asking,0.553
2024-08-01,ID,0,doing,0.342
2024-08-01,ID,0,expressing,0.105
2024-08-01,ID,1,asking,0.397
2024-08-01,ID,1,doing,0.530
2024-08-01,ID,1,expressing,0.073
2024-08-01,IE,0,asking,0.523
2024-08-01,IE,0,doing,0.353
2024-08-01,IE,0,expressing,0.124
2024-08-01,IE,1,asking,0.330
2024-08-01,IE,1,doing,0.550
2024-08-01,IE,1,expressing,0.120
2024-08-01,IL,0,asking,0.601
2024-08-01,IL,0,doing,0.240
2024-08-01,IL,0,expressing,0.158
2024-08-01,IL,1,asking,0.466
2024-08-01,IL,1,doing,0.409
2024-08-01,IL,1,expressing,0.125
2024-08-01,IN,0,asking,0.523
2024-08-01,IN,0,doing,0.366
2024-08-01,IN,0,expressing,0.111
2024-08-01,IN,1,asking,0.416
2024-08-01,IN,1,doing,0.496
2024-08-01,IN,1,expressing,0.088
2024-08-01,IQ,0,asking,0.595
2024-08-01,IQ,0,doing,0.265
2024-08-01,IQ,0,expressing,0.141
2024-08-01,IQ,1,asking,0.341
2024-08-01,IQ,1,doing,0.497
2024-08-01,IQ,1,expressing,0.162
2024-08-01,IT,0,asking,0.566
2024-08-01,IT,0,doing,0.299
2024-08-01,IT,0,expressing,0.136
2024-08-01,IT,1,asking,0.373
2024-08-01,IT,1,doing,0.519
2024-08-01,IT,1,expressing,0.108
2024-08-01,JO,0,asking,0.508
2024-08-01,JO,0,doing,0.378
2024-08-01,JO,0,expressing,0.114
2024-08-01,JO,1,asking,0.369
2024-08-01,JO,1,doing,0.508
2024-08-01,JO,1,expressing,0.124
2024-08-01,JP,0,asking,0.499
2024-08-01,JP,0,doing,0.318
2024-08-01,JP,0,expressing,0.183
2024-08-01,JP,1,asking,0.445
2024-08-01,JP,1,doing,0.435
2024-08-01,JP,1,expressing,0.119
2024-08-01,KE,0,asking,0.646
2024-08-01,KE,0,doing,0.253
2024-08-01,KE,0,expressing,0.101
2024-08-01,KE,1,asking,0.466
2024-08-01,KE,1,doing,0.450
2024-08-01,KE,1,expressing,0.084
2024-08-01,KG,0,asking,0.423
2024-08-01,KG,0,doing,0.359
2024-08-01,KG,0,expressing,0.218
2024-08-01,KH,0,asking,0.468
2024-08-01,KH,0,doing,0.431
2024-08-01,KH,0,expressing,0.101
2024-08-01,KH,1,asking,0.399
2024-08-01,KH,1,doing,0.512
2024-08-01,KH,1,expressing,0.089
2024-08-01,KR,0,asking,0.506
2024-08-01,KR,0,doing,0.349
2024-08-01,KR,0,expressing,0.144
2024-08-01,KR,1,asking,0.455
2024-08-01,KR,1,doing,0.440
2024-08-01,KR,1,expressing,0.105
2024-08-01,KZ,0,asking,0.499
2024-08-01,KZ,0,doing,0.308
2024-08-01,KZ,0,expressing,0.193
2024-08-01,KZ,1,asking,0.340
2024-08-01,KZ,1,doing,0.546
2024-08-01,KZ,1,expressing,0.115
2024-08-01,LB,0,asking,0.573
2024-08-01,LB,0,doing,0.287
2024-08-01,LB,0,expressing,0.140
2024-08-01,LB,1,asking,0.388
2024-08-01,LB,1,doing,0.513
2024-08-01,LB,1,expressing,0.100
2024-08-01,LK,0,asking,0.533
2024-08-01,LK,0,doing,0.318
2024-08-01,LK,0,expressing,0.149
2024-08-01,LK,1,asking,0.348
2024-08-01,LK,1,doing,0.566
2024-08-01,LK,1,expressing,0.086
2024-08-01,LT,0,asking,0.517
2024-08-01,LT,0,doing,0.273
2024-08-01,LT,0,expressing,0.209
2024-08-01,LT,1,asking,0.331
2024-08-01,LT,1,doing,0.499
2024-08-01,LT,1,expressing,0.171
2024-08-01,LV,0,asking,0.493
2024-08-01,LV,0,doing,0.352
2024-08-01,LV,0,expressing,0.155
2024-08-01,LV,1,asking,0.428
2024-08-01,LV,1,doing,0.444
2024-08-01,LV,1,expressing,0.127
2024-08-01,LY,0,asking,0.560
2024-08-01,LY,0,doing,0.193
2024-08-01,LY,0,expressing,0.247
2024-08-01,MA,0,asking,0.508
2024-08-01,MA,0,doing,0.316
2024-08-01,MA,0,expressing,0.176
2024-08-01,MA,1,asking,0.315
2024-08-01,MA,1,doing,0.520
2024-08-01,MA,1,expressing,0.164
2024-08-01,MD,0,asking,0.502
2024-08-01,MD,0,doing,0.347
2024-08-01,MD,0,expressing,0.151
2024-08-01,MG,0,asking,0.687
2024-08-01,MG,0,doing,0.272
2024-08-01,MG,0,expressing,0.040
2024-08-01,MG,1,asking,0.383
2024-08-01,MG,1,doing,0.450
2024-08-01,MG,1,expressing,0.167
2024-08-01,MM,0,asking,0.484
2024-08-01,MM,0,doing,0.360
2024-08-01,MM,0,expressing,0.156
2024-08-01,MM,1,asking,0.441
2024-08-01,MM,1,doing,0.454
2024-08-01,MM,1,expressing,0.106
2024-08-01,MX,0,asking,0.582
2024-08-01,MX,0,doing,0.311
2024-08-01,MX,0,expressing,0.107
2024-08-01,MX,1,asking,0.385
2024-08-01,MX,1,doing,0.536
2024-08-01,MX,1,expressing,0.079
2024-08-01,MY,0,asking,0.471
2024-08-01,MY,0,doing,0.354
2024-08-01,MY,0,expressing,0.174
2024-08-01,MY,1,asking,0.334
2024-08-01,MY,1,doing,0.552
2024-08-01,MY,1,expressing,0.114
2024-08-01,MZ,0,asking,0.645
2024-08-01,MZ,0,doing,0.246
2024-08-01,MZ,0,expressing,0.110
2024-08-01,MZ,1,asking,0.418
2024-08-01,MZ,1,doing,0.490
2024-08-01,MZ,1,expressing,0.092
2024-08-01,NG,0,asking,0.484
2024-08-01,NG,0,doing,0.380
2024-08-01,NG,0,expressing,0.137
2024-08-01,NG,1,asking,0.358
2024-08-01,NG,1,doing,0.565
2024-08-01,NG,1,expressing,0.077
2024-08-01,NI,0,asking,0.528
2024-08-01,NI,0,doing,0.327
2024-08-01,NI,0,expressing,0.145
2024-08-01,NI,1,asking,0.388
2024-08-01,NI,1,doing,0.465
2024-08-01,NI,1,expressing,0.148
2024-08-01,NL,0,asking,0.517
2024-08-01,NL,0,doing,0.349
2024-08-01,NL,0,expressing,0.134
2024-08-01,NL,1,asking,0.347
2024-08-01,NL,1,doing,0.544
2024-08-01,NL,1,expressing,0.109
2024-08-01,NO,0,asking,0.549
2024-08-01,NO,0,doing,0.330
2024-08-01,NO,0,expressing,0.121
2024-08-01,NO,1,asking,0.422
2024-08-01,NO,1,doing,0.470
2024-08-01,NO,1,expressing,0.108
2024-08-01,NP,0,asking,0.546
2024-08-01,NP,0,doing,0.335
2024-08-01,NP,0,expressing,0.120
2024-08-01,NP,1,asking,0.428
2024-08-01,NP,1,doing,0.480
2024-08-01,NP,1,expressing,0.092
2024-08-01,NZ,0,asking,0.529
2024-08-01,NZ,0,doing,0.359
2024-08-01,NZ,0,expressing,0.111
2024-08-01,NZ,1,asking,0.339
2024-08-01,NZ,1,doing,0.547
2024-08-01,NZ,1,expressing,0.114
2024-08-01,OM,1,asking,0.325
2024-08-01,OM,1,doing,0.582
2024-08-01,OM,1,expressing,0.092
2024-08-01,PA,0,asking,0.496
2024-08-01,PA,0,doing,0.365
2024-08-01,PA,0,expressing,0.139
2024-08-01,PA,1,asking,0.346
2024-08-01,PA,1,doing,0.565
2024-08-01,PA,1,expressing,0.088
2024-08-01,PE,0,asking,0.549
2024-08-01,PE,0,doing,0.352
2024-08-01,PE,0,expressing,0.099
2024-08-01,PE,1,asking,0.395
2024-08-01,PE,1,doing,0.517
2024-08-01,PE,1,expressing,0.088
2024-08-01,PH,0,asking,0.485
2024-08-01,PH,0,doing,0.416
2024-08-01,PH,0,expressing,0.100
2024-08-01,PH,1,asking,0.309
2024-08-01,PH,1,doing,0.611
2024-08-01,PH,1,expressing,0.080
2024-08-01,PK,0,asking,0.515
2024-08-01,PK,0,doing,0.369
2024-08-01,PK,0,expressing,0.116
2024-08-01,PK,1,asking,0.324
2024-08-01,PK,1,doing,0.581
2024-08-01,PK,1,expressing,0.095
2024-08-01,PL,0,asking,0.544
2024-08-01,PL,0,doing,0.315
2024-08-01,PL,0,expressing,0.141
2024-08-01,PL,1,asking,0.371
2024-08-01,PL,1,doing,0.532
2024-08-01,PL,1,expressing,0.097
2024-08-01,PR,0,asking,0.604
2024-08-01,PR,0,doing,0.287
2024-08-01,PR,0,expressing,0.109
2024-08-01,PR,1,asking,0.318
2024-08-01,PR,1,doing,0.613
2024-08-01,PR,1,expressing,0.069
2024-08-01,PS,0,asking,0.603
2024-08-01,PS,0,doing,0.226
2024-08-01,PS,0,expressing,0.171
2024-08-01,PT,0,asking,0.572
2024-08-01,PT,0,doing,0.288
2024-08-01,PT,0,expressing,0.140
2024-08-01,PT,1,asking,0.325
2024-08-01,PT,1,doing,0.566
2024-08-01,PT,1,expressing,0.109
2024-08-01,PY,0,asking,0.493
2024-08-01,PY,0,doing,0.371
2024-08-01,PY,0,expressing,0.135
2024-08-01,PY,1,asking,0.313
2024-08-01,PY,1,doing,0.575
2024-08-01,PY,1,expressing,0.112
2024-08-01,QA,0,asking,0.407
2024-08-01,QA,0,doing,0.462
2024-08-01,QA,0,expressing,0.131
2024-08-01,QA,1,asking,0.342
2024-08-01,QA,1,doing,0.594
2024-08-01,QA,1,expressing,0.065
2024-08-01,RO,0,asking,0.566
2024-08-01,RO,0,doing,0.307
2024-08-01,RO,0,expressing,0.127
2024-08-01,RO,1,asking,0.370
2024-08-01,RO,1,doing,0.529
2024-08-01,RO,1,expressing,0.101
2024-08-01,RS,0,asking,0.585
2024-08-01,RS,0,doing,0.299
2024-08-01,RS,0,expressing,0.117
2024-08-01,RS,1,asking,0.444
2024-08-01,RS,1,doing,0.430
2024-08-01,RS,1,expressing,0.125
2024-08-01,SA,0,asking,0.516
2024-08-01,SA,0,doing,0.331
2024-08-01,SA,0,expressing,0.152
2024-08-01,SA,1,asking,0.314
2024-08-01,SA,1,doing,0.560
2024-08-01,SA,1,expressing,0.126
2024-08-01,SC,0,asking,0.143
2024-08-01,SC,0,doing,0.758
2024-08-01,SC,0,expressing,0.099
2024-08-01,SC,1,asking,0.129
2024-08-01,SC,1,doing,0.822
2024-08-01,SC,1,expressing,0.049
2024-08-01,SE,0,asking,0.551
2024-08-01,SE,0,doing,0.318
2024-08-01,SE,0,expressing,0.132
2024-08-01,SE,1,asking,0.418
2024-08-01,SE,1,doing,0.475
2024-08-01,SE,1,expressing,0.106
2024-08-01,SG,0,asking,0.513
2024-08-01,SG,0,doing,0.354
2024-08-01,SG,0,expressing,0.133
2024-08-01,SG,1,asking,0.396
2024-08-01,SG,1,doing,0.482
2024-08-01,SG,1,expressing,0.121
2024-08-01,SI,0,asking,0.559
2024-08-01,SI,0,doing,0.295
2024-08-01,SI,0,expressing,0.146
2024-08-01,SI,1,asking,0.394
2024-08-01,SI,1,doing,0.455
2024-08-01,SI,1,expressing,0.151
2024-08-01,SK,0,asking,0.514
2024-08-01,SK,0,doing,0.335
2024-08-01,SK,0,expressing,0.151
2024-08-01,SK,1,asking,0.414
2024-08-01,SK,1,doing,0.552
2024-08-01,SK,1,expressing,0.034
2024-08-01,SN,0,asking,0.508
2024-08-01,SN,0,doing,0.347
2024-08-01,SN,0,expressing,0.145
2024-08-01,SN,1,asking,0.377
2024-08-01,SN,1,doing,0.555
2024-08-01,SN,1,expressing,0.068
2024-08-01,SO,0,asking,0.534
2024-08-01,SO,0,doing,0.221
2024-08-01,SO,0,expressing,0.245
2024-08-01,SV,0,asking,0.557
2024-08-01,SV,0,doing,0.328
2024-08-01,SV,0,expressing,0.115
2024-08-01,SV,1,asking,0.369
2024-08-01,SV,1,doing,0.558
2024-08-01,SV,1,expressing,0.072
2024-08-01,TH,0,asking,0.548
2024-08-01,TH,0,doing,0.324
2024-08-01,TH,0,expressing,0.128
2024-08-01,TH,1,asking,0.408
2024-08-01,TH,1,doing,0.494
2024-08-01,TH,1,expressing,0.098
2024-08-01,TN,0,asking,0.501
2024-08-01,TN,0,doing,0.311
2024-08-01,TN,0,expressing,0.188
2024-08-01,TN,1,asking,0.330
2024-08-01,TN,1,doing,0.520
2024-08-01,TN,1,expressing,0.150
2024-08-01,TR,0,asking,0.513
2024-08-01,TR,0,doing,0.315
2024-08-01,TR,0,expressing,0.172
2024-08-01,TR,1,asking,0.352
2024-08-01,TR,1,doing,0.510
2024-08-01,TR,1,expressing,0.139
2024-08-01,TW,0,asking,0.475
2024-08-01,TW,0,doing,0.356
2024-08-01,TW,0,expressing,0.169
2024-08-01,TW,1,asking,0.416
2024-08-01,TW,1,doing,0.474
2024-08-01,TW,1,expressing,0.110
2024-08-01,TZ,0,asking,0.685
2024-08-01,TZ,0,doing,0.204
2024-08-01,TZ,0,expressing,0.111
2024-08-01,TZ,1,asking,0.427
2024-08-01,TZ,1,doing,0.507
2024-08-01,TZ,1,expressing,0.065
2024-08-01,UA,0,asking,0.475
2024-08-01,UA,0,doing,0.369
2024-08-01,UA,0,expressing,0.156
2024-08-01,UA,1,asking,0.368
2024-08-01,UA,1,doing,0.526
2024-08-01,UA,1,expressing,0.106
2024-08-01,UG,0,asking,0.585
2024-08-01,UG,0,doing,0.250
2024-08-01,UG,0,expressing,0.165
2024-08-01,UG,1,asking,0.342
2024-08-01,UG,1,doing,0.612
2024-08-01,UG,1,expressing,0.046
2024-08-01,US,0,asking,0.556
2024-08-01,US,0,doing,0.326
2024-08-01,US,0,expressing,0.118
2024-08-01,US,1,asking,0.347
2024-08-01,US,1,doing,0.568
2024-08-01,US,1,expressing,0.085
2024-08-01,UY,0,asking,0.541
2024-08-01,UY,0,doing,0.331
2024-08-01,UY,0,expressing,0.128
2024-08-01,UY,1,asking,0.412
2024-08-01,UY,1,doing,0.489
2024-08-01,UY,1,expressing,0.099
2024-08-01,UZ,0,asking,0.507
2024-08-01,UZ,0,doing,0.324
2024-08-01,UZ,0,expressing,0.169
2024-08-01,UZ,1,asking,0.342
2024-08-01,UZ,1,doing,0.549
2024-08-01,UZ,1,expressing,0.109
2024-08-01,VN,0,asking,0.437
2024-08-01,VN,0,doing,0.280
2024-08-01,VN,0,expressing,0.283
2024-08-01,VN,1,asking,0.403
2024-08-01,VN,1,doing,0.484
2024-08-01,VN,1,expressing,0.113
2024-08-01,YE,0,asking,0.441
2024-08-01,YE,0,doing,0.406
2024-08-01,YE,0,expressing,0.153
2024-08-01,ZA,0,asking,0.543
2024-08-01,ZA,0,doing,0.348
2024-08-01,ZA,0,expressing,0.110
2024-08-01,ZA,1,asking,0.403
2024-08-01,ZA,1,doing,0.510
2024-08-01,ZA,1,expressing,0.086
2024-08-01,ZM,0,asking,0.661
2024-08-01,ZM,0,doing,0.286
2024-08-01,ZM,0,expressing,0.053
2024-08-01,ZM,1,asking,0.402
2024-08-01,ZM,1,doing,0.507
2024-08-01,ZM,1,expressing,0.092
2024-09-01,AE,0,asking,0.518
2024-09-01,AE,0,doing,0.357
2024-09-01,AE,0,expressing,0.125
2024-09-01,AE,1,asking,0.284
2024-09-01,AE,1,doing,0.596
2024-09-01,AE,1,expressing,0.120
2024-09-01,AF,0,asking,0.609
2024-09-01,AF,0,doing,0.256
2024-09-01,AF,0,expressing,0.135
2024-09-01,AM,0,asking,0.356
2024-09-01,AM,0,doing,0.411
2024-09-01,AM,0,expressing,0.234
2024-09-01,AR,0,asking,0.547
2024-09-01,AR,0,doing,0.299
2024-09-01,AR,0,expressing,0.154
2024-09-01,AR,1,asking,0.391
2024-09-01,AR,1,doing,0.497
2024-09-01,AR,1,expressing,0.112
2024-09-01,AT,0,asking,0.546
2024-09-01,AT,0,doing,0.305
2024-09-01,AT,0,expressing,0.149
2024-09-01,AT,1,asking,0.333
2024-09-01,AT,1,doing,0.569
2024-09-01,AT,1,expressing,0.098
2024-09-01,AU,0,asking,0.543
2024-09-01,AU,0,doing,0.328
2024-09-01,AU,0,expressing,0.129
2024-09-01,AU,1,asking,0.355
2024-09-01,AU,1,doing,0.545
2024-09-01,AU,1,expressing,0.100
2024-09-01,AZ,0,asking,0.515
2024-09-01,AZ,0,doing,0.262
2024-09-01,AZ,0,expressing,0.223
2024-09-01,AZ,1,asking,0.441
2024-09-01,AZ,1,doing,0.415
2024-09-01,AZ,1,expressing,0.144
2024-09-01,BA,0,asking,0.633
2024-09-01,BA,0,doing,0.241
2024-09-01,BA,0,expressing,0.126
2024-09-01,BD,0,asking,0.478
2024-09-01,BD,0,doing,0.333
2024-09-01,BD,0,expressing,0.189
2024-09-01,BD,1,asking,0.331
2024-09-01,BD,1,doing,0.581
2024-09-01,BD,1,expressing,0.088
2024-09-01,BE,0,asking,0.498
2024-09-01,BE,0,doing,0.340
2024-09-01,BE,0,expressing,0.161
2024-09-01,BE,1,asking,0.328
2024-09-01,BE,1,doing,0.564
2024-09-01,BE,1,expressing,0.108
2024-09-01,BG,0,asking,0.527
2024-09-01,BG,0,doing,0.318
2024-09-01,BG,0,expressing,0.155
2024-09-01,BG,1,asking,0.421
2024-09-01,BG,1,doing,0.471
2024-09-01,BG,1,expressing,0.107
2024-09-01,BO,0,asking,0.591
2024-09-01,BO,0,doing,0.300
2024-09-01,BO,0,expressing,0.109
2024-09-01,BO,1,asking,0.381
2024-09-01,BO,1,doing,0.540
2024-09-01,BO,1,expressing,0.079
2024-09-01,BR,0,asking,0.504
2024-09-01,BR,0,doing,0.353
2024-09-01,BR,0,expressing,0.143
2024-09-01,BR,1,asking,0.336
2024-09-01,BR,1,doing,0.563
2024-09-01,BR,1,expressing,0.101
2024-09-01,CA,0,asking,0.545
2024-09-01,CA,0,doing,0.325
2024-09-01,CA,0,expressing,0.130
2024-09-01,CA,1,asking,0.387
2024-09-01,CA,1,doing,0.515
2024-09-01,CA,1,expressing,0.097
2024-09-01,CH,0,asking,0.530
2024-09-01,CH,0,doing,0.361
2024-09-01,CH,0,expressing,0.110
2024-09-01,CH,1,asking,0.325
2024-09-01,CH,1,doing,0.557
2024-09-01,CH,1,expressing,0.118
2024-09-01,CI,0,asking,0.502
2024-09-01,CI,0,doing,0.268
2024-09-01,CI,0,expressing,0.230
2024-09-01,CI,1,asking,0.430
2024-09-01,CI,1,doing,0.496
2024-09-01,CI,1,expressing,0.074
2024-09-01,CL,0,asking,0.558
2024-09-01,CL,0,doing,0.314
2024-09-01,CL,0,expressing,0.127
2024-09-01,CL,1,asking,0.356
2024-09-01,CL,1,doing,0.533
2024-09-01,CL,1,expressing,0.111
2024-09-01,CO,0,asking,0.521
2024-09-01,CO,0,doing,0.364
2024-09-01,CO,0,expressing,0.115
2024-09-01,CO,1,asking,0.358
2024-09-01,CO,1,doing,0.552
2024-09-01,CO,1,expressing,0.090
2024-09-01,CR,0,asking,0.521
2024-09-01,CR,0,doing,0.323
2024-09-01,CR,0,expressing,0.156
2024-09-01,CR,1,asking,0.307
2024-09-01,CR,1,doing,0.592
2024-09-01,CR,1,expressing,0.102
2024-09-01,CY,0,asking,0.585
2024-09-01,CY,0,doing,0.337
2024-09-01,CY,0,expressing,0.078
2024-09-01,CY,1,asking,0.293
2024-09-01,CY,1,doing,0.546
2024-09-01,CY,1,expressing,0.161
2024-09-01,CZ,0,asking,0.533
2024-09-01,CZ,0,doing,0.308
2024-09-01,CZ,0,expressing,0.158
2024-09-01,CZ,1,asking,0.345
2024-09-01,CZ,1,doing,0.527
2024-09-01,CZ,1,expressing,0.128
2024-09-01,DE,0,asking,0.501
2024-09-01,DE,0,doing,0.360
2024-09-01,DE,0,expressing,0.139
2024-09-01,DE,1,asking,0.356
2024-09-01,DE,1,doing,0.527
2024-09-01,DE,1,expressing,0.117
2024-09-01,DK,0,asking,0.540
2024-09-01,DK,0,doing,0.343
2024-09-01,DK,0,expressing,0.117
2024-09-01,DK,1,asking,0.396
2024-09-01,DK,1,doing,0.505
2024-09-01,DK,1,expressing,0.099
2024-09-01,DO,0,asking,0.567
2024-09-01,DO,0,doing,0.273
2024-09-01,DO,0,expressing,0.160
2024-09-01,DO,1,asking,0.289
2024-09-01,DO,1,doing,0.579
2024-09-01,DO,1,expressing,0.132
2024-09-01,DZ,0,asking,0.532
2024-09-01,DZ,0,doing,0.239
2024-09-01,DZ,0,expressing,0.228
2024-09-01,DZ,1,asking,0.308
2024-09-01,DZ,1,doing,0.520
2024-09-01,DZ,1,expressing,0.171
2024-09-01,EC,0,asking,0.552
2024-09-01,EC,0,doing,0.354
2024-09-01,EC,0,expressing,0.094
2024-09-01,EC,1,asking,0.359
2024-09-01,EC,1,doing,0.578
2024-09-01,EC,1,expressing,0.063
2024-09-01,EE,0,asking,0.445
2024-09-01,EE,0,doing,0.381
2024-09-01,EE,0,expressing,0.174
2024-09-01,EG,0,asking,0.506
2024-09-01,EG,0,doing,0.291
2024-09-01,EG,0,expressing,0.203
2024-09-01,EG,1,asking,0.364
2024-09-01,EG,1,doing,0.494
2024-09-01,EG,1,expressing,0.142
2024-09-01,ES,0,asking,0.544
2024-09-01,ES,0,doing,0.325
2024-09-01,ES,0,expressing,0.131
2024-09-01,ES,1,asking,0.355
2024-09-01,ES,1,doing,0.526
2024-09-01,ES,1,expressing,0.119
2024-09-01,ET,1,asking,0.402
2024-09-01,ET,1,doing,0.566
2024-09-01,ET,1,expressing,0.032
2024-09-01,FI,0,asking,0.551
2024-09-01,FI,0,doing,0.290
2024-09-01,FI,0,expressing,0.160
2024-09-01,FI,1,asking,0.431
2024-09-01,FI,1,doing,0.475
2024-09-01,FI,1,expressing,0.094
2024-09-01,FR,0,asking,0.495
2024-09-01,FR,0,doing,0.364
2024-09-01,FR,0,expressing,0.141
2024-09-01,FR,1,asking,0.347
2024-09-01,FR,1,doing,0.537
2024-09-01,FR,1,expressing,0.116
2024-09-01,GB,0,asking,0.498
2024-09-01,GB,0,doing,0.352
2024-09-01,GB,0,expressing,0.150
2024-09-01,GB,1,asking,0.349
2024-09-01,GB,1,doing,0.549
2024-09-01,GB,1,expressing,0.101
2024-09-01,GE,0,asking,0.466
2024-09-01,GE,0,doing,0.220
2024-09-01,GE,0,expressing,0.314
2024-09-01,GH,0,asking,0.502
2024-09-01,GH,0,doing,0.381
2024-09-01,GH,0,expressing,0.117
2024-09-01,GH,1,asking,0.365
2024-09-01,GH,1,doing,0.511
2024-09-01,GH,1,expressing,0.124
2024-09-01,GR,0,asking,0.552
2024-09-01,GR,0,doing,0.299
2024-09-01,GR,0,expressing,0.149
2024-09-01,GR,1,asking,0.356
2024-09-01,GR,1,doing,0.499
2024-09-01,GR,1,expressing,0.145
2024-09-01,GT,0,asking,0.549
2024-09-01,GT,0,doing,0.301
2024-09-01,GT,0,expressing,0.149
2024-09-01,GT,1,asking,0.395
2024-09-01,GT,1,doing,0.502
2024-09-01,GT,1,expressing,0.103
2024-09-01,HN,0,asking,0.528
2024-09-01,HN,0,doing,0.345
2024-09-01,HN,0,expressing,0.127
2024-09-01,HN,1,asking,0.306
2024-09-01,HN,1,doing,0.646
2024-09-01,HN,1,expressing,0.048
2024-09-01,HR,0,asking,0.484
2024-09-01,HR,0,doing,0.359
2024-09-01,HR,0,expressing,0.157
2024-09-01,HR,1,asking,0.383
2024-09-01,HR,1,doing,0.477
2024-09-01,HR,1,expressing,0.140
2024-09-01,HU,0,asking,0.515
2024-09-01,HU,0,doing,0.264
2024-09-01,HU,0,expressing,0.221
2024-09-01,HU,1,asking,0.439
2024-09-01,HU,1,doing,0.435
2024-09-01,HU,1,expressing,0.126
2024-09-01,ID,0,asking,0.559
2024-09-01,ID,0,doing,0.327
2024-09-01,ID,0,expressing,0.114
2024-09-01,ID,1,asking,0.406
2024-09-01,ID,1,doing,0.529
2024-09-01,ID,1,expressing,0.065
2024-09-01,IE,0,asking,0.542
2024-09-01,IE,0,doing,0.364
2024-09-01,IE,0,expressing,0.094
2024-09-01,IE,1,asking,0.330
2024-09-01,IE,1,doing,0.555
2024-09-01,IE,1,expressing,0.115
2024-09-01,IL,0,asking,0.543
2024-09-01,IL,0,doing,0.296
2024-09-01,IL,0,expressing,0.161
2024-09-01,IL,1,asking,0.412
2024-09-01,IL,1,doing,0.484
2024-09-01,IL,1,expressing,0.104
2024-09-01,IN,0,asking,0.516
2024-09-01,IN,0,doing,0.363
2024-09-01,IN,0,expressing,0.121
2024-09-01,IN,1,asking,0.416
2024-09-01,IN,1,doing,0.494
2024-09-01,IN,1,expressing,0.091
2024-09-01,IQ,0,asking,0.591
2024-09-01,IQ,0,doing,0.228
2024-09-01,IQ,0,expressing,0.181
2024-09-01,IQ,1,asking,0.397
2024-09-01,IQ,1,doing,0.494
2024-09-01,IQ,1,expressing,0.109
2024-09-01,IT,0,asking,0.528
2024-09-01,IT,0,doing,0.320
2024-09-01,IT,0,expressing,0.151
2024-09-01,IT,1,asking,0.378
2024-09-01,IT,1,doing,0.518
2024-09-01,IT,1,expressing,0.104
2024-09-01,JO,0,asking,0.536
2024-09-01,JO,0,doing,0.303
2024-09-01,JO,0,expressing,0.160
2024-09-01,JO,1,asking,0.341
2024-09-01,JO,1,doing,0.502
2024-09-01,JO,1,expressing,0.157
2024-09-01,JP,0,asking,0.480
2024-09-01,JP,0,doing,0.315
2024-09-01,JP,0,expressing,0.206
2024-09-01,JP,1,asking,0.426
2024-09-01,JP,1,doing,0.439
2024-09-01,JP,1,expressing,0.135
2024-09-01,KE,0,asking,0.565
2024-09-01,KE,0,doing,0.308
2024-09-01,KE,0,expressing,0.127
2024-09-01,KE,1,asking,0.375
2024-09-01,KE,1,doing,0.543
2024-09-01,KE,1,expressing,0.082
2024-09-01,KG,0,asking,0.501
2024-09-01,KG,0,doing,0.284
2024-09-01,KG,0,expressing,0.215
2024-09-01,KH,0,asking,0.396
2024-09-01,KH,0,doing,0.440
2024-09-01,KH,0,expressing,0.164
2024-09-01,KH,1,asking,0.376
2024-09-01,KH,1,doing,0.504
2024-09-01,KH,1,expressing,0.120
2024-09-01,KR,0,asking,0.516
2024-09-01,KR,0,doing,0.345
2024-09-01,KR,0,expressing,0.139
2024-09-01,KR,1,asking,0.438
2024-09-01,KR,1,doing,0.465
2024-09-01,KR,1,expressing,0.098
2024-09-01,KW,0,asking,0.563
2024-09-01,KW,0,doing,0.277
2024-09-01,KW,0,expressing,0.160
2024-09-01,KZ,0,asking,0.458
2024-09-01,KZ,0,doing,0.357
2024-09-01,KZ,0,expressing,0.185
2024-09-01,KZ,1,asking,0.371
2024-09-01,KZ,1,doing,0.546
2024-09-01,KZ,1,expressing,0.084
2024-09-01,LB,0,asking,0.570
2024-09-01,LB,0,doing,0.251
2024-09-01,LB,0,expressing,0.179
2024-09-01,LB,1,asking,0.332
2024-09-01,LB,1,doing,0.588
2024-09-01,LB,1,expressing,0.079
2024-09-01,LK,0,asking,0.473
2024-09-01,LK,0,doing,0.368
2024-09-01,LK,0,expressing,0.159
2024-09-01,LK,1,asking,0.368
2024-09-01,LK,1,doing,0.545
2024-09-01,LK,1,expressing,0.087
2024-09-01,LT,0,asking,0.560
2024-09-01,LT,0,doing,0.297
2024-09-01,LT,0,expressing,0.143
2024-09-01,LT,1,asking,0.379
2024-09-01,LT,1,doing,0.516
2024-09-01,LT,1,expressing,0.105
2024-09-01,LV,0,asking,0.515
2024-09-01,LV,0,doing,0.370
2024-09-01,LV,0,expressing,0.115
2024-09-01,LV,1,asking,0.369
2024-09-01,LV,1,doing,0.527
2024-09-01,LV,1,expressing,0.104
2024-09-01,MA,0,asking,0.486
2024-09-01,MA,0,doing,0.315
2024-09-01,MA,0,expressing,0.198
2024-09-01,MA,1,asking,0.356
2024-09-01,MA,1,doing,0.520
2024-09-01,MA,1,expressing,0.125
2024-09-01,MD,0,asking,0.456
2024-09-01,MD,0,doing,0.464
2024-09-01,MD,0,expressing,0.080
2024-09-01,MD,1,asking,0.328
2024-09-01,MD,1,doing,0.513
2024-09-01,MD,1,expressing,0.160
2024-09-01,MG,1,asking,0.364
2024-09-01,MG,1,doing,0.491
2024-09-01,MG,1,expressing,0.145
2024-09-01,MM,0,asking,0.559
2024-09-01,MM,0,doing,0.267
2024-09-01,MM,0,expressing,0.174
2024-09-01,MN,0,asking,0.429
2024-09-01,MN,0,doing,0.377
2024-09-01,MN,0,expressing,0.195
2024-09-01,MX,0,asking,0.548
2024-09-01,MX,0,doing,0.340
2024-09-01,MX,0,expressing,0.112
2024-09-01,MX,1,asking,0.362
2024-09-01,MX,1,doing,0.557
2024-09-01,MX,1,expressing,0.081
2024-09-01,MY,0,asking,0.482
2024-09-01,MY,0,doing,0.316
2024-09-01,MY,0,expressing,0.202
2024-09-01,MY,1,asking,0.338
2024-09-01,MY,1,doing,0.546
2024-09-01,MY,1,expressing,0.117
2024-09-01,MZ,0,asking,0.514
2024-09-01,MZ,0,doing,0.312
2024-09-01,MZ,0,expressing,0.173
2024-09-01,NG,0,asking,0.491
2024-09-01,NG,0,doing,0.361
2024-09-01,NG,0,expressing,0.148
2024-09-01,NG,1,asking,0.350
2024-09-01,NG,1,doing,0.553
2024-09-01,NG,1,expressing,0.097
2024-09-01,NI,0,asking,0.535
2024-09-01,NI,0,doing,0.236
2024-09-01,NI,0,expressing,0.229
2024-09-01,NL,0,asking,0.543
2024-09-01,NL,0,doing,0.318
2024-09-01,NL,0,expressing,0.139
2024-09-01,NL,1,asking,0.355
2024-09-01,NL,1,doing,0.541
2024-09-01,NL,1,expressing,0.104
2024-09-01,NO,0,asking,0.556
2024-09-01,NO,0,doing,0.329
2024-09-01,NO,0,expressing,0.115
2024-09-01,NO,1,asking,0.415
2024-09-01,NO,1,doing,0.481
2024-09-01,NO,1,expressing,0.104
2024-09-01,NP,0,asking,0.518
2024-09-01,NP,0,doing,0.336
2024-09-01,NP,0,expressing,0.146
2024-09-01,NP,1,asking,0.420
2024-09-01,NP,1,doing,0.506
2024-09-01,NP,1,expressing,0.073
2024-09-01,NZ,0,asking,0.539
2024-09-01,NZ,0,doing,0.314
2024-09-01,NZ,0,expressing,0.147
2024-09-01,NZ,1,asking,0.362
2024-09-01,NZ,1,doing,0.557
2024-09-01,NZ,1,expressing,0.081
2024-09-01,OM,0,asking,0.478
2024-09-01,OM,0,doing,0.384
2024-09-01,OM,0,expressing,0.138
2024-09-01,PA,0,asking,0.539
2024-09-01,PA,0,doing,0.356
2024-09-01,PA,0,expressing,0.106
2024-09-01,PA,1,asking,0.338
2024-09-01,PA,1,doing,0.559
2024-09-01,PA,1,expressing,0.103
2024-09-01,PE,0,asking,0.554
2024-09-01,PE,0,doing,0.359
2024-09-01,PE,0,expressing,0.087
2024-09-01,PE,1,asking,0.376
2024-09-01,PE,1,doing,0.550
2024-09-01,PE,1,expressing,0.073
2024-09-01,PH,0,asking,0.497
2024-09-01,PH,0,doing,0.412
2024-09-01,PH,0,expressing,0.091
2024-09-01,PH,1,asking,0.333
2024-09-01,PH,1,doing,0.593
2024-09-01,PH,1,expressing,0.074
2024-09-01,PK,0,asking,0.501
2024-09-01,PK,0,doing,0.374
2024-09-01,PK,0,expressing,0.124
2024-09-01,PK,1,asking,0.308
2024-09-01,PK,1,doing,0.597
2024-09-01,PK,1,expressing,0.094
2024-09-01,PL,0,asking,0.535
2024-09-01,PL,0,doing,0.337
2024-09-01,PL,0,expressing,0.128
2024-09-01,PL,1,asking,0.345
2024-09-01,PL,1,doing,0.547
2024-09-01,PL,1,expressing,0.108
2024-09-01,PR,0,asking,0.605
2024-09-01,PR,0,doing,0.273
2024-09-01,PR,0,expressing,0.122
2024-09-01,PR,1,asking,0.442
2024-09-01,PR,1,doing,0.462
2024-09-01,PR,1,expressing,0.096
2024-09-01,PS,0,asking,0.583
2024-09-01,PS,0,doing,0.232
2024-09-01,PS,0,expressing,0.185
2024-09-01,PT,0,asking,0.566
2024-09-01,PT,0,doing,0.294
2024-09-01,PT,0,expressing,0.140
2024-09-01,PT,1,asking,0.344
2024-09-01,PT,1,doing,0.532
2024-09-01,PT,1,expressing,0.124
2024-09-01,PY,0,asking,0.525
2024-09-01,PY,0,doing,0.314
2024-09-01,PY,0,expressing,0.162
2024-09-01,PY,1,asking,0.355
2024-09-01,PY,1,doing,0.485
2024-09-01,PY,1,expressing,0.160
2024-09-01,QA,0,asking,0.485
2024-09-01,QA,0,doing,0.371
2024-09-01,QA,0,expressing,0.143
2024-09-01,QA,1,asking,0.316
2024-09-01,QA,1,doing,0.614
2024-09-01,QA,1,expressing,0.070
2024-09-01,RO,0,asking,0.542
2024-09-01,RO,0,doing,0.312
2024-09-01,RO,0,expressing,0.145
2024-09-01,RO,1,asking,0.354
2024-09-01,RO,1,doing,0.523
2024-09-01,RO,1,expressing,0.123
2024-09-01,RS,0,asking,0.508
2024-09-01,RS,0,doing,0.305
2024-09-01,RS,0,expressing,0.187
2024-09-01,RS,1,asking,0.364
2024-09-01,RS,1,doing,0.483
2024-09-01,RS,1,expressing,0.152
2024-09-01,SA,0,asking,0.486
2024-09-01,SA,0,doing,0.347
2024-09-01,SA,0,expressing,0.167
2024-09-01,SA,1,asking,0.333
2024-09-01,SA,1,doing,0.533
2024-09-01,SA,1,expressing,0.135
2024-09-01,SC,0,asking,0.326
2024-09-01,SC,0,doing,0.607
2024-09-01,SC,0,expressing,0.067
2024-09-01,SC,1,asking,0.212
2024-09-01,SC,1,doing,0.675
2024-09-01,SC,1,expressing,0.113
2024-09-01,SE,0,asking,0.560
2024-09-01,SE,0,doing,0.315
2024-09-01,SE,0,expressing,0.125
2024-09-01,SE,1,asking,0.437
2024-09-01,SE,1,doing,0.489
2024-09-01,SE,1,expressing,0.074
2024-09-01,SG,0,asking,0.557
2024-09-01,SG,0,doing,0.319
2024-09-01,SG,0,expressing,0.124
2024-09-01,SG,1,asking,0.404
2024-09-01,SG,1,doing,0.490
2024-09-01,SG,1,expressing,0.107
2024-09-01,SI,0,asking,0.524
2024-09-01,SI,0,doing,0.288
2024-09-01,SI,0,expressing,0.188
2024-09-01,SK,0,asking,0.576
2024-09-01,SK,0,doing,0.338
2024-09-01,SK,0,expressing,0.086
2024-09-01,SK,1,asking,0.482
2024-09-01,SK,1,doing,0.430
2024-09-01,SK,1,expressing,0.088
2024-09-01,SN,0,asking,0.545
2024-09-01,SN,0,doing,0.279
2024-09-01,SN,0,expressing,0.176
2024-09-01,SO,0,asking,0.536
2024-09-01,SO,0,doing,0.301
2024-09-01,SO,0,expressing,0.163
2024-09-01,SV,0,asking,0.567
2024-09-01,SV,0,doing,0.321
2024-09-01,SV,0,expressing,0.113
2024-09-01,SV,1,asking,0.365
2024-09-01,SV,1,doing,0.528
2024-09-01,SV,1,expressing,0.107
2024-09-01,TH,0,asking,0.552
2024-09-01,TH,0,doing,0.320
2024-09-01,TH,0,expressing,0.127
2024-09-01,TH,1,asking,0.408
2024-09-01,TH,1,doing,0.506
2024-09-01,TH,1,expressing,0.086
2024-09-01,TN,0,asking,0.517
2024-09-01,TN,0,doing,0.303
2024-09-01,TN,0,expressing,0.181
2024-09-01,TN,1,asking,0.371
2024-09-01,TN,1,doing,0.501
2024-09-01,TN,1,expressing,0.128
2024-09-01,TR,0,asking,0.463
2024-09-01,TR,0,doing,0.342
2024-09-01,TR,0,expressing,0.195
2024-09-01,TR,1,asking,0.371
2024-09-01,TR,1,doing,0.484
2024-09-01,TR,1,expressing,0.146
2024-09-01,TW,0,asking,0.476
2024-09-01,TW,0,doing,0.353
2024-09-01,TW,0,expressing,0.171
2024-09-01,TW,1,asking,0.409
2024-09-01,TW,1,doing,0.460
2024-09-01,TW,1,expressing,0.131
2024-09-01,TZ,0,asking,0.532
2024-09-01,TZ,0,doing,0.288
2024-09-01,TZ,0,expressing,0.180
2024-09-01,TZ,1,asking,0.418
2024-09-01,TZ,1,doing,0.484
2024-09-01,TZ,1,expressing,0.097
2024-09-01,UA,0,asking,0.488
2024-09-01,UA,0,doing,0.374
2024-09-01,UA,0,expressing,0.138
2024-09-01,UA,1,asking,0.367
2024-09-01,UA,1,doing,0.532
2024-09-01,UA,1,expressing,0.101
2024-09-01,UG,1,asking,0.455
2024-09-01,UG,1,doing,0.444
2024-09-01,UG,1,expressing,0.101
2024-09-01,US,0,asking,0.569
2024-09-01,US,0,doing,0.317
2024-09-01,US,0,expressing,0.114
2024-09-01,US,1,asking,0.375
2024-09-01,US,1,doing,0.533
2024-09-01,US,1,expressing,0.091
2024-09-01,UY,0,asking,0.572
2024-09-01,UY,0,doing,0.346
2024-09-01,UY,0,expressing,0.081
2024-09-01,UY,1,asking,0.331
2024-09-01,UY,1,doing,0.517
2024-09-01,UY,1,expressing,0.152
2024-09-01,UZ,0,asking,0.537
2024-09-01,UZ,0,doing,0.252
2024-09-01,UZ,0,expressing,0.211
2024-09-01,UZ,1,asking,0.348
2024-09-01,UZ,1,doing,0.557
2024-09-01,UZ,1,expressing,0.095
2024-09-01,VN,0,asking,0.495
2024-09-01,VN,0,doing,0.338
2024-09-01,VN,0,expressing,0.167
2024-09-01,VN,1,asking,0.417
2024-09-01,VN,1,doing,0.481
2024-09-01,VN,1,expressing,0.103
2024-09-01,YE,0,asking,0.535
2024-09-01,YE,0,doing,0.325
2024-09-01,YE,0,expressing,0.140
2024-09-01,ZA,0,asking,0.577
2024-09-01,ZA,0,doing,0.291
2024-09-01,ZA,0,expressing,0.132
2024-09-01,ZA,1,asking,0.369
2024-09-01,ZA,1,doing,0.542
2024-09-01,ZA,1,expressing,0.089
2024-09-01,ZM,0,asking,0.656
2024-09-01,ZM,0,doing,0.259
2024-09-01,ZM,0,expressing,0.085
2024-10-01,AE,0,asking,0.484
2024-10-01,AE,0,doing,0.360
2024-10-01,AE,0,expressing,0.157
2024-10-01,AE,1,asking,0.306
2024-10-01,AE,1,doing,0.574
2024-10-01,AE,1,expressing,0.120
2024-10-01,AF,0,asking,0.510
2024-10-01,AF,0,doing,0.268
2024-10-01,AF,0,expressing,0.223
2024-10-01,AL,0,asking,0.449
2024-10-01,AL,0,doing,0.378
2024-10-01,AL,0,expressing,0.173
2024-10-01,AM,0,asking,0.349
2024-10-01,AM,0,doing,0.399
2024-10-01,AM,0,expressing,0.252
2024-10-01,AM,1,asking,0.385
2024-10-01,AM,1,doing,0.471
2024-10-01,AM,1,expressing,0.144
2024-10-01,AO,0,asking,0.626
2024-10-01,AO,0,doing,0.228
2024-10-01,AO,0,expressing,0.146
2024-10-01,AR,0,asking,0.531
2024-10-01,AR,0,doing,0.342
2024-10-01,AR,0,expressing,0.127
2024-10-01,AR,1,asking,0.377
2024-10-01,AR,1,doing,0.503
2024-10-01,AR,1,expressing,0.120
2024-10-01,AT,0,asking,0.543
2024-10-01,AT,0,doing,0.319
2024-10-01,AT,0,expressing,0.137
2024-10-01,AT,1,asking,0.311
2024-10-01,AT,1,doing,0.550
2024-10-01,AT,1,expressing,0.139
2024-10-01,AU,0,asking,0.525
2024-10-01,AU,0,doing,0.352
2024-10-01,AU,0,expressing,0.124
2024-10-01,AU,1,asking,0.362
2024-10-01,AU,1,doing,0.544
2024-10-01,AU,1,expressing,0.094
2024-10-01,AZ,0,asking,0.500
2024-10-01,AZ,0,doing,0.287
2024-10-01,AZ,0,expressing,0.213
2024-10-01,AZ,1,asking,0.375
2024-10-01,AZ,1,doing,0.392
2024-10-01,AZ,1,expressing,0.232
2024-10-01,BA,0,asking,0.594
2024-10-01,BA,0,doing,0.353
2024-10-01,BA,0,expressing,0.052
2024-10-01,BD,0,asking,0.499
2024-10-01,BD,0,doing,0.319
2024-10-01,BD,0,expressing,0.182
2024-10-01,BD,1,asking,0.362
2024-10-01,BD,1,doing,0.525
2024-10-01,BD,1,expressing,0.112
2024-10-01,BE,0,asking,0.530
2024-10-01,BE,0,doing,0.344
2024-10-01,BE,0,expressing,0.126
2024-10-01,BE,1,asking,0.324
2024-10-01,BE,1,doing,0.557
2024-10-01,BE,1,expressing,0.119
2024-10-01,BG,0,asking,0.517
2024-10-01,BG,0,doing,0.326
2024-10-01,BG,0,expressing,0.157
2024-10-01,BG,1,asking,0.383
2024-10-01,BG,1,doing,0.537
2024-10-01,BG,1,expressing,0.080
2024-10-01,BO,0,asking,0.524
2024-10-01,BO,0,doing,0.335
2024-10-01,BO,0,expressing,0.141
2024-10-01,BO,1,asking,0.400
2024-10-01,BO,1,doing,0.549
2024-10-01,BO,1,expressing,0.051
2024-10-01,BR,0,asking,0.492
2024-10-01,BR,0,doing,0.357
2024-10-01,BR,0,expressing,0.151
2024-10-01,BR,1,asking,0.333
2024-10-01,BR,1,doing,0.561
2024-10-01,BR,1,expressing,0.106
2024-10-01,CA,0,asking,0.551
2024-10-01,CA,0,doing,0.311
2024-10-01,CA,0,expressing,0.138
2024-10-01,CA,1,asking,0.400
2024-10-01,CA,1,doing,0.495
2024-10-01,CA,1,expressing,0.105
2024-10-01,CH,0,asking,0.526
2024-10-01,CH,0,doing,0.315
2024-10-01,CH,0,expressing,0.159
2024-10-01,CH,1,asking,0.342
2024-10-01,CH,1,doing,0.547
2024-10-01,CH,1,expressing,0.111
2024-10-01,CI,0,asking,0.450
2024-10-01,CI,0,doing,0.376
2024-10-01,CI,0,expressing,0.173
2024-10-01,CI,1,asking,0.266
2024-10-01,CI,1,doing,0.650
2024-10-01,CI,1,expressing,0.084
2024-10-01,CL,0,asking,0.506
2024-10-01,CL,0,doing,0.346
2024-10-01,CL,0,expressing,0.148
2024-10-01,CL,1,asking,0.363
2024-10-01,CL,1,doing,0.539
2024-10-01,CL,1,expressing,0.098
2024-10-01,CO,0,asking,0.498
2024-10-01,CO,0,doing,0.380
2024-10-01,CO,0,expressing,0.122
2024-10-01,CO,1,asking,0.347
2024-10-01,CO,1,doing,0.574
2024-10-01,CO,1,expressing,0.079
2024-10-01,CR,0,asking,0.516
2024-10-01,CR,0,doing,0.323
2024-10-01,CR,0,expressing,0.161
2024-10-01,CR,1,asking,0.385
2024-10-01,CR,1,doing,0.487
2024-10-01,CR,1,expressing,0.128
2024-10-01,CY,0,asking,0.483
2024-10-01,CY,0,doing,0.323
2024-10-01,CY,0,expressing,0.194
2024-10-01,CY,1,asking,0.346
2024-10-01,CY,1,doing,0.542
2024-10-01,CY,1,expressing,0.112
2024-10-01,CZ,0,asking,0.503
2024-10-01,CZ,0,doing,0.319
2024-10-01,CZ,0,expressing,0.178
2024-10-01,CZ,1,asking,0.389
2024-10-01,CZ,1,doing,0.505
2024-10-01,CZ,1,expressing,0.106
2024-10-01,DE,0,asking,0.520
2024-10-01,DE,0,doing,0.333
2024-10-01,DE,0,expressing,0.147
2024-10-01,DE,1,asking,0.374
2024-10-01,DE,1,doing,0.519
2024-10-01,DE,1,expressing,0.107
2024-10-01,DK,0,asking,0.538
2024-10-01,DK,0,doing,0.348
2024-10-01,DK,0,expressing,0.114
2024-10-01,DK,1,asking,0.376
2024-10-01,DK,1,doing,0.510
2024-10-01,DK,1,expressing,0.113
2024-10-01,DO,0,asking,0.534
2024-10-01,DO,0,doing,0.330
2024-10-01,DO,0,expressing,0.136
2024-10-01,DO,1,asking,0.337
2024-10-01,DO,1,doing,0.573
2024-10-01,DO,1,expressing,0.090
2024-10-01,DZ,0,asking,0.484
2024-10-01,DZ,0,doing,0.305
2024-10-01,DZ,0,expressing,0.210
2024-10-01,DZ,1,asking,0.367
2024-10-01,DZ,1,doing,0.522
2024-10-01,DZ,1,expressing,0.112
2024-10-01,EC,0,asking,0.527
2024-10-01,EC,0,doing,0.369
2024-10-01,EC,0,expressing,0.104
2024-10-01,EC,1,asking,0.336
2024-10-01,EC,1,doing,0.579
2024-10-01,EC,1,expressing,0.085
2024-10-01,EE,0,asking,0.500
2024-10-01,EE,0,doing,0.350
2024-10-01,EE,0,expressing,0.150
2024-10-01,EE,1,asking,0.367
2024-10-01,EE,1,doing,0.461
2024-10-01,EE,1,expressing,0.172
2024-10-01,EG,0,asking,0.487
2024-10-01,EG,0,doing,0.277
2024-10-01,EG,0,expressing,0.236
2024-10-01,EG,1,asking,0.391
2024-10-01,EG,1,doing,0.500
2024-10-01,EG,1,expressing,0.109
2024-10-01,ES,0,asking,0.521
2024-10-01,ES,0,doing,0.342
2024-10-01,ES,0,expressing,0.137
2024-10-01,ES,1,asking,0.373
2024-10-01,ES,1,doing,0.520
2024-10-01,ES,1,expressing,0.108
2024-10-01,ET,0,asking,0.511
2024-10-01,ET,0,doing,0.209
2024-10-01,ET,0,expressing,0.280
2024-10-01,ET,1,asking,0.333
2024-10-01,ET,1,doing,0.587
2024-10-01,ET,1,expressing,0.080
2024-10-01,FI,0,asking,0.554
2024-10-01,FI,0,doing,0.273
2024-10-01,FI,0,expressing,0.173
2024-10-01,FI,1,asking,0.341
2024-10-01,FI,1,doing,0.539
2024-10-01,FI,1,expressing,0.120
2024-10-01,FR,0,asking,0.475
2024-10-01,FR,0,doing,0.373
2024-10-01,FR,0,expressing,0.152
2024-10-01,FR,1,asking,0.347
2024-10-01,FR,1,doing,0.544
2024-10-01,FR,1,expressing,0.109
2024-10-01,GB,0,asking,0.519
2024-10-01,GB,0,doing,0.330
2024-10-01,GB,0,expressing,0.150
2024-10-01,GB,1,asking,0.366
2024-10-01,GB,1,doing,0.529
2024-10-01,GB,1,expressing,0.105
2024-10-01,GE,0,asking,0.495
2024-10-01,GE,0,doing,0.293
2024-10-01,GE,0,expressing,0.212
2024-10-01,GE,1,asking,0.466
2024-10-01,GE,1,doing,0.417
2024-10-01,GE,1,expressing,0.117
2024-10-01,GH,0,asking,0.519
2024-10-01,GH,0,doing,0.341
2024-10-01,GH,0,expressing,0.140
2024-10-01,GH,1,asking,0.405
2024-10-01,GH,1,doing,0.512
2024-10-01,GH,1,expressing,0.082
2024-10-01,GR,0,asking,0.530
2024-10-01,GR,0,doing,0.272
2024-10-01,GR,0,expressing,0.198
2024-10-01,GR,1,asking,0.355
2024-10-01,GR,1,doing,0.500
2024-10-01,GR,1,expressing,0.145
2024-10-01,GT,0,asking,0.520
2024-10-01,GT,0,doing,0.359
2024-10-01,GT,0,expressing,0.121
2024-10-01,GT,1,asking,0.406
2024-10-01,GT,1,doing,0.487
2024-10-01,GT,1,expressing,0.107
2024-10-01,HN,0,asking,0.495
2024-10-01,HN,0,doing,0.301
2024-10-01,HN,0,expressing,0.205
2024-10-01,HN,1,asking,0.400
2024-10-01,HN,1,doing,0.480
2024-10-01,HN,1,expressing,0.119
2024-10-01,HR,0,asking,0.578
2024-10-01,HR,0,doing,0.313
2024-10-01,HR,0,expressing,0.109
2024-10-01,HR,1,asking,0.337
2024-10-01,HR,1,doing,0.585
2024-10-01,HR,1,expressing,0.078
2024-10-01,HU,0,asking,0.554
2024-10-01,HU,0,doing,0.304
2024-10-01,HU,0,expressing,0.142
2024-10-01,HU,1,asking,0.383
2024-10-01,HU,1,doing,0.470
2024-10-01,HU,1,expressing,0.146
2024-10-01,ID,0,asking,0.566
2024-10-01,ID,0,doing,0.331
2024-10-01,ID,0,expressing,0.103
2024-10-01,ID,1,asking,0.409
2024-10-01,ID,1,doing,0.521
2024-10-01,ID,1,expressing,0.070
2024-10-01,IE,0,asking,0.523
2024-10-01,IE,0,doing,0.321
2024-10-01,IE,0,expressing,0.157
2024-10-01,IE,1,asking,0.416
2024-10-01,IE,1,doing,0.495
2024-10-01,IE,1,expressing,0.089
2024-10-01,IL,0,asking,0.523
2024-10-01,IL,0,doing,0.269
2024-10-01,IL,0,expressing,0.208
2024-10-01,IL,1,asking,0.387
2024-10-01,IL,1,doing,0.501
2024-10-01,IL,1,expressing,0.113
2024-10-01,IN,0,asking,0.505
2024-10-01,IN,0,doing,0.362
2024-10-01,IN,0,expressing,0.133
2024-10-01,IN,1,asking,0.404
2024-10-01,IN,1,doing,0.502
2024-10-01,IN,1,expressing,0.094
2024-10-01,IQ,0,asking,0.516
2024-10-01,IQ,0,doing,0.276
2024-10-01,IQ,0,expressing,0.207
2024-10-01,IQ,1,asking,0.437
2024-10-01,IQ,1,doing,0.417
2024-10-01,IQ,1,expressing,0.146
2024-10-01,IT,0,asking,0.516
2024-10-01,IT,0,doing,0.341
2024-10-01,IT,0,expressing,0.143
2024-10-01,IT,1,asking,0.377
2024-10-01,IT,1,doing,0.502
2024-10-01,IT,1,expressing,0.121
2024-10-01,JM,0,asking,0.615
2024-10-01,JM,0,doing,0.269
2024-10-01,JM,0,expressing,0.115
2024-10-01,JO,0,asking,0.554
2024-10-01,JO,0,doing,0.277
2024-10-01,JO,0,expressing,0.169
2024-10-01,JO,1,asking,0.369
2024-10-01,JO,1,doing,0.448
2024-10-01,JO,1,expressing,0.184
2024-10-01,JP,0,asking,0.498
2024-10-01,JP,0,doing,0.330
2024-10-01,JP,0,expressing,0.172
2024-10-01,JP,1,asking,0.447
2024-10-01,JP,1,doing,0.432
2024-10-01,JP,1,expressing,0.121
2024-10-01,KE,0,asking,0.578
2024-10-01,KE,0,doing,0.284
2024-10-01,KE,0,expressing,0.137
2024-10-01,KE,1,asking,0.399
2024-10-01,KE,1,doing,0.512
2024-10-01,KE,1,expressing,0.088
2024-10-01,KG,0,asking,0.446
2024-10-01,KG,0,doing,0.364
2024-10-01,KG,0,expressing,0.190
2024-10-01,KH,0,asking,0.321
2024-10-01,KH,0,doing,0.420
2024-10-01,KH,0,expressing,0.259
2024-10-01,KH,1,asking,0.378
2024-10-01,KH,1,doing,0.485
2024-10-01,KH,1,expressing,0.137
2024-10-01,KR,0,asking,0.516
2024-10-01,KR,0,doing,0.330
2024-10-01,KR,0,expressing,0.154
2024-10-01,KR,1,asking,0.439
2024-10-01,KR,1,doing,0.452
2024-10-01,KR,1,expressing,0.110
2024-10-01,KW,0,asking,0.430
2024-10-01,KW,0,doing,0.374
2024-10-01,KW,0,expressing,0.196
2024-10-01,KZ,0,asking,0.468
2024-10-01,KZ,0,doing,0.374
2024-10-01,KZ,0,expressing,0.158
2024-10-01,KZ,1,asking,0.356
2024-10-01,KZ,1,doing,0.563
2024-10-01,KZ,1,expressing,0.081
2024-10-01,LA,0,asking,0.334
2024-10-01,LA,0,doing,0.359
2024-10-01,LA,0,expressing,0.307
2024-10-01,LB,0,asking,0.526
2024-10-01,LB,0,doing,0.320
2024-10-01,LB,0,expressing,0.154
2024-10-01,LB,1,asking,0.273
2024-10-01,LB,1,doing,0.569
2024-10-01,LB,1,expressing,0.158
2024-10-01,LK,0,asking,0.451
2024-10-01,LK,0,doing,0.362
2024-10-01,LK,0,expressing,0.187
2024-10-01,LK,1,asking,0.353
2024-10-01,LK,1,doing,0.519
2024-10-01,LK,1,expressing,0.128
2024-10-01,LT,0,asking,0.544
2024-10-01,LT,0,doing,0.331
2024-10-01,LT,0,expressing,0.126
2024-10-01,LT,1,asking,0.394
2024-10-01,LT,1,doing,0.465
2024-10-01,LT,1,expressing,0.141
2024-10-01,LV,0,asking,0.530
2024-10-01,LV,0,doing,0.373
2024-10-01,LV,0,expressing,0.097
2024-10-01,LV,1,asking,0.368
2024-10-01,LV,1,doing,0.493
2024-10-01,LV,1,expressing,0.139
2024-10-01,LY,0,asking,0.465
2024-10-01,LY,0,doing,0.272
2024-10-01,LY,0,expressing,0.263
2024-10-01,MA,0,asking,0.441
2024-10-01,MA,0,doing,0.296
2024-10-01,MA,0,expressing,0.262
2024-10-01,MA,1,asking,0.338
2024-10-01,MA,1,doing,0.531
2024-10-01,MA,1,expressing,0.132
2024-10-01,MD,0,asking,0.403
2024-10-01,MD,0,doing,0.478
2024-10-01,MD,0,expressing,0.119
2024-10-01,MD,1,asking,0.416
2024-10-01,MD,1,doing,0.473
2024-10-01,MD,1,expressing,0.111
2024-10-01,MM,0,asking,0.479
2024-10-01,MM,0,doing,0.371
2024-10-01,MM,0,expressing,0.150
2024-10-01,MN,0,asking,0.522
2024-10-01,MN,0,doing,0.367
2024-10-01,MN,0,expressing,0.111
2024-10-01,MX,0,asking,0.531
2024-10-01,MX,0,doing,0.366
2024-10-01,MX,0,expressing,0.103
2024-10-01,MX,1,asking,0.375
2024-10-01,MX,1,doing,0.551
2024-10-01,MX,1,expressing,0.074
2024-10-01,MY,0,asking,0.506
2024-10-01,MY,0,doing,0.327
2024-10-01,MY,0,expressing,0.166
2024-10-01,MY,1,asking,0.369
2024-10-01,MY,1,doing,0.534
2024-10-01,MY,1,expressing,0.097
2024-10-01,MZ,0,asking,0.611
2024-10-01,MZ,0,doing,0.239
2024-10-01,MZ,0,expressing,0.149
2024-10-01,NG,0,asking,0.459
2024-10-01,NG,0,doing,0.378
2024-10-01,NG,0,expressing,0.162
2024-10-01,NG,1,asking,0.337
2024-10-01,NG,1,doing,0.562
2024-10-01,NG,1,expressing,0.102
2024-10-01,NI,0,asking,0.564
2024-10-01,NI,0,doing,0.300
2024-10-01,NI,0,expressing,0.135
2024-10-01,NL,0,asking,0.514
2024-10-01,NL,0,doing,0.352
2024-10-01,NL,0,expressing,0.134
2024-10-01,NL,1,asking,0.358
2024-10-01,NL,1,doing,0.532
2024-10-01,NL,1,expressing,0.110
2024-10-01,NO,0,asking,0.520
2024-10-01,NO,0,doing,0.336
2024-10-01,NO,0,expressing,0.145
2024-10-01,NO,1,asking,0.444
2024-10-01,NO,1,doing,0.457
2024-10-01,NO,1,expressing,0.099
2024-10-01,NP,0,asking,0.490
2024-10-01,NP,0,doing,0.276
2024-10-01,NP,0,expressing,0.234
2024-10-01,NP,1,asking,0.339
2024-10-01,NP,1,doing,0.540
2024-10-01,NP,1,expressing,0.121
2024-10-01,NZ,0,asking,0.526
2024-10-01,NZ,0,doing,0.303
2024-10-01,NZ,0,expressing,0.171
2024-10-01,NZ,1,asking,0.346
2024-10-01,NZ,1,doing,0.528
2024-10-01,NZ,1,expressing,0.126
2024-10-01,OM,0,asking,0.476
2024-10-01,OM,0,doing,0.368
2024-10-01,OM,0,expressing,0.156
2024-10-01,OM,1,asking,0.161
2024-10-01,OM,1,doing,0.759
2024-10-01,OM,1,expressing,0.080
2024-10-01,PA,0,asking,0.491
2024-10-01,PA,0,doing,0.388
2024-10-01,PA,0,expressing,0.121
2024-10-01,PA,1,asking,0.320
2024-10-01,PA,1,doing,0.622
2024-10-01,PA,1,expressing,0.058
2024-10-01,PE,0,asking,0.540
2024-10-01,PE,0,doing,0.347
2024-10-01,PE,0,expressing,0.112
2024-10-01,PE,1,asking,0.370
2024-10-01,PE,1,doing,0.549
2024-10-01,PE,1,expressing,0.081
2024-10-01,PH,0,asking,0.480
2024-10-01,PH,0,doing,0.423
2024-10-01,PH,0,expressing,0.097
2024-10-01,PH,1,asking,0.305
2024-10-01,PH,1,doing,0.603
2024-10-01,PH,1,expressing,0.092
2024-10-01,PK,0,asking,0.487
2024-10-01,PK,0,doing,0.379
2024-10-01,PK,0,expressing,0.134
2024-10-01,PK,1,asking,0.311
2024-10-01,PK,1,doing,0.593
2024-10-01,PK,1,expressing,0.097
2024-10-01,PL,0,asking,0.512
2024-10-01,PL,0,doing,0.339
2024-10-01,PL,0,expressing,0.148
2024-10-01,PL,1,asking,0.355
2024-10-01,PL,1,doing,0.527
2024-10-01,PL,1,expressing,0.118
2024-10-01,PR,0,asking,0.552
2024-10-01,PR,0,doing,0.301
2024-10-01,PR,0,expressing,0.147
2024-10-01,PR,1,asking,0.342
2024-10-01,PR,1,doing,0.550
2024-10-01,PR,1,expressing,0.108
2024-10-01,PS,0,asking,0.557
2024-10-01,PS,0,doing,0.337
2024-10-01,PS,0,expressing,0.107
2024-10-01,PT,0,asking,0.537
2024-10-01,PT,0,doing,0.313
2024-10-01,PT,0,expressing,0.151
2024-10-01,PT,1,asking,0.388
2024-10-01,PT,1,doing,0.520
2024-10-01,PT,1,expressing,0.092
2024-10-01,PY,0,asking,0.492
2024-10-01,PY,0,doing,0.312
2024-10-01,PY,0,expressing,0.195
2024-10-01,PY,1,asking,0.422
2024-10-01,PY,1,doing,0.477
2024-10-01,PY,1,expressing,0.101
2024-10-01,QA,0,asking,0.491
2024-10-01,QA,0,doing,0.347
2024-10-01,QA,0,expressing,0.162
2024-10-01,QA,1,asking,0.194
2024-10-01,QA,1,doing,0.656
2024-10-01,QA,1,expressing,0.150
2024-10-01,RO,0,asking,0.522
2024-10-01,RO,0,doing,0.336
2024-10-01,RO,0,expressing,0.142
2024-10-01,RO,1,asking,0.368
2024-10-01,RO,1,doing,0.520
2024-10-01,RO,1,expressing,0.112
2024-10-01,RS,0,asking,0.517
2024-10-01,RS,0,doing,0.315
2024-10-01,RS,0,expressing,0.169
2024-10-01,RS,1,asking,0.397
2024-10-01,RS,1,doing,0.469
2024-10-01,RS,1,expressing,0.134
2024-10-01,SA,0,asking,0.463
2024-10-01,SA,0,doing,0.307
2024-10-01,SA,0,expressing,0.230
2024-10-01,SA,1,asking,0.348
2024-10-01,SA,1,doing,0.524
2024-10-01,SA,1,expressing,0.127
2024-10-01,SC,0,asking,0.311
2024-10-01,SC,0,doing,0.529
2024-10-01,SC,0,expressing,0.161
2024-10-01,SC,1,asking,0.329
2024-10-01,SC,1,doing,0.572
2024-10-01,SC,1,expressing,0.099
2024-10-01,SE,0,asking,0.548
2024-10-01,SE,0,doing,0.315
2024-10-01,SE,0,expressing,0.137
2024-10-01,SE,1,asking,0.428
2024-10-01,SE,1,doing,0.478
2024-10-01,SE,1,expressing,0.094
2024-10-01,SG,0,asking,0.567
2024-10-01,SG,0,doing,0.297
2024-10-01,SG,0,expressing,0.136
2024-10-01,SG,1,asking,0.405
2024-10-01,SG,1,doing,0.475
2024-10-01,SG,1,expressing,0.120
2024-10-01,SI,0,asking,0.514
2024-10-01,SI,0,doing,0.341
2024-10-01,SI,0,expressing,0.145
2024-10-01,SI,1,asking,0.321
2024-10-01,SI,1,doing,0.560
2024-10-01,SI,1,expressing,0.118
2024-10-01,SK,0,asking,0.527
2024-10-01,SK,0,doing,0.325
2024-10-01,SK,0,expressing,0.148
2024-10-01,SK,1,asking,0.387
2024-10-01,SK,1,doing,0.494
2024-10-01,SK,1,expressing,0.119
2024-10-01,SN,0,asking,0.429
2024-10-01,SN,0,doing,0.282
2024-10-01,SN,0,expressing,0.288
2024-10-01,SO,0,asking,0.583
2024-10-01,SO,0,doing,0.211
2024-10-01,SO,0,expressing,0.206
2024-10-01,SV,0,asking,0.532
2024-10-01,SV,0,doing,0.312
2024-10-01,SV,0,expressing,0.156
2024-10-01,SV,1,asking,0.411
2024-10-01,SV,1,doing,0.494
2024-10-01,SV,1,expressing,0.096
2024-10-01,TH,0,asking,0.495
2024-10-01,TH,0,doing,0.323
2024-10-01,TH,0,expressing,0.183
2024-10-01,TH,1,asking,0.416
2024-10-01,TH,1,doing,0.493
2024-10-01,TH,1,expressing,0.091
2024-10-01,TN,0,asking,0.475
2024-10-01,TN,0,doing,0.332
2024-10-01,TN,0,expressing,0.193
2024-10-01,TN,1,asking,0.344
2024-10-01,TN,1,doing,0.508
2024-10-01,TN,1,expressing,0.147
2024-10-01,TR,0,asking,0.485
2024-10-01,TR,0,doing,0.332
2024-10-01,TR,0,expressing,0.183
2024-10-01,TR,1,asking,0.349
2024-10-01,TR,1,doing,0.520
2024-10-01,TR,1,expressing,0.132
2024-10-01,TW,0,asking,0.458
2024-10-01,TW,0,doing,0.367
2024-10-01,TW,0,expressing,0.175
2024-10-01,TW,1,asking,0.439
2024-10-01,TW,1,doing,0.432
2024-10-01,TW,1,expressing,0.129
2024-10-01,TZ,0,asking,0.618
2024-10-01,TZ,0,doing,0.245
2024-10-01,TZ,0,expressing,0.138
2024-10-01,TZ,1,asking,0.325
2024-10-01,TZ,1,doing,0.571
2024-10-01,TZ,1,expressing,0.105
2024-10-01,UA,0,asking,0.513
2024-10-01,UA,0,doing,0.347
2024-10-01,UA,0,expressing,0.140
2024-10-01,UA,1,asking,0.412
2024-10-01,UA,1,doing,0.492
2024-10-01,UA,1,expressing,0.095
2024-10-01,UG,0,asking,0.705
2024-10-01,UG,0,doing,0.224
2024-10-01,UG,0,expressing,0.071
2024-10-01,UG,1,asking,0.466
2024-10-01,UG,1,doing,0.453
2024-10-01,UG,1,expressing,0.081
2024-10-01,US,0,asking,0.568
2024-10-01,US,0,doing,0.318
2024-10-01,US,0,expressing,0.115
2024-10-01,US,1,asking,0.396
2024-10-01,US,1,doing,0.506
2024-10-01,US,1,expressing,0.097
2024-10-01,UY,0,asking,0.592
2024-10-01,UY,0,doing,0.321
2024-10-01,UY,0,expressing,0.087
2024-10-01,UY,1,asking,0.363
2024-10-01,UY,1,doing,0.530
2024-10-01,UY,1,expressing,0.107
2024-10-01,UZ,0,asking,0.456
2024-10-01,UZ,0,doing,0.328
2024-10-01,UZ,0,expressing,0.217
2024-10-01,UZ,1,asking,0.331
2024-10-01,UZ,1,doing,0.535
2024-10-01,UZ,1,expressing,0.134
2024-10-01,VN,0,asking,0.488
2024-10-01,VN,0,doing,0.359
2024-10-01,VN,0,expressing,0.153
2024-10-01,VN,1,asking,0.414
2024-10-01,VN,1,doing,0.486
2024-10-01,VN,1,expressing,0.099
2024-10-01,YE,0,asking,0.498
2024-10-01,YE,0,doing,0.302
2024-10-01,YE,0,expressing,0.200
2024-10-01,ZA,0,asking,0.591
2024-10-01,ZA,0,doing,0.283
2024-10-01,ZA,0,expressing,0.126
2024-10-01,ZA,1,asking,0.361
2024-10-01,ZA,1,doing,0.521
2024-10-01,ZA,1,expressing,0.118
2024-11-01,AE,0,asking,0.507
2024-11-01,AE,0,doing,0.330
2024-11-01,AE,0,expressing,0.163
2024-11-01,AE,1,asking,0.289
2024-11-01,AE,1,doing,0.588
2024-11-01,AE,1,expressing,0.123
2024-11-01,AF,0,asking,0.477
2024-11-01,AF,0,doing,0.247
2024-11-01,AF,0,expressing,0.276
2024-11-01,AL,0,asking,0.461
2024-11-01,AL,0,doing,0.438
2024-11-01,AL,0,expressing,0.101
2024-11-01,AM,0,asking,0.484
2024-11-01,AM,0,doing,0.380
2024-11-01,AM,0,expressing,0.136
2024-11-01,AM,1,asking,0.399
2024-11-01,AM,1,doing,0.483
2024-11-01,AM,1,expressing,0.118
2024-11-01,AO,0,asking,0.519
2024-11-01,AO,0,doing,0.318
2024-11-01,AO,0,expressing,0.163
2024-11-01,AR,0,asking,0.515
2024-11-01,AR,0,doing,0.323
2024-11-01,AR,0,expressing,0.162
2024-11-01,AR,1,asking,0.395
2024-11-01,AR,1,doing,0.494
2024-11-01,AR,1,expressing,0.110
2024-11-01,AT,0,asking,0.569
2024-11-01,AT,0,doing,0.303
2024-11-01,AT,0,expressing,0.128
2024-11-01,AT,1,asking,0.376
2024-11-01,AT,1,doing,0.520
2024-11-01,AT,1,expressing,0.104
2024-11-01,AU,0,asking,0.544
2024-11-01,AU,0,doing,0.323
2024-11-01,AU,0,expressing,0.133
2024-11-01,AU,1,asking,0.348
2024-11-01,AU,1,doing,0.553
2024-11-01,AU,1,expressing,0.099
2024-11-01,AZ,0,asking,0.439
2024-11-01,AZ,0,doing,0.270
2024-11-01,AZ,0,expressing,0.291
2024-11-01,AZ,1,asking,0.354
2024-11-01,AZ,1,doing,0.520
2024-11-01,AZ,1,expressing,0.127
2024-11-01,BA,0,asking,0.592
2024-11-01,BA,0,doing,0.285
2024-11-01,BA,0,expressing,0.123
2024-11-01,BD,0,asking,0.493
2024-11-01,BD,0,doing,0.335
2024-11-01,BD,0,expressing,0.172
2024-11-01,BD,1,asking,0.377
2024-11-01,BD,1,doing,0.522
2024-11-01,BD,1,expressing,0.101
2024-11-01,BE,0,asking,0.534
2024-11-01,BE,0,doing,0.320
2024-11-01,BE,0,expressing,0.147
2024-11-01,BE,1,asking,0.342
2024-11-01,BE,1,doing,0.556
2024-11-01,BE,1,expressing,0.102
2024-11-01,BG,0,asking,0.497
2024-11-01,BG,0,doing,0.346
2024-11-01,BG,0,expressing,0.157
2024-11-01,BG,1,asking,0.416
2024-11-01,BG,1,doing,0.475
2024-11-01,BG,1,expressing,0.109
2024-11-01,BH,0,asking,0.506
2024-11-01,BH,0,doing,0.263
2024-11-01,BH,0,expressing,0.231
2024-11-01,BO,0,asking,0.540
2024-11-01,BO,0,doing,0.324
2024-11-01,BO,0,expressing,0.136
2024-11-01,BO,1,asking,0.349
2024-11-01,BO,1,doing,0.573
2024-11-01,BO,1,expressing,0.078
2024-11-01,BR,0,asking,0.503
2024-11-01,BR,0,doing,0.349
2024-11-01,BR,0,expressing,0.149
2024-11-01,BR,1,asking,0.335
2024-11-01,BR,1,doing,0.561
2024-11-01,BR,1,expressing,0.104
2024-11-01,CA,0,asking,0.551
2024-11-01,CA,0,doing,0.324
2024-11-01,CA,0,expressing,0.125
2024-11-01,CA,1,asking,0.376
2024-11-01,CA,1,doing,0.511
2024-11-01,CA,1,expressing,0.112
2024-11-01,CH,0,asking,0.538
2024-11-01,CH,0,doing,0.312
2024-11-01,CH,0,expressing,0.150
2024-11-01,CH,1,asking,0.348
2024-11-01,CH,1,doing,0.518
2024-11-01,CH,1,expressing,0.134
2024-11-01,CI,0,asking,0.437
2024-11-01,CI,0,doing,0.322
2024-11-01,CI,0,expressing,0.241
2024-11-01,CI,1,asking,0.378
2024-11-01,CI,1,doing,0.466
2024-11-01,CI,1,expressing,0.156
2024-11-01,CL,0,asking,0.532
2024-11-01,CL,0,doing,0.340
2024-11-01,CL,0,expressing,0.128
2024-11-01,CL,1,asking,0.346
2024-11-01,CL,1,doing,0.551
2024-11-01,CL,1,expressing,0.103
2024-11-01,CO,0,asking,0.500
2024-11-01,CO,0,doing,0.376
2024-11-01,CO,0,expressing,0.124
2024-11-01,CO,1,asking,0.331
2024-11-01,CO,1,doing,0.569
2024-11-01,CO,1,expressing,0.100
2024-11-01,CR,0,asking,0.521
2024-11-01,CR,0,doing,0.288
2024-11-01,CR,0,expressing,0.191
2024-11-01,CR,1,asking,0.347
2024-11-01,CR,1,doing,0.535
2024-11-01,CR,1,expressing,0.119
2024-11-01,CY,0,asking,0.511
2024-11-01,CY,0,doing,0.373
2024-11-01,CY,0,expressing,0.116
2024-11-01,CY,1,asking,0.355
2024-11-01,CY,1,doing,0.549
2024-11-01,CY,1,expressing,0.096
2024-11-01,CZ,0,asking,0.501
2024-11-01,CZ,0,doing,0.314
2024-11-01,CZ,0,expressing,0.185
2024-11-01,CZ,1,asking,0.432
2024-11-01,CZ,1,doing,0.485
2024-11-01,CZ,1,expressing,0.083
2024-11-01,DE,0,asking,0.510
2024-11-01,DE,0,doing,0.342
2024-11-01,DE,0,expressing,0.148
2024-11-01,DE,1,asking,0.379
2024-11-01,DE,1,doing,0.508
2024-11-01,DE,1,expressing,0.112
2024-11-01,DK,0,asking,0.531
2024-11-01,DK,0,doing,0.351
2024-11-01,DK,0,expressing,0.117
2024-11-01,DK,1,asking,0.391
2024-11-01,DK,1,doing,0.514
2024-11-01,DK,1,expressing,0.096
2024-11-01,DO,0,asking,0.590
2024-11-01,DO,0,doing,0.280
2024-11-01,DO,0,expressing,0.130
2024-11-01,DO,1,asking,0.415
2024-11-01,DO,1,doing,0.512
2024-11-01,DO,1,expressing,0.073
2024-11-01,DZ,0,asking,0.459
2024-11-01,DZ,0,doing,0.307
2024-11-01,DZ,0,expressing,0.234
2024-11-01,DZ,1,asking,0.351
2024-11-01,DZ,1,doing,0.505
2024-11-01,DZ,1,expressing,0.144
2024-11-01,EC,0,asking,0.549
2024-11-01,EC,0,doing,0.371
2024-11-01,EC,0,expressing,0.080
2024-11-01,EC,1,asking,0.397
2024-11-01,EC,1,doing,0.535
2024-11-01,EC,1,expressing,0.068
2024-11-01,EE,0,asking,0.525
2024-11-01,EE,0,doing,0.330
2024-11-01,EE,0,expressing,0.145
2024-11-01,EE,1,asking,0.344
2024-11-01,EE,1,doing,0.551
2024-11-01,EE,1,expressing,0.105
2024-11-01,EG,0,asking,0.443
2024-11-01,EG,0,doing,0.266
2024-11-01,EG,0,expressing,0.291
2024-11-01,EG,1,asking,0.386
2024-11-01,EG,1,doing,0.483
2024-11-01,EG,1,expressing,0.131
2024-11-01,ES,0,asking,0.518
2024-11-01,ES,0,doing,0.344
2024-11-01,ES,0,expressing,0.137
2024-11-01,ES,1,asking,0.383
2024-11-01,ES,1,doing,0.523
2024-11-01,ES,1,expressing,0.095
2024-11-01,ET,0,asking,0.636
2024-11-01,ET,0,doing,0.211
2024-11-01,ET,0,expressing,0.153
2024-11-01,ET,1,asking,0.407
2024-11-01,ET,1,doing,0.485
2024-11-01,ET,1,expressing,0.107
2024-11-01,FI,0,asking,0.524
2024-11-01,FI,0,doing,0.289
2024-11-01,FI,0,expressing,0.187
2024-11-01,FI,1,asking,0.446
2024-11-01,FI,1,doing,0.471
2024-11-01,FI,1,expressing,0.083
2024-11-01,FR,0,asking,0.499
2024-11-01,FR,0,doing,0.347
2024-11-01,FR,0,expressing,0.154
2024-11-01,FR,1,asking,0.344
2024-11-01,FR,1,doing,0.536
2024-11-01,FR,1,expressing,0.120
2024-11-01,GB,0,asking,0.529
2024-11-01,GB,0,doing,0.325
2024-11-01,GB,0,expressing,0.146
2024-11-01,GB,1,asking,0.369
2024-11-01,GB,1,doing,0.530
2024-11-01,GB,1,expressing,0.101
2024-11-01,GE,0,asking,0.490
2024-11-01,GE,0,doing,0.299
2024-11-01,GE,0,expressing,0.211
2024-11-01,GE,1,asking,0.362
2024-11-01,GE,1,doing,0.503
2024-11-01,GE,1,expressing,0.135
2024-11-01,GH,0,asking,0.534
2024-11-01,GH,0,doing,0.292
2024-11-01,GH,0,expressing,0.175
2024-11-01,GH,1,asking,0.421
2024-11-01,GH,1,doing,0.519
2024-11-01,GH,1,expressing,0.060
2024-11-01,GR,0,asking,0.529
2024-11-01,GR,0,doing,0.287
2024-11-01,GR,0,expressing,0.183
2024-11-01,GR,1,asking,0.405
2024-11-01,GR,1,doing,0.482
2024-11-01,GR,1,expressing,0.113
2024-11-01,GT,0,asking,0.574
2024-11-01,GT,0,doing,0.275
2024-11-01,GT,0,expressing,0.151
2024-11-01,GT,1,asking,0.374
2024-11-01,GT,1,doing,0.547
2024-11-01,GT,1,expressing,0.079
2024-11-01,HN,0,asking,0.459
2024-11-01,HN,0,doing,0.397
2024-11-01,HN,0,expressing,0.144
2024-11-01,HN,1,asking,0.349
2024-11-01,HN,1,doing,0.595
2024-11-01,HN,1,expressing,0.055
2024-11-01,HR,0,asking,0.554
2024-11-01,HR,0,doing,0.302
2024-11-01,HR,0,expressing,0.144
2024-11-01,HR,1,asking,0.406
2024-11-01,HR,1,doing,0.516
2024-11-01,HR,1,expressing,0.078
2024-11-01,HU,0,asking,0.563
2024-11-01,HU,0,doing,0.249
2024-11-01,HU,0,expressing,0.188
2024-11-01,HU,1,asking,0.403
2024-11-01,HU,1,doing,0.451
2024-11-01,HU,1,expressing,0.147
2024-11-01,ID,0,asking,0.556
2024-11-01,ID,0,doing,0.327
2024-11-01,ID,0,expressing,0.118
2024-11-01,ID,1,asking,0.397
2024-11-01,ID,1,doing,0.537
2024-11-01,ID,1,expressing,0.066
2024-11-01,IE,0,asking,0.604
2024-11-01,IE,0,doing,0.308
2024-11-01,IE,0,expressing,0.089
2024-11-01,IE,1,asking,0.409
2024-11-01,IE,1,doing,0.476
2024-11-01,IE,1,expressing,0.115
2024-11-01,IL,0,asking,0.526
2024-11-01,IL,0,doing,0.269
2024-11-01,IL,0,expressing,0.206
2024-11-01,IL,1,asking,0.438
2024-11-01,IL,1,doing,0.428
2024-11-01,IL,1,expressing,0.134
2024-11-01,IN,0,asking,0.509
2024-11-01,IN,0,doing,0.359
2024-11-01,IN,0,expressing,0.132
2024-11-01,IN,1,asking,0.411
2024-11-01,IN,1,doing,0.491
2024-11-01,IN,1,expressing,0.098
2024-11-01,IQ,0,asking,0.451
2024-11-01,IQ,0,doing,0.278
2024-11-01,IQ,0,expressing,0.272
2024-11-01,IQ,1,asking,0.331
2024-11-01,IQ,1,doing,0.544
2024-11-01,IQ,1,expressing,0.126
2024-11-01,IT,0,asking,0.503
2024-11-01,IT,0,doing,0.323
2024-11-01,IT,0,expressing,0.174
2024-11-01,IT,1,asking,0.372
2024-11-01,IT,1,doing,0.498
2024-11-01,IT,1,expressing,0.130
2024-11-01,JM,0,asking,0.554
2024-11-01,JM,0,doing,0.264
2024-11-01,JM,0,expressing,0.182
2024-11-01,JO,0,asking,0.519
2024-11-01,JO,0,doing,0.307
2024-11-01,JO,0,expressing,0.174
2024-11-01,JO,1,asking,0.420
2024-11-01,JO,1,doing,0.478
2024-11-01,JO,1,expressing,0.102
2024-11-01,JP,0,asking,0.519
2024-11-01,JP,0,doing,0.311
2024-11-01,JP,0,expressing,0.170
2024-11-01,JP,1,asking,0.416
2024-11-01,JP,1,doing,0.454
2024-11-01,JP,1,expressing,0.130
2024-11-01,KE,0,asking,0.563
2024-11-01,KE,0,doing,0.287
2024-11-01,KE,0,expressing,0.150
2024-11-01,KE,1,asking,0.432
2024-11-01,KE,1,doing,0.444
2024-11-01,KE,1,expressing,0.124
2024-11-01,KG,0,asking,0.491
2024-11-01,KG,0,doing,0.357
2024-11-01,KG,0,expressing,0.152
2024-11-01,KG,1,asking,0.434
2024-11-01,KG,1,doing,0.462
2024-11-01,KG,1,expressing,0.104
2024-11-01,KH,0,asking,0.379
2024-11-01,KH,0,doing,0.450
2024-11-01,KH,0,expressing,0.171
2024-11-01,KH,1,asking,0.366
2024-11-01,KH,1,doing,0.437
2024-11-01,KH,1,expressing,0.196
2024-11-01,KR,0,asking,0.510
2024-11-01,KR,0,doing,0.340
2024-11-01,KR,0,expressing,0.151
2024-11-01,KR,1,asking,0.437
2024-11-01,KR,1,doing,0.454
2024-11-01,KR,1,expressing,0.109
2024-11-01,KW,0,asking,0.482
2024-11-01,KW,0,doing,0.328
2024-11-01,KW,0,expressing,0.190
2024-11-01,KZ,0,asking,0.467
2024-11-01,KZ,0,doing,0.389
2024-11-01,KZ,0,expressing,0.145
2024-11-01,KZ,1,asking,0.340
2024-11-01,KZ,1,doing,0.555
2024-11-01,KZ,1,expressing,0.104
2024-11-01,LB,0,asking,0.490
2024-11-01,LB,0,doing,0.371
2024-11-01,LB,0,expressing,0.140
2024-11-01,LB,1,asking,0.406
2024-11-01,LB,1,doing,0.447
2024-11-01,LB,1,expressing,0.147
2024-11-01,LK,0,asking,0.462
2024-11-01,LK,0,doing,0.350
2024-11-01,LK,0,expressing,0.188
2024-11-01,LK,1,asking,0.337
2024-11-01,LK,1,doing,0.554
2024-11-01,LK,1,expressing,0.110
2024-11-01,LT,0,asking,0.512
2024-11-01,LT,0,doing,0.334
2024-11-01,LT,0,expressing,0.154
2024-11-01,LT,1,asking,0.333
2024-11-01,LT,1,doing,0.547
2024-11-01,LT,1,expressing,0.119
2024-11-01,LV,0,asking,0.488
2024-11-01,LV,0,doing,0.424
2024-11-01,LV,0,expressing,0.088
2024-11-01,LV,1,asking,0.388
2024-11-01,LV,1,doing,0.533
2024-11-01,LV,1,expressing,0.079
2024-11-01,LY,0,asking,0.437
2024-11-01,LY,0,doing,0.258
2024-11-01,LY,0,expressing,0.306
2024-11-01,MA,0,asking,0.428
2024-11-01,MA,0,doing,0.331
2024-11-01,MA,0,expressing,0.241
2024-11-01,MA,1,asking,0.394
2024-11-01,MA,1,doing,0.478
2024-11-01,MA,1,expressing,0.128
2024-11-01,MD,0,asking,0.389
2024-11-01,MD,0,doing,0.503
2024-11-01,MD,0,expressing,0.108
2024-11-01,MD,1,asking,0.312
2024-11-01,MD,1,doing,0.605
2024-11-01,MD,1,expressing,0.083
2024-11-01,MM,0,asking,0.443
2024-11-01,MM,0,doing,0.321
2024-11-01,MM,0,expressing,0.236
2024-11-01,MN,0,asking,0.523
2024-11-01,MN,0,doing,0.310
2024-11-01,MN,0,expressing,0.166
2024-11-01,MX,0,asking,0.534
2024-11-01,MX,0,doing,0.345
2024-11-01,MX,0,expressing,0.121
2024-11-01,MX,1,asking,0.367
2024-11-01,MX,1,doing,0.548
2024-11-01,MX,1,expressing,0.085
2024-11-01,MY,0,asking,0.501
2024-11-01,MY,0,doing,0.329
2024-11-01,MY,0,expressing,0.170
2024-11-01,MY,1,asking,0.355
2024-11-01,MY,1,doing,0.531
2024-11-01,MY,1,expressing,0.114
2024-11-01,NG,0,asking,0.448
2024-11-01,NG,0,doing,0.395
2024-11-01,NG,0,expressing,0.157
2024-11-01,NG,1,asking,0.342
2024-11-01,NG,1,doing,0.559
2024-11-01,NG,1,expressing,0.100
2024-11-01,NI,0,asking,0.524
2024-11-01,NI,0,doing,0.303
2024-11-01,NI,0,expressing,0.174
2024-11-01,NL,0,asking,0.540
2024-11-01,NL,0,doing,0.327
2024-11-01,NL,0,expressing,0.133
2024-11-01,NL,1,asking,0.365
2024-11-01,NL,1,doing,0.522
2024-11-01,NL,1,expressing,0.113
2024-11-01,NO,0,asking,0.580
2024-11-01,NO,0,doing,0.305
2024-11-01,NO,0,expressing,0.115
2024-11-01,NO,1,asking,0.429
2024-11-01,NO,1,doing,0.460
2024-11-01,NO,1,expressing,0.111
2024-11-01,NP,0,asking,0.494
2024-11-01,NP,0,doing,0.290
2024-11-01,NP,0,expressing,0.217
2024-11-01,NP,1,asking,0.400
2024-11-01,NP,1,doing,0.551
2024-11-01,NP,1,expressing,0.049
2024-11-01,NZ,0,asking,0.493
2024-11-01,NZ,0,doing,0.323
2024-11-01,NZ,0,expressing,0.184
2024-11-01,NZ,1,asking,0.313
2024-11-01,NZ,1,doing,0.538
2024-11-01,NZ,1,expressing,0.149
2024-11-01,OM,0,asking,0.452
2024-11-01,OM,0,doing,0.373
2024-11-01,OM,0,expressing,0.176
2024-11-01,OM,1,asking,0.291
2024-11-01,OM,1,doing,0.596
2024-11-01,OM,1,expressing,0.113
2024-11-01,PA,0,asking,0.529
2024-11-01,PA,0,doing,0.321
2024-11-01,PA,0,expressing,0.150
2024-11-01,PA,1,asking,0.300
2024-11-01,PA,1,doing,0.609
2024-11-01,PA,1,expressing,0.091
2024-11-01,PE,0,asking,0.479
2024-11-01,PE,0,doing,0.397
2024-11-01,PE,0,expressing,0.123
2024-11-01,PE,1,asking,0.356
2024-11-01,PE,1,doing,0.564
2024-11-01,PE,1,expressing,0.081
2024-11-01,PH,0,asking,0.480
2024-11-01,PH,0,doing,0.418
2024-11-01,PH,0,expressing,0.102
2024-11-01,PH,1,asking,0.312
2024-11-01,PH,1,doing,0.606
2024-11-01,PH,1,expressing,0.082
2024-11-01,PK,0,asking,0.524
2024-11-01,PK,0,doing,0.338
2024-11-01,PK,0,expressing,0.139
2024-11-01,PK,1,asking,0.329
2024-11-01,PK,1,doing,0.566
2024-11-01,PK,1,expressing,0.105
2024-11-01,PL,0,asking,0.536
2024-11-01,PL,0,doing,0.334
2024-11-01,PL,0,expressing,0.130
2024-11-01,PL,1,asking,0.385
2024-11-01,PL,1,doing,0.511
2024-11-01,PL,1,expressing,0.104
2024-11-01,PR,0,asking,0.568
2024-11-01,PR,0,doing,0.357
2024-11-01,PR,0,expressing,0.075
2024-11-01,PR,1,asking,0.370
2024-11-01,PR,1,doing,0.532
2024-11-01,PR,1,expressing,0.099
2024-11-01,PS,0,asking,0.566
2024-11-01,PS,0,doing,0.272
2024-11-01,PS,0,expressing,0.162
2024-11-01,PS,1,asking,0.343
2024-11-01,PS,1,doing,0.487
2024-11-01,PS,1,expressing,0.170
2024-11-01,PT,0,asking,0.542
2024-11-01,PT,0,doing,0.319
2024-11-01,PT,0,expressing,0.139
2024-11-01,PT,1,asking,0.357
2024-11-01,PT,1,doing,0.512
2024-11-01,PT,1,expressing,0.130
2024-11-01,PY,0,asking,0.550
2024-11-01,PY,0,doing,0.264
2024-11-01,PY,0,expressing,0.186
2024-11-01,PY,1,asking,0.314
2024-11-01,PY,1,doing,0.497
2024-11-01,PY,1,expressing,0.189
2024-11-01,QA,0,asking,0.418
2024-11-01,QA,0,doing,0.356
2024-11-01,QA,0,expressing,0.226
2024-11-01,QA,1,asking,0.325
2024-11-01,QA,1,doing,0.529
2024-11-01,QA,1,expressing,0.146
2024-11-01,RO,0,asking,0.503
2024-11-01,RO,0,doing,0.329
2024-11-01,RO,0,expressing,0.168
2024-11-01,RO,1,asking,0.379
2024-11-01,RO,1,doing,0.498
2024-11-01,RO,1,expressing,0.123
2024-11-01,RS,0,asking,0.548
2024-11-01,RS,0,doing,0.310
2024-11-01,RS,0,expressing,0.142
2024-11-01,RS,1,asking,0.429
2024-11-01,RS,1,doing,0.431
2024-11-01,RS,1,expressing,0.140
2024-11-01,SA,0,asking,0.416
2024-11-01,SA,0,doing,0.302
2024-11-01,SA,0,expressing,0.282
2024-11-01,SA,1,asking,0.343
2024-11-01,SA,1,doing,0.546
2024-11-01,SA,1,expressing,0.112
2024-11-01,SC,1,asking,0.320
2024-11-01,SC,1,doing,0.569
2024-11-01,SC,1,expressing,0.111
2024-11-01,SE,0,asking,0.549
2024-11-01,SE,0,doing,0.324
2024-11-01,SE,0,expressing,0.128
2024-11-01,SE,1,asking,0.418
2024-11-01,SE,1,doing,0.479
2024-11-01,SE,1,expressing,0.102
2024-11-01,SG,0,asking,0.534
2024-11-01,SG,0,doing,0.313
2024-11-01,SG,0,expressing,0.153
2024-11-01,SG,1,asking,0.406
2024-11-01,SG,1,doing,0.504
2024-11-01,SG,1,expressing,0.090
2024-11-01,SI,0,asking,0.546
2024-11-01,SI,0,doing,0.413
2024-11-01,SI,0,expressing,0.040
2024-11-01,SI,1,asking,0.364
2024-11-01,SI,1,doing,0.566
2024-11-01,SI,1,expressing,0.070
2024-11-01,SK,0,asking,0.597
2024-11-01,SK,0,doing,0.254
2024-11-01,SK,0,expressing,0.149
2024-11-01,SK,1,asking,0.338
2024-11-01,SK,1,doing,0.598
2024-11-01,SK,1,expressing,0.064
2024-11-01,SN,0,asking,0.528
2024-11-01,SN,0,doing,0.357
2024-11-01,SN,0,expressing,0.115
2024-11-01,SO,0,asking,0.512
2024-11-01,SO,0,doing,0.269
2024-11-01,SO,0,expressing,0.218
2024-11-01,SV,0,asking,0.578
2024-11-01,SV,0,doing,0.292
2024-11-01,SV,0,expressing,0.130
2024-11-01,SV,1,asking,0.470
2024-11-01,SV,1,doing,0.484
2024-11-01,SV,1,expressing,0.046
2024-11-01,TH,0,asking,0.527
2024-11-01,TH,0,doing,0.323
2024-11-01,TH,0,expressing,0.149
2024-11-01,TH,1,asking,0.405
2024-11-01,TH,1,doing,0.479
2024-11-01,TH,1,expressing,0.116
2024-11-01,TN,0,asking,0.460
2024-11-01,TN,0,doing,0.327
2024-11-01,TN,0,expressing,0.213
2024-11-01,TN,1,asking,0.371
2024-11-01,TN,1,doing,0.469
2024-11-01,TN,1,expressing,0.159
2024-11-01,TR,0,asking,0.484
2024-11-01,TR,0,doing,0.331
2024-11-01,TR,0,expressing,0.185
2024-11-01,TR,1,asking,0.364
2024-11-01,TR,1,doing,0.505
2024-11-01,TR,1,expressing,0.131
2024-11-01,TW,0,asking,0.506
2024-11-01,TW,0,doing,0.332
2024-11-01,TW,0,expressing,0.163
2024-11-01,TW,1,asking,0.414
2024-11-01,TW,1,doing,0.465
2024-11-01,TW,1,expressing,0.122
2024-11-01,TZ,0,asking,0.580
2024-11-01,TZ,0,doing,0.281
2024-11-01,TZ,0,expressing,0.139
2024-11-01,TZ,1,asking,0.457
2024-11-01,TZ,1,doing,0.459
2024-11-01,TZ,1,expressing,0.084
2024-11-01,UA,0,asking,0.511
2024-11-01,UA,0,doing,0.342
2024-11-01,UA,0,expressing,0.147
2024-11-01,UA,1,asking,0.423
2024-11-01,UA,1,doing,0.488
2024-11-01,UA,1,expressing,0.089
2024-11-01,UG,0,asking,0.550
2024-11-01,UG,0,doing,0.320
2024-11-01,UG,0,expressing,0.130
2024-11-01,UG,1,asking,0.430
2024-11-01,UG,1,doing,0.508
2024-11-01,UG,1,expressing,0.062
2024-11-01,US,0,asking,0.568
2024-11-01,US,0,doing,0.308
2024-11-01,US,0,expressing,0.124
2024-11-01,US,1,asking,0.393
2024-11-01,US,1,doing,0.507
2024-11-01,US,1,expressing,0.100
2024-11-01,UY,0,asking,0.497
2024-11-01,UY,0,doing,0.366
2024-11-01,UY,0,expressing,0.136
2024-11-01,UY,1,asking,0.402
2024-11-01,UY,1,doing,0.501
2024-11-01,UY,1,expressing,0.097
2024-11-01,UZ,0,asking,0.489
2024-11-01,UZ,0,doing,0.299
2024-11-01,UZ,0,expressing,0.212
2024-11-01,UZ,1,asking,0.367
2024-11-01,UZ,1,doing,0.520
2024-11-01,UZ,1,expressing,0.113
2024-11-01,VN,0,asking,0.477
2024-11-01,VN,0,doing,0.368
2024-11-01,VN,0,expressing,0.155
2024-11-01,VN,1,asking,0.380
2024-11-01,VN,1,doing,0.516
2024-11-01,VN,1,expressing,0.104
2024-11-01,YE,0,asking,0.459
2024-11-01,YE,0,doing,0.275
2024-11-01,YE,0,expressing,0.266
2024-11-01,ZA,0,asking,0.529
2024-11-01,ZA,0,doing,0.323
2024-11-01,ZA,0,expressing,0.149
2024-11-01,ZA,1,asking,0.378
2024-11-01,ZA,1,doing,0.531
2024-11-01,ZA,1,expressing,0.091
2024-11-01,ZM,0,asking,0.645
2024-11-01,ZM,0,doing,0.257
2024-11-01,ZM,0,expressing,0.098
2024-12-01,AE,0,asking,0.507
2024-12-01,AE,0,doing,0.313
2024-12-01,AE,0,expressing,0.179
2024-12-01,AE,1,asking,0.278
2024-12-01,AE,1,doing,0.585
2024-12-01,AE,1,expressing,0.137
2024-12-01,AF,0,asking,0.459
2024-12-01,AF,0,doing,0.266
2024-12-01,AF,0,expressing,0.275
2024-12-01,AL,0,asking,0.604
2024-12-01,AL,0,doing,0.243
2024-12-01,AL,0,expressing,0.153
2024-12-01,AM,0,asking,0.426
2024-12-01,AM,0,doing,0.367
2024-12-01,AM,0,expressing,0.206
2024-12-01,AO,0,asking,0.463
2024-12-01,AO,0,doing,0.355
2024-12-01,AO,0,expressing,0.182
2024-12-01,AR,0,asking,0.533
2024-12-01,AR,0,doing,0.266
2024-12-01,AR,0,expressing,0.201
2024-12-01,AR,1,asking,0.385
2024-12-01,AR,1,doing,0.487
2024-12-01,AR,1,expressing,0.129
2024-12-01,AT,0,asking,0.538
2024-12-01,AT,0,doing,0.316
2024-12-01,AT,0,expressing,0.146
2024-12-01,AT,1,asking,0.354
2024-12-01,AT,1,doing,0.520
2024-12-01,AT,1,expressing,0.127
2024-12-01,AU,0,asking,0.511
2024-12-01,AU,0,doing,0.342
2024-12-01,AU,0,expressing,0.147
2024-12-01,AU,1,asking,0.328
2024-12-01,AU,1,doing,0.564
2024-12-01,AU,1,expressing,0.108
2024-12-01,AZ,0,asking,0.450
2024-12-01,AZ,0,doing,0.281
2024-12-01,AZ,0,expressing,0.269
2024-12-01,AZ,1,asking,0.347
2024-12-01,AZ,1,doing,0.540
2024-12-01,AZ,1,expressing,0.113
2024-12-01,BA,0,asking,0.533
2024-12-01,BA,0,doing,0.282
2024-12-01,BA,0,expressing,0.185
2024-12-01,BD,0,asking,0.506
2024-12-01,BD,0,doing,0.310
2024-12-01,BD,0,expressing,0.184
2024-12-01,BD,1,asking,0.360
2024-12-01,BD,1,doing,0.538
2024-12-01,BD,1,expressing,0.102
2024-12-01,BE,0,asking,0.528
2024-12-01,BE,0,doing,0.307
2024-12-01,BE,0,expressing,0.165
2024-12-01,BE,1,asking,0.344
2024-12-01,BE,1,doing,0.526
2024-12-01,BE,1,expressing,0.129
2024-12-01,BG,0,asking,0.505
2024-12-01,BG,0,doing,0.295
2024-12-01,BG,0,expressing,0.200
2024-12-01,BG,1,asking,0.364
2024-12-01,BG,1,doing,0.572
2024-12-01,BG,1,expressing,0.063
2024-12-01,BH,0,asking,0.424
2024-12-01,BH,0,doing,0.329
2024-12-01,BH,0,expressing,0.248
2024-12-01,BO,0,asking,0.539
2024-12-01,BO,0,doing,0.280
2024-12-01,BO,0,expressing,0.182
2024-12-01,BO,1,asking,0.340
2024-12-01,BO,1,doing,0.547
2024-12-01,BO,1,expressing,0.113
2024-12-01,BR,0,asking,0.491
2024-12-01,BR,0,doing,0.340
2024-12-01,BR,0,expressing,0.168
2024-12-01,BR,1,asking,0.320
2024-12-01,BR,1,doing,0.573
2024-12-01,BR,1,expressing,0.108
2024-12-01,CA,0,asking,0.555
2024-12-01,CA,0,doing,0.302
2024-12-01,CA,0,expressing,0.143
2024-12-01,CA,1,asking,0.381
2024-12-01,CA,1,doing,0.507
2024-12-01,CA,1,expressing,0.112
2024-12-01,CD,0,asking,0.534
2024-12-01,CD,0,doing,0.256
2024-12-01,CD,0,expressing,0.210
2024-12-01,CH,0,asking,0.546
2024-12-01,CH,0,doing,0.309
2024-12-01,CH,0,expressing,0.145
2024-12-01,CH,1,asking,0.345
2024-12-01,CH,1,doing,0.538
2024-12-01,CH,1,expressing,0.116
2024-12-01,CI,0,asking,0.426
2024-12-01,CI,0,doing,0.448
2024-12-01,CI,0,expressing,0.126
2024-12-01,CI,1,asking,0.437
2024-12-01,CI,1,doing,0.486
2024-12-01,CI,1,expressing,0.077
2024-12-01,CL,0,asking,0.537
2024-12-01,CL,0,doing,0.275
2024-12-01,CL,0,expressing,0.188
2024-12-01,CL,1,asking,0.370
2024-12-01,CL,1,doing,0.520
2024-12-01,CL,1,expressing,0.111
2024-12-01,CO,0,asking,0.530
2024-12-01,CO,0,doing,0.302
2024-12-01,CO,0,expressing,0.168
2024-12-01,CO,1,asking,0.340
2024-12-01,CO,1,doing,0.559
2024-12-01,CO,1,expressing,0.101
2024-12-01,CR,0,asking,0.486
2024-12-01,CR,0,doing,0.276
2024-12-01,CR,0,expressing,0.238
2024-12-01,CR,1,asking,0.374
2024-12-01,CR,1,doing,0.513
2024-12-01,CR,1,expressing,0.112
2024-12-01,CY,0,asking,0.555
2024-12-01,CY,0,doing,0.386
2024-12-01,CY,0,expressing,0.059
2024-12-01,CY,1,asking,0.380
2024-12-01,CY,1,doing,0.496
2024-12-01,CY,1,expressing,0.124
2024-12-01,CZ,0,asking,0.506
2024-12-01,CZ,0,doing,0.322
2024-12-01,CZ,0,expressing,0.172
2024-12-01,CZ,1,asking,0.382
2024-12-01,CZ,1,doing,0.493
2024-12-01,CZ,1,expressing,0.125
2024-12-01,DE,0,asking,0.525
2024-12-01,DE,0,doing,0.314
2024-12-01,DE,0,expressing,0.161
2024-12-01,DE,1,asking,0.382
2024-12-01,DE,1,doing,0.500
2024-12-01,DE,1,expressing,0.119
2024-12-01,DK,0,asking,0.549
2024-12-01,DK,0,doing,0.324
2024-12-01,DK,0,expressing,0.127
2024-12-01,DK,1,asking,0.370
2024-12-01,DK,1,doing,0.514
2024-12-01,DK,1,expressing,0.116
2024-12-01,DO,0,asking,0.457
2024-12-01,DO,0,doing,0.354
2024-12-01,DO,0,expressing,0.188
2024-12-01,DO,1,asking,0.353
2024-12-01,DO,1,doing,0.565
2024-12-01,DO,1,expressing,0.082
2024-12-01,DZ,0,asking,0.448
2024-12-01,DZ,0,doing,0.289
2024-12-01,DZ,0,expressing,0.263
2024-12-01,DZ,1,asking,0.443
2024-12-01,DZ,1,doing,0.452
2024-12-01,DZ,1,expressing,0.105
2024-12-01,EC,0,asking,0.499
2024-12-01,EC,0,doing,0.401
2024-12-01,EC,0,expressing,0.100
2024-12-01,EC,1,asking,0.346
2024-12-01,EC,1,doing,0.597
2024-12-01,EC,1,expressing,0.058
2024-12-01,EE,0,asking,0.471
2024-12-01,EE,0,doing,0.338
2024-12-01,EE,0,expressing,0.192
2024-12-01,EE,1,asking,0.423
2024-12-01,EE,1,doing,0.469
2024-12-01,EE,1,expressing,0.108
2024-12-01,EG,0,asking,0.465
2024-12-01,EG,0,doing,0.259
2024-12-01,EG,0,expressing,0.276
2024-12-01,EG,1,asking,0.369
2024-12-01,EG,1,doing,0.493
2024-12-01,EG,1,expressing,0.138
2024-12-01,ES,0,asking,0.522
2024-12-01,ES,0,doing,0.326
2024-12-01,ES,0,expressing,0.152
2024-12-01,ES,1,asking,0.363
2024-12-01,ES,1,doing,0.517
2024-12-01,ES,1,expressing,0.120
2024-12-01,ET,0,asking,0.546
2024-12-01,ET,0,doing,0.281
2024-12-01,ET,0,expressing,0.174
2024-12-01,ET,1,asking,0.428
2024-12-01,ET,1,doing,0.439
2024-12-01,ET,1,expressing,0.133
2024-12-01,FI,0,asking,0.510
2024-12-01,FI,0,doing,0.302
2024-12-01,FI,0,expressing,0.188
2024-12-01,FI,1,asking,0.408
2024-12-01,FI,1,doing,0.455
2024-12-01,FI,1,expressing,0.137
2024-12-01,FR,0,asking,0.497
2024-12-01,FR,0,doing,0.337
2024-12-01,FR,0,expressing,0.165
2024-12-01,FR,1,asking,0.356
2024-12-01,FR,1,doing,0.525
2024-12-01,FR,1,expressing,0.119
2024-12-01,GB,0,asking,0.513
2024-12-01,GB,0,doing,0.316
2024-12-01,GB,0,expressing,0.170
2024-12-01,GB,1,asking,0.363
2024-12-01,GB,1,doing,0.523
2024-12-01,GB,1,expressing,0.114
2024-12-01,GE,0,asking,0.482
2024-12-01,GE,0,doing,0.291
2024-12-01,GE,0,expressing,0.227
2024-12-01,GE,1,asking,0.358
2024-12-01,GE,1,doing,0.553
2024-12-01,GE,1,expressing,0.089
2024-12-01,GH,0,asking,0.415
2024-12-01,GH,0,doing,0.442
2024-12-01,GH,0,expressing,0.143
2024-12-01,GH,1,asking,0.306
2024-12-01,GH,1,doing,0.584
2024-12-01,GH,1,expressing,0.111
2024-12-01,GR,0,asking,0.525
2024-12-01,GR,0,doing,0.284
2024-12-01,GR,0,expressing,0.191
2024-12-01,GR,1,asking,0.347
2024-12-01,GR,1,doing,0.523
2024-12-01,GR,1,expressing,0.130
2024-12-01,GT,0,asking,0.530
2024-12-01,GT,0,doing,0.223
2024-12-01,GT,0,expressing,0.247
2024-12-01,HN,0,asking,0.532
2024-12-01,HN,0,doing,0.314
2024-12-01,HN,0,expressing,0.154
2024-12-01,HN,1,asking,0.323
2024-12-01,HN,1,doing,0.475
2024-12-01,HN,1,expressing,0.203
2024-12-01,HR,0,asking,0.493
2024-12-01,HR,0,doing,0.358
2024-12-01,HR,0,expressing,0.149
2024-12-01,HR,1,asking,0.203
2024-12-01,HR,1,doing,0.644
2024-12-01,HR,1,expressing,0.154
2024-12-01,HU,0,asking,0.552
2024-12-01,HU,0,doing,0.245
2024-12-01,HU,0,expressing,0.204
2024-12-01,HU,1,asking,0.376
2024-12-01,HU,1,doing,0.481
2024-12-01,HU,1,expressing,0.143
2024-12-01,ID,0,asking,0.592
2024-12-01,ID,0,doing,0.241
2024-12-01,ID,0,expressing,0.167
2024-12-01,ID,1,asking,0.393
2024-12-01,ID,1,doing,0.538
2024-12-01,ID,1,expressing,0.069
2024-12-01,IE,0,asking,0.544
2024-12-01,IE,0,doing,0.310
2024-12-01,IE,0,expressing,0.146
2024-12-01,IE,1,asking,0.364
2024-12-01,IE,1,doing,0.506
2024-12-01,IE,1,expressing,0.130
2024-12-01,IL,0,asking,0.526
2024-12-01,IL,0,doing,0.264
2024-12-01,IL,0,expressing,0.210
2024-12-01,IL,1,asking,0.405
2024-12-01,IL,1,doing,0.468
2024-12-01,IL,1,expressing,0.127
2024-12-01,IN,0,asking,0.521
2024-12-01,IN,0,doing,0.346
2024-12-01,IN,0,expressing,0.133
2024-12-01,IN,1,asking,0.422
2024-12-01,IN,1,doing,0.483
2024-12-01,IN,1,expressing,0.094
2024-12-01,IQ,0,asking,0.437
2024-12-01,IQ,0,doing,0.283
2024-12-01,IQ,0,expressing,0.280
2024-12-01,IQ,1,asking,0.318
2024-12-01,IQ,1,doing,0.490
2024-12-01,IQ,1,expressing,0.192
2024-12-01,IT,0,asking,0.516
2024-12-01,IT,0,doing,0.302
2024-12-01,IT,0,expressing,0.182
2024-12-01,IT,1,asking,0.370
2024-12-01,IT,1,doing,0.502
2024-12-01,IT,1,expressing,0.128
2024-12-01,JO,0,asking,0.523
2024-12-01,JO,0,doing,0.290
2024-12-01,JO,0,expressing,0.187
2024-12-01,JO,1,asking,0.342
2024-12-01,JO,1,doing,0.522
2024-12-01,JO,1,expressing,0.136
2024-12-01,JP,0,asking,0.508
2024-12-01,JP,0,doing,0.299
2024-12-01,JP,0,expressing,0.193
2024-12-01,JP,1,asking,0.408
2024-12-01,JP,1,doing,0.454
2024-12-01,JP,1,expressing,0.137
2024-12-01,KE,0,asking,0.538
2024-12-01,KE,0,doing,0.294
2024-12-01,KE,0,expressing,0.168
2024-12-01,KE,1,asking,0.389
2024-12-01,KE,1,doing,0.529
2024-12-01,KE,1,expressing,0.081
2024-12-01,KG,0,asking,0.492
2024-12-01,KG,0,doing,0.351
2024-12-01,KG,0,expressing,0.157
2024-12-01,KG,1,asking,0.338
2024-12-01,KG,1,doing,0.527
2024-12-01,KG,1,expressing,0.135
2024-12-01,KH,0,asking,0.360
2024-12-01,KH,0,doing,0.492
2024-12-01,KH,0,expressing,0.148
2024-12-01,KH,1,asking,0.278
2024-12-01,KH,1,doing,0.532
2024-12-01,KH,1,expressing,0.190
2024-12-01,KR,0,asking,0.521
2024-12-01,KR,0,doing,0.318
2024-12-01,KR,0,expressing,0.160
2024-12-01,KR,1,asking,0.428
2024-12-01,KR,1,doing,0.458
2024-12-01,KR,1,expressing,0.115
2024-12-01,KW,0,asking,0.451
2024-12-01,KW,0,doing,0.313
2024-12-01,KW,0,expressing,0.237
2024-12-01,KZ,0,asking,0.440
2024-12-01,KZ,0,doing,0.382
2024-12-01,KZ,0,expressing,0.177
2024-12-01,KZ,1,asking,0.348
2024-12-01,KZ,1,doing,0.560
2024-12-01,KZ,1,expressing,0.092
2024-12-01,LB,0,asking,0.477
2024-12-01,LB,0,doing,0.330
2024-12-01,LB,0,expressing,0.193
2024-12-01,LB,1,asking,0.309
2024-12-01,LB,1,doing,0.571
2024-12-01,LB,1,expressing,0.120
2024-12-01,LK,0,asking,0.531
2024-12-01,LK,0,doing,0.292
2024-12-01,LK,0,expressing,0.177
2024-12-01,LK,1,asking,0.404
2024-12-01,LK,1,doing,0.503
2024-12-01,LK,1,expressing,0.093
2024-12-01,LT,0,asking,0.539
2024-12-01,LT,0,doing,0.309
2024-12-01,LT,0,expressing,0.152
2024-12-01,LT,1,asking,0.376
2024-12-01,LT,1,doing,0.565
2024-12-01,LT,1,expressing,0.059
2024-12-01,LV,0,asking,0.510
2024-12-01,LV,0,doing,0.359
2024-12-01,LV,0,expressing,0.130
2024-12-01,LV,1,asking,0.451
2024-12-01,LV,1,doing,0.476
2024-12-01,LV,1,expressing,0.073
2024-12-01,LY,0,asking,0.432
2024-12-01,LY,0,doing,0.259
2024-12-01,LY,0,expressing,0.309
2024-12-01,MA,0,asking,0.443
2024-12-01,MA,0,doing,0.340
2024-12-01,MA,0,expressing,0.217
2024-12-01,MA,1,asking,0.330
2024-12-01,MA,1,doing,0.512
2024-12-01,MA,1,expressing,0.159
2024-12-01,MD,0,asking,0.412
2024-12-01,MD,0,doing,0.413
2024-12-01,MD,0,expressing,0.175
2024-12-01,MD,1,asking,0.394
2024-12-01,MD,1,doing,0.526
2024-12-01,MD,1,expressing,0.080
2024-12-01,MK,0,asking,0.434
2024-12-01,MK,0,doing,0.446
2024-12-01,MK,0,expressing,0.119
2024-12-01,MM,0,asking,0.459
2024-12-01,MM,0,doing,0.266
2024-12-01,MM,0,expressing,0.275
2024-12-01,MN,0,asking,0.504
2024-12-01,MN,0,doing,0.355
2024-12-01,MN,0,expressing,0.141
2024-12-01,MX,0,asking,0.518
2024-12-01,MX,0,doing,0.310
2024-12-01,MX,0,expressing,0.172
2024-12-01,MX,1,asking,0.352
2024-12-01,MX,1,doing,0.553
2024-12-01,MX,1,expressing,0.096
2024-12-01,MY,0,asking,0.485
2024-12-01,MY,0,doing,0.326
2024-12-01,MY,0,expressing,0.189
2024-12-01,MY,1,asking,0.354
2024-12-01,MY,1,doing,0.545
2024-12-01,MY,1,expressing,0.101
2024-12-01,NG,0,asking,0.424
2024-12-01,NG,0,doing,0.390
2024-12-01,NG,0,expressing,0.185
2024-12-01,NG,1,asking,0.325
2024-12-01,NG,1,doing,0.577
2024-12-01,NG,1,expressing,0.098
2024-12-01,NI,0,asking,0.482
2024-12-01,NI,0,doing,0.284
2024-12-01,NI,0,expressing,0.234
2024-12-01,NL,0,asking,0.522
2024-12-01,NL,0,doing,0.322
2024-12-01,NL,0,expressing,0.156
2024-12-01,NL,1,asking,0.347
2024-12-01,NL,1,doing,0.543
2024-12-01,NL,1,expressing,0.111
2024-12-01,NO,0,asking,0.581
2024-12-01,NO,0,doing,0.276
2024-12-01,NO,0,expressing,0.143
2024-12-01,NO,1,asking,0.382
2024-12-01,NO,1,doing,0.510
2024-12-01,NO,1,expressing,0.108
2024-12-01,NP,0,asking,0.501
2024-12-01,NP,0,doing,0.319
2024-12-01,NP,0,expressing,0.181
2024-12-01,NP,1,asking,0.410
2024-12-01,NP,1,doing,0.516
2024-12-01,NP,1,expressing,0.075
2024-12-01,NZ,0,asking,0.499
2024-12-01,NZ,0,doing,0.328
2024-12-01,NZ,0,expressing,0.173
2024-12-01,NZ,1,asking,0.293
2024-12-01,NZ,1,doing,0.594
2024-12-01,NZ,1,expressing,0.112
2024-12-01,OM,0,asking,0.450
2024-12-01,OM,0,doing,0.371
2024-12-01,OM,0,expressing,0.179
2024-12-01,OM,1,asking,0.330
2024-12-01,OM,1,doing,0.616
2024-12-01,OM,1,expressing,0.054
2024-12-01,PA,0,asking,0.554
2024-12-01,PA,0,doing,0.301
2024-12-01,PA,0,expressing,0.144
2024-12-01,PA,1,asking,0.367
2024-12-01,PA,1,doing,0.488
2024-12-01,PA,1,expressing,0.145
2024-12-01,PE,0,asking,0.488
2024-12-01,PE,0,doing,0.357
2024-12-01,PE,0,expressing,0.155
2024-12-01,PE,1,asking,0.354
2024-12-01,PE,1,doing,0.547
2024-12-01,PE,1,expressing,0.099
2024-12-01,PH,0,asking,0.476
2024-12-01,PH,0,doing,0.402
2024-12-01,PH,0,expressing,0.122
2024-12-01,PH,1,asking,0.297
2024-12-01,PH,1,doing,0.609
2024-12-01,PH,1,expressing,0.094
2024-12-01,PK,0,asking,0.516
2024-12-01,PK,0,doing,0.338
2024-12-01,PK,0,expressing,0.146
2024-12-01,PK,1,asking,0.328
2024-12-01,PK,1,doing,0.564
2024-12-01,PK,1,expressing,0.108
2024-12-01,PL,0,asking,0.525
2024-12-01,PL,0,doing,0.310
2024-12-01,PL,0,expressing,0.165
2024-12-01,PL,1,asking,0.373
2024-12-01,PL,1,doing,0.527
2024-12-01,PL,1,expressing,0.101
2024-12-01,PR,0,asking,0.573
2024-12-01,PR,0,doing,0.293
2024-12-01,PR,0,expressing,0.134
2024-12-01,PR,1,asking,0.320
2024-12-01,PR,1,doing,0.531
2024-12-01,PR,1,expressing,0.149
2024-12-01,PS,0,asking,0.570
2024-12-01,PS,0,doing,0.233
2024-12-01,PS,0,expressing,0.197
2024-12-01,PS,1,asking,0.360
2024-12-01,PS,1,doing,0.514
2024-12-01,PS,1,expressing,0.126
2024-12-01,PT,0,asking,0.553
2024-12-01,PT,0,doing,0.300
2024-12-01,PT,0,expressing,0.148
2024-12-01,PT,1,asking,0.374
2024-12-01,PT,1,doing,0.511
2024-12-01,PT,1,expressing,0.115
2024-12-01,PY,0,asking,0.575
2024-12-01,PY,0,doing,0.190
2024-12-01,PY,0,expressing,0.234
2024-12-01,QA,0,asking,0.492
2024-12-01,QA,0,doing,0.259
2024-12-01,QA,0,expressing,0.249
2024-12-01,QA,1,asking,0.263
2024-12-01,QA,1,doing,0.555
2024-12-01,QA,1,expressing,0.182
2024-12-01,RO,0,asking,0.521
2024-12-01,RO,0,doing,0.314
2024-12-01,RO,0,expressing,0.166
2024-12-01,RO,1,asking,0.376
2024-12-01,RO,1,doing,0.533
2024-12-01,RO,1,expressing,0.090
2024-12-01,RS,0,asking,0.527
2024-12-01,RS,0,doing,0.260
2024-12-01,RS,0,expressing,0.212
2024-12-01,RS,1,asking,0.413
2024-12-01,RS,1,doing,0.409
2024-12-01,RS,1,expressing,0.178
2024-12-01,SA,0,asking,0.457
2024-12-01,SA,0,doing,0.304
2024-12-01,SA,0,expressing,0.239
2024-12-01,SA,1,asking,0.327
2024-12-01,SA,1,doing,0.526
2024-12-01,SA,1,expressing,0.148
2024-12-01,SC,0,asking,0.300
2024-12-01,SC,0,doing,0.419
2024-12-01,SC,0,expressing,0.281
2024-12-01,SC,1,asking,0.265
2024-12-01,SC,1,doing,0.643
2024-12-01,SC,1,expressing,0.091
2024-12-01,SE,0,asking,0.544
2024-12-01,SE,0,doing,0.277
2024-12-01,SE,0,expressing,0.179
2024-12-01,SE,1,asking,0.406
2024-12-01,SE,1,doing,0.503
2024-12-01,SE,1,expressing,0.091
2024-12-01,SG,0,asking,0.523
2024-12-01,SG,0,doing,0.299
2024-12-01,SG,0,expressing,0.178
2024-12-01,SG,1,asking,0.416
2024-12-01,SG,1,doing,0.478
2024-12-01,SG,1,expressing,0.106
2024-12-01,SI,0,asking,0.547
2024-12-01,SI,0,doing,0.298
2024-12-01,SI,0,expressing,0.156
2024-12-01,SI,1,asking,0.372
2024-12-01,SI,1,doing,0.501
2024-12-01,SI,1,expressing,0.127
2024-12-01,SK,0,asking,0.555
2024-12-01,SK,0,doing,0.274
2024-12-01,SK,0,expressing,0.172
2024-12-01,SK,1,asking,0.429
2024-12-01,SK,1,doing,0.434
2024-12-01,SK,1,expressing,0.137
2024-12-01,SN,0,asking,0.458
2024-12-01,SN,0,doing,0.365
2024-12-01,SN,0,expressing,0.177
2024-12-01,SO,0,asking,0.456
2024-12-01,SO,0,doing,0.249
2024-12-01,SO,0,expressing,0.295
2024-12-01,SV,0,asking,0.525
2024-12-01,SV,0,doing,0.265
2024-12-01,SV,0,expressing,0.210
2024-12-01,TH,0,asking,0.524
2024-12-01,TH,0,doing,0.316
2024-12-01,TH,0,expressing,0.159
2024-12-01,TH,1,asking,0.407
2024-12-01,TH,1,doing,0.488
2024-12-01,TH,1,expressing,0.105
2024-12-01,TN,0,asking,0.390
2024-12-01,TN,0,doing,0.365
2024-12-01,TN,0,expressing,0.245
2024-12-01,TN,1,asking,0.365
2024-12-01,TN,1,doing,0.491
2024-12-01,TN,1,expressing,0.145
2024-12-01,TR,0,asking,0.468
2024-12-01,TR,0,doing,0.329
2024-12-01,TR,0,expressing,0.203
2024-12-01,TR,1,asking,0.355
2024-12-01,TR,1,doing,0.528
2024-12-01,TR,1,expressing,0.117
2024-12-01,TW,0,asking,0.501
2024-12-01,TW,0,doing,0.321
2024-12-01,TW,0,expressing,0.178
2024-12-01,TW,1,asking,0.400
2024-12-01,TW,1,doing,0.475
2024-12-01,TW,1,expressing,0.125
2024-12-01,TZ,0,asking,0.700
2024-12-01,TZ,0,doing,0.213
2024-12-01,TZ,0,expressing,0.088
2024-12-01,TZ,1,asking,0.448
2024-12-01,TZ,1,doing,0.488
2024-12-01,TZ,1,expressing,0.064
2024-12-01,UA,0,asking,0.488
2024-12-01,UA,0,doing,0.347
2024-12-01,UA,0,expressing,0.165
2024-12-01,UA,1,asking,0.397
2024-12-01,UA,1,doing,0.510
2024-12-01,UA,1,expressing,0.093
2024-12-01,UG,0,asking,0.571
2024-12-01,UG,0,doing,0.298
2024-12-01,UG,0,expressing,0.130
2024-12-01,US,0,asking,0.550
2024-12-01,US,0,doing,0.308
2024-12-01,US,0,expressing,0.142
2024-12-01,US,1,asking,0.370
2024-12-01,US,1,doing,0.522
2024-12-01,US,1,expressing,0.107
2024-12-01,UY,0,asking,0.515
2024-12-01,UY,0,doing,0.269
2024-12-01,UY,0,expressing,0.216
2024-12-01,UZ,0,asking,0.473
2024-12-01,UZ,0,doing,0.291
2024-12-01,UZ,0,expressing,0.236
2024-12-01,UZ,1,asking,0.381
2024-12-01,UZ,1,doing,0.514
2024-12-01,UZ,1,expressing,0.105
2024-12-01,VN,0,asking,0.439
2024-12-01,VN,0,doing,0.367
2024-12-01,VN,0,expressing,0.194
2024-12-01,VN,1,asking,0.387
2024-12-01,VN,1,doing,0.499
2024-12-01,VN,1,expressing,0.114
2024-12-01,YE,0,asking,0.423
2024-12-01,YE,0,doing,0.303
2024-12-01,YE,0,expressing,0.275
2024-12-01,ZA,0,asking,0.554
2024-12-01,ZA,0,doing,0.287
2024-12-01,ZA,0,expressing,0.159
2024-12-01,ZA,1,asking,0.306
2024-12-01,ZA,1,doing,0.563
2024-12-01,ZA,1,expressing,0.132
2025-01-01,AE,0,asking,0.516
2025-01-01,AE,0,doing,0.313
2025-01-01,AE,0,expressing,0.172
2025-01-01,AE,1,asking,0.287
2025-01-01,AE,1,doing,0.580
2025-01-01,AE,1,expressing,0.134
2025-01-01,AF,0,asking,0.480
2025-01-01,AF,0,doing,0.232
2025-01-01,AF,0,expressing,0.287
2025-01-01,AL,0,asking,0.504
2025-01-01,AL,0,doing,0.331
2025-01-01,AL,0,expressing,0.165
2025-01-01,AM,0,asking,0.379
2025-01-01,AM,0,doing,0.333
2025-01-01,AM,0,expressing,0.288
2025-01-01,AM,1,asking,0.368
2025-01-01,AM,1,doing,0.554
2025-01-01,AM,1,expressing,0.078
2025-01-01,AO,0,asking,0.445
2025-01-01,AO,0,doing,0.327
2025-01-01,AO,0,expressing,0.228
2025-01-01,AR,0,asking,0.557
2025-01-01,AR,0,doing,0.217
2025-01-01,AR,0,expressing,0.225
2025-01-01,AR,1,asking,0.333
2025-01-01,AR,1,doing,0.535
2025-01-01,AR,1,expressing,0.132
2025-01-01,AT,0,asking,0.549
2025-01-01,AT,0,doing,0.308
2025-01-01,AT,0,expressing,0.143
2025-01-01,AT,1,asking,0.375
2025-01-01,AT,1,doing,0.502
2025-01-01,AT,1,expressing,0.123
2025-01-01,AU,0,asking,0.532
2025-01-01,AU,0,doing,0.304
2025-01-01,AU,0,expressing,0.164
2025-01-01,AU,1,asking,0.350
2025-01-01,AU,1,doing,0.526
2025-01-01,AU,1,expressing,0.124
2025-01-01,AZ,0,asking,0.495
2025-01-01,AZ,0,doing,0.280
2025-01-01,AZ,0,expressing,0.225
2025-01-01,AZ,1,asking,0.422
2025-01-01,AZ,1,doing,0.387
2025-01-01,AZ,1,expressing,0.191
2025-01-01,BA,0,asking,0.556
2025-01-01,BA,0,doing,0.266
2025-01-01,BA,0,expressing,0.178
2025-01-01,BD,0,asking,0.480
2025-01-01,BD,0,doing,0.313
2025-01-01,BD,0,expressing,0.206
2025-01-01,BD,1,asking,0.334
2025-01-01,BD,1,doing,0.546
2025-01-01,BD,1,expressing,0.120
2025-01-01,BE,0,asking,0.549
2025-01-01,BE,0,doing,0.278
2025-01-01,BE,0,expressing,0.173
2025-01-01,BE,1,asking,0.406
2025-01-01,BE,1,doing,0.462
2025-01-01,BE,1,expressing,0.132
2025-01-01,BG,0,asking,0.544
2025-01-01,BG,0,doing,0.277
2025-01-01,BG,0,expressing,0.178
2025-01-01,BG,1,asking,0.369
2025-01-01,BG,1,doing,0.524
2025-01-01,BG,1,expressing,0.107
2025-01-01,BH,0,asking,0.492
2025-01-01,BH,0,doing,0.271
2025-01-01,BH,0,expressing,0.237
2025-01-01,BO,0,asking,0.504
2025-01-01,BO,0,doing,0.320
2025-01-01,BO,0,expressing,0.176
2025-01-01,BO,1,asking,0.236
2025-01-01,BO,1,doing,0.619
2025-01-01,BO,1,expressing,0.144
2025-01-01,BR,0,asking,0.487
2025-01-01,BR,0,doing,0.328
2025-01-01,BR,0,expressing,0.185
2025-01-01,BR,1,asking,0.312
2025-01-01,BR,1,doing,0.561
2025-01-01,BR,1,expressing,0.127
2025-01-01,CA,0,asking,0.546
2025-01-01,CA,0,doing,0.294
2025-01-01,CA,0,expressing,0.160
2025-01-01,CA,1,asking,0.365
2025-01-01,CA,1,doing,0.531
2025-01-01,CA,1,expressing,0.104
2025-01-01,CD,0,asking,0.530
2025-01-01,CD,0,doing,0.324
2025-01-01,CD,0,expressing,0.146
2025-01-01,CH,0,asking,0.561
2025-01-01,CH,0,doing,0.272
2025-01-01,CH,0,expressing,0.167
2025-01-01,CH,1,asking,0.348
2025-01-01,CH,1,doing,0.538
2025-01-01,CH,1,expressing,0.114
2025-01-01,CI,0,asking,0.441
2025-01-01,CI,0,doing,0.398
2025-01-01,CI,0,expressing,0.161
2025-01-01,CI,1,asking,0.365
2025-01-01,CI,1,doing,0.541
2025-01-01,CI,1,expressing,0.094
2025-01-01,CL,0,asking,0.584
2025-01-01,CL,0,doing,0.211
2025-01-01,CL,0,expressing,0.205
2025-01-01,CL,1,asking,0.349
2025-01-01,CL,1,doing,0.524
2025-01-01,CL,1,expressing,0.127
2025-01-01,CM,0,asking,0.490
2025-01-01,CM,0,doing,0.306
2025-01-01,CM,0,expressing,0.203
2025-01-01,CO,0,asking,0.530
2025-01-01,CO,0,doing,0.308
2025-01-01,CO,0,expressing,0.162
2025-01-01,CO,1,asking,0.312
2025-01-01,CO,1,doing,0.566
2025-01-01,CO,1,expressing,0.121
2025-01-01,CR,0,asking,0.535
2025-01-01,CR,0,doing,0.288
2025-01-01,CR,0,expressing,0.177
2025-01-01,CR,1,asking,0.324
2025-01-01,CR,1,doing,0.534
2025-01-01,CR,1,expressing,0.142
2025-01-01,CY,0,asking,0.517
2025-01-01,CY,0,doing,0.325
2025-01-01,CY,0,expressing,0.158
2025-01-01,CY,1,asking,0.395
2025-01-01,CY,1,doing,0.457
2025-01-01,CY,1,expressing,0.148
2025-01-01,CZ,0,asking,0.571
2025-01-01,CZ,0,doing,0.233
2025-01-01,CZ,0,expressing,0.196
2025-01-01,CZ,1,asking,0.425
2025-01-01,CZ,1,doing,0.478
2025-01-01,CZ,1,expressing,0.097
2025-01-01,DE,0,asking,0.516
2025-01-01,DE,0,doing,0.308
2025-01-01,DE,0,expressing,0.176
2025-01-01,DE,1,asking,0.383
2025-01-01,DE,1,doing,0.496
2025-01-01,DE,1,expressing,0.121
2025-01-01,DK,0,asking,0.552
2025-01-01,DK,0,doing,0.322
2025-01-01,DK,0,expressing,0.126
2025-01-01,DK,1,asking,0.398
2025-01-01,DK,1,doing,0.518
2025-01-01,DK,1,expressing,0.085
2025-01-01,DO,0,asking,0.545
2025-01-01,DO,0,doing,0.314
2025-01-01,DO,0,expressing,0.141
2025-01-01,DO,1,asking,0.393
2025-01-01,DO,1,doing,0.500
2025-01-01,DO,1,expressing,0.107
2025-01-01,DZ,0,asking,0.479
2025-01-01,DZ,0,doing,0.296
2025-01-01,DZ,0,expressing,0.225
2025-01-01,DZ,1,asking,0.367
2025-01-01,DZ,1,doing,0.512
2025-01-01,DZ,1,expressing,0.120
2025-01-01,EC,0,asking,0.509
2025-01-01,EC,0,doing,0.399
2025-01-01,EC,0,expressing,0.092
2025-01-01,EC,1,asking,0.317
2025-01-01,EC,1,doing,0.587
2025-01-01,EC,1,expressing,0.096
2025-01-01,EE,0,asking,0.537
2025-01-01,EE,0,doing,0.271
2025-01-01,EE,0,expressing,0.192
2025-01-01,EE,1,asking,0.421
2025-01-01,EE,1,doing,0.467
2025-01-01,EE,1,expressing,0.112
2025-01-01,EG,0,asking,0.488
2025-01-01,EG,0,doing,0.255
2025-01-01,EG,0,expressing,0.257
2025-01-01,EG,1,asking,0.366
2025-01-01,EG,1,doing,0.493
2025-01-01,EG,1,expressing,0.141
2025-01-01,ES,0,asking,0.533
2025-01-01,ES,0,doing,0.313
2025-01-01,ES,0,expressing,0.155
2025-01-01,ES,1,asking,0.375
2025-01-01,ES,1,doing,0.506
2025-01-01,ES,1,expressing,0.119
2025-01-01,ET,0,asking,0.606
2025-01-01,ET,0,doing,0.214
2025-01-01,ET,0,expressing,0.180
2025-01-01,ET,1,asking,0.384
2025-01-01,ET,1,doing,0.516
2025-01-01,ET,1,expressing,0.100
2025-01-01,FI,0,asking,0.528
2025-01-01,FI,0,doing,0.287
2025-01-01,FI,0,expressing,0.185
2025-01-01,FI,1,asking,0.409
2025-01-01,FI,1,doing,0.447
2025-01-01,FI,1,expressing,0.144
2025-01-01,FR,0,asking,0.502
2025-01-01,FR,0,doing,0.324
2025-01-01,FR,0,expressing,0.175
2025-01-01,FR,1,asking,0.337
2025-01-01,FR,1,doing,0.537
2025-01-01,FR,1,expressing,0.126
2025-01-01,GB,0,asking,0.506
2025-01-01,GB,0,doing,0.322
2025-01-01,GB,0,expressing,0.172
2025-01-01,GB,1,asking,0.366
2025-01-01,GB,1,doing,0.530
2025-01-01,GB,1,expressing,0.104
2025-01-01,GE,0,asking,0.517
2025-01-01,GE,0,doing,0.262
2025-01-01,GE,0,expressing,0.222
2025-01-01,GE,1,asking,0.309
2025-01-01,GE,1,doing,0.525
2025-01-01,GE,1,expressing,0.167
2025-01-01,GH,0,asking,0.469
2025-01-01,GH,0,doing,0.360
2025-01-01,GH,0,expressing,0.172
2025-01-01,GH,1,asking,0.389
2025-01-01,GH,1,doing,0.523
2025-01-01,GH,1,expressing,0.087
2025-01-01,GR,0,asking,0.557
2025-01-01,GR,0,doing,0.256
2025-01-01,GR,0,expressing,0.187
2025-01-01,GR,1,asking,0.384
2025-01-01,GR,1,doing,0.510
2025-01-01,GR,1,expressing,0.106
2025-01-01,GT,0,asking,0.531
2025-01-01,GT,0,doing,0.285
2025-01-01,GT,0,expressing,0.184
2025-01-01,GT,1,asking,0.351
2025-01-01,GT,1,doing,0.511
2025-01-01,GT,1,expressing,0.137
2025-01-01,HN,0,asking,0.429
2025-01-01,HN,0,doing,0.340
2025-01-01,HN,0,expressing,0.231
2025-01-01,HR,0,asking,0.563
2025-01-01,HR,0,doing,0.269
2025-01-01,HR,0,expressing,0.168
2025-01-01,HR,1,asking,0.331
2025-01-01,HR,1,doing,0.522
2025-01-01,HR,1,expressing,0.147
2025-01-01,HT,0,asking,0.357
2025-01-01,HT,0,doing,0.414
2025-01-01,HT,0,expressing,0.229
2025-01-01,HU,0,asking,0.568
2025-01-01,HU,0,doing,0.215
2025-01-01,HU,0,expressing,0.216
2025-01-01,HU,1,asking,0.434
2025-01-01,HU,1,doing,0.436
2025-01-01,HU,1,expressing,0.130
2025-01-01,ID,0,asking,0.527
2025-01-01,ID,0,doing,0.314
2025-01-01,ID,0,expressing,0.158
2025-01-01,ID,1,asking,0.376
2025-01-01,ID,1,doing,0.550
2025-01-01,ID,1,expressing,0.074
2025-01-01,IE,0,asking,0.520
2025-01-01,IE,0,doing,0.309
2025-01-01,IE,0,expressing,0.171
2025-01-01,IE,1,asking,0.348
2025-01-01,IE,1,doing,0.541
2025-01-01,IE,1,expressing,0.111
2025-01-01,IL,0,asking,0.514
2025-01-01,IL,0,doing,0.275
2025-01-01,IL,0,expressing,0.212
2025-01-01,IL,1,asking,0.401
2025-01-01,IL,1,doing,0.463
2025-01-01,IL,1,expressing,0.135
2025-01-01,IN,0,asking,0.514
2025-01-01,IN,0,doing,0.348
2025-01-01,IN,0,expressing,0.138
2025-01-01,IN,1,asking,0.405
2025-01-01,IN,1,doing,0.497
2025-01-01,IN,1,expressing,0.098
2025-01-01,IQ,0,asking,0.479
2025-01-01,IQ,0,doing,0.265
2025-01-01,IQ,0,expressing,0.257
2025-01-01,IQ,1,asking,0.329
2025-01-01,IQ,1,doing,0.512
2025-01-01,IQ,1,expressing,0.158
2025-01-01,IT,0,asking,0.531
2025-01-01,IT,0,doing,0.303
2025-01-01,IT,0,expressing,0.167
2025-01-01,IT,1,asking,0.373
2025-01-01,IT,1,doing,0.494
2025-01-01,IT,1,expressing,0.133
2025-01-01,JO,0,asking,0.474
2025-01-01,JO,0,doing,0.274
2025-01-01,JO,0,expressing,0.251
2025-01-01,JO,1,asking,0.370
2025-01-01,JO,1,doing,0.450
2025-01-01,JO,1,expressing,0.180
2025-01-01,JP,0,asking,0.495
2025-01-01,JP,0,doing,0.294
2025-01-01,JP,0,expressing,0.211
2025-01-01,JP,1,asking,0.435
2025-01-01,JP,1,doing,0.431
2025-01-01,JP,1,expressing,0.134
2025-01-01,KE,0,asking,0.578
2025-01-01,KE,0,doing,0.270
2025-01-01,KE,0,expressing,0.152
2025-01-01,KE,1,asking,0.424
2025-01-01,KE,1,doing,0.478
2025-01-01,KE,1,expressing,0.098
2025-01-01,KG,0,asking,0.494
2025-01-01,KG,0,doing,0.249
2025-01-01,KG,0,expressing,0.256
2025-01-01,KG,1,asking,0.404
2025-01-01,KG,1,doing,0.472
2025-01-01,KG,1,expressing,0.124
2025-01-01,KH,0,asking,0.419
2025-01-01,KH,0,doing,0.433
2025-01-01,KH,0,expressing,0.148
2025-01-01,KH,1,asking,0.267
2025-01-01,KH,1,doing,0.548
2025-01-01,KH,1,expressing,0.185
2025-01-01,KR,0,asking,0.530
2025-01-01,KR,0,doing,0.293
2025-01-01,KR,0,expressing,0.177
2025-01-01,KR,1,asking,0.408
2025-01-01,KR,1,doing,0.463
2025-01-01,KR,1,expressing,0.129
2025-01-01,KW,0,asking,0.498
2025-01-01,KW,0,doing,0.228
2025-01-01,KW,0,expressing,0.274
2025-01-01,KZ,0,asking,0.466
2025-01-01,KZ,0,doing,0.350
2025-01-01,KZ,0,expressing,0.185
2025-01-01,KZ,1,asking,0.334
2025-01-01,KZ,1,doing,0.547
2025-01-01,KZ,1,expressing,0.119
2025-01-01,LB,0,asking,0.441
2025-01-01,LB,0,doing,0.353
2025-01-01,LB,0,expressing,0.206
2025-01-01,LB,1,asking,0.335
2025-01-01,LB,1,doing,0.515
2025-01-01,LB,1,expressing,0.150
2025-01-01,LK,0,asking,0.470
2025-01-01,LK,0,doing,0.348
2025-01-01,LK,0,expressing,0.183
2025-01-01,LK,1,asking,0.372
2025-01-01,LK,1,doing,0.538
2025-01-01,LK,1,expressing,0.089
2025-01-01,LT,0,asking,0.574
2025-01-01,LT,0,doing,0.309
2025-01-01,LT,0,expressing,0.117
2025-01-01,LT,1,asking,0.432
2025-01-01,LT,1,doing,0.431
2025-01-01,LT,1,expressing,0.138
2025-01-01,LV,0,asking,0.504
2025-01-01,LV,0,doing,0.326
2025-01-01,LV,0,expressing,0.170
2025-01-01,LV,1,asking,0.329
2025-01-01,LV,1,doing,0.492
2025-01-01,LV,1,expressing,0.179
2025-01-01,LY,0,asking,0.453
2025-01-01,LY,0,doing,0.250
2025-01-01,LY,0,expressing,0.297
2025-01-01,MA,0,asking,0.439
2025-01-01,MA,0,doing,0.338
2025-01-01,MA,0,expressing,0.223
2025-01-01,MA,1,asking,0.355
2025-01-01,MA,1,doing,0.505
2025-01-01,MA,1,expressing,0.140
2025-01-01,MD,0,asking,0.439
2025-01-01,MD,0,doing,0.418
2025-01-01,MD,0,expressing,0.143
2025-01-01,MD,1,asking,0.355
2025-01-01,MD,1,doing,0.545
2025-01-01,MD,1,expressing,0.100
2025-01-01,MM,0,asking,0.479
2025-01-01,MM,0,doing,0.286
2025-01-01,MM,0,expressing,0.235
2025-01-01,MN,0,asking,0.468
2025-01-01,MN,0,doing,0.312
2025-01-01,MN,0,expressing,0.219
2025-01-01,MX,0,asking,0.518
2025-01-01,MX,0,doing,0.325
2025-01-01,MX,0,expressing,0.157
2025-01-01,MX,1,asking,0.340
2025-01-01,MX,1,doing,0.562
2025-01-01,MX,1,expressing,0.098
2025-01-01,MY,0,asking,0.514
2025-01-01,MY,0,doing,0.296
2025-01-01,MY,0,expressing,0.190
2025-01-01,MY,1,asking,0.353
2025-01-01,MY,1,doing,0.542
2025-01-01,MY,1,expressing,0.105
2025-01-01,MZ,0,asking,0.491
2025-01-01,MZ,0,doing,0.298
2025-01-01,MZ,0,expressing,0.211
2025-01-01,NG,0,asking,0.461
2025-01-01,NG,0,doing,0.360
2025-01-01,NG,0,expressing,0.179
2025-01-01,NG,1,asking,0.322
2025-01-01,NG,1,doing,0.576
2025-01-01,NG,1,expressing,0.102
2025-01-01,NI,0,asking,0.446
2025-01-01,NI,0,doing,0.245
2025-01-01,NI,0,expressing,0.310
2025-01-01,NL,0,asking,0.530
2025-01-01,NL,0,doing,0.293
2025-01-01,NL,0,expressing,0.178
2025-01-01,NL,1,asking,0.360
2025-01-01,NL,1,doing,0.529
2025-01-01,NL,1,expressing,0.111
2025-01-01,NO,0,asking,0.565
2025-01-01,NO,0,doing,0.282
2025-01-01,NO,0,expressing,0.153
2025-01-01,NO,1,asking,0.413
2025-01-01,NO,1,doing,0.485
2025-01-01,NO,1,expressing,0.102
2025-01-01,NP,0,asking,0.524
2025-01-01,NP,0,doing,0.314
2025-01-01,NP,0,expressing,0.163
2025-01-01,NP,1,asking,0.427
2025-01-01,NP,1,doing,0.485
2025-01-01,NP,1,expressing,0.088
2025-01-01,NZ,0,asking,0.574
2025-01-01,NZ,0,doing,0.278
2025-01-01,NZ,0,expressing,0.148
2025-01-01,NZ,1,asking,0.350
2025-01-01,NZ,1,doing,0.549
2025-01-01,NZ,1,expressing,0.100
2025-01-01,OM,0,asking,0.398
2025-01-01,OM,0,doing,0.342
2025-01-01,OM,0,expressing,0.259
2025-01-01,OM,1,asking,0.356
2025-01-01,OM,1,doing,0.565
2025-01-01,OM,1,expressing,0.079
2025-01-01,PA,0,asking,0.536
2025-01-01,PA,0,doing,0.286
2025-01-01,PA,0,expressing,0.178
2025-01-01,PE,0,asking,0.513
2025-01-01,PE,0,doing,0.308
2025-01-01,PE,0,expressing,0.179
2025-01-01,PE,1,asking,0.388
2025-01-01,PE,1,doing,0.516
2025-01-01,PE,1,expressing,0.096
2025-01-01,PH,0,asking,0.453
2025-01-01,PH,0,doing,0.433
2025-01-01,PH,0,expressing,0.115
2025-01-01,PH,1,asking,0.295
2025-01-01,PH,1,doing,0.618
2025-01-01,PH,1,expressing,0.087
2025-01-01,PK,0,asking,0.484
2025-01-01,PK,0,doing,0.354
2025-01-01,PK,0,expressing,0.162
2025-01-01,PK,1,asking,0.307
2025-01-01,PK,1,doing,0.590
2025-01-01,PK,1,expressing,0.103
2025-01-01,PL,0,asking,0.536
2025-01-01,PL,0,doing,0.303
2025-01-01,PL,0,expressing,0.161
2025-01-01,PL,1,asking,0.382
2025-01-01,PL,1,doing,0.513
2025-01-01,PL,1,expressing,0.104
2025-01-01,PR,0,asking,0.530
2025-01-01,PR,0,doing,0.314
2025-01-01,PR,0,expressing,0.157
2025-01-01,PS,0,asking,0.541
2025-01-01,PS,0,doing,0.240
2025-01-01,PS,0,expressing,0.219
2025-01-01,PT,0,asking,0.551
2025-01-01,PT,0,doing,0.288
2025-01-01,PT,0,expressing,0.161
2025-01-01,PT,1,asking,0.381
2025-01-01,PT,1,doing,0.509
2025-01-01,PT,1,expressing,0.110
2025-01-01,PY,0,asking,0.555
2025-01-01,PY,0,doing,0.256
2025-01-01,PY,0,expressing,0.189
2025-01-01,QA,0,asking,0.478
2025-01-01,QA,0,doing,0.321
2025-01-01,QA,0,expressing,0.201
2025-01-01,QA,1,asking,0.319
2025-01-01,QA,1,doing,0.581
2025-01-01,QA,1,expressing,0.100
2025-01-01,RO,0,asking,0.517
2025-01-01,RO,0,doing,0.289
2025-01-01,RO,0,expressing,0.194
2025-01-01,RO,1,asking,0.392
2025-01-01,RO,1,doing,0.482
2025-01-01,RO,1,expressing,0.126
2025-01-01,RS,0,asking,0.536
2025-01-01,RS,0,doing,0.250
2025-01-01,RS,0,expressing,0.215
2025-01-01,RS,1,asking,0.297
2025-01-01,RS,1,doing,0.554
2025-01-01,RS,1,expressing,0.149
2025-01-01,SA,0,asking,0.477
2025-01-01,SA,0,doing,0.268
2025-01-01,SA,0,expressing,0.254
2025-01-01,SA,1,asking,0.358
2025-01-01,SA,1,doing,0.518
2025-01-01,SA,1,expressing,0.124
2025-01-01,SC,0,asking,0.217
2025-01-01,SC,0,doing,0.455
2025-01-01,SC,0,expressing,0.329
2025-01-01,SC,1,asking,0.173
2025-01-01,SC,1,doing,0.765
2025-01-01,SC,1,expressing,0.063
2025-01-01,SE,0,asking,0.573
2025-01-01,SE,0,doing,0.277
2025-01-01,SE,0,expressing,0.151
2025-01-01,SE,1,asking,0.408
2025-01-01,SE,1,doing,0.476
2025-01-01,SE,1,expressing,0.116
2025-01-01,SG,0,asking,0.513
2025-01-01,SG,0,doing,0.294
2025-01-01,SG,0,expressing,0.193
2025-01-01,SG,1,asking,0.393
2025-01-01,SG,1,doing,0.472
2025-01-01,SG,1,expressing,0.135
2025-01-01,SI,0,asking,0.603
2025-01-01,SI,0,doing,0.303
2025-01-01,SI,0,expressing,0.095
2025-01-01,SI,1,asking,0.363
2025-01-01,SI,1,doing,0.486
2025-01-01,SI,1,expressing,0.151
2025-01-01,SK,0,asking,0.537
2025-01-01,SK,0,doing,0.295
2025-01-01,SK,0,expressing,0.167
2025-01-01,SK,1,asking,0.457
2025-01-01,SK,1,doing,0.384
2025-01-01,SK,1,expressing,0.158
2025-01-01,SN,0,asking,0.504
2025-01-01,SN,0,doing,0.297
2025-01-01,SN,0,expressing,0.199
2025-01-01,SN,1,asking,0.394
2025-01-01,SN,1,doing,0.439
2025-01-01,SN,1,expressing,0.168
2025-01-01,SO,0,asking,0.434
2025-01-01,SO,0,doing,0.343
2025-01-01,SO,0,expressing,0.223
2025-01-01,SV,0,asking,0.488
2025-01-01,SV,0,doing,0.301
2025-01-01,SV,0,expressing,0.211
2025-01-01,TH,0,asking,0.548
2025-01-01,TH,0,doing,0.306
2025-01-01,TH,0,expressing,0.145
2025-01-01,TH,1,asking,0.394
2025-01-01,TH,1,doing,0.502
2025-01-01,TH,1,expressing,0.104
2025-01-01,TN,0,asking,0.428
2025-01-01,TN,0,doing,0.336
2025-01-01,TN,0,expressing,0.236
2025-01-01,TN,1,asking,0.385
2025-01-01,TN,1,doing,0.462
2025-01-01,TN,1,expressing,0.152
2025-01-01,TR,0,asking,0.480
2025-01-01,TR,0,doing,0.293
2025-01-01,TR,0,expressing,0.227
2025-01-01,TR,1,asking,0.345
2025-01-01,TR,1,doing,0.513
2025-01-01,TR,1,expressing,0.142
2025-01-01,TW,0,asking,0.485
2025-01-01,TW,0,doing,0.298
2025-01-01,TW,0,expressing,0.217
2025-01-01,TW,1,asking,0.410
2025-01-01,TW,1,doing,0.448
2025-01-01,TW,1,expressing,0.142
2025-01-01,TZ,0,asking,0.578
2025-01-01,TZ,0,doing,0.222
2025-01-01,TZ,0,expressing,0.201
2025-01-01,TZ,1,asking,0.361
2025-01-01,TZ,1,doing,0.520
2025-01-01,TZ,1,expressing,0.118
2025-01-01,UA,0,asking,0.495
2025-01-01,UA,0,doing,0.326
2025-01-01,UA,0,expressing,0.179
2025-01-01,UA,1,asking,0.372
2025-01-01,UA,1,doing,0.510
2025-01-01,UA,1,expressing,0.118
2025-01-01,US,0,asking,0.546
2025-01-01,US,0,doing,0.299
2025-01-01,US,0,expressing,0.155
2025-01-01,US,1,asking,0.357
2025-01-01,US,1,doing,0.533
2025-01-01,US,1,expressing,0.110
2025-01-01,UY,0,asking,0.514
2025-01-01,UY,0,doing,0.275
2025-01-01,UY,0,expressing,0.211
2025-01-01,UZ,0,asking,0.491
2025-01-01,UZ,0,doing,0.282
2025-01-01,UZ,0,expressing,0.227
2025-01-01,UZ,1,asking,0.428
2025-01-01,UZ,1,doing,0.429
2025-01-01,UZ,1,expressing,0.143
2025-01-01,VN,0,asking,0.435
2025-01-01,VN,0,doing,0.334
2025-01-01,VN,0,expressing,0.230
2025-01-01,VN,1,asking,0.382
2025-01-01,VN,1,doing,0.504
2025-01-01,VN,1,expressing,0.114
2025-01-01,YE,0,asking,0.422
2025-01-01,YE,0,doing,0.316
2025-01-01,YE,0,expressing,0.262
2025-01-01,ZA,0,asking,0.526
2025-01-01,ZA,0,doing,0.290
2025-01-01,ZA,0,expressing,0.183
2025-01-01,ZA,1,asking,0.323
2025-01-01,ZA,1,doing,0.586
2025-01-01,ZA,1,expressing,0.091
2025-02-01,AE,0,asking,0.487
2025-02-01,AE,0,doing,0.328
2025-02-01,AE,0,expressing,0.184
2025-02-01,AE,1,asking,0.322
2025-02-01,AE,1,doing,0.540
2025-02-01,AE,1,expressing,0.139
2025-02-01,AF,0,asking,0.488
2025-02-01,AF,0,doing,0.253
2025-02-01,AF,0,expressing,0.259
2025-02-01,AL,0,asking,0.502
2025-02-01,AL,0,doing,0.303
2025-02-01,AL,0,expressing,0.195
2025-02-01,AM,0,asking,0.400
2025-02-01,AM,0,doing,0.236
2025-02-01,AM,0,expressing,0.364
2025-02-01,AO,0,asking,0.442
2025-02-01,AO,0,doing,0.316
2025-02-01,AO,0,expressing,0.243
2025-02-01,AR,0,asking,0.539
2025-02-01,AR,0,doing,0.242
2025-02-01,AR,0,expressing,0.219
2025-02-01,AR,1,asking,0.370
2025-02-01,AR,1,doing,0.447
2025-02-01,AR,1,expressing,0.183
2025-02-01,AT,0,asking,0.536
2025-02-01,AT,0,doing,0.284
2025-02-01,AT,0,expressing,0.180
2025-02-01,AT,1,asking,0.426
2025-02-01,AT,1,doing,0.450
2025-02-01,AT,1,expressing,0.124
2025-02-01,AU,0,asking,0.503
2025-02-01,AU,0,doing,0.320
2025-02-01,AU,0,expressing,0.177
2025-02-01,AU,1,asking,0.338
2025-02-01,AU,1,doing,0.534
2025-02-01,AU,1,expressing,0.128
2025-02-01,AZ,0,asking,0.450
2025-02-01,AZ,0,doing,0.262
2025-02-01,AZ,0,expressing,0.288
2025-02-01,AZ,1,asking,0.352
2025-02-01,AZ,1,doing,0.423
2025-02-01,AZ,1,expressing,0.225
2025-02-01,BA,0,asking,0.613
2025-02-01,BA,0,doing,0.208
2025-02-01,BA,0,expressing,0.178
2025-02-01,BD,0,asking,0.487
2025-02-01,BD,0,doing,0.297
2025-02-01,BD,0,expressing,0.216
2025-02-01,BD,1,asking,0.382
2025-02-01,BD,1,doing,0.493
2025-02-01,BD,1,expressing,0.125
2025-02-01,BE,0,asking,0.535
2025-02-01,BE,0,doing,0.277
2025-02-01,BE,0,expressing,0.188
2025-02-01,BE,1,asking,0.300
2025-02-01,BE,1,doing,0.538
2025-02-01,BE,1,expressing,0.162
2025-02-01,BG,0,asking,0.546
2025-02-01,BG,0,doing,0.265
2025-02-01,BG,0,expressing,0.188
2025-02-01,BG,1,asking,0.429
2025-02-01,BG,1,doing,0.430
2025-02-01,BG,1,expressing,0.142
2025-02-01,BO,0,asking,0.521
2025-02-01,BO,0,doing,0.315
2025-02-01,BO,0,expressing,0.164
2025-02-01,BO,1,asking,0.370
2025-02-01,BO,1,doing,0.549
2025-02-01,BO,1,expressing,0.080
2025-02-01,BR,0,asking,0.482
2025-02-01,BR,0,doing,0.320
2025-02-01,BR,0,expressing,0.198
2025-02-01,BR,1,asking,0.325
2025-02-01,BR,1,doing,0.545
2025-02-01,BR,1,expressing,0.131
2025-02-01,CA,0,asking,0.545
2025-02-01,CA,0,doing,0.278
2025-02-01,CA,0,expressing,0.177
2025-02-01,CA,1,asking,0.379
2025-02-01,CA,1,doing,0.493
2025-02-01,CA,1,expressing,0.128
2025-02-01,CD,0,asking,0.534
2025-02-01,CD,0,doing,0.252
2025-02-01,CD,0,expressing,0.215
2025-02-01,CH,0,asking,0.570
2025-02-01,CH,0,doing,0.253
2025-02-01,CH,0,expressing,0.177
2025-02-01,CH,1,asking,0.351
2025-02-01,CH,1,doing,0.519
2025-02-01,CH,1,expressing,0.131
2025-02-01,CI,0,asking,0.442
2025-02-01,CI,0,doing,0.320
2025-02-01,CI,0,expressing,0.239
2025-02-01,CI,1,asking,0.394
2025-02-01,CI,1,doing,0.497
2025-02-01,CI,1,expressing,0.108
2025-02-01,CL,0,asking,0.538
2025-02-01,CL,0,doing,0.225
2025-02-01,CL,0,expressing,0.237
2025-02-01,CL,1,asking,0.332
2025-02-01,CL,1,doing,0.511
2025-02-01,CL,1,expressing,0.157
2025-02-01,CO,0,asking,0.507
2025-02-01,CO,0,doing,0.324
2025-02-01,CO,0,expressing,0.169
2025-02-01,CO,1,asking,0.362
2025-02-01,CO,1,doing,0.531
2025-02-01,CO,1,expressing,0.107
2025-02-01,CR,0,asking,0.520
2025-02-01,CR,0,doing,0.282
2025-02-01,CR,0,expressing,0.198
2025-02-01,CR,1,asking,0.355
2025-02-01,CR,1,doing,0.572
2025-02-01,CR,1,expressing,0.073
2025-02-01,CY,0,asking,0.563
2025-02-01,CY,0,doing,0.294
2025-02-01,CY,0,expressing,0.142
2025-02-01,CY,1,asking,0.365
2025-02-01,CY,1,doing,0.481
2025-02-01,CY,1,expressing,0.154
2025-02-01,CZ,0,asking,0.550
2025-02-01,CZ,0,doing,0.245
2025-02-01,CZ,0,expressing,0.205
2025-02-01,CZ,1,asking,0.409
2025-02-01,CZ,1,doing,0.464
2025-02-01,CZ,1,expressing,0.128
2025-02-01,DE,0,asking,0.518
2025-02-01,DE,0,doing,0.285
2025-02-01,DE,0,expressing,0.196
2025-02-01,DE,1,asking,0.389
2025-02-01,DE,1,doing,0.487
2025-02-01,DE,1,expressing,0.124
2025-02-01,DK,0,asking,0.517
2025-02-01,DK,0,doing,0.298
2025-02-01,DK,0,expressing,0.185
2025-02-01,DK,1,asking,0.370
2025-02-01,DK,1,doing,0.494
2025-02-01,DK,1,expressing,0.136
2025-02-01,DO,0,asking,0.531
2025-02-01,DO,0,doing,0.307
2025-02-01,DO,0,expressing,0.162
2025-02-01,DO,1,asking,0.355
2025-02-01,DO,1,doing,0.525
2025-02-01,DO,1,expressing,0.120
2025-02-01,DZ,0,asking,0.446
2025-02-01,DZ,0,doing,0.273
2025-02-01,DZ,0,expressing,0.281
2025-02-01,DZ,1,asking,0.386
2025-02-01,DZ,1,doing,0.455
2025-02-01,DZ,1,expressing,0.159
2025-02-01,EC,0,asking,0.518
2025-02-01,EC,0,doing,0.355
2025-02-01,EC,0,expressing,0.127
2025-02-01,EC,1,asking,0.319
2025-02-01,EC,1,doing,0.589
2025-02-01,EC,1,expressing,0.093
2025-02-01,EE,0,asking,0.602
2025-02-01,EE,0,doing,0.223
2025-02-01,EE,0,expressing,0.174
2025-02-01,EG,0,asking,0.469
2025-02-01,EG,0,doing,0.232
2025-02-01,EG,0,expressing,0.299
2025-02-01,EG,1,asking,0.354
2025-02-01,EG,1,doing,0.485
2025-02-01,EG,1,expressing,0.160
2025-02-01,ES,0,asking,0.508
2025-02-01,ES,0,doing,0.319
2025-02-01,ES,0,expressing,0.173
2025-02-01,ES,1,asking,0.386
2025-02-01,ES,1,doing,0.491
2025-02-01,ES,1,expressing,0.123
2025-02-01,ET,0,asking,0.571
2025-02-01,ET,0,doing,0.259
2025-02-01,ET,0,expressing,0.170
2025-02-01,ET,1,asking,0.366
2025-02-01,ET,1,doing,0.521
2025-02-01,ET,1,expressing,0.112
2025-02-01,FI,0,asking,0.475
2025-02-01,FI,0,doing,0.270
2025-02-01,FI,0,expressing,0.255
2025-02-01,FI,1,asking,0.404
2025-02-01,FI,1,doing,0.461
2025-02-01,FI,1,expressing,0.135
2025-02-01,FR,0,asking,0.495
2025-02-01,FR,0,doing,0.299
2025-02-01,FR,0,expressing,0.206
2025-02-01,FR,1,asking,0.345
2025-02-01,FR,1,doing,0.510
2025-02-01,FR,1,expressing,0.145
2025-02-01,GB,0,asking,0.499
2025-02-01,GB,0,doing,0.287
2025-02-01,GB,0,expressing,0.214
2025-02-01,GB,1,asking,0.394
2025-02-01,GB,1,doing,0.493
2025-02-01,GB,1,expressing,0.113
2025-02-01,GE,0,asking,0.493
2025-02-01,GE,0,doing,0.260
2025-02-01,GE,0,expressing,0.248
2025-02-01,GE,1,asking,0.368
2025-02-01,GE,1,doing,0.410
2025-02-01,GE,1,expressing,0.222
2025-02-01,GH,0,asking,0.522
2025-02-01,GH,0,doing,0.321
2025-02-01,GH,0,expressing,0.157
2025-02-01,GH,1,asking,0.421
2025-02-01,GH,1,doing,0.481
2025-02-01,GH,1,expressing,0.099
2025-02-01,GR,0,asking,0.536
2025-02-01,GR,0,doing,0.234
2025-02-01,GR,0,expressing,0.230
2025-02-01,GR,1,asking,0.359
2025-02-01,GR,1,doing,0.487
2025-02-01,GR,1,expressing,0.154
2025-02-01,GT,0,asking,0.505
2025-02-01,GT,0,doing,0.348
2025-02-01,GT,0,expressing,0.147
2025-02-01,GT,1,asking,0.432
2025-02-01,GT,1,doing,0.450
2025-02-01,GT,1,expressing,0.119
2025-02-01,HN,0,asking,0.505
2025-02-01,HN,0,doing,0.300
2025-02-01,HN,0,expressing,0.194
2025-02-01,HN,1,asking,0.332
2025-02-01,HN,1,doing,0.505
2025-02-01,HN,1,expressing,0.163
2025-02-01,HR,0,asking,0.544
2025-02-01,HR,0,doing,0.272
2025-02-01,HR,0,expressing,0.184
2025-02-01,HR,1,asking,0.453
2025-02-01,HR,1,doing,0.413
2025-02-01,HR,1,expressing,0.134
2025-02-01,HT,0,asking,0.518
2025-02-01,HT,0,doing,0.316
2025-02-01,HT,0,expressing,0.166
2025-02-01,HU,0,asking,0.528
2025-02-01,HU,0,doing,0.232
2025-02-01,HU,0,expressing,0.240
2025-02-01,HU,1,asking,0.380
2025-02-01,HU,1,doing,0.471
2025-02-01,HU,1,expressing,0.149
2025-02-01,ID,0,asking,0.507
2025-02-01,ID,0,doing,0.323
2025-02-01,ID,0,expressing,0.170
2025-02-01,ID,1,asking,0.381
2025-02-01,ID,1,doing,0.529
2025-02-01,ID,1,expressing,0.090
2025-02-01,IE,0,asking,0.483
2025-02-01,IE,0,doing,0.257
2025-02-01,IE,0,expressing,0.260
2025-02-01,IE,1,asking,0.392
2025-02-01,IE,1,doing,0.479
2025-02-01,IE,1,expressing,0.129
2025-02-01,IL,0,asking,0.548
2025-02-01,IL,0,doing,0.231
2025-02-01,IL,0,expressing,0.220
2025-02-01,IL,1,asking,0.399
2025-02-01,IL,1,doing,0.449
2025-02-01,IL,1,expressing,0.151
2025-02-01,IN,0,asking,0.492
2025-02-01,IN,0,doing,0.327
2025-02-01,IN,0,expressing,0.182
2025-02-01,IN,1,asking,0.403
2025-02-01,IN,1,doing,0.483
2025-02-01,IN,1,expressing,0.114
2025-02-01,IQ,0,asking,0.480
2025-02-01,IQ,0,doing,0.248
2025-02-01,IQ,0,expressing,0.272
2025-02-01,IQ,1,asking,0.393
2025-02-01,IQ,1,doing,0.484
2025-02-01,IQ,1,expressing,0.123
2025-02-01,IT,0,asking,0.513
2025-02-01,IT,0,doing,0.300
2025-02-01,IT,0,expressing,0.187
2025-02-01,IT,1,asking,0.398
2025-02-01,IT,1,doing,0.483
2025-02-01,IT,1,expressing,0.119
2025-02-01,JO,0,asking,0.507
2025-02-01,JO,0,doing,0.271
2025-02-01,JO,0,expressing,0.222
2025-02-01,JO,1,asking,0.385
2025-02-01,JO,1,doing,0.466
2025-02-01,JO,1,expressing,0.149
2025-02-01,JP,0,asking,0.497
2025-02-01,JP,0,doing,0.267
2025-02-01,JP,0,expressing,0.237
2025-02-01,JP,1,asking,0.413
2025-02-01,JP,1,doing,0.436
2025-02-01,JP,1,expressing,0.152
2025-02-01,KE,0,asking,0.561
2025-02-01,KE,0,doing,0.247
2025-02-01,KE,0,expressing,0.191
2025-02-01,KE,1,asking,0.394
2025-02-01,KE,1,doing,0.470
2025-02-01,KE,1,expressing,0.136
2025-02-01,KG,0,asking,0.494
2025-02-01,KG,0,doing,0.288
2025-02-01,KG,0,expressing,0.219
2025-02-01,KG,1,asking,0.367
2025-02-01,KG,1,doing,0.471
2025-02-01,KG,1,expressing,0.162
2025-02-01,KH,0,asking,0.439
2025-02-01,KH,0,doing,0.362
2025-02-01,KH,0,expressing,0.200
2025-02-01,KH,1,asking,0.420
2025-02-01,KH,1,doing,0.423
2025-02-01,KH,1,expressing,0.157
2025-02-01,KR,0,asking,0.529
2025-02-01,KR,0,doing,0.272
2025-02-01,KR,0,expressing,0.199
2025-02-01,KR,1,asking,0.453
2025-02-01,KR,1,doing,0.410
2025-02-01,KR,1,expressing,0.137
2025-02-01,KW,0,asking,0.495
2025-02-01,KW,0,doing,0.299
2025-02-01,KW,0,expressing,0.206
2025-02-01,KZ,0,asking,0.473
2025-02-01,KZ,0,doing,0.328
2025-02-01,KZ,0,expressing,0.199
2025-02-01,KZ,1,asking,0.318
2025-02-01,KZ,1,doing,0.550
2025-02-01,KZ,1,expressing,0.132
2025-02-01,LB,0,asking,0.476
2025-02-01,LB,0,doing,0.297
2025-02-01,LB,0,expressing,0.227
2025-02-01,LB,1,asking,0.413
2025-02-01,LB,1,doing,0.469
2025-02-01,LB,1,expressing,0.118
2025-02-01,LK,0,asking,0.451
2025-02-01,LK,0,doing,0.331
2025-02-01,LK,0,expressing,0.218
2025-02-01,LK,1,asking,0.347
2025-02-01,LK,1,doing,0.534
2025-02-01,LK,1,expressing,0.119
2025-02-01,LT,0,asking,0.571
2025-02-01,LT,0,doing,0.284
2025-02-01,LT,0,expressing,0.146
2025-02-01,LT,1,asking,0.328
2025-02-01,LT,1,doing,0.550
2025-02-01,LT,1,expressing,0.122
2025-02-01,LV,0,asking,0.534
2025-02-01,LV,0,doing,0.280
2025-02-01,LV,0,expressing,0.186
2025-02-01,LV,1,asking,0.304
2025-02-01,LV,1,doing,0.525
2025-02-01,LV,1,expressing,0.171
2025-02-01,LY,0,asking,0.430
2025-02-01,LY,0,doing,0.256
2025-02-01,LY,0,expressing,0.314
2025-02-01,MA,0,asking,0.438
2025-02-01,MA,0,doing,0.337
2025-02-01,MA,0,expressing,0.226
2025-02-01,MA,1,asking,0.301
2025-02-01,MA,1,doing,0.541
2025-02-01,MA,1,expressing,0.158
2025-02-01,MD,0,asking,0.398
2025-02-01,MD,0,doing,0.468
2025-02-01,MD,0,expressing,0.134
2025-02-01,MD,1,asking,0.344
2025-02-01,MD,1,doing,0.504
2025-02-01,MD,1,expressing,0.153
2025-02-01,MG,0,asking,0.497
2025-02-01,MG,0,doing,0.372
2025-02-01,MG,0,expressing,0.131
2025-02-01,MM,0,asking,0.499
2025-02-01,MM,0,doing,0.332
2025-02-01,MM,0,expressing,0.169
2025-02-01,MN,0,asking,0.424
2025-02-01,MN,0,doing,0.285
2025-02-01,MN,0,expressing,0.291
2025-02-01,MX,0,asking,0.512
2025-02-01,MX,0,doing,0.337
2025-02-01,MX,0,expressing,0.150
2025-02-01,MX,1,asking,0.369
2025-02-01,MX,1,doing,0.527
2025-02-01,MX,1,expressing,0.105
2025-02-01,MY,0,asking,0.488
2025-02-01,MY,0,doing,0.283
2025-02-01,MY,0,expressing,0.229
2025-02-01,MY,1,asking,0.344
2025-02-01,MY,1,doing,0.529
2025-02-01,MY,1,expressing,0.127
2025-02-01,NG,0,asking,0.444
2025-02-01,NG,0,doing,0.358
2025-02-01,NG,0,expressing,0.198
2025-02-01,NG,1,asking,0.326
2025-02-01,NG,1,doing,0.576
2025-02-01,NG,1,expressing,0.098
2025-02-01,NI,0,asking,0.537
2025-02-01,NI,0,doing,0.302
2025-02-01,NI,0,expressing,0.162
2025-02-01,NL,0,asking,0.550
2025-02-01,NL,0,doing,0.262
2025-02-01,NL,0,expressing,0.187
2025-02-01,NL,1,asking,0.364
2025-02-01,NL,1,doing,0.513
2025-02-01,NL,1,expressing,0.123
2025-02-01,NO,0,asking,0.541
2025-02-01,NO,0,doing,0.259
2025-02-01,NO,0,expressing,0.200
2025-02-01,NO,1,asking,0.383
2025-02-01,NO,1,doing,0.503
2025-02-01,NO,1,expressing,0.114
2025-02-01,NP,0,asking,0.496
2025-02-01,NP,0,doing,0.310
2025-02-01,NP,0,expressing,0.195
2025-02-01,NP,1,asking,0.401
2025-02-01,NP,1,doing,0.471
2025-02-01,NP,1,expressing,0.128
2025-02-01,NZ,0,asking,0.531
2025-02-01,NZ,0,doing,0.277
2025-02-01,NZ,0,expressing,0.192
2025-02-01,NZ,1,asking,0.321
2025-02-01,NZ,1,doing,0.545
2025-02-01,NZ,1,expressing,0.134
2025-02-01,OM,0,asking,0.501
2025-02-01,OM,0,doing,0.316
2025-02-01,OM,0,expressing,0.183
2025-02-01,PA,0,asking,0.500
2025-02-01,PA,0,doing,0.254
2025-02-01,PA,0,expressing,0.246
2025-02-01,PE,0,asking,0.500
2025-02-01,PE,0,doing,0.313
2025-02-01,PE,0,expressing,0.187
2025-02-01,PE,1,asking,0.327
2025-02-01,PE,1,doing,0.553
2025-02-01,PE,1,expressing,0.120
2025-02-01,PH,0,asking,0.450
2025-02-01,PH,0,doing,0.413
2025-02-01,PH,0,expressing,0.137
2025-02-01,PH,1,asking,0.308
2025-02-01,PH,1,doing,0.598
2025-02-01,PH,1,expressing,0.094
2025-02-01,PK,0,asking,0.468
2025-02-01,PK,0,doing,0.346
2025-02-01,PK,0,expressing,0.187
2025-02-01,PK,1,asking,0.316
2025-02-01,PK,1,doing,0.557
2025-02-01,PK,1,expressing,0.126
2025-02-01,PL,0,asking,0.544
2025-02-01,PL,0,doing,0.280
2025-02-01,PL,0,expressing,0.176
2025-02-01,PL,1,asking,0.387
2025-02-01,PL,1,doing,0.479
2025-02-01,PL,1,expressing,0.133
2025-02-01,PR,0,asking,0.550
2025-02-01,PR,0,doing,0.278
2025-02-01,PR,0,expressing,0.172
2025-02-01,PR,1,asking,0.268
2025-02-01,PR,1,doing,0.554
2025-02-01,PR,1,expressing,0.179
2025-02-01,PS,0,asking,0.523
2025-02-01,PS,0,doing,0.220
2025-02-01,PS,0,expressing,0.257
2025-02-01,PT,0,asking,0.558
2025-02-01,PT,0,doing,0.273
2025-02-01,PT,0,expressing,0.168
2025-02-01,PT,1,asking,0.384
2025-02-01,PT,1,doing,0.475
2025-02-01,PT,1,expressing,0.141
2025-02-01,PY,0,asking,0.514
2025-02-01,PY,0,doing,0.199
2025-02-01,PY,0,expressing,0.286
2025-02-01,QA,0,asking,0.461
2025-02-01,QA,0,doing,0.362
2025-02-01,QA,0,expressing,0.177
2025-02-01,QA,1,asking,0.304
2025-02-01,QA,1,doing,0.582
2025-02-01,QA,1,expressing,0.114
2025-02-01,RO,0,asking,0.497
2025-02-01,RO,0,doing,0.275
2025-02-01,RO,0,expressing,0.228
2025-02-01,RO,1,asking,0.382
2025-02-01,RO,1,doing,0.464
2025-02-01,RO,1,expressing,0.153
2025-02-01,RS,0,asking,0.547
2025-02-01,RS,0,doing,0.221
2025-02-01,RS,0,expressing,0.232
2025-02-01,RS,1,asking,0.379
2025-02-01,RS,1,doing,0.459
2025-02-01,RS,1,expressing,0.162
2025-02-01,SA,0,asking,0.477
2025-02-01,SA,0,doing,0.267
2025-02-01,SA,0,expressing,0.256
2025-02-01,SA,1,asking,0.371
2025-02-01,SA,1,doing,0.479
2025-02-01,SA,1,expressing,0.150
2025-02-01,SC,0,asking,0.199
2025-02-01,SC,0,doing,0.374
2025-02-01,SC,0,expressing,0.427
2025-02-01,SC,1,asking,0.127
2025-02-01,SC,1,doing,0.834
2025-02-01,SC,1,expressing,0.039
2025-02-01,SE,0,asking,0.542
2025-02-01,SE,0,doing,0.262
2025-02-01,SE,0,expressing,0.196
2025-02-01,SE,1,asking,0.413
2025-02-01,SE,1,doing,0.440
2025-02-01,SE,1,expressing,0.147
2025-02-01,SG,0,asking,0.538
2025-02-01,SG,0,doing,0.300
2025-02-01,SG,0,expressing,0.162
2025-02-01,SG,1,asking,0.395
2025-02-01,SG,1,doing,0.471
2025-02-01,SG,1,expressing,0.134
2025-02-01,SI,0,asking,0.557
2025-02-01,SI,0,doing,0.281
2025-02-01,SI,0,expressing,0.162
2025-02-01,SK,0,asking,0.594
2025-02-01,SK,0,doing,0.239
2025-02-01,SK,0,expressing,0.167
2025-02-01,SK,1,asking,0.407
2025-02-01,SK,1,doing,0.484
2025-02-01,SK,1,expressing,0.110
2025-02-01,SN,0,asking,0.460
2025-02-01,SN,0,doing,0.302
2025-02-01,SN,0,expressing,0.238
2025-02-01,SO,0,asking,0.544
2025-02-01,SO,0,doing,0.236
2025-02-01,SO,0,expressing,0.220
2025-02-01,SV,0,asking,0.538
2025-02-01,SV,0,doing,0.312
2025-02-01,SV,0,expressing,0.150
2025-02-01,SV,1,asking,0.439
2025-02-01,SV,1,doing,0.434
2025-02-01,SV,1,expressing,0.127
2025-02-01,TH,0,asking,0.544
2025-02-01,TH,0,doing,0.303
2025-02-01,TH,0,expressing,0.153
2025-02-01,TH,1,asking,0.405
2025-02-01,TH,1,doing,0.488
2025-02-01,TH,1,expressing,0.107
2025-02-01,TJ,0,asking,0.651
2025-02-01,TJ,0,doing,0.206
2025-02-01,TJ,0,expressing,0.144
2025-02-01,TN,0,asking,0.439
2025-02-01,TN,0,doing,0.314
2025-02-01,TN,0,expressing,0.247
2025-02-01,TN,1,asking,0.374
2025-02-01,TN,1,doing,0.477
2025-02-01,TN,1,expressing,0.148
2025-02-01,TR,0,asking,0.468
2025-02-01,TR,0,doing,0.276
2025-02-01,TR,0,expressing,0.256
2025-02-01,TR,1,asking,0.364
2025-02-01,TR,1,doing,0.480
2025-02-01,TR,1,expressing,0.157
2025-02-01,TW,0,asking,0.489
2025-02-01,TW,0,doing,0.262
2025-02-01,TW,0,expressing,0.249
2025-02-01,TW,1,asking,0.420
2025-02-01,TW,1,doing,0.438
2025-02-01,TW,1,expressing,0.143
2025-02-01,TZ,0,asking,0.587
2025-02-01,TZ,0,doing,0.226
2025-02-01,TZ,0,expressing,0.187
2025-02-01,TZ,1,asking,0.473
2025-02-01,TZ,1,doing,0.401
2025-02-01,TZ,1,expressing,0.125
2025-02-01,UA,0,asking,0.489
2025-02-01,UA,0,doing,0.316
2025-02-01,UA,0,expressing,0.195
2025-02-01,UA,1,asking,0.381
2025-02-01,UA,1,doing,0.520
2025-02-01,UA,1,expressing,0.099
2025-02-01,UG,0,asking,0.494
2025-02-01,UG,0,doing,0.302
2025-02-01,UG,0,expressing,0.203
2025-02-01,US,0,asking,0.550
2025-02-01,US,0,doing,0.284
2025-02-01,US,0,expressing,0.166
2025-02-01,US,1,asking,0.387
2025-02-01,US,1,doing,0.505
2025-02-01,US,1,expressing,0.108
2025-02-01,UY,0,asking,0.566
2025-02-01,UY,0,doing,0.212
2025-02-01,UY,0,expressing,0.222
2025-02-01,UZ,0,asking,0.430
2025-02-01,UZ,0,doing,0.296
2025-02-01,UZ,0,expressing,0.274
2025-02-01,UZ,1,asking,0.362
2025-02-01,UZ,1,doing,0.444
2025-02-01,UZ,1,expressing,0.194
2025-02-01,VN,0,asking,0.464
2025-02-01,VN,0,doing,0.328
2025-02-01,VN,0,expressing,0.208
2025-02-01,VN,1,asking,0.378
2025-02-01,VN,1,doing,0.492
2025-02-01,VN,1,expressing,0.130
2025-02-01,YE,0,asking,0.417
2025-02-01,YE,0,doing,0.289
2025-02-01,YE,0,expressing,0.295
2025-02-01,ZA,0,asking,0.510
2025-02-01,ZA,0,doing,0.315
2025-02-01,ZA,0,expressing,0.175
2025-02-01,ZA,1,asking,0.355
2025-02-01,ZA,1,doing,0.533
2025-02-01,ZA,1,expressing,0.112
2025-03-01,AE,0,asking,0.509
2025-03-01,AE,0,doing,0.290
2025-03-01,AE,0,expressing,0.201
2025-03-01,AE,1,asking,0.298
2025-03-01,AE,1,doing,0.568
2025-03-01,AE,1,expressing,0.134
2025-03-01,AF,0,asking,0.446
2025-03-01,AF,0,doing,0.266
2025-03-01,AF,0,expressing,0.288
2025-03-01,AL,0,asking,0.475
2025-03-01,AL,0,doing,0.309
2025-03-01,AL,0,expressing,0.216
2025-03-01,AM,0,asking,0.446
2025-03-01,AM,0,doing,0.305
2025-03-01,AM,0,expressing,0.248
2025-03-01,AO,0,asking,0.476
2025-03-01,AO,0,doing,0.262
2025-03-01,AO,0,expressing,0.262
2025-03-01,AR,0,asking,0.514
2025-03-01,AR,0,doing,0.259
2025-03-01,AR,0,expressing,0.227
2025-03-01,AR,1,asking,0.384
2025-03-01,AR,1,doing,0.460
2025-03-01,AR,1,expressing,0.155
2025-03-01,AT,0,asking,0.529
2025-03-01,AT,0,doing,0.297
2025-03-01,AT,0,expressing,0.174
2025-03-01,AT,1,asking,0.368
2025-03-01,AT,1,doing,0.534
2025-03-01,AT,1,expressing,0.098
2025-03-01,AU,0,asking,0.508
2025-03-01,AU,0,doing,0.315
2025-03-01,AU,0,expressing,0.177
2025-03-01,AU,1,asking,0.347
2025-03-01,AU,1,doing,0.528
2025-03-01,AU,1,expressing,0.125
2025-03-01,AZ,0,asking,0.461
2025-03-01,AZ,0,doing,0.263
2025-03-01,AZ,0,expressing,0.276
2025-03-01,AZ,1,asking,0.252
2025-03-01,AZ,1,doing,0.577
2025-03-01,AZ,1,expressing,0.170
2025-03-01,BA,0,asking,0.551
2025-03-01,BA,0,doing,0.246
2025-03-01,BA,0,expressing,0.202
2025-03-01,BD,0,asking,0.460
2025-03-01,BD,0,doing,0.301
2025-03-01,BD,0,expressing,0.239
2025-03-01,BD,1,asking,0.373
2025-03-01,BD,1,doing,0.525
2025-03-01,BD,1,expressing,0.103
2025-03-01,BE,0,asking,0.540
2025-03-01,BE,0,doing,0.263
2025-03-01,BE,0,expressing,0.197
2025-03-01,BE,1,asking,0.325
2025-03-01,BE,1,doing,0.526
2025-03-01,BE,1,expressing,0.149
2025-03-01,BG,0,asking,0.478
2025-03-01,BG,0,doing,0.285
2025-03-01,BG,0,expressing,0.237
2025-03-01,BG,1,asking,0.374
2025-03-01,BG,1,doing,0.460
2025-03-01,BG,1,expressing,0.166
2025-03-01,BH,0,asking,0.499
2025-03-01,BH,0,doing,0.310
2025-03-01,BH,0,expressing,0.191
2025-03-01,BO,0,asking,0.513
2025-03-01,BO,0,doing,0.329
2025-03-01,BO,0,expressing,0.158
2025-03-01,BO,1,asking,0.346
2025-03-01,BO,1,doing,0.595
2025-03-01,BO,1,expressing,0.059
2025-03-01,BR,0,asking,0.475
2025-03-01,BR,0,doing,0.329
2025-03-01,BR,0,expressing,0.196
2025-03-01,BR,1,asking,0.313
2025-03-01,BR,1,doing,0.563
2025-03-01,BR,1,expressing,0.124
2025-03-01,CA,0,asking,0.533
2025-03-01,CA,0,doing,0.285
2025-03-01,CA,0,expressing,0.183
2025-03-01,CA,1,asking,0.374
2025-03-01,CA,1,doing,0.493
2025-03-01,CA,1,expressing,0.133
2025-03-01,CD,0,asking,0.484
2025-03-01,CD,0,doing,0.300
2025-03-01,CD,0,expressing,0.216
2025-03-01,CH,0,asking,0.546
2025-03-01,CH,0,doing,0.257
2025-03-01,CH,0,expressing,0.197
2025-03-01,CH,1,asking,0.369
2025-03-01,CH,1,doing,0.489
2025-03-01,CH,1,expressing,0.142
2025-03-01,CI,0,asking,0.481
2025-03-01,CI,0,doing,0.297
2025-03-01,CI,0,expressing,0.223
2025-03-01,CI,1,asking,0.402
2025-03-01,CI,1,doing,0.494
2025-03-01,CI,1,expressing,0.105
2025-03-01,CL,0,asking,0.503
2025-03-01,CL,0,doing,0.279
2025-03-01,CL,0,expressing,0.218
2025-03-01,CL,1,asking,0.392
2025-03-01,CL,1,doing,0.508
2025-03-01,CL,1,expressing,0.100
2025-03-01,CO,0,asking,0.463
2025-03-01,CO,0,doing,0.357
2025-03-01,CO,0,expressing,0.179
2025-03-01,CO,1,asking,0.348
2025-03-01,CO,1,doing,0.527
2025-03-01,CO,1,expressing,0.125
2025-03-01,CR,0,asking,0.518
2025-03-01,CR,0,doing,0.332
2025-03-01,CR,0,expressing,0.150
2025-03-01,CR,1,asking,0.311
2025-03-01,CR,1,doing,0.524
2025-03-01,CR,1,expressing,0.165
2025-03-01,CY,0,asking,0.559
2025-03-01,CY,0,doing,0.197
2025-03-01,CY,0,expressing,0.244
2025-03-01,CZ,0,asking,0.555
2025-03-01,CZ,0,doing,0.271
2025-03-01,CZ,0,expressing,0.174
2025-03-01,CZ,1,asking,0.389
2025-03-01,CZ,1,doing,0.486
2025-03-01,CZ,1,expressing,0.125
2025-03-01,DE,0,asking,0.526
2025-03-01,DE,0,doing,0.276
2025-03-01,DE,0,expressing,0.199
2025-03-01,DE,1,asking,0.381
2025-03-01,DE,1,doing,0.484
2025-03-01,DE,1,expressing,0.135
2025-03-01,DK,0,asking,0.525
2025-03-01,DK,0,doing,0.324
2025-03-01,DK,0,expressing,0.151
2025-03-01,DK,1,asking,0.356
2025-03-01,DK,1,doing,0.502
2025-03-01,DK,1,expressing,0.142
2025-03-01,DO,0,asking,0.508
2025-03-01,DO,0,doing,0.291
2025-03-01,DO,0,expressing,0.201
2025-03-01,DO,1,asking,0.346
2025-03-01,DO,1,doing,0.563
2025-03-01,DO,1,expressing,0.091
2025-03-01,DZ,0,asking,0.473
2025-03-01,DZ,0,doing,0.238
2025-03-01,DZ,0,expressing,0.289
2025-03-01,DZ,1,asking,0.355
2025-03-01,DZ,1,doing,0.457
2025-03-01,DZ,1,expressing,0.188
2025-03-01,EC,0,asking,0.485
2025-03-01,EC,0,doing,0.350
2025-03-01,EC,0,expressing,0.165
2025-03-01,EC,1,asking,0.328
2025-03-01,EC,1,doing,0.584
2025-03-01,EC,1,expressing,0.088
2025-03-01,EE,0,asking,0.518
2025-03-01,EE,0,doing,0.336
2025-03-01,EE,0,expressing,0.146
2025-03-01,EG,0,asking,0.497
2025-03-01,EG,0,doing,0.235
2025-03-01,EG,0,expressing,0.268
2025-03-01,EG,1,asking,0.383
2025-03-01,EG,1,doing,0.436
2025-03-01,EG,1,expressing,0.182
2025-03-01,ES,0,asking,0.510
2025-03-01,ES,0,doing,0.304
2025-03-01,ES,0,expressing,0.185
2025-03-01,ES,1,asking,0.353
2025-03-01,ES,1,doing,0.511
2025-03-01,ES,1,expressing,0.136
2025-03-01,ET,0,asking,0.528
2025-03-01,ET,0,doing,0.248
2025-03-01,ET,0,expressing,0.224
2025-03-01,ET,1,asking,0.453
2025-03-01,ET,1,doing,0.436
2025-03-01,ET,1,expressing,0.111
2025-03-01,FI,0,asking,0.525
2025-03-01,FI,0,doing,0.270
2025-03-01,FI,0,expressing,0.205
2025-03-01,FI,1,asking,0.391
2025-03-01,FI,1,doing,0.471
2025-03-01,FI,1,expressing,0.138
2025-03-01,FR,0,asking,0.490
2025-03-01,FR,0,doing,0.301
2025-03-01,FR,0,expressing,0.209
2025-03-01,FR,1,asking,0.326
2025-03-01,FR,1,doing,0.531
2025-03-01,FR,1,expressing,0.142
2025-03-01,GB,0,asking,0.516
2025-03-01,GB,0,doing,0.277
2025-03-01,GB,0,expressing,0.207
2025-03-01,GB,1,asking,0.365
2025-03-01,GB,1,doing,0.519
2025-03-01,GB,1,expressing,0.116
2025-03-01,GE,0,asking,0.513
2025-03-01,GE,0,doing,0.232
2025-03-01,GE,0,expressing,0.254
2025-03-01,GE,1,asking,0.436
2025-03-01,GE,1,doing,0.415
2025-03-01,GE,1,expressing,0.149
2025-03-01,GH,0,asking,0.462
2025-03-01,GH,0,doing,0.313
2025-03-01,GH,0,expressing,0.224
2025-03-01,GH,1,asking,0.415
2025-03-01,GH,1,doing,0.463
2025-03-01,GH,1,expressing,0.122
2025-03-01,GR,0,asking,0.507
2025-03-01,GR,0,doing,0.259
2025-03-01,GR,0,expressing,0.234
2025-03-01,GR,1,asking,0.401
2025-03-01,GR,1,doing,0.457
2025-03-01,GR,1,expressing,0.142
2025-03-01,GT,0,asking,0.486
2025-03-01,GT,0,doing,0.347
2025-03-01,GT,0,expressing,0.167
2025-03-01,GT,1,asking,0.346
2025-03-01,GT,1,doing,0.601
2025-03-01,GT,1,expressing,0.052
2025-03-01,HN,0,asking,0.430
2025-03-01,HN,0,doing,0.381
2025-03-01,HN,0,expressing,0.190
2025-03-01,HN,1,asking,0.414
2025-03-01,HN,1,doing,0.481
2025-03-01,HN,1,expressing,0.105
2025-03-01,HR,0,asking,0.564
2025-03-01,HR,0,doing,0.241
2025-03-01,HR,0,expressing,0.195
2025-03-01,HR,1,asking,0.306
2025-03-01,HR,1,doing,0.486
2025-03-01,HR,1,expressing,0.208
2025-03-01,HU,0,asking,0.541
2025-03-01,HU,0,doing,0.238
2025-03-01,HU,0,expressing,0.221
2025-03-01,HU,1,asking,0.364
2025-03-01,HU,1,doing,0.474
2025-03-01,HU,1,expressing,0.161
2025-03-01,ID,0,asking,0.540
2025-03-01,ID,0,doing,0.279
2025-03-01,ID,0,expressing,0.182
2025-03-01,ID,1,asking,0.374
2025-03-01,ID,1,doing,0.528
2025-03-01,ID,1,expressing,0.098
2025-03-01,IE,0,asking,0.534
2025-03-01,IE,0,doing,0.245
2025-03-01,IE,0,expressing,0.221
2025-03-01,IE,1,asking,0.410
2025-03-01,IE,1,doing,0.459
2025-03-01,IE,1,expressing,0.131
2025-03-01,IL,0,asking,0.502
2025-03-01,IL,0,doing,0.264
2025-03-01,IL,0,expressing,0.234
2025-03-01,IL,1,asking,0.415
2025-03-01,IL,1,doing,0.421
2025-03-01,IL,1,expressing,0.163
2025-03-01,IN,0,asking,0.444
2025-03-01,IN,0,doing,0.339
2025-03-01,IN,0,expressing,0.217
2025-03-01,IN,1,asking,0.405
2025-03-01,IN,1,doing,0.474
2025-03-01,IN,1,expressing,0.121
2025-03-01,IQ,0,asking,0.451
2025-03-01,IQ,0,doing,0.264
2025-03-01,IQ,0,expressing,0.284
2025-03-01,IQ,1,asking,0.317
2025-03-01,IQ,1,doing,0.514
2025-03-01,IQ,1,expressing,0.169
2025-03-01,IT,0,asking,0.505
2025-03-01,IT,0,doing,0.290
2025-03-01,IT,0,expressing,0.204
2025-03-01,IT,1,asking,0.386
2025-03-01,IT,1,doing,0.461
2025-03-01,IT,1,expressing,0.153
2025-03-01,JO,0,asking,0.532
2025-03-01,JO,0,doing,0.233
2025-03-01,JO,0,expressing,0.235
2025-03-01,JO,1,asking,0.329
2025-03-01,JO,1,doing,0.483
2025-03-01,JO,1,expressing,0.188
2025-03-01,JP,0,asking,0.488
2025-03-01,JP,0,doing,0.244
2025-03-01,JP,0,expressing,0.268
2025-03-01,JP,1,asking,0.403
2025-03-01,JP,1,doing,0.421
2025-03-01,JP,1,expressing,0.176
2025-03-01,KE,0,asking,0.539
2025-03-01,KE,0,doing,0.243
2025-03-01,KE,0,expressing,0.218
2025-03-01,KE,1,asking,0.417
2025-03-01,KE,1,doing,0.464
2025-03-01,KE,1,expressing,0.119
2025-03-01,KG,0,asking,0.506
2025-03-01,KG,0,doing,0.311
2025-03-01,KG,0,expressing,0.183
2025-03-01,KH,0,asking,0.379
2025-03-01,KH,0,doing,0.422
2025-03-01,KH,0,expressing,0.198
2025-03-01,KH,1,asking,0.443
2025-03-01,KH,1,doing,0.494
2025-03-01,KH,1,expressing,0.064
2025-03-01,KR,0,asking,0.512
2025-03-01,KR,0,doing,0.278
2025-03-01,KR,0,expressing,0.210
2025-03-01,KR,1,asking,0.428
2025-03-01,KR,1,doing,0.436
2025-03-01,KR,1,expressing,0.136
2025-03-01,KW,0,asking,0.507
2025-03-01,KW,0,doing,0.223
2025-03-01,KW,0,expressing,0.271
2025-03-01,KZ,0,asking,0.430
2025-03-01,KZ,0,doing,0.324
2025-03-01,KZ,0,expressing,0.245
2025-03-01,KZ,1,asking,0.342
2025-03-01,KZ,1,doing,0.490
2025-03-01,KZ,1,expressing,0.168
2025-03-01,LB,0,asking,0.500
2025-03-01,LB,0,doing,0.283
2025-03-01,LB,0,expressing,0.217
2025-03-01,LB,1,asking,0.351
2025-03-01,LB,1,doing,0.499
2025-03-01,LB,1,expressing,0.150
2025-03-01,LK,0,asking,0.509
2025-03-01,LK,0,doing,0.298
2025-03-01,LK,0,expressing,0.194
2025-03-01,LK,1,asking,0.356
2025-03-01,LK,1,doing,0.513
2025-03-01,LK,1,expressing,0.131
2025-03-01,LT,0,asking,0.540
2025-03-01,LT,0,doing,0.243
2025-03-01,LT,0,expressing,0.217
2025-03-01,LT,1,asking,0.417
2025-03-01,LT,1,doing,0.508
2025-03-01,LT,1,expressing,0.075
2025-03-01,LU,0,asking,0.583
2025-03-01,LU,0,doing,0.224
2025-03-01,LU,0,expressing,0.193
2025-03-01,LV,0,asking,0.558
2025-03-01,LV,0,doing,0.223
2025-03-01,LV,0,expressing,0.219
2025-03-01,LV,1,asking,0.358
2025-03-01,LV,1,doing,0.548
2025-03-01,LV,1,expressing,0.095
2025-03-01,LY,0,asking,0.474
2025-03-01,LY,0,doing,0.199
2025-03-01,LY,0,expressing,0.328
2025-03-01,MA,0,asking,0.435
2025-03-01,MA,0,doing,0.318
2025-03-01,MA,0,expressing,0.247
2025-03-01,MA,1,asking,0.330
2025-03-01,MA,1,doing,0.501
2025-03-01,MA,1,expressing,0.169
2025-03-01,MD,0,asking,0.436
2025-03-01,MD,0,doing,0.406
2025-03-01,MD,0,expressing,0.158
2025-03-01,MG,0,asking,0.534
2025-03-01,MG,0,doing,0.264
2025-03-01,MG,0,expressing,0.202
2025-03-01,MK,0,asking,0.495
2025-03-01,MK,0,doing,0.303
2025-03-01,MK,0,expressing,0.202
2025-03-01,MM,0,asking,0.467
2025-03-01,MM,0,doing,0.331
2025-03-01,MM,0,expressing,0.201
2025-03-01,MN,0,asking,0.520
2025-03-01,MN,0,doing,0.300
2025-03-01,MN,0,expressing,0.180
2025-03-01,MX,0,asking,0.510
2025-03-01,MX,0,doing,0.321
2025-03-01,MX,0,expressing,0.169
2025-03-01,MX,1,asking,0.354
2025-03-01,MX,1,doing,0.543
2025-03-01,MX,1,expressing,0.103
2025-03-01,MY,0,asking,0.451
2025-03-01,MY,0,doing,0.287
2025-03-01,MY,0,expressing,0.262
2025-03-01,MY,1,asking,0.358
2025-03-01,MY,1,doing,0.506
2025-03-01,MY,1,expressing,0.136
2025-03-01,MZ,0,asking,0.548
2025-03-01,MZ,0,doing,0.260
2025-03-01,MZ,0,expressing,0.192
2025-03-01,NG,0,asking,0.423
2025-03-01,NG,0,doing,0.348
2025-03-01,NG,0,expressing,0.229
2025-03-01,NG,1,asking,0.350
2025-03-01,NG,1,doing,0.535
2025-03-01,NG,1,expressing,0.116
2025-03-01,NI,0,asking,0.472
2025-03-01,NI,0,doing,0.306
2025-03-01,NI,0,expressing,0.222
2025-03-01,NL,0,asking,0.543
2025-03-01,NL,0,doing,0.264
2025-03-01,NL,0,expressing,0.193
2025-03-01,NL,1,asking,0.358
2025-03-01,NL,1,doing,0.517
2025-03-01,NL,1,expressing,0.125
2025-03-01,NO,0,asking,0.532
2025-03-01,NO,0,doing,0.292
2025-03-01,NO,0,expressing,0.176
2025-03-01,NO,1,asking,0.398
2025-03-01,NO,1,doing,0.455
2025-03-01,NO,1,expressing,0.146
2025-03-01,NP,0,asking,0.509
2025-03-01,NP,0,doing,0.321
2025-03-01,NP,0,expressing,0.170
2025-03-01,NP,1,asking,0.406
2025-03-01,NP,1,doing,0.486
2025-03-01,NP,1,expressing,0.108
2025-03-01,NZ,0,asking,0.544
2025-03-01,NZ,0,doing,0.292
2025-03-01,NZ,0,expressing,0.165
2025-03-01,NZ,1,asking,0.346
2025-03-01,NZ,1,doing,0.559
2025-03-01,NZ,1,expressing,0.094
2025-03-01,OM,0,asking,0.485
2025-03-01,OM,0,doing,0.341
2025-03-01,OM,0,expressing,0.174
2025-03-01,OM,1,asking,0.326
2025-03-01,OM,1,doing,0.510
2025-03-01,OM,1,expressing,0.164
2025-03-01,PA,0,asking,0.446
2025-03-01,PA,0,doing,0.357
2025-03-01,PA,0,expressing,0.197
2025-03-01,PA,1,asking,0.352
2025-03-01,PA,1,doing,0.513
2025-03-01,PA,1,expressing,0.134
2025-03-01,PE,0,asking,0.452
2025-03-01,PE,0,doing,0.329
2025-03-01,PE,0,expressing,0.219
2025-03-01,PE,1,asking,0.341
2025-03-01,PE,1,doing,0.518
2025-03-01,PE,1,expressing,0.141
2025-03-01,PH,0,asking,0.431
2025-03-01,PH,0,doing,0.415
2025-03-01,PH,0,expressing,0.154
2025-03-01,PH,1,asking,0.306
2025-03-01,PH,1,doing,0.593
2025-03-01,PH,1,expressing,0.102
2025-03-01,PK,0,asking,0.467
2025-03-01,PK,0,doing,0.336
2025-03-01,PK,0,expressing,0.197
2025-03-01,PK,1,asking,0.352
2025-03-01,PK,1,doing,0.531
2025-03-01,PK,1,expressing,0.117
2025-03-01,PL,0,asking,0.528
2025-03-01,PL,0,doing,0.285
2025-03-01,PL,0,expressing,0.187
2025-03-01,PL,1,asking,0.366
2025-03-01,PL,1,doing,0.496
2025-03-01,PL,1,expressing,0.138
2025-03-01,PR,0,asking,0.449
2025-03-01,PR,0,doing,0.339
2025-03-01,PR,0,expressing,0.212
2025-03-01,PR,1,asking,0.376
2025-03-01,PR,1,doing,0.515
2025-03-01,PR,1,expressing,0.109
2025-03-01,PS,0,asking,0.556
2025-03-01,PS,0,doing,0.239
2025-03-01,PS,0,expressing,0.206
2025-03-01,PT,0,asking,0.552
2025-03-01,PT,0,doing,0.264
2025-03-01,PT,0,expressing,0.184
2025-03-01,PT,1,asking,0.373
2025-03-01,PT,1,doing,0.484
2025-03-01,PT,1,expressing,0.143
2025-03-01,PY,0,asking,0.541
2025-03-01,PY,0,doing,0.238
2025-03-01,PY,0,expressing,0.220
2025-03-01,QA,0,asking,0.464
2025-03-01,QA,0,doing,0.334
2025-03-01,QA,0,expressing,0.202
2025-03-01,QA,1,asking,0.317
2025-03-01,QA,1,doing,0.567
2025-03-01,QA,1,expressing,0.116
2025-03-01,RO,0,asking,0.529
2025-03-01,RO,0,doing,0.249
2025-03-01,RO,0,expressing,0.222
2025-03-01,RO,1,asking,0.393
2025-03-01,RO,1,doing,0.457
2025-03-01,RO,1,expressing,0.149
2025-03-01,RS,0,asking,0.538
2025-03-01,RS,0,doing,0.223
2025-03-01,RS,0,expressing,0.238
2025-03-01,RS,1,asking,0.329
2025-03-01,RS,1,doing,0.496
2025-03-01,RS,1,expressing,0.175
2025-03-01,SA,0,asking,0.484
2025-03-01,SA,0,doing,0.257
2025-03-01,SA,0,expressing,0.259
2025-03-01,SA,1,asking,0.331
2025-03-01,SA,1,doing,0.513
2025-03-01,SA,1,expressing,0.156
2025-03-01,SC,0,asking,0.129
2025-03-01,SC,0,doing,0.453
2025-03-01,SC,0,expressing,0.418
2025-03-01,SC,1,asking,0.165
2025-03-01,SC,1,doing,0.818
2025-03-01,SC,1,expressing,0.017
2025-03-01,SE,0,asking,0.554
2025-03-01,SE,0,doing,0.252
2025-03-01,SE,0,expressing,0.194
2025-03-01,SE,1,asking,0.411
2025-03-01,SE,1,doing,0.455
2025-03-01,SE,1,expressing,0.135
2025-03-01,SG,0,asking,0.527
2025-03-01,SG,0,doing,0.280
2025-03-01,SG,0,expressing,0.193
2025-03-01,SG,1,asking,0.406
2025-03-01,SG,1,doing,0.467
2025-03-01,SG,1,expressing,0.128
2025-03-01,SI,0,asking,0.562
2025-03-01,SI,0,doing,0.192
2025-03-01,SI,0,expressing,0.246
2025-03-01,SK,0,asking,0.531
2025-03-01,SK,0,doing,0.266
2025-03-01,SK,0,expressing,0.203
2025-03-01,SK,1,asking,0.390
2025-03-01,SK,1,doing,0.444
2025-03-01,SK,1,expressing,0.166
2025-03-01,SN,0,asking,0.384
2025-03-01,SN,0,doing,0.377
2025-03-01,SN,0,expressing,0.239
2025-03-01,SO,0,asking,0.517
2025-03-01,SO,0,doing,0.268
2025-03-01,SO,0,expressing,0.215
2025-03-01,SV,0,asking,0.451
2025-03-01,SV,0,doing,0.322
2025-03-01,SV,0,expressing,0.227
2025-03-01,TH,0,asking,0.529
2025-03-01,TH,0,doing,0.290
2025-03-01,TH,0,expressing,0.181
2025-03-01,TH,1,asking,0.403
2025-03-01,TH,1,doing,0.467
2025-03-01,TH,1,expressing,0.130
2025-03-01,TN,0,asking,0.428
2025-03-01,TN,0,doing,0.288
2025-03-01,TN,0,expressing,0.284
2025-03-01,TN,1,asking,0.344
2025-03-01,TN,1,doing,0.495
2025-03-01,TN,1,expressing,0.161
2025-03-01,TR,0,asking,0.475
2025-03-01,TR,0,doing,0.267
2025-03-01,TR,0,expressing,0.258
2025-03-01,TR,1,asking,0.352
2025-03-01,TR,1,doing,0.481
2025-03-01,TR,1,expressing,0.167
2025-03-01,TW,0,asking,0.468
2025-03-01,TW,0,doing,0.309
2025-03-01,TW,0,expressing,0.223
2025-03-01,TW,1,asking,0.381
2025-03-01,TW,1,doing,0.460
2025-03-01,TW,1,expressing,0.160
2025-03-01,TZ,0,asking,0.587
2025-03-01,TZ,0,doing,0.253
2025-03-01,TZ,0,expressing,0.160
2025-03-01,TZ,1,asking,0.310
2025-03-01,TZ,1,doing,0.504
2025-03-01,TZ,1,expressing,0.186
2025-03-01,UA,0,asking,0.499
2025-03-01,UA,0,doing,0.308
2025-03-01,UA,0,expressing,0.193
2025-03-01,UA,1,asking,0.354
2025-03-01,UA,1,doing,0.511
2025-03-01,UA,1,expressing,0.135
2025-03-01,UG,0,asking,0.642
2025-03-01,UG,0,doing,0.224
2025-03-01,UG,0,expressing,0.134
2025-03-01,US,0,asking,0.536
2025-03-01,US,0,doing,0.288
2025-03-01,US,0,expressing,0.176
2025-03-01,US,1,asking,0.385
2025-03-01,US,1,doing,0.493
2025-03-01,US,1,expressing,0.122
2025-03-01,UY,0,asking,0.518
2025-03-01,UY,0,doing,0.269
2025-03-01,UY,0,expressing,0.213
2025-03-01,UZ,0,asking,0.455
2025-03-01,UZ,0,doing,0.274
2025-03-01,UZ,0,expressing,0.271
2025-03-01,UZ,1,asking,0.387
2025-03-01,UZ,1,doing,0.440
2025-03-01,UZ,1,expressing,0.173
2025-03-01,VN,0,asking,0.430
2025-03-01,VN,0,doing,0.350
2025-03-01,VN,0,expressing,0.219
2025-03-01,VN,1,asking,0.369
2025-03-01,VN,1,doing,0.497
2025-03-01,VN,1,expressing,0.134
2025-03-01,YE,0,asking,0.494
2025-03-01,YE,0,doing,0.248
2025-03-01,YE,0,expressing,0.258
2025-03-01,ZA,0,asking,0.510
2025-03-01,ZA,0,doing,0.295
2025-03-01,ZA,0,expressing,0.195
2025-03-01,ZA,1,asking,0.393
2025-03-01,ZA,1,doing,0.493
2025-03-01,ZA,1,expressing,0.114
2025-04-01,AE,0,asking,0.464
2025-04-01,AE,0,doing,0.305
2025-04-01,AE,0,expressing,0.231
2025-04-01,AE,1,asking,0.291
2025-04-01,AE,1,doing,0.539
2025-04-01,AE,1,expressing,0.171
2025-04-01,AF,0,asking,0.479
2025-04-01,AF,0,doing,0.259
2025-04-01,AF,0,expressing,0.262
2025-04-01,AL,0,asking,0.393
2025-04-01,AL,0,doing,0.343
2025-04-01,AL,0,expressing,0.263
2025-04-01,AM,0,asking,0.423
2025-04-01,AM,0,doing,0.335
2025-04-01,AM,0,expressing,0.242
2025-04-01,AO,0,asking,0.352
2025-04-01,AO,0,doing,0.386
2025-04-01,AO,0,expressing,0.263
2025-04-01,AR,0,asking,0.380
2025-04-01,AR,0,doing,0.358
2025-04-01,AR,0,expressing,0.262
2025-04-01,AR,1,asking,0.298
2025-04-01,AR,1,doing,0.518
2025-04-01,AR,1,expressing,0.184
2025-04-01,AT,0,asking,0.475
2025-04-01,AT,0,doing,0.318
2025-04-01,AT,0,expressing,0.206
2025-04-01,AT,1,asking,0.370
2025-04-01,AT,1,doing,0.459
2025-04-01,AT,1,expressing,0.171
2025-04-01,AU,0,asking,0.482
2025-04-01,AU,0,doing,0.309
2025-04-01,AU,0,expressing,0.208
2025-04-01,AU,1,asking,0.350
2025-04-01,AU,1,doing,0.518
2025-04-01,AU,1,expressing,0.132
2025-04-01,AZ,0,asking,0.447
2025-04-01,AZ,0,doing,0.240
2025-04-01,AZ,0,expressing,0.313
2025-04-01,AZ,1,asking,0.442
2025-04-01,AZ,1,doing,0.401
2025-04-01,AZ,1,expressing,0.157
2025-04-01,BA,0,asking,0.502
2025-04-01,BA,0,doing,0.276
2025-04-01,BA,0,expressing,0.221
2025-04-01,BD,0,asking,0.416
2025-04-01,BD,0,doing,0.310
2025-04-01,BD,0,expressing,0.274
2025-04-01,BD,1,asking,0.363
2025-04-01,BD,1,doing,0.481
2025-04-01,BD,1,expressing,0.156
2025-04-01,BE,0,asking,0.476
2025-04-01,BE,0,doing,0.295
2025-04-01,BE,0,expressing,0.229
2025-04-01,BE,1,asking,0.345
2025-04-01,BE,1,doing,0.499
2025-04-01,BE,1,expressing,0.156
2025-04-01,BG,0,asking,0.509
2025-04-01,BG,0,doing,0.256
2025-04-01,BG,0,expressing,0.235
2025-04-01,BG,1,asking,0.318
2025-04-01,BG,1,doing,0.530
2025-04-01,BG,1,expressing,0.152
2025-04-01,BH,0,asking,0.448
2025-04-01,BH,0,doing,0.246
2025-04-01,BH,0,expressing,0.306
2025-04-01,BO,0,asking,0.493
2025-04-01,BO,0,doing,0.338
2025-04-01,BO,0,expressing,0.169
2025-04-01,BO,1,asking,0.281
2025-04-01,BO,1,doing,0.610
2025-04-01,BO,1,expressing,0.109
2025-04-01,BR,0,asking,0.381
2025-04-01,BR,0,doing,0.375
2025-04-01,BR,0,expressing,0.244
2025-04-01,BR,1,asking,0.280
2025-04-01,BR,1,doing,0.551
2025-04-01,BR,1,expressing,0.169
2025-04-01,CA,0,asking,0.482
2025-04-01,CA,0,doing,0.301
2025-04-01,CA,0,expressing,0.216
2025-04-01,CA,1,asking,0.364
2025-04-01,CA,1,doing,0.491
2025-04-01,CA,1,expressing,0.144
2025-04-01,CD,0,asking,0.383
2025-04-01,CD,0,doing,0.412
2025-04-01,CD,0,expressing,0.205
2025-04-01,CH,0,asking,0.493
2025-04-01,CH,0,doing,0.291
2025-04-01,CH,0,expressing,0.215
2025-04-01,CH,1,asking,0.343
2025-04-01,CH,1,doing,0.482
2025-04-01,CH,1,expressing,0.175
2025-04-01,CI,0,asking,0.391
2025-04-01,CI,0,doing,0.343
2025-04-01,CI,0,expressing,0.266
2025-04-01,CL,0,asking,0.441
2025-04-01,CL,0,doing,0.344
2025-04-01,CL,0,expressing,0.214
2025-04-01,CL,1,asking,0.333
2025-04-01,CL,1,doing,0.506
2025-04-01,CL,1,expressing,0.161
2025-04-01,CM,0,asking,0.342
2025-04-01,CM,0,doing,0.429
2025-04-01,CM,0,expressing,0.230
2025-04-01,CO,0,asking,0.401
2025-04-01,CO,0,doing,0.370
2025-04-01,CO,0,expressing,0.229
2025-04-01,CO,1,asking,0.315
2025-04-01,CO,1,doing,0.541
2025-04-01,CO,1,expressing,0.144
2025-04-01,CR,0,asking,0.472
2025-04-01,CR,0,doing,0.278
2025-04-01,CR,0,expressing,0.250
2025-04-01,CR,1,asking,0.183
2025-04-01,CR,1,doing,0.623
2025-04-01,CR,1,expressing,0.194
2025-04-01,CY,0,asking,0.488
2025-04-01,CY,0,doing,0.290
2025-04-01,CY,0,expressing,0.222
2025-04-01,CZ,0,asking,0.519
2025-04-01,CZ,0,doing,0.265
2025-04-01,CZ,0,expressing,0.216
2025-04-01,CZ,1,asking,0.297
2025-04-01,CZ,1,doing,0.504
2025-04-01,CZ,1,expressing,0.199
2025-04-01,DE,0,asking,0.473
2025-04-01,DE,0,doing,0.296
2025-04-01,DE,0,expressing,0.232
2025-04-01,DE,1,asking,0.364
2025-04-01,DE,1,doing,0.481
2025-04-01,DE,1,expressing,0.156
2025-04-01,DK,0,asking,0.486
2025-04-01,DK,0,doing,0.312
2025-04-01,DK,0,expressing,0.202
2025-04-01,DK,1,asking,0.345
2025-04-01,DK,1,doing,0.522
2025-04-01,DK,1,expressing,0.134
2025-04-01,DO,0,asking,0.451
2025-04-01,DO,0,doing,0.305
2025-04-01,DO,0,expressing,0.244
2025-04-01,DO,1,asking,0.301
2025-04-01,DO,1,doing,0.513
2025-04-01,DO,1,expressing,0.185
2025-04-01,DZ,0,asking,0.421
2025-04-01,DZ,0,doing,0.271
2025-04-01,DZ,0,expressing,0.307
2025-04-01,DZ,1,asking,0.349
2025-04-01,DZ,1,doing,0.486
2025-04-01,DZ,1,expressing,0.165
2025-04-01,EC,0,asking,0.446
2025-04-01,EC,0,doing,0.364
2025-04-01,EC,0,expressing,0.190
2025-04-01,EC,1,asking,0.308
2025-04-01,EC,1,doing,0.543
2025-04-01,EC,1,expressing,0.149
2025-04-01,EE,0,asking,0.590
2025-04-01,EE,0,doing,0.237
2025-04-01,EE,0,expressing,0.174
2025-04-01,EG,0,asking,0.438
2025-04-01,EG,0,doing,0.272
2025-04-01,EG,0,expressing,0.290
2025-04-01,EG,1,asking,0.380
2025-04-01,EG,1,doing,0.457
2025-04-01,EG,1,expressing,0.163
2025-04-01,ES,0,asking,0.455
2025-04-01,ES,0,doing,0.318
2025-04-01,ES,0,expressing,0.227
2025-04-01,ES,1,asking,0.341
2025-04-01,ES,1,doing,0.506
2025-04-01,ES,1,expressing,0.153
2025-04-01,ET,0,asking,0.484
2025-04-01,ET,0,doing,0.299
2025-04-01,ET,0,expressing,0.217
2025-04-01,FI,0,asking,0.435
2025-04-01,FI,0,doing,0.320
2025-04-01,FI,0,expressing,0.245
2025-04-01,FI,1,asking,0.387
2025-04-01,FI,1,doing,0.454
2025-04-01,FI,1,expressing,0.159
2025-04-01,FR,0,asking,0.439
2025-04-01,FR,0,doing,0.309
2025-04-01,FR,0,expressing,0.252
2025-04-01,FR,1,asking,0.329
2025-04-01,FR,1,doing,0.511
2025-04-01,FR,1,expressing,0.160
2025-04-01,GB,0,asking,0.467
2025-04-01,GB,0,doing,0.298
2025-04-01,GB,0,expressing,0.235
2025-04-01,GB,1,asking,0.354
2025-04-01,GB,1,doing,0.518
2025-04-01,GB,1,expressing,0.128
2025-04-01,GE,0,asking,0.442
2025-04-01,GE,0,doing,0.290
2025-04-01,GE,0,expressing,0.269
2025-04-01,GE,1,asking,0.363
2025-04-01,GE,1,doing,0.474
2025-04-01,GE,1,expressing,0.163
2025-04-01,GH,0,asking,0.515
2025-04-01,GH,0,doing,0.312
2025-04-01,GH,0,expressing,0.172
2025-04-01,GH,1,asking,0.387
2025-04-01,GH,1,doing,0.456
2025-04-01,GH,1,expressing,0.157
2025-04-01,GR,0,asking,0.469
2025-04-01,GR,0,doing,0.272
2025-04-01,GR,0,expressing,0.259
2025-04-01,GR,1,asking,0.351
2025-04-01,GR,1,doing,0.478
2025-04-01,GR,1,expressing,0.171
2025-04-01,GT,0,asking,0.425
2025-04-01,GT,0,doing,0.342
2025-04-01,GT,0,expressing,0.233
2025-04-01,GT,1,asking,0.361
2025-04-01,GT,1,doing,0.532
2025-04-01,GT,1,expressing,0.107
2025-04-01,HN,0,asking,0.407
2025-04-01,HN,0,doing,0.342
2025-04-01,HN,0,expressing,0.252
2025-04-01,HR,0,asking,0.459
2025-04-01,HR,0,doing,0.304
2025-04-01,HR,0,expressing,0.237
2025-04-01,HR,1,asking,0.358
2025-04-01,HR,1,doing,0.490
2025-04-01,HR,1,expressing,0.152
2025-04-01,HU,0,asking,0.492
2025-04-01,HU,0,doing,0.265
2025-04-01,HU,0,expressing,0.243
2025-04-01,HU,1,asking,0.346
2025-04-01,HU,1,doing,0.480
2025-04-01,HU,1,expressing,0.174
2025-04-01,ID,0,asking,0.461
2025-04-01,ID,0,doing,0.327
2025-04-01,ID,0,expressing,0.211
2025-04-01,ID,1,asking,0.355
2025-04-01,ID,1,doing,0.536
2025-04-01,ID,1,expressing,0.109
2025-04-01,IE,0,asking,0.476
2025-04-01,IE,0,doing,0.329
2025-04-01,IE,0,expressing,0.195
2025-04-01,IE,1,asking,0.387
2025-04-01,IE,1,doing,0.449
2025-04-01,IE,1,expressing,0.164
2025-04-01,IL,0,asking,0.459
2025-04-01,IL,0,doing,0.276
2025-04-01,IL,0,expressing,0.265
2025-04-01,IL,1,asking,0.345
2025-04-01,IL,1,doing,0.472
2025-04-01,IL,1,expressing,0.183
2025-04-01,IN,0,asking,0.438
2025-04-01,IN,0,doing,0.344
2025-04-01,IN,0,expressing,0.218
2025-04-01,IN,1,asking,0.389
2025-04-01,IN,1,doing,0.483
2025-04-01,IN,1,expressing,0.129
2025-04-01,IQ,0,asking,0.381
2025-04-01,IQ,0,doing,0.263
2025-04-01,IQ,0,expressing,0.357
2025-04-01,IQ,1,asking,0.299
2025-04-01,IQ,1,doing,0.516
2025-04-01,IQ,1,expressing,0.185
2025-04-01,IT,0,asking,0.451
2025-04-01,IT,0,doing,0.311
2025-04-01,IT,0,expressing,0.238
2025-04-01,IT,1,asking,0.362
2025-04-01,IT,1,doing,0.485
2025-04-01,IT,1,expressing,0.153
2025-04-01,JO,0,asking,0.446
2025-04-01,JO,0,doing,0.262
2025-04-01,JO,0,expressing,0.292
2025-04-01,JO,1,asking,0.301
2025-04-01,JO,1,doing,0.512
2025-04-01,JO,1,expressing,0.187
2025-04-01,JP,0,asking,0.432
2025-04-01,JP,0,doing,0.260
2025-04-01,JP,0,expressing,0.308
2025-04-01,JP,1,asking,0.397
2025-04-01,JP,1,doing,0.410
2025-04-01,JP,1,expressing,0.193
2025-04-01,KE,0,asking,0.506
2025-04-01,KE,0,doing,0.274
2025-04-01,KE,0,expressing,0.220
2025-04-01,KE,1,asking,0.406
2025-04-01,KE,1,doing,0.481
2025-04-01,KE,1,expressing,0.113
2025-04-01,KG,0,asking,0.421
2025-04-01,KG,0,doing,0.336
2025-04-01,KG,0,expressing,0.243
2025-04-01,KH,0,asking,0.432
2025-04-01,KH,0,doing,0.361
2025-04-01,KH,0,expressing,0.206
2025-04-01,KR,0,asking,0.467
2025-04-01,KR,0,doing,0.294
2025-04-01,KR,0,expressing,0.239
2025-04-01,KR,1,asking,0.414
2025-04-01,KR,1,doing,0.419
2025-04-01,KR,1,expressing,0.167
2025-04-01,KW,0,asking,0.434
2025-04-01,KW,0,doing,0.303
2025-04-01,KW,0,expressing,0.263
2025-04-01,KZ,0,asking,0.443
2025-04-01,KZ,0,doing,0.342
2025-04-01,KZ,0,expressing,0.215
2025-04-01,KZ,1,asking,0.333
2025-04-01,KZ,1,doing,0.520
2025-04-01,KZ,1,expressing,0.147
2025-04-01,LB,0,asking,0.440
2025-04-01,LB,0,doing,0.293
2025-04-01,LB,0,expressing,0.267
2025-04-01,LB,1,asking,0.357
2025-04-01,LB,1,doing,0.502
2025-04-01,LB,1,expressing,0.141
2025-04-01,LK,0,asking,0.400
2025-04-01,LK,0,doing,0.336
2025-04-01,LK,0,expressing,0.265
2025-04-01,LK,1,asking,0.311
2025-04-01,LK,1,doing,0.510
2025-04-01,LK,1,expressing,0.179
2025-04-01,LT,0,asking,0.457
2025-04-01,LT,0,doing,0.295
2025-04-01,LT,0,expressing,0.248
2025-04-01,LT,1,asking,0.356
2025-04-01,LT,1,doing,0.552
2025-04-01,LT,1,expressing,0.092
2025-04-01,LU,0,asking,0.439
2025-04-01,LU,0,doing,0.266
2025-04-01,LU,0,expressing,0.295
2025-04-01,LV,0,asking,0.527
2025-04-01,LV,0,doing,0.339
2025-04-01,LV,0,expressing,0.134
2025-04-01,LV,1,asking,0.328
2025-04-01,LV,1,doing,0.416
2025-04-01,LV,1,expressing,0.255
2025-04-01,LY,0,asking,0.455
2025-04-01,LY,0,doing,0.213
2025-04-01,LY,0,expressing,0.332
2025-04-01,MA,0,asking,0.446
2025-04-01,MA,0,doing,0.310
2025-04-01,MA,0,expressing,0.245
2025-04-01,MA,1,asking,0.312
2025-04-01,MA,1,doing,0.498
2025-04-01,MA,1,expressing,0.190
2025-04-01,MD,0,asking,0.495
2025-04-01,MD,0,doing,0.335
2025-04-01,MD,0,expressing,0.170
2025-04-01,MG,0,asking,0.465
2025-04-01,MG,0,doing,0.318
2025-04-01,MG,0,expressing,0.217
2025-04-01,MK,0,asking,0.491
2025-04-01,MK,0,doing,0.231
2025-04-01,MK,0,expressing,0.278
2025-04-01,MM,0,asking,0.379
2025-04-01,MM,0,doing,0.323
2025-04-01,MM,0,expressing,0.298
2025-04-01,MN,0,asking,0.404
2025-04-01,MN,0,doing,0.303
2025-04-01,MN,0,expressing,0.293
2025-04-01,MX,0,asking,0.427
2025-04-01,MX,0,doing,0.354
2025-04-01,MX,0,expressing,0.219
2025-04-01,MX,1,asking,0.303
2025-04-01,MX,1,doing,0.567
2025-04-01,MX,1,expressing,0.130
2025-04-01,MY,0,asking,0.414
2025-04-01,MY,0,doing,0.303
2025-04-01,MY,0,expressing,0.283
2025-04-01,MY,1,asking,0.336
2025-04-01,MY,1,doing,0.507
2025-04-01,MY,1,expressing,0.157
2025-04-01,MZ,0,asking,0.501
2025-04-01,MZ,0,doing,0.279
2025-04-01,MZ,0,expressing,0.220
2025-04-01,NG,0,asking,0.431
2025-04-01,NG,0,doing,0.354
2025-04-01,NG,0,expressing,0.215
2025-04-01,NG,1,asking,0.306
2025-04-01,NG,1,doing,0.560
2025-04-01,NG,1,expressing,0.134
2025-04-01,NI,0,asking,0.465
2025-04-01,NI,0,doing,0.343
2025-04-01,NI,0,expressing,0.191
2025-04-01,NL,0,asking,0.483
2025-04-01,NL,0,doing,0.298
2025-04-01,NL,0,expressing,0.219
2025-04-01,NL,1,asking,0.324
2025-04-01,NL,1,doing,0.526
2025-04-01,NL,1,expressing,0.150
2025-04-01,NO,0,asking,0.495
2025-04-01,NO,0,doing,0.254
2025-04-01,NO,0,expressing,0.250
2025-04-01,NO,1,asking,0.371
2025-04-01,NO,1,doing,0.476
2025-04-01,NO,1,expressing,0.153
2025-04-01,NP,0,asking,0.449
2025-04-01,NP,0,doing,0.337
2025-04-01,NP,0,expressing,0.214
2025-04-01,NP,1,asking,0.484
2025-04-01,NP,1,doing,0.372
2025-04-01,NP,1,expressing,0.144
2025-04-01,NZ,0,asking,0.468
2025-04-01,NZ,0,doing,0.312
2025-04-01,NZ,0,expressing,0.220
2025-04-01,NZ,1,asking,0.378
2025-04-01,NZ,1,doing,0.488
2025-04-01,NZ,1,expressing,0.134
2025-04-01,OM,0,asking,0.377
2025-04-01,OM,0,doing,0.363
2025-04-01,OM,0,expressing,0.261
2025-04-01,OM,1,asking,0.221
2025-04-01,OM,1,doing,0.588
2025-04-01,OM,1,expressing,0.191
2025-04-01,PA,0,asking,0.460
2025-04-01,PA,0,doing,0.348
2025-04-01,PA,0,expressing,0.192
2025-04-01,PA,1,asking,0.278
2025-04-01,PA,1,doing,0.543
2025-04-01,PA,1,expressing,0.179
2025-04-01,PE,0,asking,0.450
2025-04-01,PE,0,doing,0.371
2025-04-01,PE,0,expressing,0.179
2025-04-01,PE,1,asking,0.328
2025-04-01,PE,1,doing,0.546
2025-04-01,PE,1,expressing,0.126
2025-04-01,PH,0,asking,0.431
2025-04-01,PH,0,doing,0.396
2025-04-01,PH,0,expressing,0.173
2025-04-01,PH,1,asking,0.299
2025-04-01,PH,1,doing,0.591
2025-04-01,PH,1,expressing,0.109
2025-04-01,PK,0,asking,0.449
2025-04-01,PK,0,doing,0.340
2025-04-01,PK,0,expressing,0.211
2025-04-01,PK,1,asking,0.310
2025-04-01,PK,1,doing,0.540
2025-04-01,PK,1,expressing,0.150
2025-04-01,PL,0,asking,0.480
2025-04-01,PL,0,doing,0.308
2025-04-01,PL,0,expressing,0.212
2025-04-01,PL,1,asking,0.327
2025-04-01,PL,1,doing,0.520
2025-04-01,PL,1,expressing,0.153
2025-04-01,PR,0,asking,0.437
2025-04-01,PR,0,doing,0.339
2025-04-01,PR,0,expressing,0.224
2025-04-01,PR,1,asking,0.279
2025-04-01,PR,1,doing,0.629
2025-04-01,PR,1,expressing,0.092
2025-04-01,PS,0,asking,0.477
2025-04-01,PS,0,doing,0.267
2025-04-01,PS,0,expressing,0.256
2025-04-01,PT,0,asking,0.501
2025-04-01,PT,0,doing,0.289
2025-04-01,PT,0,expressing,0.210
2025-04-01,PT,1,asking,0.358
2025-04-01,PT,1,doing,0.468
2025-04-01,PT,1,expressing,0.174
2025-04-01,PY,0,asking,0.427
2025-04-01,PY,0,doing,0.331
2025-04-01,PY,0,expressing,0.242
2025-04-01,QA,0,asking,0.478
2025-04-01,QA,0,doing,0.323
2025-04-01,QA,0,expressing,0.199
2025-04-01,QA,1,asking,0.360
2025-04-01,QA,1,doing,0.445
2025-04-01,QA,1,expressing,0.195
2025-04-01,RO,0,asking,0.443
2025-04-01,RO,0,doing,0.283
2025-04-01,RO,0,expressing,0.274
2025-04-01,RO,1,asking,0.357
2025-04-01,RO,1,doing,0.476
2025-04-01,RO,1,expressing,0.168
2025-04-01,RS,0,asking,0.469
2025-04-01,RS,0,doing,0.239
2025-04-01,RS,0,expressing,0.292
2025-04-01,RS,1,asking,0.353
2025-04-01,RS,1,doing,0.447
2025-04-01,RS,1,expressing,0.200
2025-04-01,SA,0,asking,0.411
2025-04-01,SA,0,doing,0.274
2025-04-01,SA,0,expressing,0.315
2025-04-01,SA,1,asking,0.316
2025-04-01,SA,1,doing,0.530
2025-04-01,SA,1,expressing,0.154
2025-04-01,SE,0,asking,0.502
2025-04-01,SE,0,doing,0.298
2025-04-01,SE,0,expressing,0.200
2025-04-01,SE,1,asking,0.403
2025-04-01,SE,1,doing,0.430
2025-04-01,SE,1,expressing,0.167
2025-04-01,SG,0,asking,0.481
2025-04-01,SG,0,doing,0.298
2025-04-01,SG,0,expressing,0.221
2025-04-01,SG,1,asking,0.366
2025-04-01,SG,1,doing,0.487
2025-04-01,SG,1,expressing,0.147
2025-04-01,SI,0,asking,0.518
2025-04-01,SI,0,doing,0.291
2025-04-01,SI,0,expressing,0.190
2025-04-01,SK,0,asking,0.479
2025-04-01,SK,0,doing,0.305
2025-04-01,SK,0,expressing,0.216
2025-04-01,SK,1,asking,0.290
2025-04-01,SK,1,doing,0.495
2025-04-01,SK,1,expressing,0.215
2025-04-01,SN,0,asking,0.366
2025-04-01,SN,0,doing,0.296
2025-04-01,SN,0,expressing,0.338
2025-04-01,SN,1,asking,0.334
2025-04-01,SN,1,doing,0.485
2025-04-01,SN,1,expressing,0.181
2025-04-01,SO,0,asking,0.397
2025-04-01,SO,0,doing,0.372
2025-04-01,SO,0,expressing,0.231
2025-04-01,SV,0,asking,0.402
2025-04-01,SV,0,doing,0.356
2025-04-01,SV,0,expressing,0.242
2025-04-01,SV,1,asking,0.391
2025-04-01,SV,1,doing,0.530
2025-04-01,SV,1,expressing,0.079
2025-04-01,TH,0,asking,0.450
2025-04-01,TH,0,doing,0.302
2025-04-01,TH,0,expressing,0.248
2025-04-01,TH,1,asking,0.341
2025-04-01,TH,1,doing,0.515
2025-04-01,TH,1,expressing,0.145
2025-04-01,TN,0,asking,0.406
2025-04-01,TN,0,doing,0.328
2025-04-01,TN,0,expressing,0.266
2025-04-01,TN,1,asking,0.373
2025-04-01,TN,1,doing,0.479
2025-04-01,TN,1,expressing,0.148
2025-04-01,TR,0,asking,0.410
2025-04-01,TR,0,doing,0.286
2025-04-01,TR,0,expressing,0.304
2025-04-01,TR,1,asking,0.330
2025-04-01,TR,1,doing,0.498
2025-04-01,TR,1,expressing,0.173
2025-04-01,TW,0,asking,0.409
2025-04-01,TW,0,doing,0.301
2025-04-01,TW,0,expressing,0.291
2025-04-01,TW,1,asking,0.345
2025-04-01,TW,1,doing,0.474
2025-04-01,TW,1,expressing,0.181
2025-04-01,TZ,0,asking,0.494
2025-04-01,TZ,0,doing,0.285
2025-04-01,TZ,0,expressing,0.221
2025-04-01,UA,0,asking,0.479
2025-04-01,UA,0,doing,0.320
2025-04-01,UA,0,expressing,0.201
2025-04-01,UA,1,asking,0.342
2025-04-01,UA,1,doing,0.521
2025-04-01,UA,1,expressing,0.138
2025-04-01,US,0,asking,0.488
2025-04-01,US,0,doing,0.304
2025-04-01,US,0,expressing,0.208
2025-04-01,US,1,asking,0.367
2025-04-01,US,1,doing,0.492
2025-04-01,US,1,expressing,0.140
2025-04-01,UY,0,asking,0.410
2025-04-01,UY,0,doing,0.337
2025-04-01,UY,0,expressing,0.253
2025-04-01,UZ,0,asking,0.410
2025-04-01,UZ,0,doing,0.324
2025-04-01,UZ,0,expressing,0.266
2025-04-01,UZ,1,asking,0.294
2025-04-01,UZ,1,doing,0.511
2025-04-01,UZ,1,expressing,0.195
2025-04-01,VN,0,asking,0.422
2025-04-01,VN,0,doing,0.333
2025-04-01,VN,0,expressing,0.245
2025-04-01,VN,1,asking,0.337
2025-04-01,VN,1,doing,0.516
2025-04-01,VN,1,expressing,0.147
2025-04-01,YE,0,asking,0.446
2025-04-01,YE,0,doing,0.335
2025-04-01,YE,0,expressing,0.219
2025-04-01,ZA,0,asking,0.474
2025-04-01,ZA,0,doing,0.302
2025-04-01,ZA,0,expressing,0.224
2025-04-01,ZA,1,asking,0.351
2025-04-01,ZA,1,doing,0.524
2025-04-01,ZA,1,expressing,0.125
2025-05-01,AE,0,asking,0.460
2025-05-01,AE,0,doing,0.305
2025-05-01,AE,0,expressing,0.235
2025-05-01,AE,1,asking,0.281
2025-05-01,AE,1,doing,0.565
2025-05-01,AE,1,expressing,0.154
2025-05-01,AF,0,asking,0.451
2025-05-01,AF,0,doing,0.307
2025-05-01,AF,0,expressing,0.242
2025-05-01,AL,0,asking,0.441
2025-05-01,AL,0,doing,0.302
2025-05-01,AL,0,expressing,0.257
2025-05-01,AM,0,asking,0.439
2025-05-01,AM,0,doing,0.332
2025-05-01,AM,0,expressing,0.230
2025-05-01,AO,0,asking,0.451
2025-05-01,AO,0,doing,0.302
2025-05-01,AO,0,expressing,0.247
2025-05-01,AR,0,asking,0.452
2025-05-01,AR,0,doing,0.304
2025-05-01,AR,0,expressing,0.244
2025-05-01,AR,1,asking,0.337
2025-05-01,AR,1,doing,0.496
2025-05-01,AR,1,expressing,0.167
2025-05-01,AT,0,asking,0.517
2025-05-01,AT,0,doing,0.292
2025-05-01,AT,0,expressing,0.191
2025-05-01,AT,1,asking,0.362
2025-05-01,AT,1,doing,0.503
2025-05-01,AT,1,expressing,0.135
2025-05-01,AU,0,asking,0.509
2025-05-01,AU,0,doing,0.304
2025-05-01,AU,0,expressing,0.187
2025-05-01,AU,1,asking,0.330
2025-05-01,AU,1,doing,0.538
2025-05-01,AU,1,expressing,0.132
2025-05-01,AZ,0,asking,0.448
2025-05-01,AZ,0,doing,0.221
2025-05-01,AZ,0,expressing,0.331
2025-05-01,AZ,1,asking,0.303
2025-05-01,AZ,1,doing,0.478
2025-05-01,AZ,1,expressing,0.219
2025-05-01,BA,0,asking,0.444
2025-05-01,BA,0,doing,0.289
2025-05-01,BA,0,expressing,0.267
2025-05-01,BD,0,asking,0.470
2025-05-01,BD,0,doing,0.299
2025-05-01,BD,0,expressing,0.231
2025-05-01,BD,1,asking,0.401
2025-05-01,BD,1,doing,0.443
2025-05-01,BD,1,expressing,0.156
2025-05-01,BE,0,asking,0.519
2025-05-01,BE,0,doing,0.277
2025-05-01,BE,0,expressing,0.204
2025-05-01,BE,1,asking,0.356
2025-05-01,BE,1,doing,0.476
2025-05-01,BE,1,expressing,0.168
2025-05-01,BG,0,asking,0.555
2025-05-01,BG,0,doing,0.219
2025-05-01,BG,0,expressing,0.225
2025-05-01,BG,1,asking,0.361
2025-05-01,BG,1,doing,0.492
2025-05-01,BG,1,expressing,0.148
2025-05-01,BH,0,asking,0.441
2025-05-01,BH,0,doing,0.333
2025-05-01,BH,0,expressing,0.226
2025-05-01,BO,0,asking,0.533
2025-05-01,BO,0,doing,0.311
2025-05-01,BO,0,expressing,0.156
2025-05-01,BO,1,asking,0.305
2025-05-01,BO,1,doing,0.573
2025-05-01,BO,1,expressing,0.122
2025-05-01,BR,0,asking,0.422
2025-05-01,BR,0,doing,0.364
2025-05-01,BR,0,expressing,0.214
2025-05-01,BR,1,asking,0.293
2025-05-01,BR,1,doing,0.554
2025-05-01,BR,1,expressing,0.154
2025-05-01,CA,0,asking,0.505
2025-05-01,CA,0,doing,0.280
2025-05-01,CA,0,expressing,0.215
2025-05-01,CA,1,asking,0.356
2025-05-01,CA,1,doing,0.501
2025-05-01,CA,1,expressing,0.143
2025-05-01,CD,0,asking,0.480
2025-05-01,CD,0,doing,0.302
2025-05-01,CD,0,expressing,0.219
2025-05-01,CH,0,asking,0.525
2025-05-01,CH,0,doing,0.296
2025-05-01,CH,0,expressing,0.179
2025-05-01,CH,1,asking,0.353
2025-05-01,CH,1,doing,0.524
2025-05-01,CH,1,expressing,0.124
2025-05-01,CI,0,asking,0.431
2025-05-01,CI,0,doing,0.279
2025-05-01,CI,0,expressing,0.290
2025-05-01,CL,0,asking,0.480
2025-05-01,CL,0,doing,0.300
2025-05-01,CL,0,expressing,0.220
2025-05-01,CL,1,asking,0.333
2025-05-01,CL,1,doing,0.529
2025-05-01,CL,1,expressing,0.139
2025-05-01,CM,0,asking,0.529
2025-05-01,CM,0,doing,0.303
2025-05-01,CM,0,expressing,0.168
2025-05-01,CO,0,asking,0.433
2025-05-01,CO,0,doing,0.368
2025-05-01,CO,0,expressing,0.199
2025-05-01,CO,1,asking,0.325
2025-05-01,CO,1,doing,0.538
2025-05-01,CO,1,expressing,0.137
2025-05-01,CR,0,asking,0.472
2025-05-01,CR,0,doing,0.326
2025-05-01,CR,0,expressing,0.202
2025-05-01,CR,1,asking,0.290
2025-05-01,CR,1,doing,0.544
2025-05-01,CR,1,expressing,0.166
2025-05-01,CY,0,asking,0.524
2025-05-01,CY,0,doing,0.281
2025-05-01,CY,0,expressing,0.195
2025-05-01,CZ,0,asking,0.529
2025-05-01,CZ,0,doing,0.249
2025-05-01,CZ,0,expressing,0.222
2025-05-01,CZ,1,asking,0.419
2025-05-01,CZ,1,doing,0.417
2025-05-01,CZ,1,expressing,0.163
2025-05-01,DE,0,asking,0.499
2025-05-01,DE,0,doing,0.282
2025-05-01,DE,0,expressing,0.219
2025-05-01,DE,1,asking,0.377
2025-05-01,DE,1,doing,0.473
2025-05-01,DE,1,expressing,0.151
2025-05-01,DK,0,asking,0.528
2025-05-01,DK,0,doing,0.291
2025-05-01,DK,0,expressing,0.181
2025-05-01,DK,1,asking,0.347
2025-05-01,DK,1,doing,0.511
2025-05-01,DK,1,expressing,0.142
2025-05-01,DO,0,asking,0.446
2025-05-01,DO,0,doing,0.335
2025-05-01,DO,0,expressing,0.219
2025-05-01,DO,1,asking,0.319
2025-05-01,DO,1,doing,0.526
2025-05-01,DO,1,expressing,0.155
2025-05-01,DZ,0,asking,0.436
2025-05-01,DZ,0,doing,0.276
2025-05-01,DZ,0,expressing,0.288
2025-05-01,DZ,1,asking,0.347
2025-05-01,DZ,1,doing,0.444
2025-05-01,DZ,1,expressing,0.209
2025-05-01,EC,0,asking,0.490
2025-05-01,EC,0,doing,0.337
2025-05-01,EC,0,expressing,0.173
2025-05-01,EC,1,asking,0.316
2025-05-01,EC,1,doing,0.551
2025-05-01,EC,1,expressing,0.132
2025-05-01,EE,0,asking,0.473
2025-05-01,EE,0,doing,0.316
2025-05-01,EE,0,expressing,0.211
2025-05-01,EG,0,asking,0.460
2025-05-01,EG,0,doing,0.262
2025-05-01,EG,0,expressing,0.278
2025-05-01,EG,1,asking,0.335
2025-05-01,EG,1,doing,0.476
2025-05-01,EG,1,expressing,0.189
2025-05-01,ES,0,asking,0.497
2025-05-01,ES,0,doing,0.291
2025-05-01,ES,0,expressing,0.212
2025-05-01,ES,1,asking,0.356
2025-05-01,ES,1,doing,0.477
2025-05-01,ES,1,expressing,0.167
2025-05-01,ET,0,asking,0.539
2025-05-01,ET,0,doing,0.258
2025-05-01,ET,0,expressing,0.203
2025-05-01,ET,1,asking,0.397
2025-05-01,ET,1,doing,0.474
2025-05-01,ET,1,expressing,0.130
2025-05-01,FI,0,asking,0.465
2025-05-01,FI,0,doing,0.268
2025-05-01,FI,0,expressing,0.267
2025-05-01,FI,1,asking,0.391
2025-05-01,FI,1,doing,0.418
2025-05-01,FI,1,expressing,0.191
2025-05-01,FR,0,asking,0.473
2025-05-01,FR,0,doing,0.301
2025-05-01,FR,0,expressing,0.225
2025-05-01,FR,1,asking,0.333
2025-05-01,FR,1,doing,0.507
2025-05-01,FR,1,expressing,0.160
2025-05-01,GB,0,asking,0.497
2025-05-01,GB,0,doing,0.293
2025-05-01,GB,0,expressing,0.211
2025-05-01,GB,1,asking,0.363
2025-05-01,GB,1,doing,0.493
2025-05-01,GB,1,expressing,0.144
2025-05-01,GE,0,asking,0.479
2025-05-01,GE,0,doing,0.254
2025-05-01,GE,0,expressing,0.266
2025-05-01,GE,1,asking,0.390
2025-05-01,GE,1,doing,0.456
2025-05-01,GE,1,expressing,0.153
2025-05-01,GH,0,asking,0.415
2025-05-01,GH,0,doing,0.382
2025-05-01,GH,0,expressing,0.204
2025-05-01,GH,1,asking,0.274
2025-05-01,GH,1,doing,0.544
2025-05-01,GH,1,expressing,0.181
2025-05-01,GR,0,asking,0.497
2025-05-01,GR,0,doing,0.244
2025-05-01,GR,0,expressing,0.259
2025-05-01,GR,1,asking,0.343
2025-05-01,GR,1,doing,0.453
2025-05-01,GR,1,expressing,0.204
2025-05-01,GT,0,asking,0.472
2025-05-01,GT,0,doing,0.340
2025-05-01,GT,0,expressing,0.188
2025-05-01,GT,1,asking,0.365
2025-05-01,GT,1,doing,0.514
2025-05-01,GT,1,expressing,0.122
2025-05-01,HN,0,asking,0.435
2025-05-01,HN,0,doing,0.298
2025-05-01,HN,0,expressing,0.267
2025-05-01,HR,0,asking,0.512
2025-05-01,HR,0,doing,0.230
2025-05-01,HR,0,expressing,0.258
2025-05-01,HR,1,asking,0.474
2025-05-01,HR,1,doing,0.388
2025-05-01,HR,1,expressing,0.138
2025-05-01,HT,0,asking,0.330
2025-05-01,HT,0,doing,0.398
2025-05-01,HT,0,expressing,0.272
2025-05-01,HU,0,asking,0.507
2025-05-01,HU,0,doing,0.244
2025-05-01,HU,0,expressing,0.249
2025-05-01,HU,1,asking,0.383
2025-05-01,HU,1,doing,0.454
2025-05-01,HU,1,expressing,0.163
2025-05-01,ID,0,asking,0.481
2025-05-01,ID,0,doing,0.338
2025-05-01,ID,0,expressing,0.181
2025-05-01,ID,1,asking,0.331
2025-05-01,ID,1,doing,0.568
2025-05-01,ID,1,expressing,0.102
2025-05-01,IE,0,asking,0.502
2025-05-01,IE,0,doing,0.259
2025-05-01,IE,0,expressing,0.239
2025-05-01,IE,1,asking,0.318
2025-05-01,IE,1,doing,0.588
2025-05-01,IE,1,expressing,0.094
2025-05-01,IL,0,asking,0.493
2025-05-01,IL,0,doing,0.245
2025-05-01,IL,0,expressing,0.262
2025-05-01,IL,1,asking,0.382
2025-05-01,IL,1,doing,0.441
2025-05-01,IL,1,expressing,0.177
2025-05-01,IN,0,asking,0.494
2025-05-01,IN,0,doing,0.315
2025-05-01,IN,0,expressing,0.191
2025-05-01,IN,1,asking,0.406
2025-05-01,IN,1,doing,0.475
2025-05-01,IN,1,expressing,0.120
2025-05-01,IQ,0,asking,0.443
2025-05-01,IQ,0,doing,0.254
2025-05-01,IQ,0,expressing,0.303
2025-05-01,IQ,1,asking,0.345
2025-05-01,IQ,1,doing,0.392
2025-05-01,IQ,1,expressing,0.262
2025-05-01,IT,0,asking,0.479
2025-05-01,IT,0,doing,0.311
2025-05-01,IT,0,expressing,0.209
2025-05-01,IT,1,asking,0.364
2025-05-01,IT,1,doing,0.465
2025-05-01,IT,1,expressing,0.171
2025-05-01,JO,0,asking,0.471
2025-05-01,JO,0,doing,0.277
2025-05-01,JO,0,expressing,0.252
2025-05-01,JO,1,asking,0.289
2025-05-01,JO,1,doing,0.507
2025-05-01,JO,1,expressing,0.204
2025-05-01,JP,0,asking,0.476
2025-05-01,JP,0,doing,0.248
2025-05-01,JP,0,expressing,0.276
2025-05-01,JP,1,asking,0.405
2025-05-01,JP,1,doing,0.428
2025-05-01,JP,1,expressing,0.167
2025-05-01,KE,0,asking,0.523
2025-05-01,KE,0,doing,0.262
2025-05-01,KE,0,expressing,0.215
2025-05-01,KE,1,asking,0.395
2025-05-01,KE,1,doing,0.486
2025-05-01,KE,1,expressing,0.119
2025-05-01,KG,0,asking,0.422
2025-05-01,KG,0,doing,0.296
2025-05-01,KG,0,expressing,0.282
2025-05-01,KH,0,asking,0.363
2025-05-01,KH,0,doing,0.446
2025-05-01,KH,0,expressing,0.191
2025-05-01,KH,1,asking,0.342
2025-05-01,KH,1,doing,0.467
2025-05-01,KH,1,expressing,0.191
2025-05-01,KR,0,asking,0.518
2025-05-01,KR,0,doing,0.251
2025-05-01,KR,0,expressing,0.231
2025-05-01,KR,1,asking,0.408
2025-05-01,KR,1,doing,0.446
2025-05-01,KR,1,expressing,0.146
2025-05-01,KW,0,asking,0.495
2025-05-01,KW,0,doing,0.249
2025-05-01,KW,0,expressing,0.256
2025-05-01,KZ,0,asking,0.439
2025-05-01,KZ,0,doing,0.335
2025-05-01,KZ,0,expressing,0.226
2025-05-01,KZ,1,asking,0.284
2025-05-01,KZ,1,doing,0.592
2025-05-01,KZ,1,expressing,0.123
2025-05-01,LB,0,asking,0.443
2025-05-01,LB,0,doing,0.285
2025-05-01,LB,0,expressing,0.272
2025-05-01,LB,1,asking,0.358
2025-05-01,LB,1,doing,0.501
2025-05-01,LB,1,expressing,0.141
2025-05-01,LK,0,asking,0.474
2025-05-01,LK,0,doing,0.297
2025-05-01,LK,0,expressing,0.229
2025-05-01,LK,1,asking,0.324
2025-05-01,LK,1,doing,0.493
2025-05-01,LK,1,expressing,0.183
2025-05-01,LT,0,asking,0.553
2025-05-01,LT,0,doing,0.255
2025-05-01,LT,0,expressing,0.193
2025-05-01,LT,1,asking,0.382
2025-05-01,LT,1,doing,0.432
2025-05-01,LT,1,expressing,0.187
2025-05-01,LV,0,asking,0.465
2025-05-01,LV,0,doing,0.333
2025-05-01,LV,0,expressing,0.202
2025-05-01,LV,1,asking,0.349
2025-05-01,LV,1,doing,0.507
2025-05-01,LV,1,expressing,0.144
2025-05-01,LY,0,asking,0.472
2025-05-01,LY,0,doing,0.235
2025-05-01,LY,0,expressing,0.294
2025-05-01,MA,0,asking,0.447
2025-05-01,MA,0,doing,0.298
2025-05-01,MA,0,expressing,0.255
2025-05-01,MA,1,asking,0.355
2025-05-01,MA,1,doing,0.502
2025-05-01,MA,1,expressing,0.143
2025-05-01,MD,0,asking,0.460
2025-05-01,MD,0,doing,0.322
2025-05-01,MD,0,expressing,0.218
2025-05-01,MG,0,asking,0.488
2025-05-01,MG,0,doing,0.336
2025-05-01,MG,0,expressing,0.176
2025-05-01,MK,0,asking,0.464
2025-05-01,MK,0,doing,0.327
2025-05-01,MK,0,expressing,0.209
2025-05-01,MM,0,asking,0.447
2025-05-01,MM,0,doing,0.319
2025-05-01,MM,0,expressing,0.234
2025-05-01,MN,0,asking,0.492
2025-05-01,MN,0,doing,0.293
2025-05-01,MN,0,expressing,0.215
2025-05-01,MX,0,asking,0.465
2025-05-01,MX,0,doing,0.331
2025-05-01,MX,0,expressing,0.204
2025-05-01,MX,1,asking,0.314
2025-05-01,MX,1,doing,0.555
2025-05-01,MX,1,expressing,0.131
2025-05-01,MY,0,asking,0.480
2025-05-01,MY,0,doing,0.284
2025-05-01,MY,0,expressing,0.237
2025-05-01,MY,1,asking,0.352
2025-05-01,MY,1,doing,0.513
2025-05-01,MY,1,expressing,0.135
2025-05-01,MZ,0,asking,0.503
2025-05-01,MZ,0,doing,0.289
2025-05-01,MZ,0,expressing,0.208
2025-05-01,NG,0,asking,0.412
2025-05-01,NG,0,doing,0.377
2025-05-01,NG,0,expressing,0.210
2025-05-01,NG,1,asking,0.326
2025-05-01,NG,1,doing,0.558
2025-05-01,NG,1,expressing,0.116
2025-05-01,NI,0,asking,0.493
2025-05-01,NI,0,doing,0.312
2025-05-01,NI,0,expressing,0.195
2025-05-01,NL,0,asking,0.505
2025-05-01,NL,0,doing,0.290
2025-05-01,NL,0,expressing,0.205
2025-05-01,NL,1,asking,0.340
2025-05-01,NL,1,doing,0.507
2025-05-01,NL,1,expressing,0.152
2025-05-01,NO,0,asking,0.498
2025-05-01,NO,0,doing,0.288
2025-05-01,NO,0,expressing,0.214
2025-05-01,NO,1,asking,0.439
2025-05-01,NO,1,doing,0.437
2025-05-01,NO,1,expressing,0.124
2025-05-01,NP,0,asking,0.485
2025-05-01,NP,0,doing,0.307
2025-05-01,NP,0,expressing,0.208
2025-05-01,NP,1,asking,0.432
2025-05-01,NP,1,doing,0.449
2025-05-01,NP,1,expressing,0.119
2025-05-01,NZ,0,asking,0.503
2025-05-01,NZ,0,doing,0.294
2025-05-01,NZ,0,expressing,0.202
2025-05-01,NZ,1,asking,0.362
2025-05-01,NZ,1,doing,0.520
2025-05-01,NZ,1,expressing,0.119
2025-05-01,OM,0,asking,0.410
2025-05-01,OM,0,doing,0.333
2025-05-01,OM,0,expressing,0.257
2025-05-01,OM,1,asking,0.260
2025-05-01,OM,1,doing,0.514
2025-05-01,OM,1,expressing,0.227
2025-05-01,PA,0,asking,0.476
2025-05-01,PA,0,doing,0.340
2025-05-01,PA,0,expressing,0.184
2025-05-01,PA,1,asking,0.260
2025-05-01,PA,1,doing,0.658
2025-05-01,PA,1,expressing,0.082
2025-05-01,PE,0,asking,0.462
2025-05-01,PE,0,doing,0.351
2025-05-01,PE,0,expressing,0.187
2025-05-01,PE,1,asking,0.342
2025-05-01,PE,1,doing,0.527
2025-05-01,PE,1,expressing,0.132
2025-05-01,PH,0,asking,0.437
2025-05-01,PH,0,doing,0.380
2025-05-01,PH,0,expressing,0.183
2025-05-01,PH,1,asking,0.292
2025-05-01,PH,1,doing,0.592
2025-05-01,PH,1,expressing,0.116
2025-05-01,PK,0,asking,0.486
2025-05-01,PK,0,doing,0.335
2025-05-01,PK,0,expressing,0.179
2025-05-01,PK,1,asking,0.342
2025-05-01,PK,1,doing,0.535
2025-05-01,PK,1,expressing,0.123
2025-05-01,PL,0,asking,0.511
2025-05-01,PL,0,doing,0.289
2025-05-01,PL,0,expressing,0.200
2025-05-01,PL,1,asking,0.365
2025-05-01,PL,1,doing,0.518
2025-05-01,PL,1,expressing,0.117
2025-05-01,PR,0,asking,0.419
2025-05-01,PR,0,doing,0.295
2025-05-01,PR,0,expressing,0.286
2025-05-01,PR,1,asking,0.249
2025-05-01,PR,1,doing,0.596
2025-05-01,PR,1,expressing,0.155
2025-05-01,PS,0,asking,0.454
2025-05-01,PS,0,doing,0.254
2025-05-01,PS,0,expressing,0.292
2025-05-01,PT,0,asking,0.490
2025-05-01,PT,0,doing,0.292
2025-05-01,PT,0,expressing,0.219
2025-05-01,PT,1,asking,0.358
2025-05-01,PT,1,doing,0.477
2025-05-01,PT,1,expressing,0.165
2025-05-01,PY,0,asking,0.446
2025-05-01,PY,0,doing,0.314
2025-05-01,PY,0,expressing,0.241
2025-05-01,PY,1,asking,0.380
2025-05-01,PY,1,doing,0.481
2025-05-01,PY,1,expressing,0.140
2025-05-01,QA,0,asking,0.444
2025-05-01,QA,0,doing,0.274
2025-05-01,QA,0,expressing,0.282
2025-05-01,QA,1,asking,0.333
2025-05-01,QA,1,doing,0.479
2025-05-01,QA,1,expressing,0.188
2025-05-01,RE,0,asking,0.510
2025-05-01,RE,0,doing,0.326
2025-05-01,RE,0,expressing,0.164
2025-05-01,RO,0,asking,0.509
2025-05-01,RO,0,doing,0.271
2025-05-01,RO,0,expressing,0.220
2025-05-01,RO,1,asking,0.327
2025-05-01,RO,1,doing,0.545
2025-05-01,RO,1,expressing,0.128
2025-05-01,RS,0,asking,0.496
2025-05-01,RS,0,doing,0.240
2025-05-01,RS,0,expressing,0.263
2025-05-01,RS,1,asking,0.364
2025-05-01,RS,1,doing,0.496
2025-05-01,RS,1,expressing,0.140
2025-05-01,SA,0,asking,0.455
2025-05-01,SA,0,doing,0.269
2025-05-01,SA,0,expressing,0.276
2025-05-01,SA,1,asking,0.350
2025-05-01,SA,1,doing,0.479
2025-05-01,SA,1,expressing,0.170
2025-05-01,SC,1,asking,0.218
2025-05-01,SC,1,doing,0.650
2025-05-01,SC,1,expressing,0.131
2025-05-01,SE,0,asking,0.511
2025-05-01,SE,0,doing,0.297
2025-05-01,SE,0,expressing,0.192
2025-05-01,SE,1,asking,0.388
2025-05-01,SE,1,doing,0.445
2025-05-01,SE,1,expressing,0.167
2025-05-01,SG,0,asking,0.525
2025-05-01,SG,0,doing,0.300
2025-05-01,SG,0,expressing,0.176
2025-05-01,SG,1,asking,0.371
2025-05-01,SG,1,doing,0.515
2025-05-01,SG,1,expressing,0.115
2025-05-01,SI,0,asking,0.511
2025-05-01,SI,0,doing,0.291
2025-05-01,SI,0,expressing,0.198
2025-05-01,SI,1,asking,0.420
2025-05-01,SI,1,doing,0.399
2025-05-01,SI,1,expressing,0.181
2025-05-01,SK,0,asking,0.546
2025-05-01,SK,0,doing,0.251
2025-05-01,SK,0,expressing,0.203
2025-05-01,SK,1,asking,0.389
2025-05-01,SK,1,doing,0.467
2025-05-01,SK,1,expressing,0.144
2025-05-01,SN,0,asking,0.472
2025-05-01,SN,0,doing,0.322
2025-05-01,SN,0,expressing,0.206
2025-05-01,SO,0,asking,0.487
2025-05-01,SO,0,doing,0.279
2025-05-01,SO,0,expressing,0.234
2025-05-01,SV,0,asking,0.406
2025-05-01,SV,0,doing,0.333
2025-05-01,SV,0,expressing,0.261
2025-05-01,SV,1,asking,0.311
2025-05-01,SV,1,doing,0.482
2025-05-01,SV,1,expressing,0.208
2025-05-01,TH,0,asking,0.496
2025-05-01,TH,0,doing,0.271
2025-05-01,TH,0,expressing,0.233
2025-05-01,TH,1,asking,0.357
2025-05-01,TH,1,doing,0.478
2025-05-01,TH,1,expressing,0.165
2025-05-01,TN,0,asking,0.429
2025-05-01,TN,0,doing,0.324
2025-05-01,TN,0,expressing,0.248
2025-05-01,TN,1,asking,0.328
2025-05-01,TN,1,doing,0.519
2025-05-01,TN,1,expressing,0.154
2025-05-01,TR,0,asking,0.457
2025-05-01,TR,0,doing,0.262
2025-05-01,TR,0,expressing,0.282
2025-05-01,TR,1,asking,0.337
2025-05-01,TR,1,doing,0.493
2025-05-01,TR,1,expressing,0.170
2025-05-01,TW,0,asking,0.464
2025-05-01,TW,0,doing,0.250
2025-05-01,TW,0,expressing,0.286
2025-05-01,TW,1,asking,0.379
2025-05-01,TW,1,doing,0.446
2025-05-01,TW,1,expressing,0.175
2025-05-01,TZ,0,asking,0.518
2025-05-01,TZ,0,doing,0.253
2025-05-01,TZ,0,expressing,0.229
2025-05-01,TZ,1,asking,0.329
2025-05-01,TZ,1,doing,0.539
2025-05-01,TZ,1,expressing,0.132
2025-05-01,UA,0,asking,0.492
2025-05-01,UA,0,doing,0.322
2025-05-01,UA,0,expressing,0.186
2025-05-01,UA,1,asking,0.364
2025-05-01,UA,1,doing,0.505
2025-05-01,UA,1,expressing,0.130
2025-05-01,UG,0,asking,0.578
2025-05-01,UG,0,doing,0.246
2025-05-01,UG,0,expressing,0.176
2025-05-01,US,0,asking,0.492
2025-05-01,US,0,doing,0.296
2025-05-01,US,0,expressing,0.212
2025-05-01,US,1,asking,0.352
2025-05-01,US,1,doing,0.505
2025-05-01,US,1,expressing,0.144
2025-05-01,UY,0,asking,0.462
2025-05-01,UY,0,doing,0.334
2025-05-01,UY,0,expressing,0.204
2025-05-01,UY,1,asking,0.376
2025-05-01,UY,1,doing,0.478
2025-05-01,UY,1,expressing,0.146
2025-05-01,UZ,0,asking,0.468
2025-05-01,UZ,0,doing,0.303
2025-05-01,UZ,0,expressing,0.228
2025-05-01,UZ,1,asking,0.374
2025-05-01,UZ,1,doing,0.507
2025-05-01,UZ,1,expressing,0.120
2025-05-01,VN,0,asking,0.451
2025-05-01,VN,0,doing,0.323
2025-05-01,VN,0,expressing,0.227
2025-05-01,VN,1,asking,0.347
2025-05-01,VN,1,doing,0.517
2025-05-01,VN,1,expressing,0.136
2025-05-01,YE,0,asking,0.430
2025-05-01,YE,0,doing,0.310
2025-05-01,YE,0,expressing,0.260
2025-05-01,ZA,0,asking,0.456
2025-05-01,ZA,0,doing,0.338
2025-05-01,ZA,0,expressing,0.206
2025-05-01,ZA,1,asking,0.348
2025-05-01,ZA,1,doing,0.537
2025-05-01,ZA,1,expressing,0.114
2025-06-01,AE,0,asking,0.511
2025-06-01,AE,0,doing,0.258
2025-06-01,AE,0,expressing,0.231
2025-06-01,AE,1,asking,0.297
2025-06-01,AE,1,doing,0.541
2025-06-01,AE,1,expressing,0.162
2025-06-01,AF,0,asking,0.441
2025-06-01,AF,0,doing,0.304
2025-06-01,AF,0,expressing,0.255
2025-06-01,AL,0,asking,0.484
2025-06-01,AL,0,doing,0.211
2025-06-01,AL,0,expressing,0.305
2025-06-01,AM,0,asking,0.435
2025-06-01,AM,0,doing,0.286
2025-06-01,AM,0,expressing,0.279
2025-06-01,AO,0,asking,0.437
2025-06-01,AO,0,doing,0.339
2025-06-01,AO,0,expressing,0.224
2025-06-01,AR,0,asking,0.455
2025-06-01,AR,0,doing,0.300
2025-06-01,AR,0,expressing,0.245
2025-06-01,AR,1,asking,0.337
2025-06-01,AR,1,doing,0.496
2025-06-01,AR,1,expressing,0.166
2025-06-01,AT,0,asking,0.513
2025-06-01,AT,0,doing,0.262
2025-06-01,AT,0,expressing,0.225
2025-06-01,AT,1,asking,0.405
2025-06-01,AT,1,doing,0.465
2025-06-01,AT,1,expressing,0.129
2025-06-01,AU,0,asking,0.512
2025-06-01,AU,0,doing,0.284
2025-06-01,AU,0,expressing,0.204
2025-06-01,AU,1,asking,0.360
2025-06-01,AU,1,doing,0.515
2025-06-01,AU,1,expressing,0.125
2025-06-01,AZ,0,asking,0.401
2025-06-01,AZ,0,doing,0.262
2025-06-01,AZ,0,expressing,0.337
2025-06-01,AZ,1,asking,0.374
2025-06-01,AZ,1,doing,0.423
2025-06-01,AZ,1,expressing,0.203
2025-06-01,BA,0,asking,0.458
2025-06-01,BA,0,doing,0.261
2025-06-01,BA,0,expressing,0.281
2025-06-01,BD,0,asking,0.467
2025-06-01,BD,0,doing,0.295
2025-06-01,BD,0,expressing,0.238
2025-06-01,BD,1,asking,0.363
2025-06-01,BD,1,doing,0.497
2025-06-01,BD,1,expressing,0.140
2025-06-01,BE,0,asking,0.502
2025-06-01,BE,0,doing,0.280
2025-06-01,BE,0,expressing,0.218
2025-06-01,BE,1,asking,0.370
2025-06-01,BE,1,doing,0.455
2025-06-01,BE,1,expressing,0.175
2025-06-01,BG,0,asking,0.478
2025-06-01,BG,0,doing,0.262
2025-06-01,BG,0,expressing,0.259
2025-06-01,BG,1,asking,0.309
2025-06-01,BG,1,doing,0.473
2025-06-01,BG,1,expressing,0.219
2025-06-01,BH,0,asking,0.463
2025-06-01,BH,0,doing,0.231
2025-06-01,BH,0,expressing,0.306
2025-06-01,BO,0,asking,0.487
2025-06-01,BO,0,doing,0.337
2025-06-01,BO,0,expressing,0.175
2025-06-01,BO,1,asking,0.337
2025-06-01,BO,1,doing,0.546
2025-06-01,BO,1,expressing,0.117
2025-06-01,BR,0,asking,0.416
2025-06-01,BR,0,doing,0.356
2025-06-01,BR,0,expressing,0.228
2025-06-01,BR,1,asking,0.289
2025-06-01,BR,1,doing,0.550
2025-06-01,BR,1,expressing,0.161
2025-06-01,CA,0,asking,0.532
2025-06-01,CA,0,doing,0.257
2025-06-01,CA,0,expressing,0.211
2025-06-01,CA,1,asking,0.361
2025-06-01,CA,1,doing,0.473
2025-06-01,CA,1,expressing,0.166
2025-06-01,CD,0,asking,0.423
2025-06-01,CD,0,doing,0.283
2025-06-01,CD,0,expressing,0.294
2025-06-01,CH,0,asking,0.528
2025-06-01,CH,0,doing,0.266
2025-06-01,CH,0,expressing,0.206
2025-06-01,CH,1,asking,0.335
2025-06-01,CH,1,doing,0.507
2025-06-01,CH,1,expressing,0.158
2025-06-01,CI,0,asking,0.406
2025-06-01,CI,0,doing,0.372
2025-06-01,CI,0,expressing,0.222
2025-06-01,CL,0,asking,0.485
2025-06-01,CL,0,doing,0.274
2025-06-01,CL,0,expressing,0.241
2025-06-01,CL,1,asking,0.313
2025-06-01,CL,1,doing,0.540
2025-06-01,CL,1,expressing,0.147
2025-06-01,CM,0,asking,0.492
2025-06-01,CM,0,doing,0.275
2025-06-01,CM,0,expressing,0.232
2025-06-01,CO,0,asking,0.459
2025-06-01,CO,0,doing,0.327
2025-06-01,CO,0,expressing,0.214
2025-06-01,CO,1,asking,0.308
2025-06-01,CO,1,doing,0.564
2025-06-01,CO,1,expressing,0.128
2025-06-01,CR,0,asking,0.489
2025-06-01,CR,0,doing,0.305
2025-06-01,CR,0,expressing,0.206
2025-06-01,CR,1,asking,0.335
2025-06-01,CR,1,doing,0.542
2025-06-01,CR,1,expressing,0.123
2025-06-01,CY,0,asking,0.534
2025-06-01,CY,0,doing,0.238
2025-06-01,CY,0,expressing,0.228
2025-06-01,CZ,0,asking,0.504
2025-06-01,CZ,0,doing,0.267
2025-06-01,CZ,0,expressing,0.228
2025-06-01,CZ,1,asking,0.379
2025-06-01,CZ,1,doing,0.430
2025-06-01,CZ,1,expressing,0.191
2025-06-01,DE,0,asking,0.513
2025-06-01,DE,0,doing,0.262
2025-06-01,DE,0,expressing,0.226
2025-06-01,DE,1,asking,0.378
2025-06-01,DE,1,doing,0.459
2025-06-01,DE,1,expressing,0.163
2025-06-01,DK,0,asking,0.493
2025-06-01,DK,0,doing,0.274
2025-06-01,DK,0,expressing,0.233
2025-06-01,DK,1,asking,0.380
2025-06-01,DK,1,doing,0.476
2025-06-01,DK,1,expressing,0.145
2025-06-01,DO,0,asking,0.447
2025-06-01,DO,0,doing,0.271
2025-06-01,DO,0,expressing,0.282
2025-06-01,DO,1,asking,0.277
2025-06-01,DO,1,doing,0.542
2025-06-01,DO,1,expressing,0.180
2025-06-01,DZ,0,asking,0.442
2025-06-01,DZ,0,doing,0.241
2025-06-01,DZ,0,expressing,0.316
2025-06-01,DZ,1,asking,0.335
2025-06-01,DZ,1,doing,0.417
2025-06-01,DZ,1,expressing,0.248
2025-06-01,EC,0,asking,0.445
2025-06-01,EC,0,doing,0.385
2025-06-01,EC,0,expressing,0.170
2025-06-01,EC,1,asking,0.300
2025-06-01,EC,1,doing,0.592
2025-06-01,EC,1,expressing,0.108
2025-06-01,EE,0,asking,0.362
2025-06-01,EE,0,doing,0.359
2025-06-01,EE,0,expressing,0.279
2025-06-01,EG,0,asking,0.452
2025-06-01,EG,0,doing,0.242
2025-06-01,EG,0,expressing,0.306
2025-06-01,EG,1,asking,0.337
2025-06-01,EG,1,doing,0.456
2025-06-01,EG,1,expressing,0.207
2025-06-01,ES,0,asking,0.497
2025-06-01,ES,0,doing,0.277
2025-06-01,ES,0,expressing,0.226
2025-06-01,ES,1,asking,0.358
2025-06-01,ES,1,doing,0.483
2025-06-01,ES,1,expressing,0.159
2025-06-01,ET,0,asking,0.491
2025-06-01,ET,0,doing,0.272
2025-06-01,ET,0,expressing,0.237
2025-06-01,ET,1,asking,0.358
2025-06-01,ET,1,doing,0.540
2025-06-01,ET,1,expressing,0.102
2025-06-01,FI,0,asking,0.504
2025-06-01,FI,0,doing,0.225
2025-06-01,FI,0,expressing,0.271
2025-06-01,FI,1,asking,0.323
2025-06-01,FI,1,doing,0.505
2025-06-01,FI,1,expressing,0.173
2025-06-01,FR,0,asking,0.483
2025-06-01,FR,0,doing,0.284
2025-06-01,FR,0,expressing,0.233
2025-06-01,FR,1,asking,0.337
2025-06-01,FR,1,doing,0.485
2025-06-01,FR,1,expressing,0.179
2025-06-01,GB,0,asking,0.502
2025-06-01,GB,0,doing,0.277
2025-06-01,GB,0,expressing,0.221
2025-06-01,GB,1,asking,0.343
2025-06-01,GB,1,doing,0.495
2025-06-01,GB,1,expressing,0.161
2025-06-01,GE,0,asking,0.505
2025-06-01,GE,0,doing,0.240
2025-06-01,GE,0,expressing,0.255
2025-06-01,GE,1,asking,0.427
2025-06-01,GE,1,doing,0.355
2025-06-01,GE,1,expressing,0.219
2025-06-01,GH,0,asking,0.468
2025-06-01,GH,0,doing,0.338
2025-06-01,GH,0,expressing,0.194
2025-06-01,GH,1,asking,0.387
2025-06-01,GH,1,doing,0.444
2025-06-01,GH,1,expressing,0.169
2025-06-01,GR,0,asking,0.507
2025-06-01,GR,0,doing,0.221
2025-06-01,GR,0,expressing,0.271
2025-06-01,GR,1,asking,0.369
2025-06-01,GR,1,doing,0.451
2025-06-01,GR,1,expressing,0.180
2025-06-01,GT,0,asking,0.423
2025-06-01,GT,0,doing,0.357
2025-06-01,GT,0,expressing,0.220
2025-06-01,GT,1,asking,0.252
2025-06-01,GT,1,doing,0.596
2025-06-01,GT,1,expressing,0.152
2025-06-01,HN,0,asking,0.431
2025-06-01,HN,0,doing,0.278
2025-06-01,HN,0,expressing,0.291
2025-06-01,HR,0,asking,0.497
2025-06-01,HR,0,doing,0.271
2025-06-01,HR,0,expressing,0.231
2025-06-01,HR,1,asking,0.387
2025-06-01,HR,1,doing,0.441
2025-06-01,HR,1,expressing,0.172
2025-06-01,HT,0,asking,0.428
2025-06-01,HT,0,doing,0.388
2025-06-01,HT,0,expressing,0.184
2025-06-01,HU,0,asking,0.494
2025-06-01,HU,0,doing,0.234
2025-06-01,HU,0,expressing,0.272
2025-06-01,HU,1,asking,0.414
2025-06-01,HU,1,doing,0.366
2025-06-01,HU,1,expressing,0.220
2025-06-01,ID,0,asking,0.496
2025-06-01,ID,0,doing,0.304
2025-06-01,ID,0,expressing,0.200
2025-06-01,ID,1,asking,0.329
2025-06-01,ID,1,doing,0.562
2025-06-01,ID,1,expressing,0.109
2025-06-01,IE,0,asking,0.551
2025-06-01,IE,0,doing,0.247
2025-06-01,IE,0,expressing,0.202
2025-06-01,IE,1,asking,0.354
2025-06-01,IE,1,doing,0.526
2025-06-01,IE,1,expressing,0.120
2025-06-01,IL,0,asking,0.508
2025-06-01,IL,0,doing,0.244
2025-06-01,IL,0,expressing,0.249
2025-06-01,IL,1,asking,0.366
2025-06-01,IL,1,doing,0.446
2025-06-01,IL,1,expressing,0.189
2025-06-01,IN,0,asking,0.466
2025-06-01,IN,0,doing,0.319
2025-06-01,IN,0,expressing,0.216
2025-06-01,IN,1,asking,0.395
2025-06-01,IN,1,doing,0.462
2025-06-01,IN,1,expressing,0.143
2025-06-01,IQ,0,asking,0.448
2025-06-01,IQ,0,doing,0.245
2025-06-01,IQ,0,expressing,0.307
2025-06-01,IQ,1,asking,0.424
2025-06-01,IQ,1,doing,0.344
2025-06-01,IQ,1,expressing,0.232
2025-06-01,IT,0,asking,0.524
2025-06-01,IT,0,doing,0.255
2025-06-01,IT,0,expressing,0.222
2025-06-01,IT,1,asking,0.387
2025-06-01,IT,1,doing,0.466
2025-06-01,IT,1,expressing,0.148
2025-06-01,JO,0,asking,0.500
2025-06-01,JO,0,doing,0.204
2025-06-01,JO,0,expressing,0.295
2025-06-01,JO,1,asking,0.367
2025-06-01,JO,1,doing,0.420
2025-06-01,JO,1,expressing,0.213
2025-06-01,JP,0,asking,0.477
2025-06-01,JP,0,doing,0.233
2025-06-01,JP,0,expressing,0.290
2025-06-01,JP,1,asking,0.406
2025-06-01,JP,1,doing,0.411
2025-06-01,JP,1,expressing,0.183
2025-06-01,KE,0,asking,0.440
2025-06-01,KE,0,doing,0.293
2025-06-01,KE,0,expressing,0.267
2025-06-01,KE,1,asking,0.360
2025-06-01,KE,1,doing,0.497
2025-06-01,KE,1,expressing,0.143
2025-06-01,KG,0,asking,0.498
2025-06-01,KG,0,doing,0.253
2025-06-01,KG,0,expressing,0.248
2025-06-01,KH,0,asking,0.405
2025-06-01,KH,0,doing,0.389
2025-06-01,KH,0,expressing,0.206
2025-06-01,KH,1,asking,0.329
2025-06-01,KH,1,doing,0.524
2025-06-01,KH,1,expressing,0.146
2025-06-01,KR,0,asking,0.535
2025-06-01,KR,0,doing,0.249
2025-06-01,KR,0,expressing,0.216
2025-06-01,KR,1,asking,0.425
2025-06-01,KR,1,doing,0.428
2025-06-01,KR,1,expressing,0.147
2025-06-01,KW,0,asking,0.491
2025-06-01,KW,0,doing,0.212
2025-06-01,KW,0,expressing,0.297
2025-06-01,KZ,0,asking,0.460
2025-06-01,KZ,0,doing,0.267
2025-06-01,KZ,0,expressing,0.273
2025-06-01,KZ,1,asking,0.343
2025-06-01,KZ,1,doing,0.485
2025-06-01,KZ,1,expressing,0.172
2025-06-01,LB,0,asking,0.487
2025-06-01,LB,0,doing,0.268
2025-06-01,LB,0,expressing,0.245
2025-06-01,LB,1,asking,0.381
2025-06-01,LB,1,doing,0.477
2025-06-01,LB,1,expressing,0.142
2025-06-01,LK,0,asking,0.459
2025-06-01,LK,0,doing,0.312
2025-06-01,LK,0,expressing,0.229
2025-06-01,LK,1,asking,0.373
2025-06-01,LK,1,doing,0.502
2025-06-01,LK,1,expressing,0.126
2025-06-01,LT,0,asking,0.619
2025-06-01,LT,0,doing,0.169
2025-06-01,LT,0,expressing,0.212
2025-06-01,LT,1,asking,0.331
2025-06-01,LT,1,doing,0.514
2025-06-01,LT,1,expressing,0.155
2025-06-01,LV,0,asking,0.501
2025-06-01,LV,0,doing,0.281
2025-06-01,LV,0,expressing,0.217
2025-06-01,LY,0,asking,0.432
2025-06-01,LY,0,doing,0.286
2025-06-01,LY,0,expressing,0.282
2025-06-01,MA,0,asking,0.448
2025-06-01,MA,0,doing,0.263
2025-06-01,MA,0,expressing,0.288
2025-06-01,MA,1,asking,0.323
2025-06-01,MA,1,doing,0.500
2025-06-01,MA,1,expressing,0.177
2025-06-01,MD,0,asking,0.526
2025-06-01,MD,0,doing,0.235
2025-06-01,MD,0,expressing,0.240
2025-06-01,ME,0,asking,0.436
2025-06-01,ME,0,doing,0.282
2025-06-01,ME,0,expressing,0.282
2025-06-01,MG,0,asking,0.558
2025-06-01,MG,0,doing,0.230
2025-06-01,MG,0,expressing,0.212
2025-06-01,MK,0,asking,0.519
2025-06-01,MK,0,doing,0.218
2025-06-01,MK,0,expressing,0.263
2025-06-01,MM,0,asking,0.431
2025-06-01,MM,0,doing,0.311
2025-06-01,MM,0,expressing,0.258
2025-06-01,MN,0,asking,0.432
2025-06-01,MN,0,doing,0.255
2025-06-01,MN,0,expressing,0.312
2025-06-01,MX,0,asking,0.460
2025-06-01,MX,0,doing,0.308
2025-06-01,MX,0,expressing,0.232
2025-06-01,MX,1,asking,0.319
2025-06-01,MX,1,doing,0.546
2025-06-01,MX,1,expressing,0.136
2025-06-01,MY,0,asking,0.477
2025-06-01,MY,0,doing,0.268
2025-06-01,MY,0,expressing,0.255
2025-06-01,MY,1,asking,0.357
2025-06-01,MY,1,doing,0.503
2025-06-01,MY,1,expressing,0.140
2025-06-01,MZ,0,asking,0.434
2025-06-01,MZ,0,doing,0.331
2025-06-01,MZ,0,expressing,0.234
2025-06-01,NG,0,asking,0.410
2025-06-01,NG,0,doing,0.382
2025-06-01,NG,0,expressing,0.207
2025-06-01,NG,1,asking,0.286
2025-06-01,NG,1,doing,0.552
2025-06-01,NG,1,expressing,0.162
2025-06-01,NI,0,asking,0.435
2025-06-01,NI,0,doing,0.321
2025-06-01,NI,0,expressing,0.243
2025-06-01,NL,0,asking,0.511
2025-06-01,NL,0,doing,0.271
2025-06-01,NL,0,expressing,0.218
2025-06-01,NL,1,asking,0.349
2025-06-01,NL,1,doing,0.509
2025-06-01,NL,1,expressing,0.142
2025-06-01,NO,0,asking,0.523
2025-06-01,NO,0,doing,0.269
2025-06-01,NO,0,expressing,0.208
2025-06-01,NO,1,asking,0.407
2025-06-01,NO,1,doing,0.433
2025-06-01,NO,1,expressing,0.161
2025-06-01,NP,0,asking,0.472
2025-06-01,NP,0,doing,0.284
2025-06-01,NP,0,expressing,0.244
2025-06-01,NP,1,asking,0.391
2025-06-01,NP,1,doing,0.464
2025-06-01,NP,1,expressing,0.146
2025-06-01,NZ,0,asking,0.458
2025-06-01,NZ,0,doing,0.313
2025-06-01,NZ,0,expressing,0.229
2025-06-01,NZ,1,asking,0.345
2025-06-01,NZ,1,doing,0.497
2025-06-01,NZ,1,expressing,0.158
2025-06-01,OM,0,asking,0.471
2025-06-01,OM,0,doing,0.290
2025-06-01,OM,0,expressing,0.239
2025-06-01,PA,0,asking,0.412
2025-06-01,PA,0,doing,0.343
2025-06-01,PA,0,expressing,0.246
2025-06-01,PA,1,asking,0.278
2025-06-01,PA,1,doing,0.615
2025-06-01,PA,1,expressing,0.107
2025-06-01,PE,0,asking,0.427
2025-06-01,PE,0,doing,0.375
2025-06-01,PE,0,expressing,0.198
2025-06-01,PE,1,asking,0.328
2025-06-01,PE,1,doing,0.544
2025-06-01,PE,1,expressing,0.128
2025-06-01,PH,0,asking,0.415
2025-06-01,PH,0,doing,0.385
2025-06-01,PH,0,expressing,0.200
2025-06-01,PH,1,asking,0.307
2025-06-01,PH,1,doing,0.568
2025-06-01,PH,1,expressing,0.125
2025-06-01,PK,0,asking,0.472
2025-06-01,PK,0,doing,0.325
2025-06-01,PK,0,expressing,0.203
2025-06-01,PK,1,asking,0.339
2025-06-01,PK,1,doing,0.527
2025-06-01,PK,1,expressing,0.135
2025-06-01,PL,0,asking,0.528
2025-06-01,PL,0,doing,0.261
2025-06-01,PL,0,expressing,0.211
2025-06-01,PL,1,asking,0.402
2025-06-01,PL,1,doing,0.467
2025-06-01,PL,1,expressing,0.131
2025-06-01,PR,0,asking,0.525
2025-06-01,PR,0,doing,0.209
2025-06-01,PR,0,expressing,0.265
2025-06-01,PS,0,asking,0.447
2025-06-01,PS,0,doing,0.285
2025-06-01,PS,0,expressing,0.268
2025-06-01,PT,0,asking,0.490
2025-06-01,PT,0,doing,0.291
2025-06-01,PT,0,expressing,0.218
2025-06-01,PT,1,asking,0.337
2025-06-01,PT,1,doing,0.504
2025-06-01,PT,1,expressing,0.159
2025-06-01,PY,0,asking,0.451
2025-06-01,PY,0,doing,0.346
2025-06-01,PY,0,expressing,0.203
2025-06-01,PY,1,asking,0.339
2025-06-01,PY,1,doing,0.546
2025-06-01,PY,1,expressing,0.115
2025-06-01,QA,0,asking,0.552
2025-06-01,QA,0,doing,0.194
2025-06-01,QA,0,expressing,0.254
2025-06-01,RO,0,asking,0.519
2025-06-01,RO,0,doing,0.256
2025-06-01,RO,0,expressing,0.225
2025-06-01,RO,1,asking,0.382
2025-06-01,RO,1,doing,0.433
2025-06-01,RO,1,expressing,0.185
2025-06-01,RS,0,asking,0.507
2025-06-01,RS,0,doing,0.198
2025-06-01,RS,0,expressing,0.295
2025-06-01,RS,1,asking,0.443
2025-06-01,RS,1,doing,0.404
2025-06-01,RS,1,expressing,0.153
2025-06-01,SA,0,asking,0.441
2025-06-01,SA,0,doing,0.259
2025-06-01,SA,0,expressing,0.300
2025-06-01,SA,1,asking,0.333
2025-06-01,SA,1,doing,0.483
2025-06-01,SA,1,expressing,0.184
2025-06-01,SE,0,asking,0.550
2025-06-01,SE,0,doing,0.213
2025-06-01,SE,0,expressing,0.237
2025-06-01,SE,1,asking,0.392
2025-06-01,SE,1,doing,0.410
2025-06-01,SE,1,expressing,0.198
2025-06-01,SG,0,asking,0.535
2025-06-01,SG,0,doing,0.255
2025-06-01,SG,0,expressing,0.210
2025-06-01,SG,1,asking,0.372
2025-06-01,SG,1,doing,0.483
2025-06-01,SG,1,expressing,0.145
2025-06-01,SI,0,asking,0.610
2025-06-01,SI,0,doing,0.189
2025-06-01,SI,0,expressing,0.201
2025-06-01,SK,0,asking,0.500
2025-06-01,SK,0,doing,0.267
2025-06-01,SK,0,expressing,0.234
2025-06-01,SK,1,asking,0.418
2025-06-01,SK,1,doing,0.402
2025-06-01,SK,1,expressing,0.179
2025-06-01,SN,0,asking,0.427
2025-06-01,SN,0,doing,0.318
2025-06-01,SN,0,expressing,0.254
2025-06-01,SO,0,asking,0.368
2025-06-01,SO,0,doing,0.310
2025-06-01,SO,0,expressing,0.321
2025-06-01,SV,0,asking,0.428
2025-06-01,SV,0,doing,0.299
2025-06-01,SV,0,expressing,0.273
2025-06-01,TH,0,asking,0.501
2025-06-01,TH,0,doing,0.278
2025-06-01,TH,0,expressing,0.221
2025-06-01,TH,1,asking,0.399
2025-06-01,TH,1,doing,0.454
2025-06-01,TH,1,expressing,0.147
2025-06-01,TJ,0,asking,0.422
2025-06-01,TJ,0,doing,0.275
2025-06-01,TJ,0,expressing,0.303
2025-06-01,TN,0,asking,0.435
2025-06-01,TN,0,doing,0.245
2025-06-01,TN,0,expressing,0.320
2025-06-01,TN,1,asking,0.355
2025-06-01,TN,1,doing,0.463
2025-06-01,TN,1,expressing,0.182
2025-06-01,TR,0,asking,0.462
2025-06-01,TR,0,doing,0.252
2025-06-01,TR,0,expressing,0.286
2025-06-01,TR,1,asking,0.356
2025-06-01,TR,1,doing,0.446
2025-06-01,TR,1,expressing,0.198
2025-06-01,TW,0,asking,0.490
2025-06-01,TW,0,doing,0.221
2025-06-01,TW,0,expressing,0.289
2025-06-01,TW,1,asking,0.378
2025-06-01,TW,1,doing,0.421
2025-06-01,TW,1,expressing,0.201
2025-06-01,TZ,0,asking,0.502
2025-06-01,TZ,0,doing,0.259
2025-06-01,TZ,0,expressing,0.239
2025-06-01,TZ,1,asking,0.468
2025-06-01,TZ,1,doing,0.412
2025-06-01,TZ,1,expressing,0.120
2025-06-01,UA,0,asking,0.466
2025-06-01,UA,0,doing,0.281
2025-06-01,UA,0,expressing,0.252
2025-06-01,UA,1,asking,0.354
2025-06-01,UA,1,doing,0.506
2025-06-01,UA,1,expressing,0.141
2025-06-01,US,0,asking,0.504
2025-06-01,US,0,doing,0.271
2025-06-01,US,0,expressing,0.225
2025-06-01,US,1,asking,0.359
2025-06-01,US,1,doing,0.485
2025-06-01,US,1,expressing,0.156
2025-06-01,UY,0,asking,0.458
2025-06-01,UY,0,doing,0.319
2025-06-01,UY,0,expressing,0.223
2025-06-01,UY,1,asking,0.322
2025-06-01,UY,1,doing,0.509
2025-06-01,UY,1,expressing,0.169
2025-06-01,UZ,0,asking,0.483
2025-06-01,UZ,0,doing,0.259
2025-06-01,UZ,0,expressing,0.258
2025-06-01,UZ,1,asking,0.303
2025-06-01,UZ,1,doing,0.485
2025-06-01,UZ,1,expressing,0.212
2025-06-01,VN,0,asking,0.462
2025-06-01,VN,0,doing,0.289
2025-06-01,VN,0,expressing,0.249
2025-06-01,VN,1,asking,0.367
2025-06-01,VN,1,doing,0.475
2025-06-01,VN,1,expressing,0.158
2025-06-01,YE,0,asking,0.420
2025-06-01,YE,0,doing,0.295
2025-06-01,YE,0,expressing,0.285
2025-06-01,ZA,0,asking,0.447
2025-06-01,ZA,0,doing,0.308
2025-06-01,ZA,0,expressing,0.245
2025-06-01,ZA,1,asking,0.287
2025-06-01,ZA,1,doing,0.562
2025-06-01,ZA,1,expressing,0.152
2025-06-01,ZM,0,asking,0.502
2025-06-01,ZM,0,doing,0.284
2025-06-01,ZM,0,expressing,0.214
2025-07-01,AE,0,asking,0.521
2025-07-01,AE,0,doing,0.248
2025-07-01,AE,0,expressing,0.231
2025-07-01,AE,1,asking,0.324
2025-07-01,AE,1,doing,0.504
2025-07-01,AE,1,expressing,0.171
2025-07-01,AF,0,asking,0.441
2025-07-01,AF,0,doing,0.262
2025-07-01,AF,0,expressing,0.298
2025-07-01,AL,0,asking,0.491
2025-07-01,AL,0,doing,0.208
2025-07-01,AL,0,expressing,0.301
2025-07-01,AM,0,asking,0.383
2025-07-01,AM,0,doing,0.279
2025-07-01,AM,0,expressing,0.338
2025-07-01,AO,0,asking,0.488
2025-07-01,AO,0,doing,0.231
2025-07-01,AO,0,expressing,0.281
2025-07-01,AR,0,asking,0.457
2025-07-01,AR,0,doing,0.280
2025-07-01,AR,0,expressing,0.263
2025-07-01,AR,1,asking,0.327
2025-07-01,AR,1,doing,0.482
2025-07-01,AR,1,expressing,0.191
2025-07-01,AT,0,asking,0.514
2025-07-01,AT,0,doing,0.248
2025-07-01,AT,0,expressing,0.238
2025-07-01,AT,1,asking,0.393
2025-07-01,AT,1,doing,0.451
2025-07-01,AT,1,expressing,0.157
2025-07-01,AU,0,asking,0.517
2025-07-01,AU,0,doing,0.260
2025-07-01,AU,0,expressing,0.223
2025-07-01,AU,1,asking,0.356
2025-07-01,AU,1,doing,0.493
2025-07-01,AU,1,expressing,0.152
2025-07-01,AZ,0,asking,0.429
2025-07-01,AZ,0,doing,0.231
2025-07-01,AZ,0,expressing,0.340
2025-07-01,AZ,1,asking,0.365
2025-07-01,AZ,1,doing,0.431
2025-07-01,AZ,1,expressing,0.204
2025-07-01,BA,0,asking,0.505
2025-07-01,BA,0,doing,0.268
2025-07-01,BA,0,expressing,0.227
2025-07-01,BD,0,asking,0.474
2025-07-01,BD,0,doing,0.297
2025-07-01,BD,0,expressing,0.229
2025-07-01,BD,1,asking,0.363
2025-07-01,BD,1,doing,0.472
2025-07-01,BD,1,expressing,0.165
2025-07-01,BE,0,asking,0.535
2025-07-01,BE,0,doing,0.215
2025-07-01,BE,0,expressing,0.250
2025-07-01,BE,1,asking,0.337
2025-07-01,BE,1,doing,0.448
2025-07-01,BE,1,expressing,0.215
2025-07-01,BG,0,asking,0.523
2025-07-01,BG,0,doing,0.223
2025-07-01,BG,0,expressing,0.254
2025-07-01,BG,1,asking,0.411
2025-07-01,BG,1,doing,0.413
2025-07-01,BG,1,expressing,0.176
2025-07-01,BH,0,asking,0.472
2025-07-01,BH,0,doing,0.203
2025-07-01,BH,0,expressing,0.325
2025-07-01,BO,0,asking,0.520
2025-07-01,BO,0,doing,0.298
2025-07-01,BO,0,expressing,0.183
2025-07-01,BO,1,asking,0.308
2025-07-01,BO,1,doing,0.527
2025-07-01,BO,1,expressing,0.164
2025-07-01,BR,0,asking,0.422
2025-07-01,BR,0,doing,0.328
2025-07-01,BR,0,expressing,0.251
2025-07-01,BR,1,asking,0.281
2025-07-01,BR,1,doing,0.539
2025-07-01,BR,1,expressing,0.179
2025-07-01,CA,0,asking,0.513
2025-07-01,CA,0,doing,0.254
2025-07-01,CA,0,expressing,0.234
2025-07-01,CA,1,asking,0.376
2025-07-01,CA,1,doing,0.467
2025-07-01,CA,1,expressing,0.157
2025-07-01,CD,0,asking,0.444
2025-07-01,CD,0,doing,0.268
2025-07-01,CD,0,expressing,0.288
2025-07-01,CH,0,asking,0.532
2025-07-01,CH,0,doing,0.260
2025-07-01,CH,0,expressing,0.208
2025-07-01,CH,1,asking,0.332
2025-07-01,CH,1,doing,0.491
2025-07-01,CH,1,expressing,0.177
2025-07-01,CI,0,asking,0.349
2025-07-01,CI,0,doing,0.410
2025-07-01,CI,0,expressing,0.241
2025-07-01,CL,0,asking,0.464
2025-07-01,CL,0,doing,0.278
2025-07-01,CL,0,expressing,0.259
2025-07-01,CL,1,asking,0.318
2025-07-01,CL,1,doing,0.511
2025-07-01,CL,1,expressing,0.171
2025-07-01,CO,0,asking,0.466
2025-07-01,CO,0,doing,0.297
2025-07-01,CO,0,expressing,0.237
2025-07-01,CO,1,asking,0.300
2025-07-01,CO,1,doing,0.531
2025-07-01,CO,1,expressing,0.168
2025-07-01,CR,0,asking,0.445
2025-07-01,CR,0,doing,0.291
2025-07-01,CR,0,expressing,0.264
2025-07-01,CR,1,asking,0.367
2025-07-01,CR,1,doing,0.533
2025-07-01,CR,1,expressing,0.099
2025-07-01,CY,0,asking,0.489
2025-07-01,CY,0,doing,0.222
2025-07-01,CY,0,expressing,0.289
2025-07-01,CZ,0,asking,0.543
2025-07-01,CZ,0,doing,0.208
2025-07-01,CZ,0,expressing,0.249
2025-07-01,CZ,1,asking,0.364
2025-07-01,CZ,1,doing,0.422
2025-07-01,CZ,1,expressing,0.214
2025-07-01,DE,0,asking,0.507
2025-07-01,DE,0,doing,0.253
2025-07-01,DE,0,expressing,0.240
2025-07-01,DE,1,asking,0.391
2025-07-01,DE,1,doing,0.438
2025-07-01,DE,1,expressing,0.170
2025-07-01,DK,0,asking,0.525
2025-07-01,DK,0,doing,0.233
2025-07-01,DK,0,expressing,0.242
2025-07-01,DK,1,asking,0.409
2025-07-01,DK,1,doing,0.488
2025-07-01,DK,1,expressing,0.103
2025-07-01,DO,0,asking,0.476
2025-07-01,DO,0,doing,0.263
2025-07-01,DO,0,expressing,0.261
2025-07-01,DO,1,asking,0.343
2025-07-01,DO,1,doing,0.480
2025-07-01,DO,1,expressing,0.177
2025-07-01,DZ,0,asking,0.430
2025-07-01,DZ,0,doing,0.221
2025-07-01,DZ,0,expressing,0.349
2025-07-01,DZ,1,asking,0.377
2025-07-01,DZ,1,doing,0.390
2025-07-01,DZ,1,expressing,0.233
2025-07-01,EC,0,asking,0.531
2025-07-01,EC,0,doing,0.285
2025-07-01,EC,0,expressing,0.184
2025-07-01,EC,1,asking,0.335
2025-07-01,EC,1,doing,0.561
2025-07-01,EC,1,expressing,0.104
2025-07-01,EE,0,asking,0.588
2025-07-01,EE,0,doing,0.254
2025-07-01,EE,0,expressing,0.158
2025-07-01,EG,0,asking,0.474
2025-07-01,EG,0,doing,0.204
2025-07-01,EG,0,expressing,0.321
2025-07-01,EG,1,asking,0.359
2025-07-01,EG,1,doing,0.415
2025-07-01,EG,1,expressing,0.227
2025-07-01,ES,0,asking,0.526
2025-07-01,ES,0,doing,0.232
2025-07-01,ES,0,expressing,0.242
2025-07-01,ES,1,asking,0.371
2025-07-01,ES,1,doing,0.452
2025-07-01,ES,1,expressing,0.177
2025-07-01,ET,0,asking,0.489
2025-07-01,ET,0,doing,0.249
2025-07-01,ET,0,expressing,0.262
2025-07-01,FI,0,asking,0.500
2025-07-01,FI,0,doing,0.227
2025-07-01,FI,0,expressing,0.274
2025-07-01,FI,1,asking,0.351
2025-07-01,FI,1,doing,0.443
2025-07-01,FI,1,expressing,0.206
2025-07-01,FR,0,asking,0.502
2025-07-01,FR,0,doing,0.253
2025-07-01,FR,0,expressing,0.245
2025-07-01,FR,1,asking,0.335
2025-07-01,FR,1,doing,0.485
2025-07-01,FR,1,expressing,0.180
2025-07-01,GB,0,asking,0.507
2025-07-01,GB,0,doing,0.261
2025-07-01,GB,0,expressing,0.232
2025-07-01,GB,1,asking,0.370
2025-07-01,GB,1,doing,0.481
2025-07-01,GB,1,expressing,0.148
2025-07-01,GE,0,asking,0.510
2025-07-01,GE,0,doing,0.222
2025-07-01,GE,0,expressing,0.268
2025-07-01,GE,1,asking,0.403
2025-07-01,GE,1,doing,0.417
2025-07-01,GE,1,expressing,0.180
2025-07-01,GH,0,asking,0.501
2025-07-01,GH,0,doing,0.295
2025-07-01,GH,0,expressing,0.204
2025-07-01,GH,1,asking,0.428
2025-07-01,GH,1,doing,0.405
2025-07-01,GH,1,expressing,0.167
2025-07-01,GR,0,asking,0.548
2025-07-01,GR,0,doing,0.201
2025-07-01,GR,0,expressing,0.252
2025-07-01,GR,1,asking,0.369
2025-07-01,GR,1,doing,0.456
2025-07-01,GR,1,expressing,0.175
2025-07-01,GT,0,asking,0.450
2025-07-01,GT,0,doing,0.344
2025-07-01,GT,0,expressing,0.206
2025-07-01,GT,1,asking,0.282
2025-07-01,GT,1,doing,0.550
2025-07-01,GT,1,expressing,0.168
2025-07-01,HN,0,asking,0.398
2025-07-01,HN,0,doing,0.333
2025-07-01,HN,0,expressing,0.269
2025-07-01,HR,0,asking,0.545
2025-07-01,HR,0,doing,0.221
2025-07-01,HR,0,expressing,0.235
2025-07-01,HU,0,asking,0.532
2025-07-01,HU,0,doing,0.179
2025-07-01,HU,0,expressing,0.289
2025-07-01,HU,1,asking,0.389
2025-07-01,HU,1,doing,0.429
2025-07-01,HU,1,expressing,0.182
2025-07-01,ID,0,asking,0.439
2025-07-01,ID,0,doing,0.316
2025-07-01,ID,0,expressing,0.244
2025-07-01,ID,1,asking,0.342
2025-07-01,ID,1,doing,0.533
2025-07-01,ID,1,expressing,0.124
2025-07-01,IE,0,asking,0.531
2025-07-01,IE,0,doing,0.277
2025-07-01,IE,0,expressing,0.192
2025-07-01,IE,1,asking,0.395
2025-07-01,IE,1,doing,0.470
2025-07-01,IE,1,expressing,0.134
2025-07-01,IL,0,asking,0.522
2025-07-01,IL,0,doing,0.226
2025-07-01,IL,0,expressing,0.252
2025-07-01,IL,1,asking,0.393
2025-07-01,IL,1,doing,0.419
2025-07-01,IL,1,expressing,0.188
2025-07-01,IN,0,asking,0.469
2025-07-01,IN,0,doing,0.300
2025-07-01,IN,0,expressing,0.231
2025-07-01,IN,1,asking,0.406
2025-07-01,IN,1,doing,0.451
2025-07-01,IN,1,expressing,0.143
2025-07-01,IQ,0,asking,0.461
2025-07-01,IQ,0,doing,0.226
2025-07-01,IQ,0,expressing,0.314
2025-07-01,IQ,1,asking,0.355
2025-07-01,IQ,1,doing,0.427
2025-07-01,IQ,1,expressing,0.217
2025-07-01,IT,0,asking,0.520
2025-07-01,IT,0,doing,0.235
2025-07-01,IT,0,expressing,0.245
2025-07-01,IT,1,asking,0.381
2025-07-01,IT,1,doing,0.433
2025-07-01,IT,1,expressing,0.186
2025-07-01,JO,0,asking,0.463
2025-07-01,JO,0,doing,0.253
2025-07-01,JO,0,expressing,0.284
2025-07-01,JO,1,asking,0.321
2025-07-01,JO,1,doing,0.491
2025-07-01,JO,1,expressing,0.189
2025-07-01,JP,0,asking,0.487
2025-07-01,JP,0,doing,0.212
2025-07-01,JP,0,expressing,0.302
2025-07-01,JP,1,asking,0.411
2025-07-01,JP,1,doing,0.396
2025-07-01,JP,1,expressing,0.192
2025-07-01,KE,0,asking,0.491
2025-07-01,KE,0,doing,0.257
2025-07-01,KE,0,expressing,0.251
2025-07-01,KE,1,asking,0.425
2025-07-01,KE,1,doing,0.440
2025-07-01,KE,1,expressing,0.135
2025-07-01,KG,0,asking,0.410
2025-07-01,KG,0,doing,0.307
2025-07-01,KG,0,expressing,0.284
2025-07-01,KH,0,asking,0.416
2025-07-01,KH,0,doing,0.435
2025-07-01,KH,0,expressing,0.149
2025-07-01,KH,1,asking,0.371
2025-07-01,KH,1,doing,0.410
2025-07-01,KH,1,expressing,0.219
2025-07-01,KR,0,asking,0.535
2025-07-01,KR,0,doing,0.228
2025-07-01,KR,0,expressing,0.238
2025-07-01,KR,1,asking,0.426
2025-07-01,KR,1,doing,0.414
2025-07-01,KR,1,expressing,0.160
2025-07-01,KW,0,asking,0.571
2025-07-01,KW,0,doing,0.205
2025-07-01,KW,0,expressing,0.224
2025-07-01,KZ,0,asking,0.464
2025-07-01,KZ,0,doing,0.243
2025-07-01,KZ,0,expressing,0.294
2025-07-01,KZ,1,asking,0.353
2025-07-01,KZ,1,doing,0.443
2025-07-01,KZ,1,expressing,0.204
2025-07-01,LB,0,asking,0.508
2025-07-01,LB,0,doing,0.228
2025-07-01,LB,0,expressing,0.264
2025-07-01,LB,1,asking,0.341
2025-07-01,LB,1,doing,0.503
2025-07-01,LB,1,expressing,0.156
2025-07-01,LK,0,asking,0.501
2025-07-01,LK,0,doing,0.306
2025-07-01,LK,0,expressing,0.194
2025-07-01,LK,1,asking,0.354
2025-07-01,LK,1,doing,0.465
2025-07-01,LK,1,expressing,0.182
2025-07-01,LT,0,asking,0.507
2025-07-01,LT,0,doing,0.218
2025-07-01,LT,0,expressing,0.275
2025-07-01,LT,1,asking,0.348
2025-07-01,LT,1,doing,0.511
2025-07-01,LT,1,expressing,0.141
2025-07-01,LV,0,asking,0.538
2025-07-01,LV,0,doing,0.245
2025-07-01,LV,0,expressing,0.217
2025-07-01,LY,0,asking,0.448
2025-07-01,LY,0,doing,0.218
2025-07-01,LY,0,expressing,0.334
2025-07-01,MA,0,asking,0.480
2025-07-01,MA,0,doing,0.239
2025-07-01,MA,0,expressing,0.281
2025-07-01,MA,1,asking,0.323
2025-07-01,MA,1,doing,0.462
2025-07-01,MA,1,expressing,0.215
2025-07-01,MD,0,asking,0.514
2025-07-01,MD,0,doing,0.286
2025-07-01,MD,0,expressing,0.200
2025-07-01,MG,0,asking,0.556
2025-07-01,MG,0,doing,0.154
2025-07-01,MG,0,expressing,0.291
2025-07-01,MM,0,asking,0.441
2025-07-01,MM,0,doing,0.313
2025-07-01,MM,0,expressing,0.247
2025-07-01,MN,0,asking,0.523
2025-07-01,MN,0,doing,0.223
2025-07-01,MN,0,expressing,0.254
2025-07-01,MX,0,asking,0.459
2025-07-01,MX,0,doing,0.277
2025-07-01,MX,0,expressing,0.265
2025-07-01,MX,1,asking,0.318
2025-07-01,MX,1,doing,0.523
2025-07-01,MX,1,expressing,0.159
2025-07-01,MY,0,asking,0.452
2025-07-01,MY,0,doing,0.271
2025-07-01,MY,0,expressing,0.277
2025-07-01,MY,1,asking,0.336
2025-07-01,MY,1,doing,0.504
2025-07-01,MY,1,expressing,0.160
2025-07-01,MZ,0,asking,0.479
2025-07-01,MZ,0,doing,0.341
2025-07-01,MZ,0,expressing,0.180
2025-07-01,NG,0,asking,0.402
2025-07-01,NG,0,doing,0.360
2025-07-01,NG,0,expressing,0.237
2025-07-01,NG,1,asking,0.312
2025-07-01,NG,1,doing,0.532
2025-07-01,NG,1,expressing,0.157
2025-07-01,NI,0,asking,0.386
2025-07-01,NI,0,doing,0.340
2025-07-01,NI,0,expressing,0.274
2025-07-01,NL,0,asking,0.522
2025-07-01,NL,0,doing,0.244
2025-07-01,NL,0,expressing,0.233
2025-07-01,NL,1,asking,0.373
2025-07-01,NL,1,doing,0.466
2025-07-01,NL,1,expressing,0.161
2025-07-01,NO,0,asking,0.569
2025-07-01,NO,0,doing,0.226
2025-07-01,NO,0,expressing,0.205
2025-07-01,NO,1,asking,0.441
2025-07-01,NO,1,doing,0.370
2025-07-01,NO,1,expressing,0.188
2025-07-01,NP,0,asking,0.488
2025-07-01,NP,0,doing,0.300
2025-07-01,NP,0,expressing,0.212
2025-07-01,NP,1,asking,0.452
2025-07-01,NP,1,doing,0.443
2025-07-01,NP,1,expressing,0.105
2025-07-01,NZ,0,asking,0.480
2025-07-01,NZ,0,doing,0.291
2025-07-01,NZ,0,expressing,0.230
2025-07-01,NZ,1,asking,0.374
2025-07-01,NZ,1,doing,0.455
2025-07-01,NZ,1,expressing,0.171
2025-07-01,OM,0,asking,0.502
2025-07-01,OM,0,doing,0.244
2025-07-01,OM,0,expressing,0.254
2025-07-01,PA,0,asking,0.487
2025-07-01,PA,0,doing,0.294
2025-07-01,PA,0,expressing,0.219
2025-07-01,PA,1,asking,0.342
2025-07-01,PA,1,doing,0.551
2025-07-01,PA,1,expressing,0.107
2025-07-01,PE,0,asking,0.440
2025-07-01,PE,0,doing,0.329
2025-07-01,PE,0,expressing,0.231
2025-07-01,PE,1,asking,0.323
2025-07-01,PE,1,doing,0.518
2025-07-01,PE,1,expressing,0.160
2025-07-01,PH,0,asking,0.416
2025-07-01,PH,0,doing,0.383
2025-07-01,PH,0,expressing,0.200
2025-07-01,PH,1,asking,0.292
2025-07-01,PH,1,doing,0.576
2025-07-01,PH,1,expressing,0.132
2025-07-01,PK,0,asking,0.472
2025-07-01,PK,0,doing,0.314
2025-07-01,PK,0,expressing,0.215
2025-07-01,PK,1,asking,0.363
2025-07-01,PK,1,doing,0.500
2025-07-01,PK,1,expressing,0.137
2025-07-01,PL,0,asking,0.535
2025-07-01,PL,0,doing,0.241
2025-07-01,PL,0,expressing,0.225
2025-07-01,PL,1,asking,0.408
2025-07-01,PL,1,doing,0.442
2025-07-01,PL,1,expressing,0.150
2025-07-01,PR,0,asking,0.457
2025-07-01,PR,0,doing,0.213
2025-07-01,PR,0,expressing,0.330
2025-07-01,PS,0,asking,0.415
2025-07-01,PS,0,doing,0.238
2025-07-01,PS,0,expressing,0.346
2025-07-01,PT,0,asking,0.498
2025-07-01,PT,0,doing,0.260
2025-07-01,PT,0,expressing,0.242
2025-07-01,PT,1,asking,0.369
2025-07-01,PT,1,doing,0.452
2025-07-01,PT,1,expressing,0.178
2025-07-01,PY,0,asking,0.453
2025-07-01,PY,0,doing,0.297
2025-07-01,PY,0,expressing,0.249
2025-07-01,PY,1,asking,0.342
2025-07-01,PY,1,doing,0.535
2025-07-01,PY,1,expressing,0.123
2025-07-01,QA,0,asking,0.511
2025-07-01,QA,0,doing,0.250
2025-07-01,QA,0,expressing,0.239
2025-07-01,QA,1,asking,0.337
2025-07-01,QA,1,doing,0.461
2025-07-01,QA,1,expressing,0.202
2025-07-01,RO,0,asking,0.518
2025-07-01,RO,0,doing,0.214
2025-07-01,RO,0,expressing,0.267
2025-07-01,RO,1,asking,0.392
2025-07-01,RO,1,doing,0.436
2025-07-01,RO,1,expressing,0.172
2025-07-01,RS,0,asking,0.495
2025-07-01,RS,0,doing,0.216
2025-07-01,RS,0,expressing,0.290
2025-07-01,RS,1,asking,0.372
2025-07-01,RS,1,doing,0.362
2025-07-01,RS,1,expressing,0.266
2025-07-01,SA,0,asking,0.480
2025-07-01,SA,0,doing,0.230
2025-07-01,SA,0,expressing,0.290
2025-07-01,SA,1,asking,0.355
2025-07-01,SA,1,doing,0.474
2025-07-01,SA,1,expressing,0.171
2025-07-01,SD,0,asking,0.411
2025-07-01,SD,0,doing,0.351
2025-07-01,SD,0,expressing,0.238
2025-07-01,SE,0,asking,0.553
2025-07-01,SE,0,doing,0.228
2025-07-01,SE,0,expressing,0.219
2025-07-01,SE,1,asking,0.401
2025-07-01,SE,1,doing,0.393
2025-07-01,SE,1,expressing,0.206
2025-07-01,SG,0,asking,0.555
2025-07-01,SG,0,doing,0.249
2025-07-01,SG,0,expressing,0.196
2025-07-01,SG,1,asking,0.403
2025-07-01,SG,1,doing,0.450
2025-07-01,SG,1,expressing,0.147
2025-07-01,SI,0,asking,0.554
2025-07-01,SI,0,doing,0.225
2025-07-01,SI,0,expressing,0.221
2025-07-01,SK,0,asking,0.513
2025-07-01,SK,0,doing,0.256
2025-07-01,SK,0,expressing,0.230
2025-07-01,SK,1,asking,0.497
2025-07-01,SK,1,doing,0.344
2025-07-01,SK,1,expressing,0.158
2025-07-01,SN,0,asking,0.414
2025-07-01,SN,0,doing,0.273
2025-07-01,SN,0,expressing,0.313
2025-07-01,SO,0,asking,0.442
2025-07-01,SO,0,doing,0.284
2025-07-01,SO,0,expressing,0.275
2025-07-01,SV,0,asking,0.474
2025-07-01,SV,0,doing,0.257
2025-07-01,SV,0,expressing,0.269
2025-07-01,TH,0,asking,0.513
2025-07-01,TH,0,doing,0.280
2025-07-01,TH,0,expressing,0.207
2025-07-01,TH,1,asking,0.374
2025-07-01,TH,1,doing,0.456
2025-07-01,TH,1,expressing,0.170
2025-07-01,TN,0,asking,0.487
2025-07-01,TN,0,doing,0.230
2025-07-01,TN,0,expressing,0.283
2025-07-01,TN,1,asking,0.333
2025-07-01,TN,1,doing,0.458
2025-07-01,TN,1,expressing,0.209
2025-07-01,TR,0,asking,0.460
2025-07-01,TR,0,doing,0.232
2025-07-01,TR,0,expressing,0.307
2025-07-01,TR,1,asking,0.342
2025-07-01,TR,1,doing,0.442
2025-07-01,TR,1,expressing,0.216
2025-07-01,TW,0,asking,0.501
2025-07-01,TW,0,doing,0.214
2025-07-01,TW,0,expressing,0.285
2025-07-01,TW,1,asking,0.425
2025-07-01,TW,1,doing,0.386
2025-07-01,TW,1,expressing,0.189
2025-07-01,TZ,0,asking,0.484
2025-07-01,TZ,0,doing,0.276
2025-07-01,TZ,0,expressing,0.239
2025-07-01,TZ,1,asking,0.466
2025-07-01,TZ,1,doing,0.445
2025-07-01,TZ,1,expressing,0.089
2025-07-01,UA,0,asking,0.478
2025-07-01,UA,0,doing,0.262
2025-07-01,UA,0,expressing,0.260
2025-07-01,UA,1,asking,0.319
2025-07-01,UA,1,doing,0.494
2025-07-01,UA,1,expressing,0.187
2025-07-01,US,0,asking,0.509
2025-07-01,US,0,doing,0.252
2025-07-01,US,0,expressing,0.239
2025-07-01,US,1,asking,0.355
2025-07-01,US,1,doing,0.479
2025-07-01,US,1,expressing,0.166
2025-07-01,UY,0,asking,0.459
2025-07-01,UY,0,doing,0.253
2025-07-01,UY,0,expressing,0.289
2025-07-01,UY,1,asking,0.383
2025-07-01,UY,1,doing,0.402
2025-07-01,UY,1,expressing,0.216
2025-07-01,UZ,0,asking,0.444
2025-07-01,UZ,0,doing,0.239
2025-07-01,UZ,0,expressing,0.317
2025-07-01,UZ,1,asking,0.382
2025-07-01,UZ,1,doing,0.426
2025-07-01,UZ,1,expressing,0.191
2025-07-01,VN,0,asking,0.456
2025-07-01,VN,0,doing,0.266
2025-07-01,VN,0,expressing,0.278
2025-07-01,VN,1,asking,0.358
2025-07-01,VN,1,doing,0.479
2025-07-01,VN,1,expressing,0.163
2025-07-01,YE,0,asking,0.435
2025-07-01,YE,0,doing,0.276
2025-07-01,YE,0,expressing,0.289
2025-07-01,ZA,0,asking,0.424
2025-07-01,ZA,0,doing,0.337
2025-07-01,ZA,0,expressing,0.239
2025-07-01,ZA,1,asking,0.316
2025-07-01,ZA,1,doing,0.520
2025-07-01,ZA,1,expressing,0.164
2025-08-01,AE,0,asking,0.466
2025-08-01,AE,0,doing,0.298
2025-08-01,AE,0,expressing,0.236
2025-08-01,AE,1,asking,0.278
2025-08-01,AE,1,doing,0.515
2025-08-01,AE,1,expressing,0.207
2025-08-01,AF,0,asking,0.421
2025-08-01,AF,0,doing,0.265
2025-08-01,AF,0,expressing,0.314
2025-08-01,AL,0,asking,0.413
2025-08-01,AL,0,doing,0.254
2025-08-01,AL,0,expressing,0.333
2025-08-01,AM,0,asking,0.472
2025-08-01,AM,0,doing,0.249
2025-08-01,AM,0,expressing,0.278
2025-08-01,AO,0,asking,0.376
2025-08-01,AO,0,doing,0.350
2025-08-01,AO,0,expressing,0.274
2025-08-01,AR,0,asking,0.439
2025-08-01,AR,0,doing,0.314
2025-08-01,AR,0,expressing,0.247
2025-08-01,AR,1,asking,0.320
2025-08-01,AR,1,doing,0.498
2025-08-01,AR,1,expressing,0.182
2025-08-01,AT,0,asking,0.487
2025-08-01,AT,0,doing,0.296
2025-08-01,AT,0,expressing,0.217
2025-08-01,AT,1,asking,0.358
2025-08-01,AT,1,doing,0.491
2025-08-01,AT,1,expressing,0.152
2025-08-01,AU,0,asking,0.508
2025-08-01,AU,0,doing,0.289
2025-08-01,AU,0,expressing,0.203
2025-08-01,AU,1,asking,0.330
2025-08-01,AU,1,doing,0.520
2025-08-01,AU,1,expressing,0.149
2025-08-01,AZ,0,asking,0.453
2025-08-01,AZ,0,doing,0.229
2025-08-01,AZ,0,expressing,0.318
2025-08-01,AZ,1,asking,0.421
2025-08-01,AZ,1,doing,0.388
2025-08-01,AZ,1,expressing,0.191
2025-08-01,BA,0,asking,0.529
2025-08-01,BA,0,doing,0.245
2025-08-01,BA,0,expressing,0.227
2025-08-01,BD,0,asking,0.452
2025-08-01,BD,0,doing,0.308
2025-08-01,BD,0,expressing,0.239
2025-08-01,BD,1,asking,0.363
2025-08-01,BD,1,doing,0.499
2025-08-01,BD,1,expressing,0.138
2025-08-01,BE,0,asking,0.502
2025-08-01,BE,0,doing,0.259
2025-08-01,BE,0,expressing,0.240
2025-08-01,BE,1,asking,0.339
2025-08-01,BE,1,doing,0.462
2025-08-01,BE,1,expressing,0.199
2025-08-01,BG,0,asking,0.436
2025-08-01,BG,0,doing,0.270
2025-08-01,BG,0,expressing,0.294
2025-08-01,BG,1,asking,0.322
2025-08-01,BG,1,doing,0.497
2025-08-01,BG,1,expressing,0.181
2025-08-01,BH,0,asking,0.519
2025-08-01,BH,0,doing,0.178
2025-08-01,BH,0,expressing,0.303
2025-08-01,BO,0,asking,0.476
2025-08-01,BO,0,doing,0.317
2025-08-01,BO,0,expressing,0.207
2025-08-01,BO,1,asking,0.331
2025-08-01,BO,1,doing,0.551
2025-08-01,BO,1,expressing,0.117
2025-08-01,BR,0,asking,0.407
2025-08-01,BR,0,doing,0.352
2025-08-01,BR,0,expressing,0.241
2025-08-01,BR,1,asking,0.263
2025-08-01,BR,1,doing,0.555
2025-08-01,BR,1,expressing,0.182
2025-08-01,CA,0,asking,0.491
2025-08-01,CA,0,doing,0.261
2025-08-01,CA,0,expressing,0.248
2025-08-01,CA,1,asking,0.347
2025-08-01,CA,1,doing,0.470
2025-08-01,CA,1,expressing,0.184
2025-08-01,CD,0,asking,0.396
2025-08-01,CD,0,doing,0.324
2025-08-01,CD,0,expressing,0.280
2025-08-01,CH,0,asking,0.521
2025-08-01,CH,0,doing,0.238
2025-08-01,CH,0,expressing,0.242
2025-08-01,CH,1,asking,0.333
2025-08-01,CH,1,doing,0.476
2025-08-01,CH,1,expressing,0.190
2025-08-01,CI,0,asking,0.390
2025-08-01,CI,0,doing,0.314
2025-08-01,CI,0,expressing,0.296
2025-08-01,CL,0,asking,0.454
2025-08-01,CL,0,doing,0.297
2025-08-01,CL,0,expressing,0.249
2025-08-01,CL,1,asking,0.317
2025-08-01,CL,1,doing,0.504
2025-08-01,CL,1,expressing,0.179
2025-08-01,CM,0,asking,0.497
2025-08-01,CM,0,doing,0.305
2025-08-01,CM,0,expressing,0.198
2025-08-01,CO,0,asking,0.435
2025-08-01,CO,0,doing,0.337
2025-08-01,CO,0,expressing,0.228
2025-08-01,CO,1,asking,0.277
2025-08-01,CO,1,doing,0.552
2025-08-01,CO,1,expressing,0.172
2025-08-01,CR,0,asking,0.471
2025-08-01,CR,0,doing,0.305
2025-08-01,CR,0,expressing,0.224
2025-08-01,CR,1,asking,0.257
2025-08-01,CR,1,doing,0.554
2025-08-01,CR,1,expressing,0.189
2025-08-01,CY,0,asking,0.456
2025-08-01,CY,0,doing,0.294
2025-08-01,CY,0,expressing,0.250
2025-08-01,CZ,0,asking,0.519
2025-08-01,CZ,0,doing,0.253
2025-08-01,CZ,0,expressing,0.228
2025-08-01,CZ,1,asking,0.396
2025-08-01,CZ,1,doing,0.417
2025-08-01,CZ,1,expressing,0.187
2025-08-01,DE,0,asking,0.478
2025-08-01,DE,0,doing,0.271
2025-08-01,DE,0,expressing,0.251
2025-08-01,DE,1,asking,0.371
2025-08-01,DE,1,doing,0.445
2025-08-01,DE,1,expressing,0.183
2025-08-01,DK,0,asking,0.546
2025-08-01,DK,0,doing,0.243
2025-08-01,DK,0,expressing,0.211
2025-08-01,DK,1,asking,0.363
2025-08-01,DK,1,doing,0.474
2025-08-01,DK,1,expressing,0.163
2025-08-01,DO,0,asking,0.432
2025-08-01,DO,0,doing,0.317
2025-08-01,DO,0,expressing,0.251
2025-08-01,DO,1,asking,0.305
2025-08-01,DO,1,doing,0.448
2025-08-01,DO,1,expressing,0.248
2025-08-01,DZ,0,asking,0.424
2025-08-01,DZ,0,doing,0.227
2025-08-01,DZ,0,expressing,0.349
2025-08-01,DZ,1,asking,0.367
2025-08-01,DZ,1,doing,0.363
2025-08-01,DZ,1,expressing,0.270
2025-08-01,EC,0,asking,0.442
2025-08-01,EC,0,doing,0.363
2025-08-01,EC,0,expressing,0.195
2025-08-01,EC,1,asking,0.301
2025-08-01,EC,1,doing,0.567
2025-08-01,EC,1,expressing,0.132
2025-08-01,EE,0,asking,0.544
2025-08-01,EE,0,doing,0.203
2025-08-01,EE,0,expressing,0.252
2025-08-01,EG,0,asking,0.470
2025-08-01,EG,0,doing,0.222
2025-08-01,EG,0,expressing,0.308
2025-08-01,EG,1,asking,0.345
2025-08-01,EG,1,doing,0.418
2025-08-01,EG,1,expressing,0.237
2025-08-01,ES,0,asking,0.510
2025-08-01,ES,0,doing,0.254
2025-08-01,ES,0,expressing,0.236
2025-08-01,ES,1,asking,0.359
2025-08-01,ES,1,doing,0.434
2025-08-01,ES,1,expressing,0.207
2025-08-01,ET,0,asking,0.567
2025-08-01,ET,0,doing,0.199
2025-08-01,ET,0,expressing,0.235
2025-08-01,ET,1,asking,0.418
2025-08-01,ET,1,doing,0.410
2025-08-01,ET,1,expressing,0.171
2025-08-01,FI,0,asking,0.464
2025-08-01,FI,0,doing,0.277
2025-08-01,FI,0,expressing,0.260
2025-08-01,FI,1,asking,0.389
2025-08-01,FI,1,doing,0.442
2025-08-01,FI,1,expressing,0.169
2025-08-01,FR,0,asking,0.485
2025-08-01,FR,0,doing,0.269
2025-08-01,FR,0,expressing,0.246
2025-08-01,FR,1,asking,0.330
2025-08-01,FR,1,doing,0.465
2025-08-01,FR,1,expressing,0.205
2025-08-01,GB,0,asking,0.493
2025-08-01,GB,0,doing,0.273
2025-08-01,GB,0,expressing,0.234
2025-08-01,GB,1,asking,0.342
2025-08-01,GB,1,doing,0.493
2025-08-01,GB,1,expressing,0.165
2025-08-01,GE,0,asking,0.527
2025-08-01,GE,0,doing,0.215
2025-08-01,GE,0,expressing,0.258
2025-08-01,GH,0,asking,0.430
2025-08-01,GH,0,doing,0.328
2025-08-01,GH,0,expressing,0.243
2025-08-01,GH,1,asking,0.339
2025-08-01,GH,1,doing,0.512
2025-08-01,GH,1,expressing,0.149
2025-08-01,GR,0,asking,0.489
2025-08-01,GR,0,doing,0.237
2025-08-01,GR,0,expressing,0.274
2025-08-01,GR,1,asking,0.358
2025-08-01,GR,1,doing,0.434
2025-08-01,GR,1,expressing,0.208
2025-08-01,GT,0,asking,0.456
2025-08-01,GT,0,doing,0.309
2025-08-01,GT,0,expressing,0.235
2025-08-01,GT,1,asking,0.327
2025-08-01,GT,1,doing,0.522
2025-08-01,GT,1,expressing,0.151
2025-08-01,HN,0,asking,0.404
2025-08-01,HN,0,doing,0.350
2025-08-01,HN,0,expressing,0.246
2025-08-01,HR,0,asking,0.524
2025-08-01,HR,0,doing,0.236
2025-08-01,HR,0,expressing,0.240
2025-08-01,HR,1,asking,0.331
2025-08-01,HR,1,doing,0.531
2025-08-01,HR,1,expressing,0.139
2025-08-01,HU,0,asking,0.463
2025-08-01,HU,0,doing,0.236
2025-08-01,HU,0,expressing,0.301
2025-08-01,HU,1,asking,0.388
2025-08-01,HU,1,doing,0.435
2025-08-01,HU,1,expressing,0.177
2025-08-01,ID,0,asking,0.430
2025-08-01,ID,0,doing,0.343
2025-08-01,ID,0,expressing,0.228
2025-08-01,ID,1,asking,0.322
2025-08-01,ID,1,doing,0.534
2025-08-01,ID,1,expressing,0.145
2025-08-01,IE,0,asking,0.540
2025-08-01,IE,0,doing,0.248
2025-08-01,IE,0,expressing,0.212
2025-08-01,IE,1,asking,0.334
2025-08-01,IE,1,doing,0.472
2025-08-01,IE,1,expressing,0.194
2025-08-01,IL,0,asking,0.493
2025-08-01,IL,0,doing,0.271
2025-08-01,IL,0,expressing,0.236
2025-08-01,IL,1,asking,0.320
2025-08-01,IL,1,doing,0.465
2025-08-01,IL,1,expressing,0.214
2025-08-01,IN,0,asking,0.449
2025-08-01,IN,0,doing,0.312
2025-08-01,IN,0,expressing,0.239
2025-08-01,IN,1,asking,0.364
2025-08-01,IN,1,doing,0.473
2025-08-01,IN,1,expressing,0.163
2025-08-01,IQ,0,asking,0.437
2025-08-01,IQ,0,doing,0.250
2025-08-01,IQ,0,expressing,0.313
2025-08-01,IQ,1,asking,0.389
2025-08-01,IQ,1,doing,0.400
2025-08-01,IQ,1,expressing,0.211
2025-08-01,IT,0,asking,0.497
2025-08-01,IT,0,doing,0.252
2025-08-01,IT,0,expressing,0.252
2025-08-01,IT,1,asking,0.329
2025-08-01,IT,1,doing,0.465
2025-08-01,IT,1,expressing,0.207
2025-08-01,JO,0,asking,0.465
2025-08-01,JO,0,doing,0.211
2025-08-01,JO,0,expressing,0.324
2025-08-01,JO,1,asking,0.301
2025-08-01,JO,1,doing,0.483
2025-08-01,JO,1,expressing,0.216
2025-08-01,JP,0,asking,0.427
2025-08-01,JP,0,doing,0.218
2025-08-01,JP,0,expressing,0.356
2025-08-01,JP,1,asking,0.382
2025-08-01,JP,1,doing,0.391
2025-08-01,JP,1,expressing,0.227
2025-08-01,KE,0,asking,0.464
2025-08-01,KE,0,doing,0.316
2025-08-01,KE,0,expressing,0.219
2025-08-01,KE,1,asking,0.350
2025-08-01,KE,1,doing,0.509
2025-08-01,KE,1,expressing,0.141
2025-08-01,KG,0,asking,0.409
2025-08-01,KG,0,doing,0.268
2025-08-01,KG,0,expressing,0.323
2025-08-01,KH,0,asking,0.371
2025-08-01,KH,0,doing,0.416
2025-08-01,KH,0,expressing,0.213
2025-08-01,KH,1,asking,0.281
2025-08-01,KH,1,doing,0.523
2025-08-01,KH,1,expressing,0.197
2025-08-01,KR,0,asking,0.483
2025-08-01,KR,0,doing,0.239
2025-08-01,KR,0,expressing,0.279
2025-08-01,KR,1,asking,0.384
2025-08-01,KR,1,doing,0.428
2025-08-01,KR,1,expressing,0.189
2025-08-01,KW,0,asking,0.490
2025-08-01,KW,0,doing,0.191
2025-08-01,KW,0,expressing,0.319
2025-08-01,KZ,0,asking,0.437
2025-08-01,KZ,0,doing,0.261
2025-08-01,KZ,0,expressing,0.301
2025-08-01,KZ,1,asking,0.385
2025-08-01,KZ,1,doing,0.445
2025-08-01,KZ,1,expressing,0.171
2025-08-01,LB,0,asking,0.480
2025-08-01,LB,0,doing,0.230
2025-08-01,LB,0,expressing,0.290
2025-08-01,LB,1,asking,0.286
2025-08-01,LB,1,doing,0.517
2025-08-01,LB,1,expressing,0.197
2025-08-01,LK,0,asking,0.454
2025-08-01,LK,0,doing,0.278
2025-08-01,LK,0,expressing,0.267
2025-08-01,LK,1,asking,0.270
2025-08-01,LK,1,doing,0.560
2025-08-01,LK,1,expressing,0.170
2025-08-01,LT,0,asking,0.486
2025-08-01,LT,0,doing,0.244
2025-08-01,LT,0,expressing,0.269
2025-08-01,LT,1,asking,0.362
2025-08-01,LT,1,doing,0.476
2025-08-01,LT,1,expressing,0.162
2025-08-01,LV,0,asking,0.488
2025-08-01,LV,0,doing,0.253
2025-08-01,LV,0,expressing,0.259
2025-08-01,LY,0,asking,0.467
2025-08-01,LY,0,doing,0.219
2025-08-01,LY,0,expressing,0.314
2025-08-01,MA,0,asking,0.467
2025-08-01,MA,0,doing,0.253
2025-08-01,MA,0,expressing,0.280
2025-08-01,MA,1,asking,0.331
2025-08-01,MA,1,doing,0.429
2025-08-01,MA,1,expressing,0.240
2025-08-01,MD,0,asking,0.514
2025-08-01,MD,0,doing,0.238
2025-08-01,MD,0,expressing,0.248
2025-08-01,ME,0,asking,0.521
2025-08-01,ME,0,doing,0.243
2025-08-01,ME,0,expressing,0.236
2025-08-01,MG,0,asking,0.476
2025-08-01,MG,0,doing,0.204
2025-08-01,MG,0,expressing,0.320
2025-08-01,MK,0,asking,0.455
2025-08-01,MK,0,doing,0.323
2025-08-01,MK,0,expressing,0.223
2025-08-01,MM,0,asking,0.421
2025-08-01,MM,0,doing,0.338
2025-08-01,MM,0,expressing,0.241
2025-08-01,MN,0,asking,0.486
2025-08-01,MN,0,doing,0.247
2025-08-01,MN,0,expressing,0.267
2025-08-01,MX,0,asking,0.458
2025-08-01,MX,0,doing,0.292
2025-08-01,MX,0,expressing,0.251
2025-08-01,MX,1,asking,0.297
2025-08-01,MX,1,doing,0.531
2025-08-01,MX,1,expressing,0.172
2025-08-01,MY,0,asking,0.425
2025-08-01,MY,0,doing,0.289
2025-08-01,MY,0,expressing,0.286
2025-08-01,MY,1,asking,0.316
2025-08-01,MY,1,doing,0.482
2025-08-01,MY,1,expressing,0.202
2025-08-01,MZ,0,asking,0.532
2025-08-01,MZ,0,doing,0.219
2025-08-01,MZ,0,expressing,0.250
2025-08-01,NG,0,asking,0.379
2025-08-01,NG,0,doing,0.374
2025-08-01,NG,0,expressing,0.246
2025-08-01,NG,1,asking,0.278
2025-08-01,NG,1,doing,0.553
2025-08-01,NG,1,expressing,0.170
2025-08-01,NI,0,asking,0.407
2025-08-01,NI,0,doing,0.355
2025-08-01,NI,0,expressing,0.238
2025-08-01,NL,0,asking,0.505
2025-08-01,NL,0,doing,0.245
2025-08-01,NL,0,expressing,0.250
2025-08-01,NL,1,asking,0.334
2025-08-01,NL,1,doing,0.483
2025-08-01,NL,1,expressing,0.183
2025-08-01,NO,0,asking,0.468
2025-08-01,NO,0,doing,0.277
2025-08-01,NO,0,expressing,0.255
2025-08-01,NO,1,asking,0.364
2025-08-01,NO,1,doing,0.485
2025-08-01,NO,1,expressing,0.151
2025-08-01,NP,0,asking,0.441
2025-08-01,NP,0,doing,0.309
2025-08-01,NP,0,expressing,0.250
2025-08-01,NP,1,asking,0.409
2025-08-01,NP,1,doing,0.464
2025-08-01,NP,1,expressing,0.127
2025-08-01,NZ,0,asking,0.522
2025-08-01,NZ,0,doing,0.284
2025-08-01,NZ,0,expressing,0.194
2025-08-01,NZ,1,asking,0.316
2025-08-01,NZ,1,doing,0.494
2025-08-01,NZ,1,expressing,0.190
2025-08-01,OM,0,asking,0.457
2025-08-01,OM,0,doing,0.248
2025-08-01,OM,0,expressing,0.295
2025-08-01,PA,0,asking,0.436
2025-08-01,PA,0,doing,0.295
2025-08-01,PA,0,expressing,0.269
2025-08-01,PA,1,asking,0.242
2025-08-01,PA,1,doing,0.504
2025-08-01,PA,1,expressing,0.254
2025-08-01,PE,0,asking,0.430
2025-08-01,PE,0,doing,0.329
2025-08-01,PE,0,expressing,0.241
2025-08-01,PE,1,asking,0.301
2025-08-01,PE,1,doing,0.554
2025-08-01,PE,1,expressing,0.146
2025-08-01,PH,0,asking,0.412
2025-08-01,PH,0,doing,0.398
2025-08-01,PH,0,expressing,0.189
2025-08-01,PH,1,asking,0.291
2025-08-01,PH,1,doing,0.560
2025-08-01,PH,1,expressing,0.150
2025-08-01,PK,0,asking,0.463
2025-08-01,PK,0,doing,0.303
2025-08-01,PK,0,expressing,0.235
2025-08-01,PK,1,asking,0.336
2025-08-01,PK,1,doing,0.526
2025-08-01,PK,1,expressing,0.138
2025-08-01,PL,0,asking,0.505
2025-08-01,PL,0,doing,0.264
2025-08-01,PL,0,expressing,0.231
2025-08-01,PL,1,asking,0.380
2025-08-01,PL,1,doing,0.473
2025-08-01,PL,1,expressing,0.146
2025-08-01,PR,0,asking,0.423
2025-08-01,PR,0,doing,0.288
2025-08-01,PR,0,expressing,0.289
2025-08-01,PS,0,asking,0.521
2025-08-01,PS,0,doing,0.213
2025-08-01,PS,0,expressing,0.266
2025-08-01,PT,0,asking,0.501
2025-08-01,PT,0,doing,0.284
2025-08-01,PT,0,expressing,0.215
2025-08-01,PT,1,asking,0.314
2025-08-01,PT,1,doing,0.488
2025-08-01,PT,1,expressing,0.198
2025-08-01,PY,0,asking,0.545
2025-08-01,PY,0,doing,0.228
2025-08-01,PY,0,expressing,0.227
2025-08-01,PY,1,asking,0.318
2025-08-01,PY,1,doing,0.395
2025-08-01,PY,1,expressing,0.287
2025-08-01,QA,0,asking,0.457
2025-08-01,QA,0,doing,0.243
2025-08-01,QA,0,expressing,0.300
2025-08-01,QA,1,asking,0.322
2025-08-01,QA,1,doing,0.439
2025-08-01,QA,1,expressing,0.239
2025-08-01,RO,0,asking,0.489
2025-08-01,RO,0,doing,0.233
2025-08-01,RO,0,expressing,0.278
2025-08-01,RO,1,asking,0.403
2025-08-01,RO,1,doing,0.398
2025-08-01,RO,1,expressing,0.199
2025-08-01,RS,0,asking,0.507
2025-08-01,RS,0,doing,0.246
2025-08-01,RS,0,expressing,0.246
2025-08-01,RS,1,asking,0.375
2025-08-01,RS,1,doing,0.386
2025-08-01,RS,1,expressing,0.238
2025-08-01,SA,0,asking,0.489
2025-08-01,SA,0,doing,0.231
2025-08-01,SA,0,expressing,0.280
2025-08-01,SA,1,asking,0.332
2025-08-01,SA,1,doing,0.440
2025-08-01,SA,1,expressing,0.228
2025-08-01,SE,0,asking,0.531
2025-08-01,SE,0,doing,0.255
2025-08-01,SE,0,expressing,0.214
2025-08-01,SE,1,asking,0.367
2025-08-01,SE,1,doing,0.441
2025-08-01,SE,1,expressing,0.192
2025-08-01,SG,0,asking,0.524
2025-08-01,SG,0,doing,0.275
2025-08-01,SG,0,expressing,0.201
2025-08-01,SG,1,asking,0.374
2025-08-01,SG,1,doing,0.455
2025-08-01,SG,1,expressing,0.171
2025-08-01,SI,0,asking,0.566
2025-08-01,SI,0,doing,0.225
2025-08-01,SI,0,expressing,0.209
2025-08-01,SK,0,asking,0.499
2025-08-01,SK,0,doing,0.238
2025-08-01,SK,0,expressing,0.263
2025-08-01,SK,1,asking,0.360
2025-08-01,SK,1,doing,0.402
2025-08-01,SK,1,expressing,0.238
2025-08-01,SN,0,asking,0.378
2025-08-01,SN,0,doing,0.324
2025-08-01,SN,0,expressing,0.298
2025-08-01,SO,0,asking,0.480
2025-08-01,SO,0,doing,0.280
2025-08-01,SO,0,expressing,0.240
2025-08-01,SV,0,asking,0.508
2025-08-01,SV,0,doing,0.287
2025-08-01,SV,0,expressing,0.205
2025-08-01,TH,0,asking,0.487
2025-08-01,TH,0,doing,0.306
2025-08-01,TH,0,expressing,0.207
2025-08-01,TH,1,asking,0.338
2025-08-01,TH,1,doing,0.512
2025-08-01,TH,1,expressing,0.150
2025-08-01,TN,0,asking,0.458
2025-08-01,TN,0,doing,0.244
2025-08-01,TN,0,expressing,0.298
2025-08-01,TN,1,asking,0.362
2025-08-01,TN,1,doing,0.434
2025-08-01,TN,1,expressing,0.204
2025-08-01,TR,0,asking,0.454
2025-08-01,TR,0,doing,0.259
2025-08-01,TR,0,expressing,0.287
2025-08-01,TR,1,asking,0.365
2025-08-01,TR,1,doing,0.434
2025-08-01,TR,1,expressing,0.201
2025-08-01,TW,0,asking,0.454
2025-08-01,TW,0,doing,0.243
2025-08-01,TW,0,expressing,0.303
2025-08-01,TW,1,asking,0.355
2025-08-01,TW,1,doing,0.403
2025-08-01,TW,1,expressing,0.242
2025-08-01,TZ,0,asking,0.477
2025-08-01,TZ,0,doing,0.273
2025-08-01,TZ,0,expressing,0.250
2025-08-01,TZ,1,asking,0.303
2025-08-01,TZ,1,doing,0.502
2025-08-01,TZ,1,expressing,0.196
2025-08-01,UA,0,asking,0.460
2025-08-01,UA,0,doing,0.289
2025-08-01,UA,0,expressing,0.251
2025-08-01,UA,1,asking,0.331
2025-08-01,UA,1,doing,0.482
2025-08-01,UA,1,expressing,0.187
2025-08-01,US,0,asking,0.487
2025-08-01,US,0,doing,0.279
2025-08-01,US,0,expressing,0.234
2025-08-01,US,1,asking,0.325
2025-08-01,US,1,doing,0.497
2025-08-01,US,1,expressing,0.177
2025-08-01,UY,0,asking,0.431
2025-08-01,UY,0,doing,0.297
2025-08-01,UY,0,expressing,0.272
2025-08-01,UY,1,asking,0.296
2025-08-01,UY,1,doing,0.507
2025-08-01,UY,1,expressing,0.197
2025-08-01,UZ,0,asking,0.428
2025-08-01,UZ,0,doing,0.245
2025-08-01,UZ,0,expressing,0.327
2025-08-01,UZ,1,asking,0.370
2025-08-01,UZ,1,doing,0.372
2025-08-01,UZ,1,expressing,0.258
2025-08-01,VN,0,asking,0.420
2025-08-01,VN,0,doing,0.277
2025-08-01,VN,0,expressing,0.303
2025-08-01,VN,1,asking,0.320
2025-08-01,VN,1,doing,0.493
2025-08-01,VN,1,expressing,0.186
2025-08-01,YE,0,asking,0.451
2025-08-01,YE,0,doing,0.259
2025-08-01,YE,0,expressing,0.290
2025-08-01,ZA,0,asking,0.450
2025-08-01,ZA,0,doing,0.312
2025-08-01,ZA,0,expressing,0.238
2025-08-01,ZA,1,asking,0.313
2025-08-01,ZA,1,doing,0.522
2025-08-01,ZA,1,expressing,0.165
2025-09-01,AE,0,asking,0.476
2025-09-01,AE,0,doing,0.287
2025-09-01,AE,0,expressing,0.238
2025-09-01,AE,1,asking,0.269
2025-09-01,AE,1,doing,0.524
2025-09-01,AE,1,expressing,0.207
2025-09-01,AF,0,asking,0.466
2025-09-01,AF,0,doing,0.292
2025-09-01,AF,0,expressing,0.242
2025-09-01,AL,0,asking,0.442
2025-09-01,AL,0,doing,0.279
2025-09-01,AL,0,expressing,0.279
2025-09-01,AM,0,asking,0.374
2025-09-01,AM,0,doing,0.349
2025-09-01,AM,0,expressing,0.276
2025-09-01,AO,0,asking,0.360
2025-09-01,AO,0,doing,0.343
2025-09-01,AO,0,expressing,0.296
2025-09-01,AR,0,asking,0.426
2025-09-01,AR,0,doing,0.300
2025-09-01,AR,0,expressing,0.274
2025-09-01,AR,1,asking,0.310
2025-09-01,AR,1,doing,0.489
2025-09-01,AR,1,expressing,0.202
2025-09-01,AT,0,asking,0.475
2025-09-01,AT,0,doing,0.295
2025-09-01,AT,0,expressing,0.230
2025-09-01,AT,1,asking,0.335
2025-09-01,AT,1,doing,0.455
2025-09-01,AT,1,expressing,0.210
2025-09-01,AU,0,asking,0.467
2025-09-01,AU,0,doing,0.302
2025-09-01,AU,0,expressing,0.230
2025-09-01,AU,1,asking,0.344
2025-09-01,AU,1,doing,0.493
2025-09-01,AU,1,expressing,0.163
2025-09-01,AZ,0,asking,0.428
2025-09-01,AZ,0,doing,0.263
2025-09-01,AZ,0,expressing,0.308
2025-09-01,AZ,1,asking,0.324
2025-09-01,AZ,1,doing,0.462
2025-09-01,AZ,1,expressing,0.214
2025-09-01,BA,0,asking,0.513
2025-09-01,BA,0,doing,0.220
2025-09-01,BA,0,expressing,0.267
2025-09-01,BD,0,asking,0.479
2025-09-01,BD,0,doing,0.281
2025-09-01,BD,0,expressing,0.240
2025-09-01,BD,1,asking,0.322
2025-09-01,BD,1,doing,0.526
2025-09-01,BD,1,expressing,0.152
2025-09-01,BE,0,asking,0.497
2025-09-01,BE,0,doing,0.280
2025-09-01,BE,0,expressing,0.223
2025-09-01,BE,1,asking,0.335
2025-09-01,BE,1,doing,0.491
2025-09-01,BE,1,expressing,0.174
2025-09-01,BG,0,asking,0.458
2025-09-01,BG,0,doing,0.281
2025-09-01,BG,0,expressing,0.261
2025-09-01,BG,1,asking,0.308
2025-09-01,BG,1,doing,0.421
2025-09-01,BG,1,expressing,0.271
2025-09-01,BH,0,asking,0.489
2025-09-01,BH,0,doing,0.306
2025-09-01,BH,0,expressing,0.204
2025-09-01,BO,0,asking,0.430
2025-09-01,BO,0,doing,0.352
2025-09-01,BO,0,expressing,0.218
2025-09-01,BO,1,asking,0.330
2025-09-01,BO,1,doing,0.548
2025-09-01,BO,1,expressing,0.123
2025-09-01,BR,0,asking,0.399
2025-09-01,BR,0,doing,0.340
2025-09-01,BR,0,expressing,0.261
2025-09-01,BR,1,asking,0.258
2025-09-01,BR,1,doing,0.541
2025-09-01,BR,1,expressing,0.201
2025-09-01,CA,0,asking,0.496
2025-09-01,CA,0,doing,0.266
2025-09-01,CA,0,expressing,0.238
2025-09-01,CA,1,asking,0.363
2025-09-01,CA,1,doing,0.470
2025-09-01,CA,1,expressing,0.167
2025-09-01,CD,0,asking,0.392
2025-09-01,CD,0,doing,0.340
2025-09-01,CD,0,expressing,0.268
2025-09-01,CH,0,asking,0.464
2025-09-01,CH,0,doing,0.304
2025-09-01,CH,0,expressing,0.232
2025-09-01,CH,1,asking,0.371
2025-09-01,CH,1,doing,0.475
2025-09-01,CH,1,expressing,0.154
2025-09-01,CI,0,asking,0.383
2025-09-01,CI,0,doing,0.314
2025-09-01,CI,0,expressing,0.303
2025-09-01,CL,0,asking,0.443
2025-09-01,CL,0,doing,0.282
2025-09-01,CL,0,expressing,0.275
2025-09-01,CL,1,asking,0.321
2025-09-01,CL,1,doing,0.500
2025-09-01,CL,1,expressing,0.180
2025-09-01,CO,0,asking,0.419
2025-09-01,CO,0,doing,0.330
2025-09-01,CO,0,expressing,0.251
2025-09-01,CO,1,asking,0.275
2025-09-01,CO,1,doing,0.557
2025-09-01,CO,1,expressing,0.168
2025-09-01,CR,0,asking,0.426
2025-09-01,CR,0,doing,0.314
2025-09-01,CR,0,expressing,0.260
2025-09-01,CR,1,asking,0.291
2025-09-01,CR,1,doing,0.528
2025-09-01,CR,1,expressing,0.181
2025-09-01,CY,0,asking,0.483
2025-09-01,CY,0,doing,0.278
2025-09-01,CY,0,expressing,0.239
2025-09-01,CZ,0,asking,0.534
2025-09-01,CZ,0,doing,0.234
2025-09-01,CZ,0,expressing,0.232
2025-09-01,CZ,1,asking,0.344
2025-09-01,CZ,1,doing,0.475
2025-09-01,CZ,1,expressing,0.180
2025-09-01,DE,0,asking,0.487
2025-09-01,DE,0,doing,0.282
2025-09-01,DE,0,expressing,0.231
2025-09-01,DE,1,asking,0.325
2025-09-01,DE,1,doing,0.482
2025-09-01,DE,1,expressing,0.193
2025-09-01,DK,0,asking,0.513
2025-09-01,DK,0,doing,0.275
2025-09-01,DK,0,expressing,0.212
2025-09-01,DK,1,asking,0.344
2025-09-01,DK,1,doing,0.459
2025-09-01,DK,1,expressing,0.197
2025-09-01,DO,0,asking,0.497
2025-09-01,DO,0,doing,0.285
2025-09-01,DO,0,expressing,0.217
2025-09-01,DO,1,asking,0.270
2025-09-01,DO,1,doing,0.549
2025-09-01,DO,1,expressing,0.181
2025-09-01,DZ,0,asking,0.422
2025-09-01,DZ,0,doing,0.233
2025-09-01,DZ,0,expressing,0.345
2025-09-01,DZ,1,asking,0.338
2025-09-01,DZ,1,doing,0.401
2025-09-01,DZ,1,expressing,0.261
2025-09-01,EC,0,asking,0.460
2025-09-01,EC,0,doing,0.303
2025-09-01,EC,0,expressing,0.238
2025-09-01,EC,1,asking,0.285
2025-09-01,EC,1,doing,0.576
2025-09-01,EC,1,expressing,0.138
2025-09-01,EE,0,asking,0.493
2025-09-01,EE,0,doing,0.296
2025-09-01,EE,0,expressing,0.211
2025-09-01,EG,0,asking,0.455
2025-09-01,EG,0,doing,0.227
2025-09-01,EG,0,expressing,0.318
2025-09-01,EG,1,asking,0.354
2025-09-01,EG,1,doing,0.403
2025-09-01,EG,1,expressing,0.243
2025-09-01,ES,0,asking,0.491
2025-09-01,ES,0,doing,0.253
2025-09-01,ES,0,expressing,0.256
2025-09-01,ES,1,asking,0.336
2025-09-01,ES,1,doing,0.454
2025-09-01,ES,1,expressing,0.210
2025-09-01,ET,0,asking,0.520
2025-09-01,ET,0,doing,0.273
2025-09-01,ET,0,expressing,0.207
2025-09-01,FI,0,asking,0.447
2025-09-01,FI,0,doing,0.287
2025-09-01,FI,0,expressing,0.266
2025-09-01,FI,1,asking,0.352
2025-09-01,FI,1,doing,0.461
2025-09-01,FI,1,expressing,0.186
2025-09-01,FR,0,asking,0.481
2025-09-01,FR,0,doing,0.276
2025-09-01,FR,0,expressing,0.243
2025-09-01,FR,1,asking,0.320
2025-09-01,FR,1,doing,0.488
2025-09-01,FR,1,expressing,0.192
2025-09-01,GB,0,asking,0.472
2025-09-01,GB,0,doing,0.298
2025-09-01,GB,0,expressing,0.230
2025-09-01,GB,1,asking,0.313
2025-09-01,GB,1,doing,0.492
2025-09-01,GB,1,expressing,0.195
2025-09-01,GE,0,asking,0.520
2025-09-01,GE,0,doing,0.252
2025-09-01,GE,0,expressing,0.228
2025-09-01,GH,0,asking,0.403
2025-09-01,GH,0,doing,0.365
2025-09-01,GH,0,expressing,0.232
2025-09-01,GH,1,asking,0.390
2025-09-01,GH,1,doing,0.495
2025-09-01,GH,1,expressing,0.115
2025-09-01,GR,0,asking,0.490
2025-09-01,GR,0,doing,0.253
2025-09-01,GR,0,expressing,0.258
2025-09-01,GR,1,asking,0.383
2025-09-01,GR,1,doing,0.404
2025-09-01,GR,1,expressing,0.212
2025-09-01,GT,0,asking,0.430
2025-09-01,GT,0,doing,0.336
2025-09-01,GT,0,expressing,0.234
2025-09-01,GT,1,asking,0.346
2025-09-01,GT,1,doing,0.533
2025-09-01,GT,1,expressing,0.121
2025-09-01,HN,0,asking,0.411
2025-09-01,HN,0,doing,0.325
2025-09-01,HN,0,expressing,0.264
2025-09-01,HR,0,asking,0.474
2025-09-01,HR,0,doing,0.251
2025-09-01,HR,0,expressing,0.275
2025-09-01,HR,1,asking,0.318
2025-09-01,HR,1,doing,0.505
2025-09-01,HR,1,expressing,0.177
2025-09-01,HU,0,asking,0.473
2025-09-01,HU,0,doing,0.241
2025-09-01,HU,0,expressing,0.287
2025-09-01,HU,1,asking,0.397
2025-09-01,HU,1,doing,0.374
2025-09-01,HU,1,expressing,0.230
2025-09-01,ID,0,asking,0.443
2025-09-01,ID,0,doing,0.343
2025-09-01,ID,0,expressing,0.214
2025-09-01,ID,1,asking,0.318
2025-09-01,ID,1,doing,0.535
2025-09-01,ID,1,expressing,0.147
2025-09-01,IE,0,asking,0.517
2025-09-01,IE,0,doing,0.280
2025-09-01,IE,0,expressing,0.204
2025-09-01,IE,1,asking,0.302
2025-09-01,IE,1,doing,0.507
2025-09-01,IE,1,expressing,0.191
2025-09-01,IL,0,asking,0.503
2025-09-01,IL,0,doing,0.250
2025-09-01,IL,0,expressing,0.247
2025-09-01,IL,1,asking,0.375
2025-09-01,IL,1,doing,0.447
2025-09-01,IL,1,expressing,0.178
2025-09-01,IN,0,asking,0.448
2025-09-01,IN,0,doing,0.318
2025-09-01,IN,0,expressing,0.234
2025-09-01,IN,1,asking,0.366
2025-09-01,IN,1,doing,0.465
2025-09-01,IN,1,expressing,0.169
2025-09-01,IQ,0,asking,0.445
2025-09-01,IQ,0,doing,0.245
2025-09-01,IQ,0,expressing,0.310
2025-09-01,IQ,1,asking,0.328
2025-09-01,IQ,1,doing,0.460
2025-09-01,IQ,1,expressing,0.213
2025-09-01,IT,0,asking,0.492
2025-09-01,IT,0,doing,0.262
2025-09-01,IT,0,expressing,0.246
2025-09-01,IT,1,asking,0.306
2025-09-01,IT,1,doing,0.476
2025-09-01,IT,1,expressing,0.218
2025-09-01,JO,0,asking,0.440
2025-09-01,JO,0,doing,0.263
2025-09-01,JO,0,expressing,0.297
2025-09-01,JO,1,asking,0.348
2025-09-01,JO,1,doing,0.480
2025-09-01,JO,1,expressing,0.172
2025-09-01,JP,0,asking,0.420
2025-09-01,JP,0,doing,0.201
2025-09-01,JP,0,expressing,0.379
2025-09-01,JP,1,asking,0.357
2025-09-01,JP,1,doing,0.395
2025-09-01,JP,1,expressing,0.249
2025-09-01,KE,0,asking,0.446
2025-09-01,KE,0,doing,0.322
2025-09-01,KE,0,expressing,0.231
2025-09-01,KE,1,asking,0.347
2025-09-01,KE,1,doing,0.488
2025-09-01,KE,1,expressing,0.166
2025-09-01,KG,0,asking,0.345
2025-09-01,KG,0,doing,0.316
2025-09-01,KG,0,expressing,0.339
2025-09-01,KH,0,asking,0.368
2025-09-01,KH,0,doing,0.404
2025-09-01,KH,0,expressing,0.229
2025-09-01,KH,1,asking,0.304
2025-09-01,KH,1,doing,0.566
2025-09-01,KH,1,expressing,0.130
2025-09-01,KR,0,asking,0.482
2025-09-01,KR,0,doing,0.224
2025-09-01,KR,0,expressing,0.294
2025-09-01,KR,1,asking,0.375
2025-09-01,KR,1,doing,0.414
2025-09-01,KR,1,expressing,0.211
2025-09-01,KW,0,asking,0.423
2025-09-01,KW,0,doing,0.276
2025-09-01,KW,0,expressing,0.302
2025-09-01,KZ,0,asking,0.420
2025-09-01,KZ,0,doing,0.319
2025-09-01,KZ,0,expressing,0.261
2025-09-01,KZ,1,asking,0.277
2025-09-01,KZ,1,doing,0.517
2025-09-01,KZ,1,expressing,0.205
2025-09-01,LB,0,asking,0.492
2025-09-01,LB,0,doing,0.258
2025-09-01,LB,0,expressing,0.250
2025-09-01,LB,1,asking,0.351
2025-09-01,LB,1,doing,0.466
2025-09-01,LB,1,expressing,0.183
2025-09-01,LK,0,asking,0.448
2025-09-01,LK,0,doing,0.289
2025-09-01,LK,0,expressing,0.263
2025-09-01,LK,1,asking,0.344
2025-09-01,LK,1,doing,0.497
2025-09-01,LK,1,expressing,0.159
2025-09-01,LT,0,asking,0.534
2025-09-01,LT,0,doing,0.244
2025-09-01,LT,0,expressing,0.222
2025-09-01,LT,1,asking,0.324
2025-09-01,LT,1,doing,0.427
2025-09-01,LT,1,expressing,0.249
2025-09-01,LV,0,asking,0.586
2025-09-01,LV,0,doing,0.226
2025-09-01,LV,0,expressing,0.188
2025-09-01,LY,0,asking,0.442
2025-09-01,LY,0,doing,0.232
2025-09-01,LY,0,expressing,0.326
2025-09-01,MA,0,asking,0.434
2025-09-01,MA,0,doing,0.269
2025-09-01,MA,0,expressing,0.297
2025-09-01,MA,1,asking,0.310
2025-09-01,MA,1,doing,0.438
2025-09-01,MA,1,expressing,0.252
2025-09-01,MD,0,asking,0.461
2025-09-01,MD,0,doing,0.309
2025-09-01,MD,0,expressing,0.229
2025-09-01,MG,0,asking,0.423
2025-09-01,MG,0,doing,0.328
2025-09-01,MG,0,expressing,0.249
2025-09-01,MK,0,asking,0.402
2025-09-01,MK,0,doing,0.205
2025-09-01,MK,0,expressing,0.393
2025-09-01,MM,0,asking,0.420
2025-09-01,MM,0,doing,0.326
2025-09-01,MM,0,expressing,0.254
2025-09-01,MN,0,asking,0.465
2025-09-01,MN,0,doing,0.233
2025-09-01,MN,0,expressing,0.302
2025-09-01,MX,0,asking,0.434
2025-09-01,MX,0,doing,0.321
2025-09-01,MX,0,expressing,0.245
2025-09-01,MX,1,asking,0.289
2025-09-01,MX,1,doing,0.550
2025-09-01,MX,1,expressing,0.161
2025-09-01,MY,0,asking,0.445
2025-09-01,MY,0,doing,0.296
2025-09-01,MY,0,expressing,0.258
2025-09-01,MY,1,asking,0.328
2025-09-01,MY,1,doing,0.483
2025-09-01,MY,1,expressing,0.189
2025-09-01,NG,0,asking,0.370
2025-09-01,NG,0,doing,0.372
2025-09-01,NG,0,expressing,0.258
2025-09-01,NG,1,asking,0.286
2025-09-01,NG,1,doing,0.524
2025-09-01,NG,1,expressing,0.190
2025-09-01,NI,0,asking,0.420
2025-09-01,NI,0,doing,0.286
2025-09-01,NI,0,expressing,0.293
2025-09-01,NL,0,asking,0.498
2025-09-01,NL,0,doing,0.279
2025-09-01,NL,0,expressing,0.224
2025-09-01,NL,1,asking,0.316
2025-09-01,NL,1,doing,0.514
2025-09-01,NL,1,expressing,0.170
2025-09-01,NO,0,asking,0.512
2025-09-01,NO,0,doing,0.271
2025-09-01,NO,0,expressing,0.217
2025-09-01,NO,1,asking,0.389
2025-09-01,NO,1,doing,0.457
2025-09-01,NO,1,expressing,0.154
2025-09-01,NP,0,asking,0.478
2025-09-01,NP,0,doing,0.297
2025-09-01,NP,0,expressing,0.225
2025-09-01,NP,1,asking,0.399
2025-09-01,NP,1,doing,0.441
2025-09-01,NP,1,expressing,0.160
2025-09-01,NZ,0,asking,0.462
2025-09-01,NZ,0,doing,0.294
2025-09-01,NZ,0,expressing,0.244
2025-09-01,NZ,1,asking,0.369
2025-09-01,NZ,1,doing,0.459
2025-09-01,NZ,1,expressing,0.172
2025-09-01,OM,0,asking,0.403
2025-09-01,OM,0,doing,0.304
2025-09-01,OM,0,expressing,0.293
2025-09-01,OM,1,asking,0.225
2025-09-01,OM,1,doing,0.574
2025-09-01,OM,1,expressing,0.200
2025-09-01,PA,0,asking,0.456
2025-09-01,PA,0,doing,0.299
2025-09-01,PA,0,expressing,0.244
2025-09-01,PA,1,asking,0.243
2025-09-01,PA,1,doing,0.613
2025-09-01,PA,1,expressing,0.145
2025-09-01,PE,0,asking,0.433
2025-09-01,PE,0,doing,0.332
2025-09-01,PE,0,expressing,0.235
2025-09-01,PE,1,asking,0.321
2025-09-01,PE,1,doing,0.531
2025-09-01,PE,1,expressing,0.149
2025-09-01,PH,0,asking,0.403
2025-09-01,PH,0,doing,0.403
2025-09-01,PH,0,expressing,0.194
2025-09-01,PH,1,asking,0.268
2025-09-01,PH,1,doing,0.585
2025-09-01,PH,1,expressing,0.147
2025-09-01,PK,0,asking,0.449
2025-09-01,PK,0,doing,0.309
2025-09-01,PK,0,expressing,0.243
2025-09-01,PK,1,asking,0.307
2025-09-01,PK,1,doing,0.530
2025-09-01,PK,1,expressing,0.163
2025-09-01,PL,0,asking,0.496
2025-09-01,PL,0,doing,0.264
2025-09-01,PL,0,expressing,0.240
2025-09-01,PL,1,asking,0.316
2025-09-01,PL,1,doing,0.508
2025-09-01,PL,1,expressing,0.176
2025-09-01,PR,0,asking,0.486
2025-09-01,PR,0,doing,0.329
2025-09-01,PR,0,expressing,0.185
2025-09-01,PS,0,asking,0.487
2025-09-01,PS,0,doing,0.221
2025-09-01,PS,0,expressing,0.292
2025-09-01,PT,0,asking,0.449
2025-09-01,PT,0,doing,0.280
2025-09-01,PT,0,expressing,0.271
2025-09-01,PT,1,asking,0.298
2025-09-01,PT,1,doing,0.512
2025-09-01,PT,1,expressing,0.190
2025-09-01,PY,0,asking,0.444
2025-09-01,PY,0,doing,0.256
2025-09-01,PY,0,expressing,0.300
2025-09-01,PY,1,asking,0.260
2025-09-01,PY,1,doing,0.531
2025-09-01,PY,1,expressing,0.208
2025-09-01,QA,0,asking,0.517
2025-09-01,QA,0,doing,0.236
2025-09-01,QA,0,expressing,0.247
2025-09-01,QA,1,asking,0.327
2025-09-01,QA,1,doing,0.543
2025-09-01,QA,1,expressing,0.130
2025-09-01,RO,0,asking,0.483
2025-09-01,RO,0,doing,0.262
2025-09-01,RO,0,expressing,0.255
2025-09-01,RO,1,asking,0.331
2025-09-01,RO,1,doing,0.457
2025-09-01,RO,1,expressing,0.212
2025-09-01,RS,0,asking,0.421
2025-09-01,RS,0,doing,0.339
2025-09-01,RS,0,expressing,0.240
2025-09-01,RS,1,asking,0.403
2025-09-01,RS,1,doing,0.433
2025-09-01,RS,1,expressing,0.164
2025-09-01,SA,0,asking,0.480
2025-09-01,SA,0,doing,0.262
2025-09-01,SA,0,expressing,0.259
2025-09-01,SA,1,asking,0.300
2025-09-01,SA,1,doing,0.500
2025-09-01,SA,1,expressing,0.200
2025-09-01,SE,0,asking,0.482
2025-09-01,SE,0,doing,0.294
2025-09-01,SE,0,expressing,0.224
2025-09-01,SE,1,asking,0.408
2025-09-01,SE,1,doing,0.406
2025-09-01,SE,1,expressing,0.186
2025-09-01,SG,0,asking,0.514
2025-09-01,SG,0,doing,0.265
2025-09-01,SG,0,expressing,0.221
2025-09-01,SG,1,asking,0.374
2025-09-01,SG,1,doing,0.460
2025-09-01,SG,1,expressing,0.166
2025-09-01,SI,0,asking,0.468
2025-09-01,SI,0,doing,0.313
2025-09-01,SI,0,expressing,0.219
2025-09-01,SK,0,asking,0.480
2025-09-01,SK,0,doing,0.280
2025-09-01,SK,0,expressing,0.241
2025-09-01,SK,1,asking,0.429
2025-09-01,SK,1,doing,0.372
2025-09-01,SK,1,expressing,0.199
2025-09-01,SN,0,asking,0.404
2025-09-01,SN,0,doing,0.373
2025-09-01,SN,0,expressing,0.223
2025-09-01,SO,0,asking,0.439
2025-09-01,SO,0,doing,0.324
2025-09-01,SO,0,expressing,0.237
2025-09-01,SV,0,asking,0.456
2025-09-01,SV,0,doing,0.325
2025-09-01,SV,0,expressing,0.219
2025-09-01,TH,0,asking,0.476
2025-09-01,TH,0,doing,0.301
2025-09-01,TH,0,expressing,0.223
2025-09-01,TH,1,asking,0.336
2025-09-01,TH,1,doing,0.490
2025-09-01,TH,1,expressing,0.174
2025-09-01,TJ,0,asking,0.446
2025-09-01,TJ,0,doing,0.289
2025-09-01,TJ,0,expressing,0.265
2025-09-01,TN,0,asking,0.419
2025-09-01,TN,0,doing,0.261
2025-09-01,TN,0,expressing,0.320
2025-09-01,TN,1,asking,0.335
2025-09-01,TN,1,doing,0.463
2025-09-01,TN,1,expressing,0.203
2025-09-01,TR,0,asking,0.468
2025-09-01,TR,0,doing,0.254
2025-09-01,TR,0,expressing,0.278
2025-09-01,TR,1,asking,0.340
2025-09-01,TR,1,doing,0.442
2025-09-01,TR,1,expressing,0.218
2025-09-01,TW,0,asking,0.454
2025-09-01,TW,0,doing,0.254
2025-09-01,TW,0,expressing,0.291
2025-09-01,TW,1,asking,0.375
2025-09-01,TW,1,doing,0.404
2025-09-01,TW,1,expressing,0.222
2025-09-01,TZ,0,asking,0.527
2025-09-01,TZ,0,doing,0.226
2025-09-01,TZ,0,expressing,0.248
2025-09-01,UA,0,asking,0.441
2025-09-01,UA,0,doing,0.332
2025-09-01,UA,0,expressing,0.228
2025-09-01,UA,1,asking,0.307
2025-09-01,UA,1,doing,0.524
2025-09-01,UA,1,expressing,0.169
2025-09-01,US,0,asking,0.488
2025-09-01,US,0,doing,0.294
2025-09-01,US,0,expressing,0.218
2025-09-01,US,1,asking,0.347
2025-09-01,US,1,doing,0.488
2025-09-01,US,1,expressing,0.165
2025-09-01,UY,0,asking,0.431
2025-09-01,UY,0,doing,0.242
2025-09-01,UY,0,expressing,0.327
2025-09-01,UY,1,asking,0.217
2025-09-01,UY,1,doing,0.466
2025-09-01,UY,1,expressing,0.317
2025-09-01,UZ,0,asking,0.391
2025-09-01,UZ,0,doing,0.290
2025-09-01,UZ,0,expressing,0.319
2025-09-01,UZ,1,asking,0.368
2025-09-01,UZ,1,doing,0.383
2025-09-01,UZ,1,expressing,0.249
2025-09-01,VN,0,asking,0.435
2025-09-01,VN,0,doing,0.303
2025-09-01,VN,0,expressing,0.262
2025-09-01,VN,1,asking,0.302
2025-09-01,VN,1,doing,0.496
2025-09-01,VN,1,expressing,0.201
2025-09-01,YE,0,asking,0.414
2025-09-01,YE,0,doing,0.285
2025-09-01,YE,0,expressing,0.302
2025-09-01,ZA,0,asking,0.432
2025-09-01,ZA,0,doing,0.327
2025-09-01,ZA,0,expressing,0.241
2025-09-01,ZA,1,asking,0.325
2025-09-01,ZA,1,doing,0.528
2025-09-01,ZA,1,expressing,0.147
2025-10-01,AE,0,asking,0.470
2025-10-01,AE,0,doing,0.291
2025-10-01,AE,0,expressing,0.239
2025-10-01,AE,1,asking,0.267
2025-10-01,AE,1,doing,0.534
2025-10-01,AE,1,expressing,0.199
2025-10-01,AF,0,asking,0.430
2025-10-01,AF,0,doing,0.280
2025-10-01,AF,0,expressing,0.290
2025-10-01,AL,0,asking,0.526
2025-10-01,AL,0,doing,0.225
2025-10-01,AL,0,expressing,0.249
2025-10-01,AM,0,asking,0.377
2025-10-01,AM,0,doing,0.307
2025-10-01,AM,0,expressing,0.317
2025-10-01,AO,0,asking,0.438
2025-10-01,AO,0,doing,0.271
2025-10-01,AO,0,expressing,0.291
2025-10-01,AR,0,asking,0.421
2025-10-01,AR,0,doing,0.301
2025-10-01,AR,0,expressing,0.278
2025-10-01,AR,1,asking,0.288
2025-10-01,AR,1,doing,0.530
2025-10-01,AR,1,expressing,0.182
2025-10-01,AT,0,asking,0.501
2025-10-01,AT,0,doing,0.267
2025-10-01,AT,0,expressing,0.233
2025-10-01,AT,1,asking,0.370
2025-10-01,AT,1,doing,0.457
2025-10-01,AT,1,expressing,0.173
2025-10-01,AU,0,asking,0.496
2025-10-01,AU,0,doing,0.271
2025-10-01,AU,0,expressing,0.233
2025-10-01,AU,1,asking,0.337
2025-10-01,AU,1,doing,0.502
2025-10-01,AU,1,expressing,0.161
2025-10-01,AZ,0,asking,0.424
2025-10-01,AZ,0,doing,0.272
2025-10-01,AZ,0,expressing,0.304
2025-10-01,AZ,1,asking,0.326
2025-10-01,AZ,1,doing,0.440
2025-10-01,AZ,1,expressing,0.234
2025-10-01,BA,0,asking,0.464
2025-10-01,BA,0,doing,0.284
2025-10-01,BA,0,expressing,0.251
2025-10-01,BD,0,asking,0.469
2025-10-01,BD,0,doing,0.287
2025-10-01,BD,0,expressing,0.243
2025-10-01,BD,1,asking,0.335
2025-10-01,BD,1,doing,0.466
2025-10-01,BD,1,expressing,0.200
2025-10-01,BE,0,asking,0.477
2025-10-01,BE,0,doing,0.266
2025-10-01,BE,0,expressing,0.257
2025-10-01,BE,1,asking,0.343
2025-10-01,BE,1,doing,0.485
2025-10-01,BE,1,expressing,0.171
2025-10-01,BG,0,asking,0.430
2025-10-01,BG,0,doing,0.283
2025-10-01,BG,0,expressing,0.287
2025-10-01,BG,1,asking,0.287
2025-10-01,BG,1,doing,0.493
2025-10-01,BG,1,expressing,0.219
2025-10-01,BH,0,asking,0.407
2025-10-01,BH,0,doing,0.259
2025-10-01,BH,0,expressing,0.334
2025-10-01,BJ,0,asking,0.370
2025-10-01,BJ,0,doing,0.448
2025-10-01,BJ,0,expressing,0.183
2025-10-01,BO,0,asking,0.433
2025-10-01,BO,0,doing,0.374
2025-10-01,BO,0,expressing,0.193
2025-10-01,BO,1,asking,0.276
2025-10-01,BO,1,doing,0.527
2025-10-01,BO,1,expressing,0.197
2025-10-01,BR,0,asking,0.414
2025-10-01,BR,0,doing,0.331
2025-10-01,BR,0,expressing,0.255
2025-10-01,BR,1,asking,0.255
2025-10-01,BR,1,doing,0.546
2025-10-01,BR,1,expressing,0.199
2025-10-01,CA,0,asking,0.497
2025-10-01,CA,0,doing,0.268
2025-10-01,CA,0,expressing,0.235
2025-10-01,CA,1,asking,0.342
2025-10-01,CA,1,doing,0.465
2025-10-01,CA,1,expressing,0.193
2025-10-01,CD,0,asking,0.449
2025-10-01,CD,0,doing,0.348
2025-10-01,CD,0,expressing,0.203
2025-10-01,CH,0,asking,0.515
2025-10-01,CH,0,doing,0.263
2025-10-01,CH,0,expressing,0.222
2025-10-01,CH,1,asking,0.287
2025-10-01,CH,1,doing,0.501
2025-10-01,CH,1,expressing,0.212
2025-10-01,CI,0,asking,0.370
2025-10-01,CI,0,doing,0.321
2025-10-01,CI,0,expressing,0.309
2025-10-01,CL,0,asking,0.448
2025-10-01,CL,0,doing,0.286
2025-10-01,CL,0,expressing,0.266
2025-10-01,CL,1,asking,0.323
2025-10-01,CL,1,doing,0.503
2025-10-01,CL,1,expressing,0.174
2025-10-01,CM,0,asking,0.415
2025-10-01,CM,0,doing,0.316
2025-10-01,CM,0,expressing,0.269
2025-10-01,CO,0,asking,0.399
2025-10-01,CO,0,doing,0.338
2025-10-01,CO,0,expressing,0.263
2025-10-01,CO,1,asking,0.246
2025-10-01,CO,1,doing,0.541
2025-10-01,CO,1,expressing,0.213
2025-10-01,CR,0,asking,0.491
2025-10-01,CR,0,doing,0.286
2025-10-01,CR,0,expressing,0.223
2025-10-01,CR,1,asking,0.312
2025-10-01,CR,1,doing,0.500
2025-10-01,CR,1,expressing,0.188
2025-10-01,CY,0,asking,0.518
2025-10-01,CY,0,doing,0.245
2025-10-01,CY,0,expressing,0.237
2025-10-01,CZ,0,asking,0.487
2025-10-01,CZ,0,doing,0.272
2025-10-01,CZ,0,expressing,0.241
2025-10-01,CZ,1,asking,0.354
2025-10-01,CZ,1,doing,0.472
2025-10-01,CZ,1,expressing,0.174
2025-10-01,DE,0,asking,0.487
2025-10-01,DE,0,doing,0.261
2025-10-01,DE,0,expressing,0.252
2025-10-01,DE,1,asking,0.356
2025-10-01,DE,1,doing,0.447
2025-10-01,DE,1,expressing,0.197
2025-10-01,DK,0,asking,0.517
2025-10-01,DK,0,doing,0.321
2025-10-01,DK,0,expressing,0.162
2025-10-01,DK,1,asking,0.327
2025-10-01,DK,1,doing,0.563
2025-10-01,DK,1,expressing,0.110
2025-10-01,DO,0,asking,0.450
2025-10-01,DO,0,doing,0.312
2025-10-01,DO,0,expressing,0.238
2025-10-01,DO,1,asking,0.222
2025-10-01,DO,1,doing,0.578
2025-10-01,DO,1,expressing,0.199
2025-10-01,DZ,0,asking,0.413
2025-10-01,DZ,0,doing,0.256
2025-10-01,DZ,0,expressing,0.331
2025-10-01,DZ,1,asking,0.318
2025-10-01,DZ,1,doing,0.464
2025-10-01,DZ,1,expressing,0.218
2025-10-01,EC,0,asking,0.434
2025-10-01,EC,0,doing,0.378
2025-10-01,EC,0,expressing,0.188
2025-10-01,EC,1,asking,0.278
2025-10-01,EC,1,doing,0.558
2025-10-01,EC,1,expressing,0.165
2025-10-01,EE,0,asking,0.477
2025-10-01,EE,0,doing,0.200
2025-10-01,EE,0,expressing,0.322
2025-10-01,EG,0,asking,0.466
2025-10-01,EG,0,doing,0.219
2025-10-01,EG,0,expressing,0.315
2025-10-01,EG,1,asking,0.321
2025-10-01,EG,1,doing,0.455
2025-10-01,EG,1,expressing,0.225
2025-10-01,ES,0,asking,0.480
2025-10-01,ES,0,doing,0.288
2025-10-01,ES,0,expressing,0.232
2025-10-01,ES,1,asking,0.325
2025-10-01,ES,1,doing,0.478
2025-10-01,ES,1,expressing,0.197
2025-10-01,ET,0,asking,0.479
2025-10-01,ET,0,doing,0.261
2025-10-01,ET,0,expressing,0.260
2025-10-01,ET,1,asking,0.335
2025-10-01,ET,1,doing,0.467
2025-10-01,ET,1,expressing,0.198
2025-10-01,FI,0,asking,0.474
2025-10-01,FI,0,doing,0.240
2025-10-01,FI,0,expressing,0.286
2025-10-01,FI,1,asking,0.373
2025-10-01,FI,1,doing,0.460
2025-10-01,FI,1,expressing,0.167
2025-10-01,FR,0,asking,0.459
2025-10-01,FR,0,doing,0.281
2025-10-01,FR,0,expressing,0.260
2025-10-01,FR,1,asking,0.324
2025-10-01,FR,1,doing,0.469
2025-10-01,FR,1,expressing,0.208
2025-10-01,GB,0,asking,0.480
2025-10-01,GB,0,doing,0.275
2025-10-01,GB,0,expressing,0.245
2025-10-01,GB,1,asking,0.342
2025-10-01,GB,1,doing,0.488
2025-10-01,GB,1,expressing,0.171
2025-10-01,GE,0,asking,0.480
2025-10-01,GE,0,doing,0.232
2025-10-01,GE,0,expressing,0.289
2025-10-01,GE,1,asking,0.363
2025-10-01,GE,1,doing,0.440
2025-10-01,GE,1,expressing,0.197
2025-10-01,GH,0,asking,0.446
2025-10-01,GH,0,doing,0.288
2025-10-01,GH,0,expressing,0.266
2025-10-01,GH,1,asking,0.297
2025-10-01,GH,1,doing,0.548
2025-10-01,GH,1,expressing,0.155
2025-10-01,GR,0,asking,0.486
2025-10-01,GR,0,doing,0.227
2025-10-01,GR,0,expressing,0.287
2025-10-01,GR,1,asking,0.335
2025-10-01,GR,1,doing,0.407
2025-10-01,GR,1,expressing,0.258
2025-10-01,GT,0,asking,0.462
2025-10-01,GT,0,doing,0.289
2025-10-01,GT,0,expressing,0.248
2025-10-01,GT,1,asking,0.308
2025-10-01,GT,1,doing,0.562
2025-10-01,GT,1,expressing,0.130
2025-10-01,HN,0,asking,0.410
2025-10-01,HN,0,doing,0.314
2025-10-01,HN,0,expressing,0.275
2025-10-01,HN,1,asking,0.328
2025-10-01,HN,1,doing,0.455
2025-10-01,HN,1,expressing,0.217
2025-10-01,HR,0,asking,0.490
2025-10-01,HR,0,doing,0.270
2025-10-01,HR,0,expressing,0.241
2025-10-01,HR,1,asking,0.339
2025-10-01,HR,1,doing,0.463
2025-10-01,HR,1,expressing,0.199
2025-10-01,HU,0,asking,0.507
2025-10-01,HU,0,doing,0.239
2025-10-01,HU,0,expressing,0.255
2025-10-01,HU,1,asking,0.345
2025-10-01,HU,1,doing,0.485
2025-10-01,HU,1,expressing,0.170
2025-10-01,ID,0,asking,0.450
2025-10-01,ID,0,doing,0.324
2025-10-01,ID,0,expressing,0.226
2025-10-01,ID,1,asking,0.297
2025-10-01,ID,1,doing,0.550
2025-10-01,ID,1,expressing,0.153
2025-10-01,IE,0,asking,0.532
2025-10-01,IE,0,doing,0.260
2025-10-01,IE,0,expressing,0.208
2025-10-01,IE,1,asking,0.364
2025-10-01,IE,1,doing,0.449
2025-10-01,IE,1,expressing,0.188
2025-10-01,IL,0,asking,0.498
2025-10-01,IL,0,doing,0.226
2025-10-01,IL,0,expressing,0.276
2025-10-01,IL,1,asking,0.308
2025-10-01,IL,1,doing,0.482
2025-10-01,IL,1,expressing,0.210
2025-10-01,IN,0,asking,0.458
2025-10-01,IN,0,doing,0.309
2025-10-01,IN,0,expressing,0.233
2025-10-01,IN,1,asking,0.358
2025-10-01,IN,1,doing,0.478
2025-10-01,IN,1,expressing,0.164
2025-10-01,IQ,0,asking,0.421
2025-10-01,IQ,0,doing,0.240
2025-10-01,IQ,0,expressing,0.339
2025-10-01,IQ,1,asking,0.308
2025-10-01,IQ,1,doing,0.443
2025-10-01,IQ,1,expressing,0.249
2025-10-01,IT,0,asking,0.468
2025-10-01,IT,0,doing,0.293
2025-10-01,IT,0,expressing,0.239
2025-10-01,IT,1,asking,0.320
2025-10-01,IT,1,doing,0.474
2025-10-01,IT,1,expressing,0.206
2025-10-01,JO,0,asking,0.485
2025-10-01,JO,0,doing,0.244
2025-10-01,JO,0,expressing,0.271
2025-10-01,JO,1,asking,0.318
2025-10-01,JO,1,doing,0.416
2025-10-01,JO,1,expressing,0.267
2025-10-01,JP,0,asking,0.444
2025-10-01,JP,0,doing,0.206
2025-10-01,JP,0,expressing,0.350
2025-10-01,JP,1,asking,0.365
2025-10-01,JP,1,doing,0.400
2025-10-01,JP,1,expressing,0.235
2025-10-01,KE,0,asking,0.460
2025-10-01,KE,0,doing,0.258
2025-10-01,KE,0,expressing,0.282
2025-10-01,KE,1,asking,0.341
2025-10-01,KE,1,doing,0.475
2025-10-01,KE,1,expressing,0.183
2025-10-01,KG,0,asking,0.400
2025-10-01,KG,0,doing,0.348
2025-10-01,KG,0,expressing,0.251
2025-10-01,KH,0,asking,0.380
2025-10-01,KH,0,doing,0.411
2025-10-01,KH,0,expressing,0.209
2025-10-01,KH,1,asking,0.251
2025-10-01,KH,1,doing,0.544
2025-10-01,KH,1,expressing,0.205
2025-10-01,KR,0,asking,0.494
2025-10-01,KR,0,doing,0.228
2025-10-01,KR,0,expressing,0.279
2025-10-01,KR,1,asking,0.387
2025-10-01,KR,1,doing,0.410
2025-10-01,KR,1,expressing,0.203
2025-10-01,KW,0,asking,0.486
2025-10-01,KW,0,doing,0.261
2025-10-01,KW,0,expressing,0.253
2025-10-01,KW,1,asking,0.284
2025-10-01,KW,1,doing,0.467
2025-10-01,KW,1,expressing,0.249
2025-10-01,KZ,0,asking,0.446
2025-10-01,KZ,0,doing,0.302
2025-10-01,KZ,0,expressing,0.252
2025-10-01,KZ,1,asking,0.307
2025-10-01,KZ,1,doing,0.506
2025-10-01,KZ,1,expressing,0.186
2025-10-01,LB,0,asking,0.466
2025-10-01,LB,0,doing,0.242
2025-10-01,LB,0,expressing,0.292
2025-10-01,LB,1,asking,0.275
2025-10-01,LB,1,doing,0.454
2025-10-01,LB,1,expressing,0.271
2025-10-01,LK,0,asking,0.430
2025-10-01,LK,0,doing,0.272
2025-10-01,LK,0,expressing,0.297
2025-10-01,LK,1,asking,0.337
2025-10-01,LK,1,doing,0.489
2025-10-01,LK,1,expressing,0.174
2025-10-01,LT,0,asking,0.493
2025-10-01,LT,0,doing,0.284
2025-10-01,LT,0,expressing,0.224
2025-10-01,LT,1,asking,0.409
2025-10-01,LT,1,doing,0.395
2025-10-01,LT,1,expressing,0.197
2025-10-01,LV,0,asking,0.502
2025-10-01,LV,0,doing,0.279
2025-10-01,LV,0,expressing,0.219
2025-10-01,LV,1,asking,0.353
2025-10-01,LV,1,doing,0.411
2025-10-01,LV,1,expressing,0.236
2025-10-01,LY,0,asking,0.421
2025-10-01,LY,0,doing,0.261
2025-10-01,LY,0,expressing,0.318
2025-10-01,MA,0,asking,0.448
2025-10-01,MA,0,doing,0.255
2025-10-01,MA,0,expressing,0.297
2025-10-01,MA,1,asking,0.285
2025-10-01,MA,1,doing,0.525
2025-10-01,MA,1,expressing,0.191
2025-10-01,MD,0,asking,0.507
2025-10-01,MD,0,doing,0.336
2025-10-01,MD,0,expressing,0.158
2025-10-01,MG,0,asking,0.413
2025-10-01,MG,0,doing,0.332
2025-10-01,MG,0,expressing,0.255
2025-10-01,MK,0,asking,0.473
2025-10-01,MK,0,doing,0.244
2025-10-01,MK,0,expressing,0.283
2025-10-01,MM,0,asking,0.367
2025-10-01,MM,0,doing,0.255
2025-10-01,MM,0,expressing,0.378
2025-10-01,MN,0,asking,0.472
2025-10-01,MN,0,doing,0.276
2025-10-01,MN,0,expressing,0.252
2025-10-01,MX,0,asking,0.427
2025-10-01,MX,0,doing,0.333
2025-10-01,MX,0,expressing,0.240
2025-10-01,MX,1,asking,0.283
2025-10-01,MX,1,doing,0.553
2025-10-01,MX,1,expressing,0.164
2025-10-01,MY,0,asking,0.454
2025-10-01,MY,0,doing,0.271
2025-10-01,MY,0,expressing,0.274
2025-10-01,MY,1,asking,0.319
2025-10-01,MY,1,doing,0.490
2025-10-01,MY,1,expressing,0.191
2025-10-01,NG,0,asking,0.370
2025-10-01,NG,0,doing,0.356
2025-10-01,NG,0,expressing,0.274
2025-10-01,NG,1,asking,0.228
2025-10-01,NG,1,doing,0.559
2025-10-01,NG,1,expressing,0.213
2025-10-01,NI,0,asking,0.395
2025-10-01,NI,0,doing,0.366
2025-10-01,NI,0,expressing,0.239
2025-10-01,NL,0,asking,0.482
2025-10-01,NL,0,doing,0.291
2025-10-01,NL,0,expressing,0.227
2025-10-01,NL,1,asking,0.305
2025-10-01,NL,1,doing,0.503
2025-10-01,NL,1,expressing,0.191
2025-10-01,NO,0,asking,0.517
2025-10-01,NO,0,doing,0.268
2025-10-01,NO,0,expressing,0.215
2025-10-01,NO,1,asking,0.358
2025-10-01,NO,1,doing,0.446
2025-10-01,NO,1,expressing,0.195
2025-10-01,NP,0,asking,0.457
2025-10-01,NP,0,doing,0.272
2025-10-01,NP,0,expressing,0.271
2025-10-01,NP,1,asking,0.435
2025-10-01,NP,1,doing,0.383
2025-10-01,NP,1,expressing,0.182
2025-10-01,NZ,0,asking,0.472
2025-10-01,NZ,0,doing,0.298
2025-10-01,NZ,0,expressing,0.230
2025-10-01,NZ,1,asking,0.327
2025-10-01,NZ,1,doing,0.521
2025-10-01,NZ,1,expressing,0.152
2025-10-01,OM,0,asking,0.389
2025-10-01,OM,0,doing,0.312
2025-10-01,OM,0,expressing,0.299
2025-10-01,OM,1,asking,0.289
2025-10-01,OM,1,doing,0.527
2025-10-01,OM,1,expressing,0.184
2025-10-01,PA,0,asking,0.409
2025-10-01,PA,0,doing,0.304
2025-10-01,PA,0,expressing,0.286
2025-10-01,PA,1,asking,0.212
2025-10-01,PA,1,doing,0.559
2025-10-01,PA,1,expressing,0.229
2025-10-01,PE,0,asking,0.425
2025-10-01,PE,0,doing,0.336
2025-10-01,PE,0,expressing,0.239
2025-10-01,PE,1,asking,0.289
2025-10-01,PE,1,doing,0.544
2025-10-01,PE,1,expressing,0.167
2025-10-01,PH,0,asking,0.419
2025-10-01,PH,0,doing,0.378
2025-10-01,PH,0,expressing,0.204
2025-10-01,PH,1,asking,0.273
2025-10-01,PH,1,doing,0.568
2025-10-01,PH,1,expressing,0.160
2025-10-01,PK,0,asking,0.468
2025-10-01,PK,0,doing,0.307
2025-10-01,PK,0,expressing,0.225
2025-10-01,PK,1,asking,0.304
2025-10-01,PK,1,doing,0.529
2025-10-01,PK,1,expressing,0.167
2025-10-01,PL,0,asking,0.473
2025-10-01,PL,0,doing,0.281
2025-10-01,PL,0,expressing,0.246
2025-10-01,PL,1,asking,0.364
2025-10-01,PL,1,doing,0.478
2025-10-01,PL,1,expressing,0.158
2025-10-01,PR,0,asking,0.441
2025-10-01,PR,0,doing,0.285
2025-10-01,PR,0,expressing,0.275
2025-10-01,PS,0,asking,0.490
2025-10-01,PS,0,doing,0.191
2025-10-01,PS,0,expressing,0.319
2025-10-01,PT,0,asking,0.490
2025-10-01,PT,0,doing,0.282
2025-10-01,PT,0,expressing,0.228
2025-10-01,PT,1,asking,0.322
2025-10-01,PT,1,doing,0.469
2025-10-01,PT,1,expressing,0.209
2025-10-01,PY,0,asking,0.489
2025-10-01,PY,0,doing,0.283
2025-10-01,PY,0,expressing,0.228
2025-10-01,PY,1,asking,0.272
2025-10-01,PY,1,doing,0.590
2025-10-01,PY,1,expressing,0.137
2025-10-01,QA,0,asking,0.511
2025-10-01,QA,0,doing,0.276
2025-10-01,QA,0,expressing,0.213
2025-10-01,QA,1,asking,0.306
2025-10-01,QA,1,doing,0.546
2025-10-01,QA,1,expressing,0.148
2025-10-01,RO,0,asking,0.479
2025-10-01,RO,0,doing,0.269
2025-10-01,RO,0,expressing,0.252
2025-10-01,RO,1,asking,0.344
2025-10-01,RO,1,doing,0.472
2025-10-01,RO,1,expressing,0.184
2025-10-01,RS,0,asking,0.499
2025-10-01,RS,0,doing,0.241
2025-10-01,RS,0,expressing,0.259
2025-10-01,RS,1,asking,0.325
2025-10-01,RS,1,doing,0.412
2025-10-01,RS,1,expressing,0.263
2025-10-01,SA,0,asking,0.431
2025-10-01,SA,0,doing,0.266
2025-10-01,SA,0,expressing,0.303
2025-10-01,SA,1,asking,0.307
2025-10-01,SA,1,doing,0.467
2025-10-01,SA,1,expressing,0.225
2025-10-01,SE,0,asking,0.493
2025-10-01,SE,0,doing,0.297
2025-10-01,SE,0,expressing,0.211
2025-10-01,SE,1,asking,0.378
2025-10-01,SE,1,doing,0.410
2025-10-01,SE,1,expressing,0.211
2025-10-01,SG,0,asking,0.510
2025-10-01,SG,0,doing,0.278
2025-10-01,SG,0,expressing,0.212
2025-10-01,SG,1,asking,0.343
2025-10-01,SG,1,doing,0.493
2025-10-01,SG,1,expressing,0.164
2025-10-01,SI,0,asking,0.528
2025-10-01,SI,0,doing,0.238
2025-10-01,SI,0,expressing,0.234
2025-10-01,SK,0,asking,0.475
2025-10-01,SK,0,doing,0.247
2025-10-01,SK,0,expressing,0.278
2025-10-01,SK,1,asking,0.312
2025-10-01,SK,1,doing,0.518
2025-10-01,SK,1,expressing,0.170
2025-10-01,SN,0,asking,0.515
2025-10-01,SN,0,doing,0.270
2025-10-01,SN,0,expressing,0.215
2025-10-01,SO,0,asking,0.403
2025-10-01,SO,0,doing,0.292
2025-10-01,SO,0,expressing,0.305
2025-10-01,SV,0,asking,0.474
2025-10-01,SV,0,doing,0.299
2025-10-01,SV,0,expressing,0.227
2025-10-01,SV,1,asking,0.280
2025-10-01,SV,1,doing,0.473
2025-10-01,SV,1,expressing,0.247
2025-10-01,TH,0,asking,0.445
2025-10-01,TH,0,doing,0.294
2025-10-01,TH,0,expressing,0.261
2025-10-01,TH,1,asking,0.330
2025-10-01,TH,1,doing,0.495
2025-10-01,TH,1,expressing,0.174
2025-10-01,TJ,0,asking,0.350
2025-10-01,TJ,0,doing,0.353
2025-10-01,TJ,0,expressing,0.297
2025-10-01,TN,0,asking,0.423
2025-10-01,TN,0,doing,0.295
2025-10-01,TN,0,expressing,0.282
2025-10-01,TN,1,asking,0.323
2025-10-01,TN,1,doing,0.451
2025-10-01,TN,1,expressing,0.226
2025-10-01,TR,0,asking,0.443
2025-10-01,TR,0,doing,0.258
2025-10-01,TR,0,expressing,0.299
2025-10-01,TR,1,asking,0.321
2025-10-01,TR,1,doing,0.479
2025-10-01,TR,1,expressing,0.200
2025-10-01,TW,0,asking,0.460
2025-10-01,TW,0,doing,0.238
2025-10-01,TW,0,expressing,0.302
2025-10-01,TW,1,asking,0.347
2025-10-01,TW,1,doing,0.428
2025-10-01,TW,1,expressing,0.225
2025-10-01,TZ,0,asking,0.553
2025-10-01,TZ,0,doing,0.182
2025-10-01,TZ,0,expressing,0.266
2025-10-01,UA,0,asking,0.469
2025-10-01,UA,0,doing,0.306
2025-10-01,UA,0,expressing,0.225
2025-10-01,UA,1,asking,0.316
2025-10-01,UA,1,doing,0.514
2025-10-01,UA,1,expressing,0.169
2025-10-01,UG,0,asking,0.489
2025-10-01,UG,0,doing,0.259
2025-10-01,UG,0,expressing,0.252
2025-10-01,US,0,asking,0.486
2025-10-01,US,0,doing,0.286
2025-10-01,US,0,expressing,0.228
2025-10-01,US,1,asking,0.343
2025-10-01,US,1,doing,0.476
2025-10-01,US,1,expressing,0.181
2025-10-01,UY,0,asking,0.458
2025-10-01,UY,0,doing,0.257
2025-10-01,UY,0,expressing,0.284
2025-10-01,UY,1,asking,0.417
2025-10-01,UY,1,doing,0.360
2025-10-01,UY,1,expressing,0.223
2025-10-01,UZ,0,asking,0.393
2025-10-01,UZ,0,doing,0.292
2025-10-01,UZ,0,expressing,0.315
2025-10-01,UZ,1,asking,0.305
2025-10-01,UZ,1,doing,0.466
2025-10-01,UZ,1,expressing,0.229
2025-10-01,VN,0,asking,0.419
2025-10-01,VN,0,doing,0.297
2025-10-01,VN,0,expressing,0.284
2025-10-01,VN,1,asking,0.318
2025-10-01,VN,1,doing,0.465
2025-10-01,VN,1,expressing,0.217
2025-10-01,YE,0,asking,0.415
2025-10-01,YE,0,doing,0.281
2025-10-01,YE,0,expressing,0.304
2025-10-01,ZA,0,asking,0.428
2025-10-01,ZA,0,doing,0.329
2025-10-01,ZA,0,expressing,0.243
2025-10-01,ZA,1,asking,0.306
2025-10-01,ZA,1,doing,0.541
2025-10-01,ZA,1,expressing,0.153
2025-11-01,AE,0,asking,0.482
2025-11-01,AE,0,doing,0.276
2025-11-01,AE,0,expressing,0.242
2025-11-01,AE,1,asking,0.270
2025-11-01,AE,1,doing,0.533
2025-11-01,AE,1,expressing,0.197
2025-11-01,AF,0,asking,0.462
2025-11-01,AF,0,doing,0.216
2025-11-01,AF,0,expressing,0.322
2025-11-01,AL,0,asking,0.426
2025-11-01,AL,0,doing,0.231
2025-11-01,AL,0,expressing,0.342
2025-11-01,AM,0,asking,0.425
2025-11-01,AM,0,doing,0.301
2025-11-01,AM,0,expressing,0.274
2025-11-01,AO,0,asking,0.550
2025-11-01,AO,0,doing,0.230
2025-11-01,AO,0,expressing,0.220
2025-11-01,AR,0,asking,0.415
2025-11-01,AR,0,doing,0.276
2025-11-01,AR,0,expressing,0.308
2025-11-01,AR,1,asking,0.319
2025-11-01,AR,1,doing,0.504
2025-11-01,AR,1,expressing,0.177
2025-11-01,AT,0,asking,0.521
2025-11-01,AT,0,doing,0.261
2025-11-01,AT,0,expressing,0.218
2025-11-01,AT,1,asking,0.372
2025-11-01,AT,1,doing,0.430
2025-11-01,AT,1,expressing,0.198
2025-11-01,AU,0,asking,0.496
2025-11-01,AU,0,doing,0.275
2025-11-01,AU,0,expressing,0.229
2025-11-01,AU,1,asking,0.320
2025-11-01,AU,1,doing,0.510
2025-11-01,AU,1,expressing,0.170
2025-11-01,AZ,0,asking,0.443
2025-11-01,AZ,0,doing,0.225
2025-11-01,AZ,0,expressing,0.332
2025-11-01,AZ,1,asking,0.320
2025-11-01,AZ,1,doing,0.482
2025-11-01,AZ,1,expressing,0.198
2025-11-01,BA,0,asking,0.528
2025-11-01,BA,0,doing,0.196
2025-11-01,BA,0,expressing,0.275
2025-11-01,BD,0,asking,0.475
2025-11-01,BD,0,doing,0.295
2025-11-01,BD,0,expressing,0.230
2025-11-01,BD,1,asking,0.353
2025-11-01,BD,1,doing,0.494
2025-11-01,BD,1,expressing,0.153
2025-11-01,BE,0,asking,0.454
2025-11-01,BE,0,doing,0.291
2025-11-01,BE,0,expressing,0.255
2025-11-01,BE,1,asking,0.354
2025-11-01,BE,1,doing,0.491
2025-11-01,BE,1,expressing,0.155
2025-11-01,BG,0,asking,0.461
2025-11-01,BG,0,doing,0.239
2025-11-01,BG,0,expressing,0.300
2025-11-01,BG,1,asking,0.300
2025-11-01,BG,1,doing,0.496
2025-11-01,BG,1,expressing,0.204
2025-11-01,BH,0,asking,0.389
2025-11-01,BH,0,doing,0.330
2025-11-01,BH,0,expressing,0.282
2025-11-01,BO,0,asking,0.423
2025-11-01,BO,0,doing,0.359
2025-11-01,BO,0,expressing,0.219
2025-11-01,BO,1,asking,0.335
2025-11-01,BO,1,doing,0.571
2025-11-01,BO,1,expressing,0.094
2025-11-01,BR,0,asking,0.411
2025-11-01,BR,0,doing,0.315
2025-11-01,BR,0,expressing,0.274
2025-11-01,BR,1,asking,0.252
2025-11-01,BR,1,doing,0.555
2025-11-01,BR,1,expressing,0.193
2025-11-01,CA,0,asking,0.496
2025-11-01,CA,0,doing,0.258
2025-11-01,CA,0,expressing,0.246
2025-11-01,CA,1,asking,0.355
2025-11-01,CA,1,doing,0.460
2025-11-01,CA,1,expressing,0.185
2025-11-01,CD,0,asking,0.403
2025-11-01,CD,0,doing,0.279
2025-11-01,CD,0,expressing,0.318
2025-11-01,CH,0,asking,0.505
2025-11-01,CH,0,doing,0.273
2025-11-01,CH,0,expressing,0.222
2025-11-01,CH,1,asking,0.298
2025-11-01,CH,1,doing,0.518
2025-11-01,CH,1,expressing,0.184
2025-11-01,CI,0,asking,0.355
2025-11-01,CI,0,doing,0.375
2025-11-01,CI,0,expressing,0.270
2025-11-01,CL,0,asking,0.435
2025-11-01,CL,0,doing,0.278
2025-11-01,CL,0,expressing,0.287
2025-11-01,CL,1,asking,0.300
2025-11-01,CL,1,doing,0.524
2025-11-01,CL,1,expressing,0.175
2025-11-01,CM,0,asking,0.491
2025-11-01,CM,0,doing,0.325
2025-11-01,CM,0,expressing,0.184
2025-11-01,CO,0,asking,0.416
2025-11-01,CO,0,doing,0.319
2025-11-01,CO,0,expressing,0.265
2025-11-01,CO,1,asking,0.265
2025-11-01,CO,1,doing,0.558
2025-11-01,CO,1,expressing,0.177
2025-11-01,CR,0,asking,0.474
2025-11-01,CR,0,doing,0.212
2025-11-01,CR,0,expressing,0.314
2025-11-01,CR,1,asking,0.221
2025-11-01,CR,1,doing,0.580
2025-11-01,CR,1,expressing,0.199
2025-11-01,CY,0,asking,0.472
2025-11-01,CY,0,doing,0.244
2025-11-01,CY,0,expressing,0.284
2025-11-01,CZ,0,asking,0.525
2025-11-01,CZ,0,doing,0.238
2025-11-01,CZ,0,expressing,0.237
2025-11-01,CZ,1,asking,0.370
2025-11-01,CZ,1,doing,0.458
2025-11-01,CZ,1,expressing,0.172
2025-11-01,DE,0,asking,0.482
2025-11-01,DE,0,doing,0.276
2025-11-01,DE,0,expressing,0.242
2025-11-01,DE,1,asking,0.361
2025-11-01,DE,1,doing,0.458
2025-11-01,DE,1,expressing,0.181
2025-11-01,DK,0,asking,0.523
2025-11-01,DK,0,doing,0.259
2025-11-01,DK,0,expressing,0.218
2025-11-01,DK,1,asking,0.334
2025-11-01,DK,1,doing,0.536
2025-11-01,DK,1,expressing,0.130
2025-11-01,DO,0,asking,0.441
2025-11-01,DO,0,doing,0.285
2025-11-01,DO,0,expressing,0.274
2025-11-01,DO,1,asking,0.243
2025-11-01,DO,1,doing,0.549
2025-11-01,DO,1,expressing,0.207
2025-11-01,DZ,0,asking,0.411
2025-11-01,DZ,0,doing,0.234
2025-11-01,DZ,0,expressing,0.355
2025-11-01,DZ,1,asking,0.311
2025-11-01,DZ,1,doing,0.483
2025-11-01,DZ,1,expressing,0.206
2025-11-01,EC,0,asking,0.461
2025-11-01,EC,0,doing,0.321
2025-11-01,EC,0,expressing,0.218
2025-11-01,EC,1,asking,0.323
2025-11-01,EC,1,doing,0.538
2025-11-01,EC,1,expressing,0.139
2025-11-01,EE,0,asking,0.567
2025-11-01,EE,0,doing,0.253
2025-11-01,EE,0,expressing,0.180
2025-11-01,EG,0,asking,0.453
2025-11-01,EG,0,doing,0.222
2025-11-01,EG,0,expressing,0.325
2025-11-01,EG,1,asking,0.371
2025-11-01,EG,1,doing,0.429
2025-11-01,EG,1,expressing,0.200
2025-11-01,ES,0,asking,0.482
2025-11-01,ES,0,doing,0.279
2025-11-01,ES,0,expressing,0.239
2025-11-01,ES,1,asking,0.347
2025-11-01,ES,1,doing,0.463
2025-11-01,ES,1,expressing,0.190
2025-11-01,ET,0,asking,0.495
2025-11-01,ET,0,doing,0.227
2025-11-01,ET,0,expressing,0.278
2025-11-01,ET,1,asking,0.342
2025-11-01,ET,1,doing,0.475
2025-11-01,ET,1,expressing,0.183
2025-11-01,FI,0,asking,0.491
2025-11-01,FI,0,doing,0.238
2025-11-01,FI,0,expressing,0.271
2025-11-01,FI,1,asking,0.425
2025-11-01,FI,1,doing,0.406
2025-11-01,FI,1,expressing,0.169
2025-11-01,FR,0,asking,0.469
2025-11-01,FR,0,doing,0.265
2025-11-01,FR,0,expressing,0.266
2025-11-01,FR,1,asking,0.333
2025-11-01,FR,1,doing,0.479
2025-11-01,FR,1,expressing,0.188
2025-11-01,GB,0,asking,0.478
2025-11-01,GB,0,doing,0.254
2025-11-01,GB,0,expressing,0.268
2025-11-01,GB,1,asking,0.346
2025-11-01,GB,1,doing,0.468
2025-11-01,GB,1,expressing,0.185
2025-11-01,GE,0,asking,0.485
2025-11-01,GE,0,doing,0.243
2025-11-01,GE,0,expressing,0.272
2025-11-01,GH,0,asking,0.434
2025-11-01,GH,0,doing,0.351
2025-11-01,GH,0,expressing,0.214
2025-11-01,GH,1,asking,0.311
2025-11-01,GH,1,doing,0.555
2025-11-01,GH,1,expressing,0.134
2025-11-01,GR,0,asking,0.492
2025-11-01,GR,0,doing,0.211
2025-11-01,GR,0,expressing,0.297
2025-11-01,GR,1,asking,0.346
2025-11-01,GR,1,doing,0.416
2025-11-01,GR,1,expressing,0.238
2025-11-01,GT,0,asking,0.370
2025-11-01,GT,0,doing,0.281
2025-11-01,GT,0,expressing,0.349
2025-11-01,GT,1,asking,0.235
2025-11-01,GT,1,doing,0.620
2025-11-01,GT,1,expressing,0.145
2025-11-01,HN,0,asking,0.418
2025-11-01,HN,0,doing,0.303
2025-11-01,HN,0,expressing,0.279
2025-11-01,HR,0,asking,0.465
2025-11-01,HR,0,doing,0.273
2025-11-01,HR,0,expressing,0.261
2025-11-01,HR,1,asking,0.314
2025-11-01,HR,1,doing,0.438
2025-11-01,HR,1,expressing,0.248
2025-11-01,HU,0,asking,0.476
2025-11-01,HU,0,doing,0.228
2025-11-01,HU,0,expressing,0.295
2025-11-01,HU,1,asking,0.325
2025-11-01,HU,1,doing,0.455
2025-11-01,HU,1,expressing,0.220
2025-11-01,ID,0,asking,0.445
2025-11-01,ID,0,doing,0.333
2025-11-01,ID,0,expressing,0.222
2025-11-01,ID,1,asking,0.306
2025-11-01,ID,1,doing,0.562
2025-11-01,ID,1,expressing,0.133
2025-11-01,IE,0,asking,0.510
2025-11-01,IE,0,doing,0.246
2025-11-01,IE,0,expressing,0.244
2025-11-01,IE,1,asking,0.373
2025-11-01,IE,1,doing,0.465
2025-11-01,IE,1,expressing,0.162
2025-11-01,IL,0,asking,0.494
2025-11-01,IL,0,doing,0.225
2025-11-01,IL,0,expressing,0.281
2025-11-01,IL,1,asking,0.343
2025-11-01,IL,1,doing,0.443
2025-11-01,IL,1,expressing,0.214
2025-11-01,IN,0,asking,0.458
2025-11-01,IN,0,doing,0.302
2025-11-01,IN,0,expressing,0.241
2025-11-01,IN,1,asking,0.364
2025-11-01,IN,1,doing,0.466
2025-11-01,IN,1,expressing,0.170
2025-11-01,IQ,0,asking,0.433
2025-11-01,IQ,0,doing,0.240
2025-11-01,IQ,0,expressing,0.327
2025-11-01,IQ,1,asking,0.364
2025-11-01,IQ,1,doing,0.420
2025-11-01,IQ,1,expressing,0.216
2025-11-01,IT,0,asking,0.473
2025-11-01,IT,0,doing,0.270
2025-11-01,IT,0,expressing,0.256
2025-11-01,IT,1,asking,0.321
2025-11-01,IT,1,doing,0.475
2025-11-01,IT,1,expressing,0.203
2025-11-01,JO,0,asking,0.428
2025-11-01,JO,0,doing,0.257
2025-11-01,JO,0,expressing,0.314
2025-11-01,JO,1,asking,0.321
2025-11-01,JO,1,doing,0.449
2025-11-01,JO,1,expressing,0.230
2025-11-01,JP,0,asking,0.446
2025-11-01,JP,0,doing,0.206
2025-11-01,JP,0,expressing,0.348
2025-11-01,JP,1,asking,0.363
2025-11-01,JP,1,doing,0.396
2025-11-01,JP,1,expressing,0.241
2025-11-01,KE,0,asking,0.506
2025-11-01,KE,0,doing,0.253
2025-11-01,KE,0,expressing,0.240
2025-11-01,KE,1,asking,0.331
2025-11-01,KE,1,doing,0.536
2025-11-01,KE,1,expressing,0.133
2025-11-01,KG,0,asking,0.468
2025-11-01,KG,0,doing,0.240
2025-11-01,KG,0,expressing,0.292
2025-11-01,KH,0,asking,0.347
2025-11-01,KH,0,doing,0.410
2025-11-01,KH,0,expressing,0.243
2025-11-01,KH,1,asking,0.283
2025-11-01,KH,1,doing,0.483
2025-11-01,KH,1,expressing,0.234
2025-11-01,KR,0,asking,0.487
2025-11-01,KR,0,doing,0.234
2025-11-01,KR,0,expressing,0.280
2025-11-01,KR,1,asking,0.370
2025-11-01,KR,1,doing,0.426
2025-11-01,KR,1,expressing,0.204
2025-11-01,KW,0,asking,0.451
2025-11-01,KW,0,doing,0.295
2025-11-01,KW,0,expressing,0.254
2025-11-01,KZ,0,asking,0.442
2025-11-01,KZ,0,doing,0.305
2025-11-01,KZ,0,expressing,0.253
2025-11-01,KZ,1,asking,0.308
2025-11-01,KZ,1,doing,0.501
2025-11-01,KZ,1,expressing,0.191
2025-11-01,LB,0,asking,0.423
2025-11-01,LB,0,doing,0.248
2025-11-01,LB,0,expressing,0.329
2025-11-01,LB,1,asking,0.350
2025-11-01,LB,1,doing,0.548
2025-11-01,LB,1,expressing,0.101
2025-11-01,LK,0,asking,0.520
2025-11-01,LK,0,doing,0.282
2025-11-01,LK,0,expressing,0.198
2025-11-01,LK,1,asking,0.332
2025-11-01,LK,1,doing,0.460
2025-11-01,LK,1,expressing,0.209
2025-11-01,LT,0,asking,0.496
2025-11-01,LT,0,doing,0.241
2025-11-01,LT,0,expressing,0.262
2025-11-01,LT,1,asking,0.355
2025-11-01,LT,1,doing,0.504
2025-11-01,LT,1,expressing,0.141
2025-11-01,LV,0,asking,0.473
2025-11-01,LV,0,doing,0.331
2025-11-01,LV,0,expressing,0.196
2025-11-01,LV,1,asking,0.247
2025-11-01,LV,1,doing,0.482
2025-11-01,LV,1,expressing,0.270
2025-11-01,LY,0,asking,0.445
2025-11-01,LY,0,doing,0.277
2025-11-01,LY,0,expressing,0.279
2025-11-01,MA,0,asking,0.428
2025-11-01,MA,0,doing,0.273
2025-11-01,MA,0,expressing,0.299
2025-11-01,MA,1,asking,0.317
2025-11-01,MA,1,doing,0.464
2025-11-01,MA,1,expressing,0.219
2025-11-01,MD,0,asking,0.447
2025-11-01,MD,0,doing,0.346
2025-11-01,MD,0,expressing,0.207
2025-11-01,MG,0,asking,0.469
2025-11-01,MG,0,doing,0.293
2025-11-01,MG,0,expressing,0.238
2025-11-01,MK,0,asking,0.445
2025-11-01,MK,0,doing,0.306
2025-11-01,MK,0,expressing,0.249
2025-11-01,MM,0,asking,0.471
2025-11-01,MM,0,doing,0.293
2025-11-01,MM,0,expressing,0.236
2025-11-01,MN,0,asking,0.468
2025-11-01,MN,0,doing,0.259
2025-11-01,MN,0,expressing,0.273
2025-11-01,MX,0,asking,0.428
2025-11-01,MX,0,doing,0.305
2025-11-01,MX,0,expressing,0.267
2025-11-01,MX,1,asking,0.286
2025-11-01,MX,1,doing,0.559
2025-11-01,MX,1,expressing,0.155
2025-11-01,MY,0,asking,0.477
2025-11-01,MY,0,doing,0.261
2025-11-01,MY,0,expressing,0.262
2025-11-01,MY,1,asking,0.311
2025-11-01,MY,1,doing,0.510
2025-11-01,MY,1,expressing,0.179
2025-11-01,NG,0,asking,0.372
2025-11-01,NG,0,doing,0.363
2025-11-01,NG,0,expressing,0.265
2025-11-01,NG,1,asking,0.275
2025-11-01,NG,1,doing,0.561
2025-11-01,NG,1,expressing,0.165
2025-11-01,NI,0,asking,0.473
2025-11-01,NI,0,doing,0.245
2025-11-01,NI,0,expressing,0.283
2025-11-01,NL,0,asking,0.498
2025-11-01,NL,0,doing,0.268
2025-11-01,NL,0,expressing,0.234
2025-11-01,NL,1,asking,0.354
2025-11-01,NL,1,doing,0.475
2025-11-01,NL,1,expressing,0.171
2025-11-01,NO,0,asking,0.488
2025-11-01,NO,0,doing,0.254
2025-11-01,NO,0,expressing,0.258
2025-11-01,NO,1,asking,0.324
2025-11-01,NO,1,doing,0.455
2025-11-01,NO,1,expressing,0.221
2025-11-01,NP,0,asking,0.465
2025-11-01,NP,0,doing,0.314
2025-11-01,NP,0,expressing,0.221
2025-11-01,NP,1,asking,0.424
2025-11-01,NP,1,doing,0.400
2025-11-01,NP,1,expressing,0.175
2025-11-01,NZ,0,asking,0.506
2025-11-01,NZ,0,doing,0.269
2025-11-01,NZ,0,expressing,0.226
2025-11-01,NZ,1,asking,0.354
2025-11-01,NZ,1,doing,0.492
2025-11-01,NZ,1,expressing,0.155
2025-11-01,OM,0,asking,0.393
2025-11-01,OM,0,doing,0.365
2025-11-01,OM,0,expressing,0.242
2025-11-01,OM,1,asking,0.291
2025-11-01,OM,1,doing,0.470
2025-11-01,OM,1,expressing,0.239
2025-11-01,PA,0,asking,0.425
2025-11-01,PA,0,doing,0.346
2025-11-01,PA,0,expressing,0.229
2025-11-01,PA,1,asking,0.222
2025-11-01,PA,1,doing,0.564
2025-11-01,PA,1,expressing,0.214
2025-11-01,PE,0,asking,0.420
2025-11-01,PE,0,doing,0.344
2025-11-01,PE,0,expressing,0.236
2025-11-01,PE,1,asking,0.297
2025-11-01,PE,1,doing,0.549
2025-11-01,PE,1,expressing,0.153
2025-11-01,PH,0,asking,0.417
2025-11-01,PH,0,doing,0.376
2025-11-01,PH,0,expressing,0.207
2025-11-01,PH,1,asking,0.255
2025-11-01,PH,1,doing,0.593
2025-11-01,PH,1,expressing,0.152
2025-11-01,PK,0,asking,0.460
2025-11-01,PK,0,doing,0.325
2025-11-01,PK,0,expressing,0.216
2025-11-01,PK,1,asking,0.296
2025-11-01,PK,1,doing,0.516
2025-11-01,PK,1,expressing,0.188
2025-11-01,PL,0,asking,0.493
2025-11-01,PL,0,doing,0.274
2025-11-01,PL,0,expressing,0.232
2025-11-01,PL,1,asking,0.360
2025-11-01,PL,1,doing,0.470
2025-11-01,PL,1,expressing,0.169
2025-11-01,PR,0,asking,0.427
2025-11-01,PR,0,doing,0.283
2025-11-01,PR,0,expressing,0.291
2025-11-01,PS,0,asking,0.445
2025-11-01,PS,0,doing,0.266
2025-11-01,PS,0,expressing,0.289
2025-11-01,PT,0,asking,0.486
2025-11-01,PT,0,doing,0.260
2025-11-01,PT,0,expressing,0.255
2025-11-01,PT,1,asking,0.367
2025-11-01,PT,1,doing,0.479
2025-11-01,PT,1,expressing,0.154
2025-11-01,PY,0,asking,0.434
2025-11-01,PY,0,doing,0.324
2025-11-01,PY,0,expressing,0.243
2025-11-01,PY,1,asking,0.363
2025-11-01,PY,1,doing,0.375
2025-11-01,PY,1,expressing,0.262
2025-11-01,QA,0,asking,0.454
2025-11-01,QA,0,doing,0.298
2025-11-01,QA,0,expressing,0.248
2025-11-01,QA,1,asking,0.289
2025-11-01,QA,1,doing,0.522
2025-11-01,QA,1,expressing,0.188
2025-11-01,RO,0,asking,0.488
2025-11-01,RO,0,doing,0.251
2025-11-01,RO,0,expressing,0.261
2025-11-01,RO,1,asking,0.354
2025-11-01,RO,1,doing,0.461
2025-11-01,RO,1,expressing,0.185
2025-11-01,RS,0,asking,0.497
2025-11-01,RS,0,doing,0.239
2025-11-01,RS,0,expressing,0.264
2025-11-01,RS,1,asking,0.271
2025-11-01,RS,1,doing,0.467
2025-11-01,RS,1,expressing,0.262
2025-11-01,SA,0,asking,0.454
2025-11-01,SA,0,doing,0.248
2025-11-01,SA,0,expressing,0.298
2025-11-01,SA,1,asking,0.298
2025-11-01,SA,1,doing,0.502
2025-11-01,SA,1,expressing,0.200
2025-11-01,SE,0,asking,0.493
2025-11-01,SE,0,doing,0.243
2025-11-01,SE,0,expressing,0.264
2025-11-01,SE,1,asking,0.372
2025-11-01,SE,1,doing,0.461
2025-11-01,SE,1,expressing,0.166
2025-11-01,SG,0,asking,0.520
2025-11-01,SG,0,doing,0.274
2025-11-01,SG,0,expressing,0.205
2025-11-01,SG,1,asking,0.364
2025-11-01,SG,1,doing,0.481
2025-11-01,SG,1,expressing,0.155
2025-11-01,SI,0,asking,0.545
2025-11-01,SI,0,doing,0.260
2025-11-01,SI,0,expressing,0.195
2025-11-01,SK,0,asking,0.527
2025-11-01,SK,0,doing,0.230
2025-11-01,SK,0,expressing,0.243
2025-11-01,SK,1,asking,0.346
2025-11-01,SK,1,doing,0.543
2025-11-01,SK,1,expressing,0.110
2025-11-01,SN,0,asking,0.446
2025-11-01,SN,0,doing,0.335
2025-11-01,SN,0,expressing,0.219
2025-11-01,SO,0,asking,0.487
2025-11-01,SO,0,doing,0.278
2025-11-01,SO,0,expressing,0.235
2025-11-01,SV,0,asking,0.395
2025-11-01,SV,0,doing,0.264
2025-11-01,SV,0,expressing,0.341
2025-11-01,TH,0,asking,0.440
2025-11-01,TH,0,doing,0.309
2025-11-01,TH,0,expressing,0.251
2025-11-01,TH,1,asking,0.340
2025-11-01,TH,1,doing,0.471
2025-11-01,TH,1,expressing,0.189
2025-11-01,TJ,0,asking,0.450
2025-11-01,TJ,0,doing,0.300
2025-11-01,TJ,0,expressing,0.250
2025-11-01,TN,0,asking,0.376
2025-11-01,TN,0,doing,0.304
2025-11-01,TN,0,expressing,0.320
2025-11-01,TN,1,asking,0.325
2025-11-01,TN,1,doing,0.454
2025-11-01,TN,1,expressing,0.221
2025-11-01,TR,0,asking,0.447
2025-11-01,TR,0,doing,0.242
2025-11-01,TR,0,expressing,0.311
2025-11-01,TR,1,asking,0.326
2025-11-01,TR,1,doing,0.464
2025-11-01,TR,1,expressing,0.210
2025-11-01,TW,0,asking,0.440
2025-11-01,TW,0,doing,0.229
2025-11-01,TW,0,expressing,0.331
2025-11-01,TW,1,asking,0.370
2025-11-01,TW,1,doing,0.429
2025-11-01,TW,1,expressing,0.201
2025-11-01,TZ,0,asking,0.461
2025-11-01,TZ,0,doing,0.255
2025-11-01,TZ,0,expressing,0.284
2025-11-01,UA,0,asking,0.455
2025-11-01,UA,0,doing,0.290
2025-11-01,UA,0,expressing,0.255
2025-11-01,UA,1,asking,0.316
2025-11-01,UA,1,doing,0.535
2025-11-01,UA,1,expressing,0.149
2025-11-01,UG,0,asking,0.485
2025-11-01,UG,0,doing,0.263
2025-11-01,UG,0,expressing,0.252
2025-11-01,UG,1,asking,0.390
2025-11-01,UG,1,doing,0.479
2025-11-01,UG,1,expressing,0.131
2025-11-01,US,0,asking,0.478
2025-11-01,US,0,doing,0.267
2025-11-01,US,0,expressing,0.255
2025-11-01,US,1,asking,0.344
2025-11-01,US,1,doing,0.478
2025-11-01,US,1,expressing,0.178
2025-11-01,UY,0,asking,0.490
2025-11-01,UY,0,doing,0.217
2025-11-01,UY,0,expressing,0.293
2025-11-01,UZ,0,asking,0.432
2025-11-01,UZ,0,doing,0.278
2025-11-01,UZ,0,expressing,0.291
2025-11-01,UZ,1,asking,0.340
2025-11-01,UZ,1,doing,0.509
2025-11-01,UZ,1,expressing,0.152
2025-11-01,VN,0,asking,0.439
2025-11-01,VN,0,doing,0.301
2025-11-01,VN,0,expressing,0.261
2025-11-01,VN,1,asking,0.310
2025-11-01,VN,1,doing,0.500
2025-11-01,VN,1,expressing,0.190
2025-11-01,YE,0,asking,0.422
2025-11-01,YE,0,doing,0.263
2025-11-01,YE,0,expressing,0.315
2025-11-01,ZA,0,asking,0.445
2025-11-01,ZA,0,doing,0.290
2025-11-01,ZA,0,expressing,0.265
2025-11-01,ZA,1,asking,0.281
2025-11-01,ZA,1,doing,0.540
2025-11-01,ZA,1,expressing,0.179
2025-12-01,AE,0,asking,0.498
2025-12-01,AE,0,doing,0.246
2025-12-01,AE,0,expressing,0.256
2025-12-01,AE,1,asking,0.305
2025-12-01,AE,1,doing,0.493
2025-12-01,AE,1,expressing,0.202
2025-12-01,AF,0,asking,0.472
2025-12-01,AF,0,doing,0.245
2025-12-01,AF,0,expressing,0.282
2025-12-01,AL,0,asking,0.504
2025-12-01,AL,0,doing,0.218
2025-12-01,AL,0,expressing,0.278
2025-12-01,AM,0,asking,0.498
2025-12-01,AM,0,doing,0.235
2025-12-01,AM,0,expressing,0.268
2025-12-01,AO,0,asking,0.458
2025-12-01,AO,0,doing,0.330
2025-12-01,AO,0,expressing,0.212
2025-12-01,AR,0,asking,0.448
2025-12-01,AR,0,doing,0.240
2025-12-01,AR,0,expressing,0.312
2025-12-01,AR,1,asking,0.309
2025-12-01,AR,1,doing,0.460
2025-12-01,AR,1,expressing,0.230
2025-12-01,AT,0,asking,0.491
2025-12-01,AT,0,doing,0.264
2025-12-01,AT,0,expressing,0.245
2025-12-01,AT,1,asking,0.352
2025-12-01,AT,1,doing,0.434
2025-12-01,AT,1,expressing,0.215
2025-12-01,AU,0,asking,0.505
2025-12-01,AU,0,doing,0.235
2025-12-01,AU,0,expressing,0.260
2025-12-01,AU,1,asking,0.333
2025-12-01,AU,1,doing,0.476
2025-12-01,AU,1,expressing,0.191
2025-12-01,AZ,0,asking,0.452
2025-12-01,AZ,0,doing,0.230
2025-12-01,AZ,0,expressing,0.318
2025-12-01,AZ,1,asking,0.349
2025-12-01,AZ,1,doing,0.421
2025-12-01,AZ,1,expressing,0.230
2025-12-01,BA,0,asking,0.577
2025-12-01,BA,0,doing,0.167
2025-12-01,BA,0,expressing,0.256
2025-12-01,BD,0,asking,0.497
2025-12-01,BD,0,doing,0.287
2025-12-01,BD,0,expressing,0.216
2025-12-01,BD,1,asking,0.340
2025-12-01,BD,1,doing,0.487
2025-12-01,BD,1,expressing,0.173
2025-12-01,BE,0,asking,0.485
2025-12-01,BE,0,doing,0.236
2025-12-01,BE,0,expressing,0.278
2025-12-01,BE,1,asking,0.383
2025-12-01,BE,1,doing,0.453
2025-12-01,BE,1,expressing,0.164
2025-12-01,BG,0,asking,0.456
2025-12-01,BG,0,doing,0.249
2025-12-01,BG,0,expressing,0.295
2025-12-01,BG,1,asking,0.360
2025-12-01,BG,1,doing,0.447
2025-12-01,BG,1,expressing,0.193
2025-12-01,BH,0,asking,0.452
2025-12-01,BH,0,doing,0.230
2025-12-01,BH,0,expressing,0.318
2025-12-01,BO,0,asking,0.487
2025-12-01,BO,0,doing,0.247
2025-12-01,BO,0,expressing,0.266
2025-12-01,BO,1,asking,0.282
2025-12-01,BO,1,doing,0.551
2025-12-01,BO,1,expressing,0.167
2025-12-01,BR,0,asking,0.424
2025-12-01,BR,0,doing,0.292
2025-12-01,BR,0,expressing,0.284
2025-12-01,BR,1,asking,0.281
2025-12-01,BR,1,doing,0.533
2025-12-01,BR,1,expressing,0.186
2025-12-01,CA,0,asking,0.514
2025-12-01,CA,0,doing,0.223
2025-12-01,CA,0,expressing,0.263
2025-12-01,CA,1,asking,0.359
2025-12-01,CA,1,doing,0.463
2025-12-01,CA,1,expressing,0.178
2025-12-01,CD,0,asking,0.459
2025-12-01,CD,0,doing,0.295
2025-12-01,CD,0,expressing,0.246
2025-12-01,CH,0,asking,0.532
2025-12-01,CH,0,doing,0.259
2025-12-01,CH,0,expressing,0.209
2025-12-01,CH,1,asking,0.333
2025-12-01,CH,1,doing,0.489
2025-12-01,CH,1,expressing,0.178
2025-12-01,CI,0,asking,0.410
2025-12-01,CI,0,doing,0.333
2025-12-01,CI,0,expressing,0.257
2025-12-01,CL,0,asking,0.470
2025-12-01,CL,0,doing,0.246
2025-12-01,CL,0,expressing,0.284
2025-12-01,CL,1,asking,0.292
2025-12-01,CL,1,doing,0.516
2025-12-01,CL,1,expressing,0.193
2025-12-01,CM,0,asking,0.506
2025-12-01,CM,0,doing,0.334
2025-12-01,CM,0,expressing,0.160
2025-12-01,CO,0,asking,0.445
2025-12-01,CO,0,doing,0.250
2025-12-01,CO,0,expressing,0.305
2025-12-01,CO,1,asking,0.287
2025-12-01,CO,1,doing,0.556
2025-12-01,CO,1,expressing,0.157
2025-12-01,CR,0,asking,0.488
2025-12-01,CR,0,doing,0.208
2025-12-01,CR,0,expressing,0.304
2025-12-01,CR,1,asking,0.349
2025-12-01,CR,1,doing,0.473
2025-12-01,CR,1,expressing,0.179
2025-12-01,CY,0,asking,0.496
2025-12-01,CY,0,doing,0.266
2025-12-01,CY,0,expressing,0.238
2025-12-01,CZ,0,asking,0.538
2025-12-01,CZ,0,doing,0.212
2025-12-01,CZ,0,expressing,0.250
2025-12-01,CZ,1,asking,0.347
2025-12-01,CZ,1,doing,0.448
2025-12-01,CZ,1,expressing,0.205
2025-12-01,DE,0,asking,0.498
2025-12-01,DE,0,doing,0.246
2025-12-01,DE,0,expressing,0.256
2025-12-01,DE,1,asking,0.365
2025-12-01,DE,1,doing,0.456
2025-12-01,DE,1,expressing,0.179
2025-12-01,DK,0,asking,0.494
2025-12-01,DK,0,doing,0.288
2025-12-01,DK,0,expressing,0.219
2025-12-01,DK,1,asking,0.365
2025-12-01,DK,1,doing,0.464
2025-12-01,DK,1,expressing,0.172
2025-12-01,DO,0,asking,0.440
2025-12-01,DO,0,doing,0.237
2025-12-01,DO,0,expressing,0.323
2025-12-01,DO,1,asking,0.258
2025-12-01,DO,1,doing,0.537
2025-12-01,DO,1,expressing,0.205
2025-12-01,DZ,0,asking,0.460
2025-12-01,DZ,0,doing,0.239
2025-12-01,DZ,0,expressing,0.301
2025-12-01,DZ,1,asking,0.328
2025-12-01,DZ,1,doing,0.437
2025-12-01,DZ,1,expressing,0.235
2025-12-01,EC,0,asking,0.479
2025-12-01,EC,0,doing,0.280
2025-12-01,EC,0,expressing,0.242
2025-12-01,EC,1,asking,0.307
2025-12-01,EC,1,doing,0.567
2025-12-01,EC,1,expressing,0.126
2025-12-01,EE,0,asking,0.555
2025-12-01,EE,0,doing,0.218
2025-12-01,EE,0,expressing,0.227
2025-12-01,EG,0,asking,0.496
2025-12-01,EG,0,doing,0.215
2025-12-01,EG,0,expressing,0.289
2025-12-01,EG,1,asking,0.352
2025-12-01,EG,1,doing,0.447
2025-12-01,EG,1,expressing,0.201
2025-12-01,ES,0,asking,0.519
2025-12-01,ES,0,doing,0.239
2025-12-01,ES,0,expressing,0.242
2025-12-01,ES,1,asking,0.357
2025-12-01,ES,1,doing,0.469
2025-12-01,ES,1,expressing,0.173
2025-12-01,ET,0,asking,0.541
2025-12-01,ET,0,doing,0.280
2025-12-01,ET,0,expressing,0.180
2025-12-01,ET,1,asking,0.360
2025-12-01,ET,1,doing,0.539
2025-12-01,ET,1,expressing,0.101
2025-12-01,FI,0,asking,0.496
2025-12-01,FI,0,doing,0.246
2025-12-01,FI,0,expressing,0.258
2025-12-01,FI,1,asking,0.398
2025-12-01,FI,1,doing,0.424
2025-12-01,FI,1,expressing,0.178
2025-12-01,FR,0,asking,0.499
2025-12-01,FR,0,doing,0.249
2025-12-01,FR,0,expressing,0.252
2025-12-01,FR,1,asking,0.336
2025-12-01,FR,1,doing,0.478
2025-12-01,FR,1,expressing,0.186
2025-12-01,GB,0,asking,0.486
2025-12-01,GB,0,doing,0.247
2025-12-01,GB,0,expressing,0.266
2025-12-01,GB,1,asking,0.336
2025-12-01,GB,1,doing,0.477
2025-12-01,GB,1,expressing,0.187
2025-12-01,GE,0,asking,0.512
2025-12-01,GE,0,doing,0.221
2025-12-01,GE,0,expressing,0.267
2025-12-01,GE,1,asking,0.251
2025-12-01,GE,1,doing,0.548
2025-12-01,GE,1,expressing,0.201
2025-12-01,GH,0,asking,0.463
2025-12-01,GH,0,doing,0.261
2025-12-01,GH,0,expressing,0.275
2025-12-01,GH,1,asking,0.396
2025-12-01,GH,1,doing,0.473
2025-12-01,GH,1,expressing,0.131
2025-12-01,GR,0,asking,0.497
2025-12-01,GR,0,doing,0.195
2025-12-01,GR,0,expressing,0.307
2025-12-01,GR,1,asking,0.352
2025-12-01,GR,1,doing,0.463
2025-12-01,GR,1,expressing,0.185
2025-12-01,GT,0,asking,0.438
2025-12-01,GT,0,doing,0.209
2025-12-01,GT,0,expressing,0.353
2025-12-01,HN,0,asking,0.427
2025-12-01,HN,0,doing,0.267
2025-12-01,HN,0,expressing,0.307
2025-12-01,HR,0,asking,0.515
2025-12-01,HR,0,doing,0.230
2025-12-01,HR,0,expressing,0.255
2025-12-01,HR,1,asking,0.350
2025-12-01,HR,1,doing,0.452
2025-12-01,HR,1,expressing,0.198
2025-12-01,HU,0,asking,0.534
2025-12-01,HU,0,doing,0.181
2025-12-01,HU,0,expressing,0.285
2025-12-01,HU,1,asking,0.407
2025-12-01,HU,1,doing,0.360
2025-12-01,HU,1,expressing,0.233
2025-12-01,ID,0,asking,0.490
2025-12-01,ID,0,doing,0.281
2025-12-01,ID,0,expressing,0.230
2025-12-01,ID,1,asking,0.315
2025-12-01,ID,1,doing,0.557
2025-12-01,ID,1,expressing,0.128
2025-12-01,IE,0,asking,0.518
2025-12-01,IE,0,doing,0.269
2025-12-01,IE,0,expressing,0.212
2025-12-01,IE,1,asking,0.329
2025-12-01,IE,1,doing,0.476
2025-12-01,IE,1,expressing,0.195
2025-12-01,IL,0,asking,0.531
2025-12-01,IL,0,doing,0.203
2025-12-01,IL,0,expressing,0.267
2025-12-01,IL,1,asking,0.405
2025-12-01,IL,1,doing,0.386
2025-12-01,IL,1,expressing,0.210
2025-12-01,IN,0,asking,0.477
2025-12-01,IN,0,doing,0.299
2025-12-01,IN,0,expressing,0.224
2025-12-01,IN,1,asking,0.380
2025-12-01,IN,1,doing,0.463
2025-12-01,IN,1,expressing,0.157
2025-12-01,IQ,0,asking,0.458
2025-12-01,IQ,0,doing,0.213
2025-12-01,IQ,0,expressing,0.329
2025-12-01,IQ,1,asking,0.363
2025-12-01,IQ,1,doing,0.480
2025-12-01,IQ,1,expressing,0.157
2025-12-01,IT,0,asking,0.492
2025-12-01,IT,0,doing,0.241
2025-12-01,IT,0,expressing,0.267
2025-12-01,IT,1,asking,0.374
2025-12-01,IT,1,doing,0.445
2025-12-01,IT,1,expressing,0.181
2025-12-01,JO,0,asking,0.485
2025-12-01,JO,0,doing,0.202
2025-12-01,JO,0,expressing,0.313
2025-12-01,JO,1,asking,0.361
2025-12-01,JO,1,doing,0.435
2025-12-01,JO,1,expressing,0.204
2025-12-01,JP,0,asking,0.465
2025-12-01,JP,0,doing,0.185
2025-12-01,JP,0,expressing,0.350
2025-12-01,JP,1,asking,0.388
2025-12-01,JP,1,doing,0.375
2025-12-01,JP,1,expressing,0.237
2025-12-01,KE,0,asking,0.510
2025-12-01,KE,0,doing,0.252
2025-12-01,KE,0,expressing,0.238
2025-12-01,KE,1,asking,0.355
2025-12-01,KE,1,doing,0.454
2025-12-01,KE,1,expressing,0.191
2025-12-01,KG,0,asking,0.478
2025-12-01,KG,0,doing,0.303
2025-12-01,KG,0,expressing,0.219
2025-12-01,KH,0,asking,0.429
2025-12-01,KH,0,doing,0.372
2025-12-01,KH,0,expressing,0.199
2025-12-01,KH,1,asking,0.347
2025-12-01,KH,1,doing,0.448
2025-12-01,KH,1,expressing,0.205
2025-12-01,KR,0,asking,0.516
2025-12-01,KR,0,doing,0.227
2025-12-01,KR,0,expressing,0.257
2025-12-01,KR,1,asking,0.397
2025-12-01,KR,1,doing,0.420
2025-12-01,KR,1,expressing,0.184
2025-12-01,KW,0,asking,0.468
2025-12-01,KW,0,doing,0.244
2025-12-01,KW,0,expressing,0.288
2025-12-01,KZ,0,asking,0.457
2025-12-01,KZ,0,doing,0.291
2025-12-01,KZ,0,expressing,0.252
2025-12-01,KZ,1,asking,0.308
2025-12-01,KZ,1,doing,0.534
2025-12-01,KZ,1,expressing,0.157
2025-12-01,LB,0,asking,0.475
2025-12-01,LB,0,doing,0.243
2025-12-01,LB,0,expressing,0.281
2025-12-01,LB,1,asking,0.326
2025-12-01,LB,1,doing,0.450
2025-12-01,LB,1,expressing,0.224
2025-12-01,LK,0,asking,0.456
2025-12-01,LK,0,doing,0.280
2025-12-01,LK,0,expressing,0.264
2025-12-01,LK,1,asking,0.305
2025-12-01,LK,1,doing,0.540
2025-12-01,LK,1,expressing,0.155
2025-12-01,LT,0,asking,0.559
2025-12-01,LT,0,doing,0.235
2025-12-01,LT,0,expressing,0.206
2025-12-01,LT,1,asking,0.386
2025-12-01,LT,1,doing,0.459
2025-12-01,LT,1,expressing,0.154
2025-12-01,LV,0,asking,0.491
2025-12-01,LV,0,doing,0.279
2025-12-01,LV,0,expressing,0.230
2025-12-01,LY,0,asking,0.492
2025-12-01,LY,0,doing,0.224
2025-12-01,LY,0,expressing,0.284
2025-12-01,MA,0,asking,0.437
2025-12-01,MA,0,doing,0.275
2025-12-01,MA,0,expressing,0.288
2025-12-01,MA,1,asking,0.282
2025-12-01,MA,1,doing,0.480
2025-12-01,MA,1,expressing,0.239
2025-12-01,MD,0,asking,0.451
2025-12-01,MD,0,doing,0.277
2025-12-01,MD,0,expressing,0.272
2025-12-01,MG,0,asking,0.476
2025-12-01,MG,0,doing,0.274
2025-12-01,MG,0,expressing,0.249
2025-12-01,MK,0,asking,0.553
2025-12-01,MK,0,doing,0.177
2025-12-01,MK,0,expressing,0.271
2025-12-01,MM,0,asking,0.496
2025-12-01,MM,0,doing,0.212
2025-12-01,MM,0,expressing,0.292
2025-12-01,MN,0,asking,0.513
2025-12-01,MN,0,doing,0.204
2025-12-01,MN,0,expressing,0.283
2025-12-01,MX,0,asking,0.446
2025-12-01,MX,0,doing,0.264
2025-12-01,MX,0,expressing,0.289
2025-12-01,MX,1,asking,0.309
2025-12-01,MX,1,doing,0.527
2025-12-01,MX,1,expressing,0.164
2025-12-01,MY,0,asking,0.488
2025-12-01,MY,0,doing,0.240
2025-12-01,MY,0,expressing,0.272
2025-12-01,MY,1,asking,0.336
2025-12-01,MY,1,doing,0.492
2025-12-01,MY,1,expressing,0.172
2025-12-01,NG,0,asking,0.421
2025-12-01,NG,0,doing,0.318
2025-12-01,NG,0,expressing,0.260
2025-12-01,NG,1,asking,0.333
2025-12-01,NG,1,doing,0.502
2025-12-01,NG,1,expressing,0.165
2025-12-01,NI,0,asking,0.489
2025-12-01,NI,0,doing,0.213
2025-12-01,NI,0,expressing,0.298
2025-12-01,NL,0,asking,0.505
2025-12-01,NL,0,doing,0.251
2025-12-01,NL,0,expressing,0.245
2025-12-01,NL,1,asking,0.352
2025-12-01,NL,1,doing,0.481
2025-12-01,NL,1,expressing,0.167
2025-12-01,NO,0,asking,0.492
2025-12-01,NO,0,doing,0.246
2025-12-01,NO,0,expressing,0.262
2025-12-01,NO,1,asking,0.386
2025-12-01,NO,1,doing,0.422
2025-12-01,NO,1,expressing,0.192
2025-12-01,NP,0,asking,0.464
2025-12-01,NP,0,doing,0.290
2025-12-01,NP,0,expressing,0.246
2025-12-01,NP,1,asking,0.437
2025-12-01,NP,1,doing,0.445
2025-12-01,NP,1,expressing,0.118
2025-12-01,NZ,0,asking,0.485
2025-12-01,NZ,0,doing,0.192
2025-12-01,NZ,0,expressing,0.323
2025-12-01,NZ,1,asking,0.324
2025-12-01,NZ,1,doing,0.497
2025-12-01,NZ,1,expressing,0.179
2025-12-01,OM,0,asking,0.461
2025-12-01,OM,0,doing,0.277
2025-12-01,OM,0,expressing,0.261
2025-12-01,OM,1,asking,0.242
2025-12-01,OM,1,doing,0.565
2025-12-01,OM,1,expressing,0.193
2025-12-01,PA,0,asking,0.514
2025-12-01,PA,0,doing,0.210
2025-12-01,PA,0,expressing,0.276
2025-12-01,PE,0,asking,0.457
2025-12-01,PE,0,doing,0.271
2025-12-01,PE,0,expressing,0.272
2025-12-01,PE,1,asking,0.300
2025-12-01,PE,1,doing,0.557
2025-12-01,PE,1,expressing,0.144
2025-12-01,PH,0,asking,0.423
2025-12-01,PH,0,doing,0.356
2025-12-01,PH,0,expressing,0.221
2025-12-01,PH,1,asking,0.257
2025-12-01,PH,1,doing,0.592
2025-12-01,PH,1,expressing,0.151
2025-12-01,PK,0,asking,0.455
2025-12-01,PK,0,doing,0.324
2025-12-01,PK,0,expressing,0.221
2025-12-01,PK,1,asking,0.332
2025-12-01,PK,1,doing,0.513
2025-12-01,PK,1,expressing,0.155
2025-12-01,PL,0,asking,0.496
2025-12-01,PL,0,doing,0.262
2025-12-01,PL,0,expressing,0.242
2025-12-01,PL,1,asking,0.375
2025-12-01,PL,1,doing,0.469
2025-12-01,PL,1,expressing,0.156
2025-12-01,PR,0,asking,0.454
2025-12-01,PR,0,doing,0.270
2025-12-01,PR,0,expressing,0.276
2025-12-01,PS,0,asking,0.432
2025-12-01,PS,0,doing,0.254
2025-12-01,PS,0,expressing,0.314
2025-12-01,PT,0,asking,0.503
2025-12-01,PT,0,doing,0.252
2025-12-01,PT,0,expressing,0.245
2025-12-01,PT,1,asking,0.293
2025-12-01,PT,1,doing,0.496
2025-12-01,PT,1,expressing,0.211
2025-12-01,PY,0,asking,0.467
2025-12-01,PY,0,doing,0.171
2025-12-01,PY,0,expressing,0.362
2025-12-01,QA,0,asking,0.501
2025-12-01,QA,0,doing,0.284
2025-12-01,QA,0,expressing,0.214
2025-12-01,QA,1,asking,0.280
2025-12-01,QA,1,doing,0.509
2025-12-01,QA,1,expressing,0.212
2025-12-01,RO,0,asking,0.499
2025-12-01,RO,0,doing,0.237
2025-12-01,RO,0,expressing,0.264
2025-12-01,RO,1,asking,0.327
2025-12-01,RO,1,doing,0.438
2025-12-01,RO,1,expressing,0.235
2025-12-01,RS,0,asking,0.483
2025-12-01,RS,0,doing,0.254
2025-12-01,RS,0,expressing,0.263
2025-12-01,RS,1,asking,0.359
2025-12-01,RS,1,doing,0.400
2025-12-01,RS,1,expressing,0.241
2025-12-01,SA,0,asking,0.495
2025-12-01,SA,0,doing,0.224
2025-12-01,SA,0,expressing,0.281
2025-12-01,SA,1,asking,0.334
2025-12-01,SA,1,doing,0.475
2025-12-01,SA,1,expressing,0.191
2025-12-01,SE,0,asking,0.523
2025-12-01,SE,0,doing,0.237
2025-12-01,SE,0,expressing,0.240
2025-12-01,SE,1,asking,0.399
2025-12-01,SE,1,doing,0.413
2025-12-01,SE,1,expressing,0.188
2025-12-01,SG,0,asking,0.513
2025-12-01,SG,0,doing,0.230
2025-12-01,SG,0,expressing,0.257
2025-12-01,SG,1,asking,0.361
2025-12-01,SG,1,doing,0.466
2025-12-01,SG,1,expressing,0.172
2025-12-01,SI,0,asking,0.494
2025-12-01,SI,0,doing,0.276
2025-12-01,SI,0,expressing,0.230
2025-12-01,SK,0,asking,0.537
2025-12-01,SK,0,doing,0.261
2025-12-01,SK,0,expressing,0.203
2025-12-01,SK,1,asking,0.368
2025-12-01,SK,1,doing,0.434
2025-12-01,SK,1,expressing,0.198
2025-12-01,SN,0,asking,0.495
2025-12-01,SN,0,doing,0.243
2025-12-01,SN,0,expressing,0.262
2025-12-01,SO,0,asking,0.479
2025-12-01,SO,0,doing,0.288
2025-12-01,SO,0,expressing,0.234
2025-12-01,SV,0,asking,0.441
2025-12-01,SV,0,doing,0.240
2025-12-01,SV,0,expressing,0.319
2025-12-01,TH,0,asking,0.472
2025-12-01,TH,0,doing,0.278
2025-12-01,TH,0,expressing,0.251
2025-12-01,TH,1,asking,0.323
2025-12-01,TH,1,doing,0.527
2025-12-01,TH,1,expressing,0.149
2025-12-01,TJ,0,asking,0.572
2025-12-01,TJ,0,doing,0.202
2025-12-01,TJ,0,expressing,0.227
2025-12-01,TN,0,asking,0.451
2025-12-01,TN,0,doing,0.291
2025-12-01,TN,0,expressing,0.258
2025-12-01,TN,1,asking,0.323
2025-12-01,TN,1,doing,0.433
2025-12-01,TN,1,expressing,0.244
2025-12-01,TR,0,asking,0.461
2025-12-01,TR,0,doing,0.222
2025-12-01,TR,0,expressing,0.317
2025-12-01,TR,1,asking,0.358
2025-12-01,TR,1,doing,0.437
2025-12-01,TR,1,expressing,0.205
2025-12-01,TW,0,asking,0.466
2025-12-01,TW,0,doing,0.227
2025-12-01,TW,0,expressing,0.307
2025-12-01,TW,1,asking,0.348
2025-12-01,TW,1,doing,0.436
2025-12-01,TW,1,expressing,0.216
2025-12-01,TZ,0,asking,0.492
2025-12-01,TZ,0,doing,0.256
2025-12-01,TZ,0,expressing,0.252
2025-12-01,TZ,1,asking,0.375
2025-12-01,TZ,1,doing,0.506
2025-12-01,TZ,1,expressing,0.118
2025-12-01,UA,0,asking,0.471
2025-12-01,UA,0,doing,0.277
2025-12-01,UA,0,expressing,0.252
2025-12-01,UA,1,asking,0.332
2025-12-01,UA,1,doing,0.499
2025-12-01,UA,1,expressing,0.169
2025-12-01,UG,0,asking,0.464
2025-12-01,UG,0,doing,0.315
2025-12-01,UG,0,expressing,0.221
2025-12-01,US,0,asking,0.484
2025-12-01,US,0,doing,0.251
2025-12-01,US,0,expressing,0.265
2025-12-01,US,1,asking,0.341
2025-12-01,US,1,doing,0.478
2025-12-01,US,1,expressing,0.181
2025-12-01,UY,0,asking,0.455
2025-12-01,UY,0,doing,0.223
2025-12-01,UY,0,expressing,0.322
2025-12-01,UZ,0,asking,0.436
2025-12-01,UZ,0,doing,0.271
2025-12-01,UZ,0,expressing,0.293
2025-12-01,UZ,1,asking,0.336
2025-12-01,UZ,1,doing,0.494
2025-12-01,UZ,1,expressing,0.170
2025-12-01,VN,0,asking,0.437
2025-12-01,VN,0,doing,0.307
2025-12-01,VN,0,expressing,0.256
2025-12-01,VN,1,asking,0.323
2025-12-01,VN,1,doing,0.514
2025-12-01,VN,1,expressing,0.163
2025-12-01,YE,0,asking,0.413
2025-12-01,YE,0,doing,0.280
2025-12-01,YE,0,expressing,0.306
2025-12-01,ZA,0,asking,0.459
2025-12-01,ZA,0,doing,0.258
2025-12-01,ZA,0,expressing,0.284
2025-12-01,ZA,1,asking,0.290
2025-12-01,ZA,1,doing,0.546
2025-12-01,ZA,1,expressing,0.165
2026-01-01,AE,0,asking,0.510
2026-01-01,AE,0,doing,0.262
2026-01-01,AE,0,expressing,0.229
2026-01-01,AE,1,asking,0.292
2026-01-01,AE,1,doing,0.513
2026-01-01,AE,1,expressing,0.194
2026-01-01,AF,0,asking,0.486
2026-01-01,AF,0,doing,0.265
2026-01-01,AF,0,expressing,0.250
2026-01-01,AL,0,asking,0.478
2026-01-01,AL,0,doing,0.209
2026-01-01,AL,0,expressing,0.313
2026-01-01,AM,0,asking,0.408
2026-01-01,AM,0,doing,0.270
2026-01-01,AM,0,expressing,0.322
2026-01-01,AO,0,asking,0.470
2026-01-01,AO,0,doing,0.252
2026-01-01,AO,0,expressing,0.278
2026-01-01,AR,0,asking,0.469
2026-01-01,AR,0,doing,0.206
2026-01-01,AR,0,expressing,0.324
2026-01-01,AR,1,asking,0.328
2026-01-01,AR,1,doing,0.476
2026-01-01,AR,1,expressing,0.197
2026-01-01,AT,0,asking,0.510
2026-01-01,AT,0,doing,0.253
2026-01-01,AT,0,expressing,0.237
2026-01-01,AT,1,asking,0.367
2026-01-01,AT,1,doing,0.437
2026-01-01,AT,1,expressing,0.196
2026-01-01,AU,0,asking,0.527
2026-01-01,AU,0,doing,0.227
2026-01-01,AU,0,expressing,0.246
2026-01-01,AU,1,asking,0.335
2026-01-01,AU,1,doing,0.458
2026-01-01,AU,1,expressing,0.208
2026-01-01,AZ,0,asking,0.466
2026-01-01,AZ,0,doing,0.211
2026-01-01,AZ,0,expressing,0.322
2026-01-01,AZ,1,asking,0.376
2026-01-01,AZ,1,doing,0.448
2026-01-01,AZ,1,expressing,0.175
2026-01-01,BA,0,asking,0.539
2026-01-01,BA,0,doing,0.198
2026-01-01,BA,0,expressing,0.263
2026-01-01,BD,0,asking,0.493
2026-01-01,BD,0,doing,0.279
2026-01-01,BD,0,expressing,0.228
2026-01-01,BD,1,asking,0.348
2026-01-01,BD,1,doing,0.506
2026-01-01,BD,1,expressing,0.146
2026-01-01,BE,0,asking,0.518
2026-01-01,BE,0,doing,0.246
2026-01-01,BE,0,expressing,0.236
2026-01-01,BE,1,asking,0.354
2026-01-01,BE,1,doing,0.439
2026-01-01,BE,1,expressing,0.206
2026-01-01,BG,0,asking,0.523
2026-01-01,BG,0,doing,0.209
2026-01-01,BG,0,expressing,0.268
2026-01-01,BG,1,asking,0.312
2026-01-01,BG,1,doing,0.460
2026-01-01,BG,1,expressing,0.228
2026-01-01,BH,0,asking,0.484
2026-01-01,BH,0,doing,0.219
2026-01-01,BH,0,expressing,0.298
2026-01-01,BO,0,asking,0.478
2026-01-01,BO,0,doing,0.227
2026-01-01,BO,0,expressing,0.295
2026-01-01,BR,0,asking,0.445
2026-01-01,BR,0,doing,0.267
2026-01-01,BR,0,expressing,0.287
2026-01-01,BR,1,asking,0.285
2026-01-01,BR,1,doing,0.525
2026-01-01,BR,1,expressing,0.190
2026-01-01,CA,0,asking,0.530
2026-01-01,CA,0,doing,0.219
2026-01-01,CA,0,expressing,0.251
2026-01-01,CA,1,asking,0.339
2026-01-01,CA,1,doing,0.466
2026-01-01,CA,1,expressing,0.195
2026-01-01,CD,0,asking,0.454
2026-01-01,CD,0,doing,0.267
2026-01-01,CD,0,expressing,0.280
2026-01-01,CH,0,asking,0.546
2026-01-01,CH,0,doing,0.227
2026-01-01,CH,0,expressing,0.228
2026-01-01,CH,1,asking,0.339
2026-01-01,CH,1,doing,0.470
2026-01-01,CH,1,expressing,0.191
2026-01-01,CI,0,asking,0.384
2026-01-01,CI,0,doing,0.340
2026-01-01,CI,0,expressing,0.276
2026-01-01,CL,0,asking,0.461
2026-01-01,CL,0,doing,0.212
2026-01-01,CL,0,expressing,0.326
2026-01-01,CL,1,asking,0.324
2026-01-01,CL,1,doing,0.494
2026-01-01,CL,1,expressing,0.181
2026-01-01,CM,0,asking,0.472
2026-01-01,CM,0,doing,0.287
2026-01-01,CM,0,expressing,0.241
2026-01-01,CO,0,asking,0.486
2026-01-01,CO,0,doing,0.224
2026-01-01,CO,0,expressing,0.290
2026-01-01,CO,1,asking,0.282
2026-01-01,CO,1,doing,0.531
2026-01-01,CO,1,expressing,0.187
2026-01-01,CR,0,asking,0.492
2026-01-01,CR,0,doing,0.208
2026-01-01,CR,0,expressing,0.300
2026-01-01,CR,1,asking,0.228
2026-01-01,CR,1,doing,0.577
2026-01-01,CR,1,expressing,0.195
2026-01-01,CY,0,asking,0.502
2026-01-01,CY,0,doing,0.268
2026-01-01,CY,0,expressing,0.229
2026-01-01,CZ,0,asking,0.533
2026-01-01,CZ,0,doing,0.210
2026-01-01,CZ,0,expressing,0.257
2026-01-01,CZ,1,asking,0.358
2026-01-01,CZ,1,doing,0.411
2026-01-01,CZ,1,expressing,0.232
2026-01-01,DE,0,asking,0.499
2026-01-01,DE,0,doing,0.245
2026-01-01,DE,0,expressing,0.256
2026-01-01,DE,1,asking,0.372
2026-01-01,DE,1,doing,0.440
2026-01-01,DE,1,expressing,0.188
2026-01-01,DK,0,asking,0.518
2026-01-01,DK,0,doing,0.274
2026-01-01,DK,0,expressing,0.208
2026-01-01,DK,1,asking,0.334
2026-01-01,DK,1,doing,0.464
2026-01-01,DK,1,expressing,0.202
2026-01-01,DO,0,asking,0.441
2026-01-01,DO,0,doing,0.277
2026-01-01,DO,0,expressing,0.282
2026-01-01,DO,1,asking,0.252
2026-01-01,DO,1,doing,0.581
2026-01-01,DO,1,expressing,0.167
2026-01-01,DZ,0,asking,0.436
2026-01-01,DZ,0,doing,0.252
2026-01-01,DZ,0,expressing,0.312
2026-01-01,DZ,1,asking,0.366
2026-01-01,DZ,1,doing,0.454
2026-01-01,DZ,1,expressing,0.180
2026-01-01,EC,0,asking,0.429
2026-01-01,EC,0,doing,0.355
2026-01-01,EC,0,expressing,0.216
2026-01-01,EC,1,asking,0.338
2026-01-01,EC,1,doing,0.543
2026-01-01,EC,1,expressing,0.119
2026-01-01,EE,0,asking,0.467
2026-01-01,EE,0,doing,0.269
2026-01-01,EE,0,expressing,0.264
2026-01-01,EG,0,asking,0.505
2026-01-01,EG,0,doing,0.212
2026-01-01,EG,0,expressing,0.282
2026-01-01,EG,1,asking,0.364
2026-01-01,EG,1,doing,0.442
2026-01-01,EG,1,expressing,0.194
2026-01-01,ES,0,asking,0.510
2026-01-01,ES,0,doing,0.237
2026-01-01,ES,0,expressing,0.253
2026-01-01,ES,1,asking,0.354
2026-01-01,ES,1,doing,0.456
2026-01-01,ES,1,expressing,0.190
2026-01-01,ET,0,asking,0.531
2026-01-01,ET,0,doing,0.275
2026-01-01,ET,0,expressing,0.194
2026-01-01,ET,1,asking,0.359
2026-01-01,ET,1,doing,0.424
2026-01-01,ET,1,expressing,0.217
2026-01-01,FI,0,asking,0.521
2026-01-01,FI,0,doing,0.222
2026-01-01,FI,0,expressing,0.256
2026-01-01,FI,1,asking,0.383
2026-01-01,FI,1,doing,0.461
2026-01-01,FI,1,expressing,0.155
2026-01-01,FR,0,asking,0.483
2026-01-01,FR,0,doing,0.245
2026-01-01,FR,0,expressing,0.272
2026-01-01,FR,1,asking,0.351
2026-01-01,FR,1,doing,0.452
2026-01-01,FR,1,expressing,0.198
2026-01-01,GB,0,asking,0.505
2026-01-01,GB,0,doing,0.230
2026-01-01,GB,0,expressing,0.265
2026-01-01,GB,1,asking,0.344
2026-01-01,GB,1,doing,0.472
2026-01-01,GB,1,expressing,0.183
2026-01-01,GE,0,asking,0.535
2026-01-01,GE,0,doing,0.223
2026-01-01,GE,0,expressing,0.243
2026-01-01,GH,0,asking,0.468
2026-01-01,GH,0,doing,0.298
2026-01-01,GH,0,expressing,0.235
2026-01-01,GH,1,asking,0.277
2026-01-01,GH,1,doing,0.562
2026-01-01,GH,1,expressing,0.160
2026-01-01,GR,0,asking,0.527
2026-01-01,GR,0,doing,0.188
2026-01-01,GR,0,expressing,0.285
2026-01-01,GR,1,asking,0.392
2026-01-01,GR,1,doing,0.368
2026-01-01,GR,1,expressing,0.241
2026-01-01,GT,0,asking,0.456
2026-01-01,GT,0,doing,0.275
2026-01-01,GT,0,expressing,0.269
2026-01-01,HN,0,asking,0.448
2026-01-01,HN,0,doing,0.289
2026-01-01,HN,0,expressing,0.263
2026-01-01,HR,0,asking,0.528
2026-01-01,HR,0,doing,0.223
2026-01-01,HR,0,expressing,0.248
2026-01-01,HR,1,asking,0.361
2026-01-01,HR,1,doing,0.411
2026-01-01,HR,1,expressing,0.228
2026-01-01,HU,0,asking,0.517
2026-01-01,HU,0,doing,0.199
2026-01-01,HU,0,expressing,0.285
2026-01-01,HU,1,asking,0.413
2026-01-01,HU,1,doing,0.370
2026-01-01,HU,1,expressing,0.217
2026-01-01,ID,0,asking,0.452
2026-01-01,ID,0,doing,0.298
2026-01-01,ID,0,expressing,0.250
2026-01-01,ID,1,asking,0.316
2026-01-01,ID,1,doing,0.558
2026-01-01,ID,1,expressing,0.126
2026-01-01,IE,0,asking,0.486
2026-01-01,IE,0,doing,0.252
2026-01-01,IE,0,expressing,0.261
2026-01-01,IE,1,asking,0.412
2026-01-01,IE,1,doing,0.441
2026-01-01,IE,1,expressing,0.147
2026-01-01,IL,0,asking,0.517
2026-01-01,IL,0,doing,0.226
2026-01-01,IL,0,expressing,0.257
2026-01-01,IL,1,asking,0.365
2026-01-01,IL,1,doing,0.449
2026-01-01,IL,1,expressing,0.186
2026-01-01,IN,0,asking,0.479
2026-01-01,IN,0,doing,0.292
2026-01-01,IN,0,expressing,0.229
2026-01-01,IN,1,asking,0.370
2026-01-01,IN,1,doing,0.473
2026-01-01,IN,1,expressing,0.157
2026-01-01,IQ,0,asking,0.474
2026-01-01,IQ,0,doing,0.233
2026-01-01,IQ,0,expressing,0.294
2026-01-01,IQ,1,asking,0.312
2026-01-01,IQ,1,doing,0.489
2026-01-01,IQ,1,expressing,0.199
2026-01-01,IT,0,asking,0.503
2026-01-01,IT,0,doing,0.249
2026-01-01,IT,0,expressing,0.247
2026-01-01,IT,1,asking,0.343
2026-01-01,IT,1,doing,0.463
2026-01-01,IT,1,expressing,0.194
2026-01-01,JO,0,asking,0.476
2026-01-01,JO,0,doing,0.213
2026-01-01,JO,0,expressing,0.311
2026-01-01,JO,1,asking,0.348
2026-01-01,JO,1,doing,0.444
2026-01-01,JO,1,expressing,0.208
2026-01-01,JP,0,asking,0.479
2026-01-01,JP,0,doing,0.180
2026-01-01,JP,0,expressing,0.341
2026-01-01,JP,1,asking,0.411
2026-01-01,JP,1,doing,0.355
2026-01-01,JP,1,expressing,0.234
2026-01-01,KE,0,asking,0.517
2026-01-01,KE,0,doing,0.273
2026-01-01,KE,0,expressing,0.209
2026-01-01,KE,1,asking,0.350
2026-01-01,KE,1,doing,0.468
2026-01-01,KE,1,expressing,0.182
2026-01-01,KG,0,asking,0.438
2026-01-01,KG,0,doing,0.308
2026-01-01,KG,0,expressing,0.254
2026-01-01,KH,0,asking,0.372
2026-01-01,KH,0,doing,0.424
2026-01-01,KH,0,expressing,0.203
2026-01-01,KH,1,asking,0.353
2026-01-01,KH,1,doing,0.440
2026-01-01,KH,1,expressing,0.207
2026-01-01,KR,0,asking,0.536
2026-01-01,KR,0,doing,0.200
2026-01-01,KR,0,expressing,0.264
2026-01-01,KR,1,asking,0.428
2026-01-01,KR,1,doing,0.379
2026-01-01,KR,1,expressing,0.193
2026-01-01,KW,0,asking,0.506
2026-01-01,KW,0,doing,0.216
2026-01-01,KW,0,expressing,0.278
2026-01-01,KZ,0,asking,0.448
2026-01-01,KZ,0,doing,0.278
2026-01-01,KZ,0,expressing,0.274
2026-01-01,KZ,1,asking,0.318
2026-01-01,KZ,1,doing,0.500
2026-01-01,KZ,1,expressing,0.182
2026-01-01,LB,0,asking,0.471
2026-01-01,LB,0,doing,0.269
2026-01-01,LB,0,expressing,0.260
2026-01-01,LB,1,asking,0.487
2026-01-01,LB,1,doing,0.401
2026-01-01,LB,1,expressing,0.112
2026-01-01,LK,0,asking,0.500
2026-01-01,LK,0,doing,0.252
2026-01-01,LK,0,expressing,0.248
2026-01-01,LK,1,asking,0.360
2026-01-01,LK,1,doing,0.492
2026-01-01,LK,1,expressing,0.149
2026-01-01,LT,0,asking,0.552
2026-01-01,LT,0,doing,0.187
2026-01-01,LT,0,expressing,0.262
2026-01-01,LT,1,asking,0.345
2026-01-01,LT,1,doing,0.419
2026-01-01,LT,1,expressing,0.236
2026-01-01,LV,0,asking,0.476
2026-01-01,LV,0,doing,0.221
2026-01-01,LV,0,expressing,0.303
2026-01-01,LV,1,asking,0.400
2026-01-01,LV,1,doing,0.445
2026-01-01,LV,1,expressing,0.155
2026-01-01,LY,0,asking,0.533
2026-01-01,LY,0,doing,0.225
2026-01-01,LY,0,expressing,0.242
2026-01-01,MA,0,asking,0.461
2026-01-01,MA,0,doing,0.260
2026-01-01,MA,0,expressing,0.280
2026-01-01,MA,1,asking,0.304
2026-01-01,MA,1,doing,0.496
2026-01-01,MA,1,expressing,0.201
2026-01-01,MD,0,asking,0.454
2026-01-01,MD,0,doing,0.228
2026-01-01,MD,0,expressing,0.318
2026-01-01,MG,0,asking,0.469
2026-01-01,MG,0,doing,0.292
2026-01-01,MG,0,expressing,0.239
2026-01-01,MK,0,asking,0.485
2026-01-01,MK,0,doing,0.199
2026-01-01,MK,0,expressing,0.315
2026-01-01,MM,0,asking,0.473
2026-01-01,MM,0,doing,0.247
2026-01-01,MM,0,expressing,0.280
2026-01-01,MN,0,asking,0.555
2026-01-01,MN,0,doing,0.203
2026-01-01,MN,0,expressing,0.242
2026-01-01,MX,0,asking,0.470
2026-01-01,MX,0,doing,0.241
2026-01-01,MX,0,expressing,0.289
2026-01-01,MX,1,asking,0.305
2026-01-01,MX,1,doing,0.522
2026-01-01,MX,1,expressing,0.173
2026-01-01,MY,0,asking,0.503
2026-01-01,MY,0,doing,0.257
2026-01-01,MY,0,expressing,0.240
2026-01-01,MY,1,asking,0.348
2026-01-01,MY,1,doing,0.498
2026-01-01,MY,1,expressing,0.154
2026-01-01,MZ,0,asking,0.410
2026-01-01,MZ,0,doing,0.307
2026-01-01,MZ,0,expressing,0.284
2026-01-01,NG,0,asking,0.427
2026-01-01,NG,0,doing,0.342
2026-01-01,NG,0,expressing,0.231
2026-01-01,NG,1,asking,0.290
2026-01-01,NG,1,doing,0.559
2026-01-01,NG,1,expressing,0.151
2026-01-01,NI,0,asking,0.489
2026-01-01,NI,0,doing,0.243
2026-01-01,NI,0,expressing,0.268
2026-01-01,NL,0,asking,0.514
2026-01-01,NL,0,doing,0.241
2026-01-01,NL,0,expressing,0.245
2026-01-01,NL,1,asking,0.345
2026-01-01,NL,1,doing,0.483
2026-01-01,NL,1,expressing,0.173
2026-01-01,NO,0,asking,0.532
2026-01-01,NO,0,doing,0.223
2026-01-01,NO,0,expressing,0.245
2026-01-01,NO,1,asking,0.467
2026-01-01,NO,1,doing,0.334
2026-01-01,NO,1,expressing,0.199
2026-01-01,NP,0,asking,0.521
2026-01-01,NP,0,doing,0.284
2026-01-01,NP,0,expressing,0.195
2026-01-01,NP,1,asking,0.394
2026-01-01,NP,1,doing,0.449
2026-01-01,NP,1,expressing,0.157
2026-01-01,NZ,0,asking,0.547
2026-01-01,NZ,0,doing,0.215
2026-01-01,NZ,0,expressing,0.237
2026-01-01,NZ,1,asking,0.330
2026-01-01,NZ,1,doing,0.469
2026-01-01,NZ,1,expressing,0.201
2026-01-01,OM,0,asking,0.472
2026-01-01,OM,0,doing,0.272
2026-01-01,OM,0,expressing,0.256
2026-01-01,PA,0,asking,0.469
2026-01-01,PA,0,doing,0.229
2026-01-01,PA,0,expressing,0.302
2026-01-01,PE,0,asking,0.470
2026-01-01,PE,0,doing,0.239
2026-01-01,PE,0,expressing,0.291
2026-01-01,PE,1,asking,0.350
2026-01-01,PE,1,doing,0.479
2026-01-01,PE,1,expressing,0.171
2026-01-01,PH,0,asking,0.452
2026-01-01,PH,0,doing,0.357
2026-01-01,PH,0,expressing,0.192
2026-01-01,PH,1,asking,0.273
2026-01-01,PH,1,doing,0.582
2026-01-01,PH,1,expressing,0.145
2026-01-01,PK,0,asking,0.493
2026-01-01,PK,0,doing,0.313
2026-01-01,PK,0,expressing,0.193
2026-01-01,PK,1,asking,0.336
2026-01-01,PK,1,doing,0.508
2026-01-01,PK,1,expressing,0.155
2026-01-01,PL,0,asking,0.511
2026-01-01,PL,0,doing,0.250
2026-01-01,PL,0,expressing,0.239
2026-01-01,PL,1,asking,0.339
2026-01-01,PL,1,doing,0.460
2026-01-01,PL,1,expressing,0.201
2026-01-01,PR,0,asking,0.432
2026-01-01,PR,0,doing,0.238
2026-01-01,PR,0,expressing,0.330
2026-01-01,PS,0,asking,0.487
2026-01-01,PS,0,doing,0.223
2026-01-01,PS,0,expressing,0.290
2026-01-01,PT,0,asking,0.518
2026-01-01,PT,0,doing,0.243
2026-01-01,PT,0,expressing,0.239
2026-01-01,PT,1,asking,0.346
2026-01-01,PT,1,doing,0.473
2026-01-01,PT,1,expressing,0.181
2026-01-01,PY,0,asking,0.472
2026-01-01,PY,0,doing,0.192
2026-01-01,PY,0,expressing,0.336
2026-01-01,QA,0,asking,0.538
2026-01-01,QA,0,doing,0.223
2026-01-01,QA,0,expressing,0.239
2026-01-01,QA,1,asking,0.285
2026-01-01,QA,1,doing,0.510
2026-01-01,QA,1,expressing,0.205
2026-01-01,RO,0,asking,0.505
2026-01-01,RO,0,doing,0.209
2026-01-01,RO,0,expressing,0.286
2026-01-01,RO,1,asking,0.410
2026-01-01,RO,1,doing,0.396
2026-01-01,RO,1,expressing,0.194
2026-01-01,RS,0,asking,0.510
2026-01-01,RS,0,doing,0.225
2026-01-01,RS,0,expressing,0.266
2026-01-01,RS,1,asking,0.367
2026-01-01,RS,1,doing,0.410
2026-01-01,RS,1,expressing,0.223
2026-01-01,RW,0,asking,0.559
2026-01-01,RW,0,doing,0.221
2026-01-01,RW,0,expressing,0.220
2026-01-01,SA,0,asking,0.500
2026-01-01,SA,0,doing,0.219
2026-01-01,SA,0,expressing,0.281
2026-01-01,SA,1,asking,0.301
2026-01-01,SA,1,doing,0.488
2026-01-01,SA,1,expressing,0.211
2026-01-01,SD,0,asking,0.444
2026-01-01,SD,0,doing,0.313
2026-01-01,SD,0,expressing,0.243
2026-01-01,SE,0,asking,0.522
2026-01-01,SE,0,doing,0.228
2026-01-01,SE,0,expressing,0.250
2026-01-01,SE,1,asking,0.382
2026-01-01,SE,1,doing,0.437
2026-01-01,SE,1,expressing,0.181
2026-01-01,SG,0,asking,0.518
2026-01-01,SG,0,doing,0.229
2026-01-01,SG,0,expressing,0.253
2026-01-01,SG,1,asking,0.381
2026-01-01,SG,1,doing,0.478
2026-01-01,SG,1,expressing,0.142
2026-01-01,SI,0,asking,0.565
2026-01-01,SI,0,doing,0.177
2026-01-01,SI,0,expressing,0.258
2026-01-01,SK,0,asking,0.536
2026-01-01,SK,0,doing,0.198
2026-01-01,SK,0,expressing,0.266
2026-01-01,SK,1,asking,0.360
2026-01-01,SK,1,doing,0.447
2026-01-01,SK,1,expressing,0.192
2026-01-01,SN,0,asking,0.381
2026-01-01,SN,0,doing,0.287
2026-01-01,SN,0,expressing,0.333
2026-01-01,SO,0,asking,0.469
2026-01-01,SO,0,doing,0.260
2026-01-01,SO,0,expressing,0.271
2026-01-01,SV,0,asking,0.436
2026-01-01,SV,0,doing,0.228
2026-01-01,SV,0,expressing,0.335
2026-01-01,TH,0,asking,0.475
2026-01-01,TH,0,doing,0.262
2026-01-01,TH,0,expressing,0.263
2026-01-01,TH,1,asking,0.341
2026-01-01,TH,1,doing,0.485
2026-01-01,TH,1,expressing,0.174
2026-01-01,TJ,0,asking,0.375
2026-01-01,TJ,0,doing,0.265
2026-01-01,TJ,0,expressing,0.360
2026-01-01,TN,0,asking,0.445
2026-01-01,TN,0,doing,0.264
2026-01-01,TN,0,expressing,0.291
2026-01-01,TN,1,asking,0.281
2026-01-01,TN,1,doing,0.504
2026-01-01,TN,1,expressing,0.215
2026-01-01,TR,0,asking,0.475
2026-01-01,TR,0,doing,0.210
2026-01-01,TR,0,expressing,0.316
2026-01-01,TR,1,asking,0.377
2026-01-01,TR,1,doing,0.414
2026-01-01,TR,1,expressing,0.210
2026-01-01,TW,0,asking,0.470
2026-01-01,TW,0,doing,0.221
2026-01-01,TW,0,expressing,0.309
2026-01-01,TW,1,asking,0.345
2026-01-01,TW,1,doing,0.444
2026-01-01,TW,1,expressing,0.211
2026-01-01,TZ,0,asking,0.483
2026-01-01,TZ,0,doing,0.258
2026-01-01,TZ,0,expressing,0.259
2026-01-01,TZ,1,asking,0.410
2026-01-01,TZ,1,doing,0.466
2026-01-01,TZ,1,expressing,0.124
2026-01-01,UA,0,asking,0.470
2026-01-01,UA,0,doing,0.270
2026-01-01,UA,0,expressing,0.260
2026-01-01,UA,1,asking,0.345
2026-01-01,UA,1,doing,0.499
2026-01-01,UA,1,expressing,0.156
2026-01-01,US,0,asking,0.507
2026-01-01,US,0,doing,0.234
2026-01-01,US,0,expressing,0.259
2026-01-01,US,1,asking,0.349
2026-01-01,US,1,doing,0.467
2026-01-01,US,1,expressing,0.184
2026-01-01,UY,0,asking,0.509
2026-01-01,UY,0,doing,0.160
2026-01-01,UY,0,expressing,0.331
2026-01-01,UZ,0,asking,0.450
2026-01-01,UZ,0,doing,0.264
2026-01-01,UZ,0,expressing,0.286
2026-01-01,UZ,1,asking,0.370
2026-01-01,UZ,1,doing,0.442
2026-01-01,UZ,1,expressing,0.189
2026-01-01,VN,0,asking,0.461
2026-01-01,VN,0,doing,0.276
2026-01-01,VN,0,expressing,0.264
2026-01-01,VN,1,asking,0.324
2026-01-01,VN,1,doing,0.514
2026-01-01,VN,1,expressing,0.162
2026-01-01,YE,0,asking,0.449
2026-01-01,YE,0,doing,0.248
2026-01-01,YE,0,expressing,0.304
2026-01-01,ZA,0,asking,0.420
2026-01-01,ZA,0,doing,0.308
2026-01-01,ZA,0,expressing,0.272
2026-01-01,ZA,1,asking,0.316
2026-01-01,ZA,1,doing,0.515
2026-01-01,ZA,1,expressing,0.169
2026-02-01,AE,0,asking,0.471
2026-02-01,AE,0,doing,0.247
2026-02-01,AE,0,expressing,0.282
2026-02-01,AE,1,asking,0.294
2026-02-01,AE,1,doing,0.516
2026-02-01,AE,1,expressing,0.190
2026-02-01,AF,0,asking,0.435
2026-02-01,AF,0,doing,0.288
2026-02-01,AF,0,expressing,0.276
2026-02-01,AL,0,asking,0.497
2026-02-01,AL,0,doing,0.208
2026-02-01,AL,0,expressing,0.295
2026-02-01,AM,0,asking,0.409
2026-02-01,AM,0,doing,0.274
2026-02-01,AM,0,expressing,0.318
2026-02-01,AM,1,asking,0.320
2026-02-01,AM,1,doing,0.508
2026-02-01,AM,1,expressing,0.172
2026-02-01,AO,0,asking,0.503
2026-02-01,AO,0,doing,0.179
2026-02-01,AO,0,expressing,0.318
2026-02-01,AR,0,asking,0.435
2026-02-01,AR,0,doing,0.194
2026-02-01,AR,0,expressing,0.371
2026-02-01,AR,1,asking,0.302
2026-02-01,AR,1,doing,0.415
2026-02-01,AR,1,expressing,0.283
2026-02-01,AT,0,asking,0.513
2026-02-01,AT,0,doing,0.231
2026-02-01,AT,0,expressing,0.256
2026-02-01,AT,1,asking,0.343
2026-02-01,AT,1,doing,0.468
2026-02-01,AT,1,expressing,0.189
2026-02-01,AU,0,asking,0.492
2026-02-01,AU,0,doing,0.232
2026-02-01,AU,0,expressing,0.276
2026-02-01,AU,1,asking,0.333
2026-02-01,AU,1,doing,0.465
2026-02-01,AU,1,expressing,0.202
2026-02-01,AZ,0,asking,0.452
2026-02-01,AZ,0,doing,0.196
2026-02-01,AZ,0,expressing,0.353
2026-02-01,AZ,1,asking,0.376
2026-02-01,AZ,1,doing,0.358
2026-02-01,AZ,1,expressing,0.266
2026-02-01,BA,0,asking,0.555
2026-02-01,BA,0,doing,0.207
2026-02-01,BA,0,expressing,0.238
2026-02-01,BD,0,asking,0.484
2026-02-01,BD,0,doing,0.280
2026-02-01,BD,0,expressing,0.236
2026-02-01,BD,1,asking,0.348
2026-02-01,BD,1,doing,0.452
2026-02-01,BD,1,expressing,0.201
2026-02-01,BE,0,asking,0.457
2026-02-01,BE,0,doing,0.227
2026-02-01,BE,0,expressing,0.316
2026-02-01,BE,1,asking,0.365
2026-02-01,BE,1,doing,0.415
2026-02-01,BE,1,expressing,0.221
2026-02-01,BG,0,asking,0.463
2026-02-01,BG,0,doing,0.229
2026-02-01,BG,0,expressing,0.308
2026-02-01,BG,1,asking,0.315
2026-02-01,BG,1,doing,0.445
2026-02-01,BG,1,expressing,0.240
2026-02-01,BO,0,asking,0.463
2026-02-01,BO,0,doing,0.243
2026-02-01,BO,0,expressing,0.294
2026-02-01,BO,1,asking,0.346
2026-02-01,BO,1,doing,0.505
2026-02-01,BO,1,expressing,0.149
2026-02-01,BR,0,asking,0.394
2026-02-01,BR,0,doing,0.274
2026-02-01,BR,0,expressing,0.332
2026-02-01,BR,1,asking,0.275
2026-02-01,BR,1,doing,0.509
2026-02-01,BR,1,expressing,0.216
2026-02-01,CA,0,asking,0.489
2026-02-01,CA,0,doing,0.226
2026-02-01,CA,0,expressing,0.285
2026-02-01,CA,1,asking,0.354
2026-02-01,CA,1,doing,0.438
2026-02-01,CA,1,expressing,0.208
2026-02-01,CD,0,asking,0.485
2026-02-01,CD,0,doing,0.326
2026-02-01,CD,0,expressing,0.189
2026-02-01,CH,0,asking,0.473
2026-02-01,CH,0,doing,0.244
2026-02-01,CH,0,expressing,0.283
2026-02-01,CH,1,asking,0.326
2026-02-01,CH,1,doing,0.463
2026-02-01,CH,1,expressing,0.212
2026-02-01,CI,0,asking,0.378
2026-02-01,CI,0,doing,0.309
2026-02-01,CI,0,expressing,0.313
2026-02-01,CL,0,asking,0.414
2026-02-01,CL,0,doing,0.198
2026-02-01,CL,0,expressing,0.388
2026-02-01,CL,1,asking,0.288
2026-02-01,CL,1,doing,0.432
2026-02-01,CL,1,expressing,0.280
2026-02-01,CM,0,asking,0.483
2026-02-01,CM,0,doing,0.295
2026-02-01,CM,0,expressing,0.221
2026-02-01,CO,0,asking,0.441
2026-02-01,CO,0,doing,0.264
2026-02-01,CO,0,expressing,0.295
2026-02-01,CO,1,asking,0.300
2026-02-01,CO,1,doing,0.528
2026-02-01,CO,1,expressing,0.172
2026-02-01,CR,0,asking,0.417
2026-02-01,CR,0,doing,0.255
2026-02-01,CR,0,expressing,0.328
2026-02-01,CR,1,asking,0.303
2026-02-01,CR,1,doing,0.522
2026-02-01,CR,1,expressing,0.175
2026-02-01,CY,0,asking,0.541
2026-02-01,CY,0,doing,0.234
2026-02-01,CY,0,expressing,0.225
2026-02-01,CZ,0,asking,0.506
2026-02-01,CZ,0,doing,0.184
2026-02-01,CZ,0,expressing,0.310
2026-02-01,CZ,1,asking,0.354
2026-02-01,CZ,1,doing,0.428
2026-02-01,CZ,1,expressing,0.218
2026-02-01,DE,0,asking,0.479
2026-02-01,DE,0,doing,0.234
2026-02-01,DE,0,expressing,0.288
2026-02-01,DE,1,asking,0.376
2026-02-01,DE,1,doing,0.413
2026-02-01,DE,1,expressing,0.211
2026-02-01,DK,0,asking,0.522
2026-02-01,DK,0,doing,0.205
2026-02-01,DK,0,expressing,0.273
2026-02-01,DK,1,asking,0.364
2026-02-01,DK,1,doing,0.420
2026-02-01,DK,1,expressing,0.216
2026-02-01,DO,0,asking,0.444
2026-02-01,DO,0,doing,0.260
2026-02-01,DO,0,expressing,0.296
2026-02-01,DO,1,asking,0.282
2026-02-01,DO,1,doing,0.494
2026-02-01,DO,1,expressing,0.224
2026-02-01,DZ,0,asking,0.410
2026-02-01,DZ,0,doing,0.245
2026-02-01,DZ,0,expressing,0.346
2026-02-01,DZ,1,asking,0.371
2026-02-01,DZ,1,doing,0.432
2026-02-01,DZ,1,expressing,0.197
2026-02-01,EC,0,asking,0.436
2026-02-01,EC,0,doing,0.295
2026-02-01,EC,0,expressing,0.269
2026-02-01,EC,1,asking,0.309
2026-02-01,EC,1,doing,0.545
2026-02-01,EC,1,expressing,0.146
2026-02-01,EE,0,asking,0.474
2026-02-01,EE,0,doing,0.248
2026-02-01,EE,0,expressing,0.278
2026-02-01,EG,0,asking,0.479
2026-02-01,EG,0,doing,0.203
2026-02-01,EG,0,expressing,0.318
2026-02-01,EG,1,asking,0.355
2026-02-01,EG,1,doing,0.451
2026-02-01,EG,1,expressing,0.194
2026-02-01,ES,0,asking,0.491
2026-02-01,ES,0,doing,0.229
2026-02-01,ES,0,expressing,0.280
2026-02-01,ES,1,asking,0.347
2026-02-01,ES,1,doing,0.451
2026-02-01,ES,1,expressing,0.202
2026-02-01,ET,0,asking,0.503
2026-02-01,ET,0,doing,0.233
2026-02-01,ET,0,expressing,0.264
2026-02-01,ET,1,asking,0.338
2026-02-01,ET,1,doing,0.495
2026-02-01,ET,1,expressing,0.167
2026-02-01,FI,0,asking,0.493
2026-02-01,FI,0,doing,0.217
2026-02-01,FI,0,expressing,0.290
2026-02-01,FI,1,asking,0.375
2026-02-01,FI,1,doing,0.429
2026-02-01,FI,1,expressing,0.196
2026-02-01,FR,0,asking,0.476
2026-02-01,FR,0,doing,0.224
2026-02-01,FR,0,expressing,0.300
2026-02-01,FR,1,asking,0.319
2026-02-01,FR,1,doing,0.445
2026-02-01,FR,1,expressing,0.236
2026-02-01,GB,0,asking,0.474
2026-02-01,GB,0,doing,0.225
2026-02-01,GB,0,expressing,0.300
2026-02-01,GB,1,asking,0.340
2026-02-01,GB,1,doing,0.438
2026-02-01,GB,1,expressing,0.223
2026-02-01,GE,0,asking,0.469
2026-02-01,GE,0,doing,0.203
2026-02-01,GE,0,expressing,0.328
2026-02-01,GH,0,asking,0.415
2026-02-01,GH,0,doing,0.317
2026-02-01,GH,0,expressing,0.268
2026-02-01,GH,1,asking,0.349
2026-02-01,GH,1,doing,0.505
2026-02-01,GH,1,expressing,0.145
2026-02-01,GR,0,asking,0.498
2026-02-01,GR,0,doing,0.199
2026-02-01,GR,0,expressing,0.303
2026-02-01,GR,1,asking,0.414
2026-02-01,GR,1,doing,0.378
2026-02-01,GR,1,expressing,0.208
2026-02-01,GT,0,asking,0.463
2026-02-01,GT,0,doing,0.262
2026-02-01,GT,0,expressing,0.275
2026-02-01,GT,1,asking,0.256
2026-02-01,GT,1,doing,0.563
2026-02-01,GT,1,expressing,0.181
2026-02-01,HN,0,asking,0.442
2026-02-01,HN,0,doing,0.233
2026-02-01,HN,0,expressing,0.325
2026-02-01,HR,0,asking,0.521
2026-02-01,HR,0,doing,0.226
2026-02-01,HR,0,expressing,0.253
2026-02-01,HR,1,asking,0.359
2026-02-01,HR,1,doing,0.455
2026-02-01,HR,1,expressing,0.186
2026-02-01,HT,0,asking,0.422
2026-02-01,HT,0,doing,0.325
2026-02-01,HT,0,expressing,0.254
2026-02-01,HU,0,asking,0.524
2026-02-01,HU,0,doing,0.182
2026-02-01,HU,0,expressing,0.294
2026-02-01,HU,1,asking,0.344
2026-02-01,HU,1,doing,0.440
2026-02-01,HU,1,expressing,0.217
2026-02-01,ID,0,asking,0.452
2026-02-01,ID,0,doing,0.284
2026-02-01,ID,0,expressing,0.264
2026-02-01,ID,1,asking,0.312
2026-02-01,ID,1,doing,0.531
2026-02-01,ID,1,expressing,0.156
2026-02-01,IE,0,asking,0.504
2026-02-01,IE,0,doing,0.214
2026-02-01,IE,0,expressing,0.283
2026-02-01,IE,1,asking,0.382
2026-02-01,IE,1,doing,0.402
2026-02-01,IE,1,expressing,0.216
2026-02-01,IL,0,asking,0.505
2026-02-01,IL,0,doing,0.211
2026-02-01,IL,0,expressing,0.283
2026-02-01,IL,1,asking,0.346
2026-02-01,IL,1,doing,0.441
2026-02-01,IL,1,expressing,0.213
2026-02-01,IN,0,asking,0.455
2026-02-01,IN,0,doing,0.278
2026-02-01,IN,0,expressing,0.266
2026-02-01,IN,1,asking,0.366
2026-02-01,IN,1,doing,0.460
2026-02-01,IN,1,expressing,0.174
2026-02-01,IQ,0,asking,0.460
2026-02-01,IQ,0,doing,0.222
2026-02-01,IQ,0,expressing,0.318
2026-02-01,IQ,1,asking,0.268
2026-02-01,IQ,1,doing,0.465
2026-02-01,IQ,1,expressing,0.267
2026-02-01,IT,0,asking,0.488
2026-02-01,IT,0,doing,0.226
2026-02-01,IT,0,expressing,0.287
2026-02-01,IT,1,asking,0.343
2026-02-01,IT,1,doing,0.446
2026-02-01,IT,1,expressing,0.210
2026-02-01,JO,0,asking,0.500
2026-02-01,JO,0,doing,0.215
2026-02-01,JO,0,expressing,0.284
2026-02-01,JO,1,asking,0.300
2026-02-01,JO,1,doing,0.501
2026-02-01,JO,1,expressing,0.199
2026-02-01,JP,0,asking,0.413
2026-02-01,JP,0,doing,0.149
2026-02-01,JP,0,expressing,0.437
2026-02-01,JP,1,asking,0.360
2026-02-01,JP,1,doing,0.321
2026-02-01,JP,1,expressing,0.319
2026-02-01,KE,0,asking,0.508
2026-02-01,KE,0,doing,0.247
2026-02-01,KE,0,expressing,0.245
2026-02-01,KE,1,asking,0.382
2026-02-01,KE,1,doing,0.453
2026-02-01,KE,1,expressing,0.164
2026-02-01,KG,0,asking,0.407
2026-02-01,KG,0,doing,0.327
2026-02-01,KG,0,expressing,0.266
2026-02-01,KG,1,asking,0.308
2026-02-01,KG,1,doing,0.477
2026-02-01,KG,1,expressing,0.215
2026-02-01,KH,0,asking,0.402
2026-02-01,KH,0,doing,0.316
2026-02-01,KH,0,expressing,0.283
2026-02-01,KH,1,asking,0.335
2026-02-01,KH,1,doing,0.469
2026-02-01,KH,1,expressing,0.196
2026-02-01,KR,0,asking,0.478
2026-02-01,KR,0,doing,0.163
2026-02-01,KR,0,expressing,0.359
2026-02-01,KR,1,asking,0.406
2026-02-01,KR,1,doing,0.359
2026-02-01,KR,1,expressing,0.235
2026-02-01,KW,0,asking,0.523
2026-02-01,KW,0,doing,0.227
2026-02-01,KW,0,expressing,0.250
2026-02-01,KZ,0,asking,0.445
2026-02-01,KZ,0,doing,0.278
2026-02-01,KZ,0,expressing,0.277
2026-02-01,KZ,1,asking,0.308
2026-02-01,KZ,1,doing,0.490
2026-02-01,KZ,1,expressing,0.202
2026-02-01,LB,0,asking,0.497
2026-02-01,LB,0,doing,0.224
2026-02-01,LB,0,expressing,0.279
2026-02-01,LB,1,asking,0.335
2026-02-01,LB,1,doing,0.486
2026-02-01,LB,1,expressing,0.179
2026-02-01,LK,0,asking,0.479
2026-02-01,LK,0,doing,0.268
2026-02-01,LK,0,expressing,0.253
2026-02-01,LK,1,asking,0.362
2026-02-01,LK,1,doing,0.465
2026-02-01,LK,1,expressing,0.173
2026-02-01,LT,0,asking,0.517
2026-02-01,LT,0,doing,0.252
2026-02-01,LT,0,expressing,0.231
2026-02-01,LT,1,asking,0.324
2026-02-01,LT,1,doing,0.386
2026-02-01,LT,1,expressing,0.290
2026-02-01,LV,0,asking,0.494
2026-02-01,LV,0,doing,0.219
2026-02-01,LV,0,expressing,0.287
2026-02-01,LV,1,asking,0.369
2026-02-01,LV,1,doing,0.404
2026-02-01,LV,1,expressing,0.227
2026-02-01,LY,0,asking,0.437
2026-02-01,LY,0,doing,0.209
2026-02-01,LY,0,expressing,0.354
2026-02-01,MA,0,asking,0.441
2026-02-01,MA,0,doing,0.256
2026-02-01,MA,0,expressing,0.303
2026-02-01,MA,1,asking,0.364
2026-02-01,MA,1,doing,0.454
2026-02-01,MA,1,expressing,0.181
2026-02-01,MD,0,asking,0.392
2026-02-01,MD,0,doing,0.260
2026-02-01,MD,0,expressing,0.348
2026-02-01,MD,1,asking,0.258
2026-02-01,MD,1,doing,0.604
2026-02-01,MD,1,expressing,0.138
2026-02-01,MG,0,asking,0.455
2026-02-01,MG,0,doing,0.240
2026-02-01,MG,0,expressing,0.305
2026-02-01,MK,0,asking,0.473
2026-02-01,MK,0,doing,0.203
2026-02-01,MK,0,expressing,0.325
2026-02-01,MM,0,asking,0.417
2026-02-01,MM,0,doing,0.268
2026-02-01,MM,0,expressing,0.315
2026-02-01,MN,0,asking,0.557
2026-02-01,MN,0,doing,0.158
2026-02-01,MN,0,expressing,0.285
2026-02-01,MX,0,asking,0.435
2026-02-01,MX,0,doing,0.266
2026-02-01,MX,0,expressing,0.299
2026-02-01,MX,1,asking,0.304
2026-02-01,MX,1,doing,0.515
2026-02-01,MX,1,expressing,0.181
2026-02-01,MY,0,asking,0.464
2026-02-01,MY,0,doing,0.248
2026-02-01,MY,0,expressing,0.288
2026-02-01,MY,1,asking,0.309
2026-02-01,MY,1,doing,0.507
2026-02-01,MY,1,expressing,0.184
2026-02-01,NG,0,asking,0.404
2026-02-01,NG,0,doing,0.340
2026-02-01,NG,0,expressing,0.256
2026-02-01,NG,1,asking,0.332
2026-02-01,NG,1,doing,0.493
2026-02-01,NG,1,expressing,0.175
2026-02-01,NI,0,asking,0.418
2026-02-01,NI,0,doing,0.293
2026-02-01,NI,0,expressing,0.289
2026-02-01,NL,0,asking,0.487
2026-02-01,NL,0,doing,0.224
2026-02-01,NL,0,expressing,0.289
2026-02-01,NL,1,asking,0.331
2026-02-01,NL,1,doing,0.454
2026-02-01,NL,1,expressing,0.216
2026-02-01,NO,0,asking,0.500
2026-02-01,NO,0,doing,0.225
2026-02-01,NO,0,expressing,0.275
2026-02-01,NO,1,asking,0.395
2026-02-01,NO,1,doing,0.419
2026-02-01,NO,1,expressing,0.186
2026-02-01,NP,0,asking,0.481
2026-02-01,NP,0,doing,0.280
2026-02-01,NP,0,expressing,0.239
2026-02-01,NP,1,asking,0.373
2026-02-01,NP,1,doing,0.458
2026-02-01,NP,1,expressing,0.169
2026-02-01,NZ,0,asking,0.459
2026-02-01,NZ,0,doing,0.230
2026-02-01,NZ,0,expressing,0.311
2026-02-01,NZ,1,asking,0.345
2026-02-01,NZ,1,doing,0.408
2026-02-01,NZ,1,expressing,0.247
2026-02-01,OM,0,asking,0.436
2026-02-01,OM,0,doing,0.272
2026-02-01,OM,0,expressing,0.293
2026-02-01,PA,0,asking,0.403
2026-02-01,PA,0,doing,0.245
2026-02-01,PA,0,expressing,0.352
2026-02-01,PE,0,asking,0.415
2026-02-01,PE,0,doing,0.235
2026-02-01,PE,0,expressing,0.349
2026-02-01,PE,1,asking,0.297
2026-02-01,PE,1,doing,0.498
2026-02-01,PE,1,expressing,0.205
2026-02-01,PH,0,asking,0.420
2026-02-01,PH,0,doing,0.378
2026-02-01,PH,0,expressing,0.202
2026-02-01,PH,1,asking,0.285
2026-02-01,PH,1,doing,0.566
2026-02-01,PH,1,expressing,0.149
2026-02-01,PK,0,asking,0.484
2026-02-01,PK,0,doing,0.289
2026-02-01,PK,0,expressing,0.226
2026-02-01,PK,1,asking,0.313
2026-02-01,PK,1,doing,0.545
2026-02-01,PK,1,expressing,0.142
2026-02-01,PL,0,asking,0.488
2026-02-01,PL,0,doing,0.230
2026-02-01,PL,0,expressing,0.282
2026-02-01,PL,1,asking,0.361
2026-02-01,PL,1,doing,0.437
2026-02-01,PL,1,expressing,0.202
2026-02-01,PR,0,asking,0.446
2026-02-01,PR,0,doing,0.188
2026-02-01,PR,0,expressing,0.367
2026-02-01,PR,1,asking,0.305
2026-02-01,PR,1,doing,0.536
2026-02-01,PR,1,expressing,0.159
2026-02-01,PS,0,asking,0.453
2026-02-01,PS,0,doing,0.210
2026-02-01,PS,0,expressing,0.337
2026-02-01,PT,0,asking,0.445
2026-02-01,PT,0,doing,0.268
2026-02-01,PT,0,expressing,0.286
2026-02-01,PT,1,asking,0.335
2026-02-01,PT,1,doing,0.444
2026-02-01,PT,1,expressing,0.222
2026-02-01,PY,0,asking,0.452
2026-02-01,PY,0,doing,0.237
2026-02-01,PY,0,expressing,0.311
2026-02-01,QA,0,asking,0.496
2026-02-01,QA,0,doing,0.213
2026-02-01,QA,0,expressing,0.291
2026-02-01,QA,1,asking,0.252
2026-02-01,QA,1,doing,0.480
2026-02-01,QA,1,expressing,0.269
2026-02-01,RO,0,asking,0.485
2026-02-01,RO,0,doing,0.219
2026-02-01,RO,0,expressing,0.296
2026-02-01,RO,1,asking,0.360
2026-02-01,RO,1,doing,0.402
2026-02-01,RO,1,expressing,0.238
2026-02-01,RS,0,asking,0.453
2026-02-01,RS,0,doing,0.189
2026-02-01,RS,0,expressing,0.358
2026-02-01,RS,1,asking,0.355
2026-02-01,RS,1,doing,0.400
2026-02-01,RS,1,expressing,0.245
2026-02-01,SA,0,asking,0.464
2026-02-01,SA,0,doing,0.240
2026-02-01,SA,0,expressing,0.296
2026-02-01,SA,1,asking,0.324
2026-02-01,SA,1,doing,0.489
2026-02-01,SA,1,expressing,0.187
2026-02-01,SD,0,asking,0.482
2026-02-01,SD,0,doing,0.253
2026-02-01,SD,0,expressing,0.265
2026-02-01,SE,0,asking,0.511
2026-02-01,SE,0,doing,0.210
2026-02-01,SE,0,expressing,0.279
2026-02-01,SE,1,asking,0.382
2026-02-01,SE,1,doing,0.381
2026-02-01,SE,1,expressing,0.237
2026-02-01,SG,0,asking,0.514
2026-02-01,SG,0,doing,0.211
2026-02-01,SG,0,expressing,0.276
2026-02-01,SG,1,asking,0.341
2026-02-01,SG,1,doing,0.464
2026-02-01,SG,1,expressing,0.195
2026-02-01,SI,0,asking,0.518
2026-02-01,SI,0,doing,0.218
2026-02-01,SI,0,expressing,0.264
2026-02-01,SK,0,asking,0.525
2026-02-01,SK,0,doing,0.187
2026-02-01,SK,0,expressing,0.288
2026-02-01,SK,1,asking,0.368
2026-02-01,SK,1,doing,0.447
2026-02-01,SK,1,expressing,0.186
2026-02-01,SN,0,asking,0.444
2026-02-01,SN,0,doing,0.233
2026-02-01,SN,0,expressing,0.323
2026-02-01,SO,0,asking,0.461
2026-02-01,SO,0,doing,0.262
2026-02-01,SO,0,expressing,0.277
2026-02-01,SV,0,asking,0.399
2026-02-01,SV,0,doing,0.274
2026-02-01,SV,0,expressing,0.328
2026-02-01,TH,0,asking,0.432
2026-02-01,TH,0,doing,0.259
2026-02-01,TH,0,expressing,0.309
2026-02-01,TH,1,asking,0.334
2026-02-01,TH,1,doing,0.509
2026-02-01,TH,1,expressing,0.157
2026-02-01,TJ,0,asking,0.424
2026-02-01,TJ,0,doing,0.297
2026-02-01,TJ,0,expressing,0.278
2026-02-01,TN,0,asking,0.433
2026-02-01,TN,0,doing,0.267
2026-02-01,TN,0,expressing,0.300
2026-02-01,TN,1,asking,0.346
2026-02-01,TN,1,doing,0.434
2026-02-01,TN,1,expressing,0.220
2026-02-01,TR,0,asking,0.442
2026-02-01,TR,0,doing,0.195
2026-02-01,TR,0,expressing,0.363
2026-02-01,TR,1,asking,0.334
2026-02-01,TR,1,doing,0.412
2026-02-01,TR,1,expressing,0.255
2026-02-01,TW,0,asking,0.459
2026-02-01,TW,0,doing,0.186
2026-02-01,TW,0,expressing,0.355
2026-02-01,TW,1,asking,0.327
2026-02-01,TW,1,doing,0.413
2026-02-01,TW,1,expressing,0.260
2026-02-01,TZ,0,asking,0.503
2026-02-01,TZ,0,doing,0.297
2026-02-01,TZ,0,expressing,0.200
2026-02-01,TZ,1,asking,0.355
2026-02-01,TZ,1,doing,0.494
2026-02-01,TZ,1,expressing,0.151
2026-02-01,UA,0,asking,0.479
2026-02-01,UA,0,doing,0.256
2026-02-01,UA,0,expressing,0.266
2026-02-01,UA,1,asking,0.343
2026-02-01,UA,1,doing,0.463
2026-02-01,UA,1,expressing,0.194
2026-02-01,UG,0,asking,0.404
2026-02-01,UG,0,doing,0.325
2026-02-01,UG,0,expressing,0.271
2026-02-01,US,0,asking,0.472
2026-02-01,US,0,doing,0.235
2026-02-01,US,0,expressing,0.293
2026-02-01,US,1,asking,0.336
2026-02-01,US,1,doing,0.450
2026-02-01,US,1,expressing,0.214
2026-02-01,UY,0,asking,0.463
2026-02-01,UY,0,doing,0.183
2026-02-01,UY,0,expressing,0.354
2026-02-01,UZ,0,asking,0.433
2026-02-01,UZ,0,doing,0.273
2026-02-01,UZ,0,expressing,0.294
2026-02-01,UZ,1,asking,0.338
2026-02-01,UZ,1,doing,0.467
2026-02-01,UZ,1,expressing,0.195
2026-02-01,VN,0,asking,0.423
2026-02-01,VN,0,doing,0.260
2026-02-01,VN,0,expressing,0.317
2026-02-01,VN,1,asking,0.309
2026-02-01,VN,1,doing,0.497
2026-02-01,VN,1,expressing,0.194
2026-02-01,YE,0,asking,0.455
2026-02-01,YE,0,doing,0.265
2026-02-01,YE,0,expressing,0.280
2026-02-01,ZA,0,asking,0.401
2026-02-01,ZA,0,doing,0.305
2026-02-01,ZA,0,expressing,0.294
2026-02-01,ZA,1,asking,0.314
2026-02-01,ZA,1,doing,0.501
2026-02-01,ZA,1,expressing,0.185
2026-03-01,AE,0,asking,0.498
2026-03-01,AE,0,doing,0.263
2026-03-01,AE,0,expressing,0.239
2026-03-01,AE,1,asking,0.310
2026-03-01,AE,1,doing,0.498
2026-03-01,AE,1,expressing,0.192
2026-03-01,AF,0,asking,0.447
2026-03-01,AF,0,doing,0.253
2026-03-01,AF,0,expressing,0.300
2026-03-01,AL,0,asking,0.493
2026-03-01,AL,0,doing,0.214
2026-03-01,AL,0,expressing,0.294
2026-03-01,AM,0,asking,0.484
2026-03-01,AM,0,doing,0.254
2026-03-01,AM,0,expressing,0.261
2026-03-01,AO,0,asking,0.468
2026-03-01,AO,0,doing,0.333
2026-03-01,AO,0,expressing,0.200
2026-03-01,AR,0,asking,0.432
2026-03-01,AR,0,doing,0.221
2026-03-01,AR,0,expressing,0.346
2026-03-01,AR,1,asking,0.269
2026-03-01,AR,1,doing,0.464
2026-03-01,AR,1,expressing,0.267
2026-03-01,AT,0,asking,0.470
2026-03-01,AT,0,doing,0.258
2026-03-01,AT,0,expressing,0.272
2026-03-01,AT,1,asking,0.383
2026-03-01,AT,1,doing,0.411
2026-03-01,AT,1,expressing,0.206
2026-03-01,AU,0,asking,0.480
2026-03-01,AU,0,doing,0.235
2026-03-01,AU,0,expressing,0.285
2026-03-01,AU,1,asking,0.339
2026-03-01,AU,1,doing,0.470
2026-03-01,AU,1,expressing,0.192
2026-03-01,AZ,0,asking,0.442
2026-03-01,AZ,0,doing,0.238
2026-03-01,AZ,0,expressing,0.321
2026-03-01,BA,0,asking,0.507
2026-03-01,BA,0,doing,0.208
2026-03-01,BA,0,expressing,0.285
2026-03-01,BD,0,asking,0.497
2026-03-01,BD,0,doing,0.276
2026-03-01,BD,0,expressing,0.228
2026-03-01,BD,1,asking,0.319
2026-03-01,BD,1,doing,0.526
2026-03-01,BD,1,expressing,0.156
2026-03-01,BE,0,asking,0.499
2026-03-01,BE,0,doing,0.205
2026-03-01,BE,0,expressing,0.296
2026-03-01,BE,1,asking,0.286
2026-03-01,BE,1,doing,0.469
2026-03-01,BE,1,expressing,0.245
2026-03-01,BG,0,asking,0.454
2026-03-01,BG,0,doing,0.221
2026-03-01,BG,0,expressing,0.326
2026-03-01,BG,1,asking,0.324
2026-03-01,BG,1,doing,0.424
2026-03-01,BG,1,expressing,0.252
2026-03-01,BH,0,asking,0.441
2026-03-01,BH,0,doing,0.298
2026-03-01,BH,0,expressing,0.262
2026-03-01,BJ,0,asking,0.372
2026-03-01,BJ,0,doing,0.324
2026-03-01,BJ,0,expressing,0.304
2026-03-01,BO,0,asking,0.434
2026-03-01,BO,0,doing,0.328
2026-03-01,BO,0,expressing,0.237
2026-03-01,BO,1,asking,0.361
2026-03-01,BO,1,doing,0.488
2026-03-01,BO,1,expressing,0.151
2026-03-01,BR,0,asking,0.411
2026-03-01,BR,0,doing,0.278
2026-03-01,BR,0,expressing,0.312
2026-03-01,BR,1,asking,0.277
2026-03-01,BR,1,doing,0.513
2026-03-01,BR,1,expressing,0.211
2026-03-01,CA,0,asking,0.501
2026-03-01,CA,0,doing,0.218
2026-03-01,CA,0,expressing,0.280
2026-03-01,CA,1,asking,0.347
2026-03-01,CA,1,doing,0.446
2026-03-01,CA,1,expressing,0.207
2026-03-01,CD,0,asking,0.489
2026-03-01,CD,0,doing,0.267
2026-03-01,CD,0,expressing,0.244
2026-03-01,CH,0,asking,0.484
2026-03-01,CH,0,doing,0.254
2026-03-01,CH,0,expressing,0.262
2026-03-01,CH,1,asking,0.328
2026-03-01,CH,1,doing,0.468
2026-03-01,CH,1,expressing,0.204
2026-03-01,CI,0,asking,0.403
2026-03-01,CI,0,doing,0.243
2026-03-01,CI,0,expressing,0.354
2026-03-01,CL,0,asking,0.449
2026-03-01,CL,0,doing,0.212
2026-03-01,CL,0,expressing,0.340
2026-03-01,CL,1,asking,0.321
2026-03-01,CL,1,doing,0.462
2026-03-01,CL,1,expressing,0.217
2026-03-01,CM,0,asking,0.517
2026-03-01,CM,0,doing,0.222
2026-03-01,CM,0,expressing,0.261
2026-03-01,CO,0,asking,0.445
2026-03-01,CO,0,doing,0.275
2026-03-01,CO,0,expressing,0.280
2026-03-01,CO,1,asking,0.286
2026-03-01,CO,1,doing,0.541
2026-03-01,CO,1,expressing,0.172
2026-03-01,CR,0,asking,0.440
2026-03-01,CR,0,doing,0.207
2026-03-01,CR,0,expressing,0.353
2026-03-01,CR,1,asking,0.209
2026-03-01,CR,1,doing,0.527
2026-03-01,CR,1,expressing,0.264
2026-03-01,CY,0,asking,0.402
2026-03-01,CY,0,doing,0.209
2026-03-01,CY,0,expressing,0.389
2026-03-01,CZ,0,asking,0.501
2026-03-01,CZ,0,doing,0.202
2026-03-01,CZ,0,expressing,0.297
2026-03-01,CZ,1,asking,0.328
2026-03-01,CZ,1,doing,0.440
2026-03-01,CZ,1,expressing,0.232
2026-03-01,DE,0,asking,0.495
2026-03-01,DE,0,doing,0.233
2026-03-01,DE,0,expressing,0.272
2026-03-01,DE,1,asking,0.372
2026-03-01,DE,1,doing,0.415
2026-03-01,DE,1,expressing,0.213
2026-03-01,DK,0,asking,0.489
2026-03-01,DK,0,doing,0.242
2026-03-01,DK,0,expressing,0.269
2026-03-01,DK,1,asking,0.320
2026-03-01,DK,1,doing,0.486
2026-03-01,DK,1,expressing,0.194
2026-03-01,DO,0,asking,0.458
2026-03-01,DO,0,doing,0.258
2026-03-01,DO,0,expressing,0.284
2026-03-01,DO,1,asking,0.260
2026-03-01,DO,1,doing,0.499
2026-03-01,DO,1,expressing,0.241
2026-03-01,DZ,0,asking,0.446
2026-03-01,DZ,0,doing,0.213
2026-03-01,DZ,0,expressing,0.341
2026-03-01,DZ,1,asking,0.332
2026-03-01,DZ,1,doing,0.452
2026-03-01,DZ,1,expressing,0.215
2026-03-01,EC,0,asking,0.485
2026-03-01,EC,0,doing,0.260
2026-03-01,EC,0,expressing,0.255
2026-03-01,EC,1,asking,0.261
2026-03-01,EC,1,doing,0.571
2026-03-01,EC,1,expressing,0.168
2026-03-01,EE,0,asking,0.516
2026-03-01,EE,0,doing,0.222
2026-03-01,EE,0,expressing,0.263
2026-03-01,EG,0,asking,0.502
2026-03-01,EG,0,doing,0.201
2026-03-01,EG,0,expressing,0.297
2026-03-01,EG,1,asking,0.353
2026-03-01,EG,1,doing,0.429
2026-03-01,EG,1,expressing,0.218
2026-03-01,ES,0,asking,0.477
2026-03-01,ES,0,doing,0.228
2026-03-01,ES,0,expressing,0.295
2026-03-01,ES,1,asking,0.342
2026-03-01,ES,1,doing,0.450
2026-03-01,ES,1,expressing,0.208
2026-03-01,ET,0,asking,0.423
2026-03-01,ET,0,doing,0.317
2026-03-01,ET,0,expressing,0.260
2026-03-01,ET,1,asking,0.386
2026-03-01,ET,1,doing,0.433
2026-03-01,ET,1,expressing,0.180
2026-03-01,FI,0,asking,0.537
2026-03-01,FI,0,doing,0.206
2026-03-01,FI,0,expressing,0.256
2026-03-01,FI,1,asking,0.408
2026-03-01,FI,1,doing,0.401
2026-03-01,FI,1,expressing,0.190
2026-03-01,FR,0,asking,0.470
2026-03-01,FR,0,doing,0.239
2026-03-01,FR,0,expressing,0.291
2026-03-01,FR,1,asking,0.333
2026-03-01,FR,1,doing,0.448
2026-03-01,FR,1,expressing,0.219
2026-03-01,GB,0,asking,0.472
2026-03-01,GB,0,doing,0.234
2026-03-01,GB,0,expressing,0.295
2026-03-01,GB,1,asking,0.349
2026-03-01,GB,1,doing,0.447
2026-03-01,GB,1,expressing,0.204
2026-03-01,GE,0,asking,0.491
2026-03-01,GE,0,doing,0.186
2026-03-01,GE,0,expressing,0.323
2026-03-01,GE,1,asking,0.355
2026-03-01,GE,1,doing,0.434
2026-03-01,GE,1,expressing,0.211
2026-03-01,GH,0,asking,0.458
2026-03-01,GH,0,doing,0.268
2026-03-01,GH,0,expressing,0.274
2026-03-01,GH,1,asking,0.389
2026-03-01,GH,1,doing,0.442
2026-03-01,GH,1,expressing,0.169
2026-03-01,GR,0,asking,0.449
2026-03-01,GR,0,doing,0.183
2026-03-01,GR,0,expressing,0.368
2026-03-01,GR,1,asking,0.334
2026-03-01,GR,1,doing,0.395
2026-03-01,GR,1,expressing,0.272
2026-03-01,GT,0,asking,0.400
2026-03-01,GT,0,doing,0.310
2026-03-01,GT,0,expressing,0.290
2026-03-01,GT,1,asking,0.353
2026-03-01,GT,1,doing,0.496
2026-03-01,GT,1,expressing,0.151
2026-03-01,HN,0,asking,0.383
2026-03-01,HN,0,doing,0.274
2026-03-01,HN,0,expressing,0.343
2026-03-01,HR,0,asking,0.490
2026-03-01,HR,0,doing,0.233
2026-03-01,HR,0,expressing,0.276
2026-03-01,HR,1,asking,0.298
2026-03-01,HR,1,doing,0.457
2026-03-01,HR,1,expressing,0.245
2026-03-01,HT,0,asking,0.414
2026-03-01,HT,0,doing,0.257
2026-03-01,HT,0,expressing,0.329
2026-03-01,HU,0,asking,0.473
2026-03-01,HU,0,doing,0.225
2026-03-01,HU,0,expressing,0.301
2026-03-01,HU,1,asking,0.394
2026-03-01,HU,1,doing,0.385
2026-03-01,HU,1,expressing,0.221
2026-03-01,ID,0,asking,0.449
2026-03-01,ID,0,doing,0.271
2026-03-01,ID,0,expressing,0.280
2026-03-01,ID,1,asking,0.341
2026-03-01,ID,1,doing,0.513
2026-03-01,ID,1,expressing,0.146
2026-03-01,IE,0,asking,0.452
2026-03-01,IE,0,doing,0.236
2026-03-01,IE,0,expressing,0.313
2026-03-01,IE,1,asking,0.404
2026-03-01,IE,1,doing,0.435
2026-03-01,IE,1,expressing,0.162
2026-03-01,IL,0,asking,0.478
2026-03-01,IL,0,doing,0.218
2026-03-01,IL,0,expressing,0.304
2026-03-01,IL,1,asking,0.331
2026-03-01,IL,1,doing,0.419
2026-03-01,IL,1,expressing,0.250
2026-03-01,IN,0,asking,0.465
2026-03-01,IN,0,doing,0.269
2026-03-01,IN,0,expressing,0.266
2026-03-01,IN,1,asking,0.371
2026-03-01,IN,1,doing,0.459
2026-03-01,IN,1,expressing,0.170
2026-03-01,IQ,0,asking,0.454
2026-03-01,IQ,0,doing,0.221
2026-03-01,IQ,0,expressing,0.325
2026-03-01,IQ,1,asking,0.287
2026-03-01,IQ,1,doing,0.465
2026-03-01,IQ,1,expressing,0.249
2026-03-01,IT,0,asking,0.485
2026-03-01,IT,0,doing,0.214
2026-03-01,IT,0,expressing,0.301
2026-03-01,IT,1,asking,0.337
2026-03-01,IT,1,doing,0.435
2026-03-01,IT,1,expressing,0.228
2026-03-01,JO,0,asking,0.482
2026-03-01,JO,0,doing,0.205
2026-03-01,JO,0,expressing,0.313
2026-03-01,JO,1,asking,0.324
2026-03-01,JO,1,doing,0.422
2026-03-01,JO,1,expressing,0.255
2026-03-01,JP,0,asking,0.422
2026-03-01,JP,0,doing,0.129
2026-03-01,JP,0,expressing,0.449
2026-03-01,JP,1,asking,0.359
2026-03-01,JP,1,doing,0.310
2026-03-01,JP,1,expressing,0.331
2026-03-01,KE,0,asking,0.512
2026-03-01,KE,0,doing,0.235
2026-03-01,KE,0,expressing,0.252
2026-03-01,KE,1,asking,0.393
2026-03-01,KE,1,doing,0.448
2026-03-01,KE,1,expressing,0.158
2026-03-01,KG,0,asking,0.440
2026-03-01,KG,0,doing,0.292
2026-03-01,KG,0,expressing,0.268
2026-03-01,KH,0,asking,0.399
2026-03-01,KH,0,doing,0.321
2026-03-01,KH,0,expressing,0.281
2026-03-01,KH,1,asking,0.361
2026-03-01,KH,1,doing,0.449
2026-03-01,KH,1,expressing,0.190
2026-03-01,KR,0,asking,0.464
2026-03-01,KR,0,doing,0.174
2026-03-01,KR,0,expressing,0.362
2026-03-01,KR,1,asking,0.371
2026-03-01,KR,1,doing,0.378
2026-03-01,KR,1,expressing,0.251
2026-03-01,KW,0,asking,0.526
2026-03-01,KW,0,doing,0.203
2026-03-01,KW,0,expressing,0.271
2026-03-01,KZ,0,asking,0.457
2026-03-01,KZ,0,doing,0.265
2026-03-01,KZ,0,expressing,0.278
2026-03-01,KZ,1,asking,0.310
2026-03-01,KZ,1,doing,0.498
2026-03-01,KZ,1,expressing,0.191
2026-03-01,LB,0,asking,0.466
2026-03-01,LB,0,doing,0.237
2026-03-01,LB,0,expressing,0.298
2026-03-01,LB,1,asking,0.370
2026-03-01,LB,1,doing,0.496
2026-03-01,LB,1,expressing,0.134
2026-03-01,LK,0,asking,0.456
2026-03-01,LK,0,doing,0.266
2026-03-01,LK,0,expressing,0.278
2026-03-01,LK,1,asking,0.351
2026-03-01,LK,1,doing,0.465
2026-03-01,LK,1,expressing,0.184
2026-03-01,LT,0,asking,0.555
2026-03-01,LT,0,doing,0.216
2026-03-01,LT,0,expressing,0.229
2026-03-01,LT,1,asking,0.289
2026-03-01,LT,1,doing,0.472
2026-03-01,LT,1,expressing,0.240
2026-03-01,LV,0,asking,0.433
2026-03-01,LV,0,doing,0.269
2026-03-01,LV,0,expressing,0.298
2026-03-01,LV,1,asking,0.364
2026-03-01,LV,1,doing,0.408
2026-03-01,LV,1,expressing,0.228
2026-03-01,LY,0,asking,0.447
2026-03-01,LY,0,doing,0.195
2026-03-01,LY,0,expressing,0.358
2026-03-01,MA,0,asking,0.432
2026-03-01,MA,0,doing,0.242
2026-03-01,MA,0,expressing,0.326
2026-03-01,MA,1,asking,0.366
2026-03-01,MA,1,doing,0.440
2026-03-01,MA,1,expressing,0.194
2026-03-01,MD,0,asking,0.417
2026-03-01,MD,0,doing,0.250
2026-03-01,MD,0,expressing,0.333
2026-03-01,MG,0,asking,0.495
2026-03-01,MG,0,doing,0.324
2026-03-01,MG,0,expressing,0.182
2026-03-01,MK,0,asking,0.452
2026-03-01,MK,0,doing,0.165
2026-03-01,MK,0,expressing,0.383
2026-03-01,MM,0,asking,0.414
2026-03-01,MM,0,doing,0.253
2026-03-01,MM,0,expressing,0.332
2026-03-01,MN,0,asking,0.493
2026-03-01,MN,0,doing,0.250
2026-03-01,MN,0,expressing,0.257
2026-03-01,MX,0,asking,0.438
2026-03-01,MX,0,doing,0.261
2026-03-01,MX,0,expressing,0.301
2026-03-01,MX,1,asking,0.310
2026-03-01,MX,1,doing,0.508
2026-03-01,MX,1,expressing,0.182
2026-03-01,MY,0,asking,0.464
2026-03-01,MY,0,doing,0.249
2026-03-01,MY,0,expressing,0.287
2026-03-01,MY,1,asking,0.312
2026-03-01,MY,1,doing,0.483
2026-03-01,MY,1,expressing,0.206
2026-03-01,MZ,0,asking,0.416
2026-03-01,MZ,0,doing,0.279
2026-03-01,MZ,0,expressing,0.306
2026-03-01,NG,0,asking,0.416
2026-03-01,NG,0,doing,0.323
2026-03-01,NG,0,expressing,0.261
2026-03-01,NG,1,asking,0.303
2026-03-01,NG,1,doing,0.499
2026-03-01,NG,1,expressing,0.198
2026-03-01,NI,0,asking,0.443
2026-03-01,NI,0,doing,0.256
2026-03-01,NI,0,expressing,0.300
2026-03-01,NL,0,asking,0.495
2026-03-01,NL,0,doing,0.230
2026-03-01,NL,0,expressing,0.275
2026-03-01,NL,1,asking,0.323
2026-03-01,NL,1,doing,0.478
2026-03-01,NL,1,expressing,0.200
2026-03-01,NO,0,asking,0.521
2026-03-01,NO,0,doing,0.220
2026-03-01,NO,0,expressing,0.259
2026-03-01,NO,1,asking,0.367
2026-03-01,NO,1,doing,0.388
2026-03-01,NO,1,expressing,0.246
2026-03-01,NP,0,asking,0.456
2026-03-01,NP,0,doing,0.319
2026-03-01,NP,0,expressing,0.226
2026-03-01,NP,1,asking,0.451
2026-03-01,NP,1,doing,0.368
2026-03-01,NP,1,expressing,0.181
2026-03-01,NZ,0,asking,0.525
2026-03-01,NZ,0,doing,0.221
2026-03-01,NZ,0,expressing,0.254
2026-03-01,NZ,1,asking,0.392
2026-03-01,NZ,1,doing,0.430
2026-03-01,NZ,1,expressing,0.178
2026-03-01,OM,0,asking,0.465
2026-03-01,OM,0,doing,0.262
2026-03-01,OM,0,expressing,0.273
2026-03-01,PA,0,asking,0.437
2026-03-01,PA,0,doing,0.257
2026-03-01,PA,0,expressing,0.306
2026-03-01,PE,0,asking,0.435
2026-03-01,PE,0,doing,0.253
2026-03-01,PE,0,expressing,0.312
2026-03-01,PE,1,asking,0.299
2026-03-01,PE,1,doing,0.531
2026-03-01,PE,1,expressing,0.171
2026-03-01,PH,0,asking,0.413
2026-03-01,PH,0,doing,0.357
2026-03-01,PH,0,expressing,0.229
2026-03-01,PH,1,asking,0.270
2026-03-01,PH,1,doing,0.568
2026-03-01,PH,1,expressing,0.162
2026-03-01,PK,0,asking,0.481
2026-03-01,PK,0,doing,0.287
2026-03-01,PK,0,expressing,0.233
2026-03-01,PK,1,asking,0.310
2026-03-01,PK,1,doing,0.520
2026-03-01,PK,1,expressing,0.169
2026-03-01,PL,0,asking,0.500
2026-03-01,PL,0,doing,0.236
2026-03-01,PL,0,expressing,0.264
2026-03-01,PL,1,asking,0.327
2026-03-01,PL,1,doing,0.474
2026-03-01,PL,1,expressing,0.198
2026-03-01,PR,0,asking,0.517
2026-03-01,PR,0,doing,0.206
2026-03-01,PR,0,expressing,0.276
2026-03-01,PR,1,asking,0.325
2026-03-01,PR,1,doing,0.521
2026-03-01,PR,1,expressing,0.154
2026-03-01,PS,0,asking,0.436
2026-03-01,PS,0,doing,0.237
2026-03-01,PS,0,expressing,0.327
2026-03-01,PT,0,asking,0.476
2026-03-01,PT,0,doing,0.226
2026-03-01,PT,0,expressing,0.298
2026-03-01,PT,1,asking,0.350
2026-03-01,PT,1,doing,0.460
2026-03-01,PT,1,expressing,0.191
2026-03-01,PY,0,asking,0.523
2026-03-01,PY,0,doing,0.187
2026-03-01,PY,0,expressing,0.291
2026-03-01,QA,0,asking,0.478
2026-03-01,QA,0,doing,0.249
2026-03-01,QA,0,expressing,0.273
2026-03-01,RE,0,asking,0.467
2026-03-01,RE,0,doing,0.263
2026-03-01,RE,0,expressing,0.270
2026-03-01,RO,0,asking,0.467
2026-03-01,RO,0,doing,0.236
2026-03-01,RO,0,expressing,0.296
2026-03-01,RO,1,asking,0.364
2026-03-01,RO,1,doing,0.439
2026-03-01,RO,1,expressing,0.197
2026-03-01,RS,0,asking,0.520
2026-03-01,RS,0,doing,0.207
2026-03-01,RS,0,expressing,0.273
2026-03-01,RS,1,asking,0.447
2026-03-01,RS,1,doing,0.428
2026-03-01,RS,1,expressing,0.125
2026-03-01,SA,0,asking,0.469
2026-03-01,SA,0,doing,0.219
2026-03-01,SA,0,expressing,0.313
2026-03-01,SA,1,asking,0.299
2026-03-01,SA,1,doing,0.505
2026-03-01,SA,1,expressing,0.196
2026-03-01,SE,0,asking,0.512
2026-03-01,SE,0,doing,0.200
2026-03-01,SE,0,expressing,0.288
2026-03-01,SE,1,asking,0.418
2026-03-01,SE,1,doing,0.354
2026-03-01,SE,1,expressing,0.228
2026-03-01,SG,0,asking,0.509
2026-03-01,SG,0,doing,0.222
2026-03-01,SG,0,expressing,0.269
2026-03-01,SG,1,asking,0.400
2026-03-01,SG,1,doing,0.427
2026-03-01,SG,1,expressing,0.173
2026-03-01,SI,0,asking,0.454
2026-03-01,SI,0,doing,0.236
2026-03-01,SI,0,expressing,0.310
2026-03-01,SK,0,asking,0.474
2026-03-01,SK,0,doing,0.240
2026-03-01,SK,0,expressing,0.287
2026-03-01,SK,1,asking,0.356
2026-03-01,SK,1,doing,0.408
2026-03-01,SK,1,expressing,0.236
2026-03-01,SN,0,asking,0.522
2026-03-01,SN,0,doing,0.230
2026-03-01,SN,0,expressing,0.247
2026-03-01,SO,0,asking,0.509
2026-03-01,SO,0,doing,0.233
2026-03-01,SO,0,expressing,0.258
2026-03-01,SV,0,asking,0.403
2026-03-01,SV,0,doing,0.334
2026-03-01,SV,0,expressing,0.264
2026-03-01,SV,1,asking,0.344
2026-03-01,SV,1,doing,0.460
2026-03-01,SV,1,expressing,0.196
2026-03-01,TH,0,asking,0.440
2026-03-01,TH,0,doing,0.226
2026-03-01,TH,0,expressing,0.334
2026-03-01,TH,1,asking,0.340
2026-03-01,TH,1,doing,0.451
2026-03-01,TH,1,expressing,0.209
2026-03-01,TJ,0,asking,0.428
2026-03-01,TJ,0,doing,0.238
2026-03-01,TJ,0,expressing,0.334
2026-03-01,TN,0,asking,0.409
2026-03-01,TN,0,doing,0.254
2026-03-01,TN,0,expressing,0.337
2026-03-01,TN,1,asking,0.342
2026-03-01,TN,1,doing,0.450
2026-03-01,TN,1,expressing,0.208
2026-03-01,TR,0,asking,0.469
2026-03-01,TR,0,doing,0.206
2026-03-01,TR,0,expressing,0.324
2026-03-01,TR,1,asking,0.331
2026-03-01,TR,1,doing,0.442
2026-03-01,TR,1,expressing,0.227
2026-03-01,TW,0,asking,0.459
2026-03-01,TW,0,doing,0.155
2026-03-01,TW,0,expressing,0.386
2026-03-01,TW,1,asking,0.342
2026-03-01,TW,1,doing,0.396
2026-03-01,TW,1,expressing,0.262
2026-03-01,TZ,0,asking,0.518
2026-03-01,TZ,0,doing,0.261
2026-03-01,TZ,0,expressing,0.221
2026-03-01,TZ,1,asking,0.395
2026-03-01,TZ,1,doing,0.477
2026-03-01,TZ,1,expressing,0.128
2026-03-01,UA,0,asking,0.465
2026-03-01,UA,0,doing,0.257
2026-03-01,UA,0,expressing,0.278
2026-03-01,UA,1,asking,0.357
2026-03-01,UA,1,doing,0.456
2026-03-01,UA,1,expressing,0.188
2026-03-01,UG,0,asking,0.563
2026-03-01,UG,0,doing,0.239
2026-03-01,UG,0,expressing,0.198
2026-03-01,US,0,asking,0.476
2026-03-01,US,0,doing,0.232
2026-03-01,US,0,expressing,0.292
2026-03-01,US,1,asking,0.342
2026-03-01,US,1,doing,0.453
2026-03-01,US,1,expressing,0.205
2026-03-01,UY,0,asking,0.466
2026-03-01,UY,0,doing,0.233
2026-03-01,UY,0,expressing,0.301
2026-03-01,UY,1,asking,0.300
2026-03-01,UY,1,doing,0.412
2026-03-01,UY,1,expressing,0.288
2026-03-01,UZ,0,asking,0.462
2026-03-01,UZ,0,doing,0.249
2026-03-01,UZ,0,expressing,0.289
2026-03-01,UZ,1,asking,0.307
2026-03-01,UZ,1,doing,0.430
2026-03-01,UZ,1,expressing,0.263
2026-03-01,VN,0,asking,0.438
2026-03-01,VN,0,doing,0.258
2026-03-01,VN,0,expressing,0.304
2026-03-01,VN,1,asking,0.322
2026-03-01,VN,1,doing,0.486
2026-03-01,VN,1,expressing,0.192
2026-03-01,YE,0,asking,0.380
2026-03-01,YE,0,doing,0.238
2026-03-01,YE,0,expressing,0.382
2026-03-01,ZA,0,asking,0.437
2026-03-01,ZA,0,doing,0.300
2026-03-01,ZA,0,expressing,0.263
2026-03-01,ZA,1,asking,0.320
2026-03-01,ZA,1,doing,0.497
2026-03-01,ZA,1,expressing,0.183
2026-03-01,ZM,0,asking,0.446
2026-03-01,ZM,0,doing,0.312
2026-03-01,ZM,0,expressing,0.242
2026-04-01,AE,0,asking,0.468
2026-04-01,AE,0,doing,0.256
2026-04-01,AE,0,expressing,0.275
2026-04-01,AE,1,asking,0.287
2026-04-01,AE,1,doing,0.497
2026-04-01,AE,1,expressing,0.216
2026-04-01,AF,0,asking,0.471
2026-04-01,AF,0,doing,0.253
2026-04-01,AF,0,expressing,0.276
2026-04-01,AL,0,asking,0.513
2026-04-01,AL,0,doing,0.174
2026-04-01,AL,0,expressing,0.313
2026-04-01,AM,0,asking,0.528
2026-04-01,AM,0,doing,0.261
2026-04-01,AM,0,expressing,0.211
2026-04-01,AO,0,asking,0.516
2026-04-01,AO,0,doing,0.216
2026-04-01,AO,0,expressing,0.268
2026-04-01,AO,1,asking,0.303
2026-04-01,AO,1,doing,0.540
2026-04-01,AO,1,expressing,0.157
2026-04-01,AR,0,asking,0.464
2026-04-01,AR,0,doing,0.240
2026-04-01,AR,0,expressing,0.296
2026-04-01,AR,1,asking,0.321
2026-04-01,AR,1,doing,0.480
2026-04-01,AR,1,expressing,0.200
2026-04-01,AT,0,asking,0.519
2026-04-01,AT,0,doing,0.234
2026-04-01,AT,0,expressing,0.247
2026-04-01,AT,1,asking,0.333
2026-04-01,AT,1,doing,0.470
2026-04-01,AT,1,expressing,0.197
2026-04-01,AU,0,asking,0.525
2026-04-01,AU,0,doing,0.211
2026-04-01,AU,0,expressing,0.264
2026-04-01,AU,1,asking,0.367
2026-04-01,AU,1,doing,0.445
2026-04-01,AU,1,expressing,0.188
2026-04-01,AZ,0,asking,0.487
2026-04-01,AZ,0,doing,0.211
2026-04-01,AZ,0,expressing,0.302
2026-04-01,AZ,1,asking,0.389
2026-04-01,AZ,1,doing,0.466
2026-04-01,AZ,1,expressing,0.145
2026-04-01,BA,0,asking,0.535
2026-04-01,BA,0,doing,0.208
2026-04-01,BA,0,expressing,0.257
2026-04-01,BD,0,asking,0.514
2026-04-01,BD,0,doing,0.265
2026-04-01,BD,0,expressing,0.221
2026-04-01,BD,1,asking,0.401
2026-04-01,BD,1,doing,0.469
2026-04-01,BD,1,expressing,0.130
2026-04-01,BE,0,asking,0.513
2026-04-01,BE,0,doing,0.212
2026-04-01,BE,0,expressing,0.275
2026-04-01,BE,1,asking,0.337
2026-04-01,BE,1,doing,0.485
2026-04-01,BE,1,expressing,0.178
2026-04-01,BG,0,asking,0.478
2026-04-01,BG,0,doing,0.229
2026-04-01,BG,0,expressing,0.293
2026-04-01,BG,1,asking,0.328
2026-04-01,BG,1,doing,0.388
2026-04-01,BG,1,expressing,0.284
2026-04-01,BH,0,asking,0.468
2026-04-01,BH,0,doing,0.249
2026-04-01,BH,0,expressing,0.283
2026-04-01,BJ,0,asking,0.462
2026-04-01,BJ,0,doing,0.237
2026-04-01,BJ,0,expressing,0.301
2026-04-01,BO,0,asking,0.442
2026-04-01,BO,0,doing,0.358
2026-04-01,BO,0,expressing,0.200
2026-04-01,BO,1,asking,0.251
2026-04-01,BO,1,doing,0.582
2026-04-01,BO,1,expressing,0.167
2026-04-01,BR,0,asking,0.423
2026-04-01,BR,0,doing,0.295
2026-04-01,BR,0,expressing,0.282
2026-04-01,BR,1,asking,0.275
2026-04-01,BR,1,doing,0.529
2026-04-01,BR,1,expressing,0.196
2026-04-01,CA,0,asking,0.523
2026-04-01,CA,0,doing,0.213
2026-04-01,CA,0,expressing,0.263
2026-04-01,CA,1,asking,0.354
2026-04-01,CA,1,doing,0.438
2026-04-01,CA,1,expressing,0.208
2026-04-01,CD,0,asking,0.394
2026-04-01,CD,0,doing,0.302
2026-04-01,CD,0,expressing,0.305
2026-04-01,CD,1,asking,0.260
2026-04-01,CD,1,doing,0.564
2026-04-01,CD,1,expressing,0.176
2026-04-01,CH,0,asking,0.533
2026-04-01,CH,0,doing,0.217
2026-04-01,CH,0,expressing,0.250
2026-04-01,CH,1,asking,0.362
2026-04-01,CH,1,doing,0.403
2026-04-01,CH,1,expressing,0.235
2026-04-01,CI,0,asking,0.368
2026-04-01,CI,0,doing,0.350
2026-04-01,CI,0,expressing,0.282
2026-04-01,CL,0,asking,0.452
2026-04-01,CL,0,doing,0.236
2026-04-01,CL,0,expressing,0.311
2026-04-01,CL,1,asking,0.294
2026-04-01,CL,1,doing,0.500
2026-04-01,CL,1,expressing,0.205
2026-04-01,CM,0,asking,0.480
2026-04-01,CM,0,doing,0.236
2026-04-01,CM,0,expressing,0.283
2026-04-01,CO,0,asking,0.453
2026-04-01,CO,0,doing,0.279
2026-04-01,CO,0,expressing,0.268
2026-04-01,CO,1,asking,0.274
2026-04-01,CO,1,doing,0.566
2026-04-01,CO,1,expressing,0.160
2026-04-01,CR,0,asking,0.424
2026-04-01,CR,0,doing,0.273
2026-04-01,CR,0,expressing,0.303
2026-04-01,CR,1,asking,0.316
2026-04-01,CR,1,doing,0.468
2026-04-01,CR,1,expressing,0.215
2026-04-01,CY,0,asking,0.436
2026-04-01,CY,0,doing,0.303
2026-04-01,CY,0,expressing,0.261
2026-04-01,CZ,0,asking,0.531
2026-04-01,CZ,0,doing,0.200
2026-04-01,CZ,0,expressing,0.269
2026-04-01,CZ,1,asking,0.408
2026-04-01,CZ,1,doing,0.407
2026-04-01,CZ,1,expressing,0.186
2026-04-01,DE,0,asking,0.510
2026-04-01,DE,0,doing,0.227
2026-04-01,DE,0,expressing,0.263
2026-04-01,DE,1,asking,0.379
2026-04-01,DE,1,doing,0.423
2026-04-01,DE,1,expressing,0.198
2026-04-01,DK,0,asking,0.559
2026-04-01,DK,0,doing,0.200
2026-04-01,DK,0,expressing,0.240
2026-04-01,DK,1,asking,0.303
2026-04-01,DK,1,doing,0.473
2026-04-01,DK,1,expressing,0.224
2026-04-01,DO,0,asking,0.462
2026-04-01,DO,0,doing,0.252
2026-04-01,DO,0,expressing,0.286
2026-04-01,DO,1,asking,0.285
2026-04-01,DO,1,doing,0.516
2026-04-01,DO,1,expressing,0.198
2026-04-01,DZ,0,asking,0.438
2026-04-01,DZ,0,doing,0.232
2026-04-01,DZ,0,expressing,0.330
2026-04-01,DZ,1,asking,0.363
2026-04-01,DZ,1,doing,0.445
2026-04-01,DZ,1,expressing,0.192
2026-04-01,EC,0,asking,0.454
2026-04-01,EC,0,doing,0.274
2026-04-01,EC,0,expressing,0.272
2026-04-01,EC,1,asking,0.343
2026-04-01,EC,1,doing,0.536
2026-04-01,EC,1,expressing,0.121
2026-04-01,EE,0,asking,0.527
2026-04-01,EE,0,doing,0.205
2026-04-01,EE,0,expressing,0.268
2026-04-01,EG,0,asking,0.506
2026-04-01,EG,0,doing,0.207
2026-04-01,EG,0,expressing,0.287
2026-04-01,EG,1,asking,0.366
2026-04-01,EG,1,doing,0.430
2026-04-01,EG,1,expressing,0.204
2026-04-01,ES,0,asking,0.518
2026-04-01,ES,0,doing,0.219
2026-04-01,ES,0,expressing,0.263
2026-04-01,ES,1,asking,0.354
2026-04-01,ES,1,doing,0.454
2026-04-01,ES,1,expressing,0.192
2026-04-01,ET,0,asking,0.477
2026-04-01,ET,0,doing,0.252
2026-04-01,ET,0,expressing,0.271
2026-04-01,ET,1,asking,0.343
2026-04-01,ET,1,doing,0.494
2026-04-01,ET,1,expressing,0.163
2026-04-01,FI,0,asking,0.525
2026-04-01,FI,0,doing,0.196
2026-04-01,FI,0,expressing,0.279
2026-04-01,FI,1,asking,0.384
2026-04-01,FI,1,doing,0.361
2026-04-01,FI,1,expressing,0.255
2026-04-01,FR,0,asking,0.502
2026-04-01,FR,0,doing,0.216
2026-04-01,FR,0,expressing,0.283
2026-04-01,FR,1,asking,0.338
2026-04-01,FR,1,doing,0.451
2026-04-01,FR,1,expressing,0.211
2026-04-01,GB,0,asking,0.498
2026-04-01,GB,0,doing,0.218
2026-04-01,GB,0,expressing,0.284
2026-04-01,GB,1,asking,0.379
2026-04-01,GB,1,doing,0.425
2026-04-01,GB,1,expressing,0.197
2026-04-01,GE,0,asking,0.498
2026-04-01,GE,0,doing,0.231
2026-04-01,GE,0,expressing,0.271
2026-04-01,GH,0,asking,0.447
2026-04-01,GH,0,doing,0.313
2026-04-01,GH,0,expressing,0.240
2026-04-01,GH,1,asking,0.426
2026-04-01,GH,1,doing,0.466
2026-04-01,GH,1,expressing,0.108
2026-04-01,GR,0,asking,0.524
2026-04-01,GR,0,doing,0.178
2026-04-01,GR,0,expressing,0.298
2026-04-01,GR,1,asking,0.390
2026-04-01,GR,1,doing,0.366
2026-04-01,GR,1,expressing,0.245
2026-04-01,GT,0,asking,0.477
2026-04-01,GT,0,doing,0.252
2026-04-01,GT,0,expressing,0.271
2026-04-01,GT,1,asking,0.357
2026-04-01,GT,1,doing,0.445
2026-04-01,GT,1,expressing,0.199
2026-04-01,HN,0,asking,0.456
2026-04-01,HN,0,doing,0.286
2026-04-01,HN,0,expressing,0.259
2026-04-01,HR,0,asking,0.524
2026-04-01,HR,0,doing,0.179
2026-04-01,HR,0,expressing,0.297
2026-04-01,HR,1,asking,0.380
2026-04-01,HR,1,doing,0.426
2026-04-01,HR,1,expressing,0.193
2026-04-01,HT,0,asking,0.336
2026-04-01,HT,0,doing,0.301
2026-04-01,HT,0,expressing,0.363
2026-04-01,HU,0,asking,0.501
2026-04-01,HU,0,doing,0.186
2026-04-01,HU,0,expressing,0.313
2026-04-01,HU,1,asking,0.381
2026-04-01,HU,1,doing,0.387
2026-04-01,HU,1,expressing,0.232
2026-04-01,ID,0,asking,0.471
2026-04-01,ID,0,doing,0.292
2026-04-01,ID,0,expressing,0.237
2026-04-01,ID,1,asking,0.331
2026-04-01,ID,1,doing,0.538
2026-04-01,ID,1,expressing,0.131
2026-04-01,IE,0,asking,0.522
2026-04-01,IE,0,doing,0.208
2026-04-01,IE,0,expressing,0.270
2026-04-01,IE,1,asking,0.318
2026-04-01,IE,1,doing,0.452
2026-04-01,IE,1,expressing,0.230
2026-04-01,IL,0,asking,0.500
2026-04-01,IL,0,doing,0.218
2026-04-01,IL,0,expressing,0.281
2026-04-01,IL,1,asking,0.340
2026-04-01,IL,1,doing,0.469
2026-04-01,IL,1,expressing,0.191
2026-04-01,IN,0,asking,0.482
2026-04-01,IN,0,doing,0.282
2026-04-01,IN,0,expressing,0.236
2026-04-01,IN,1,asking,0.378
2026-04-01,IN,1,doing,0.460
2026-04-01,IN,1,expressing,0.162
2026-04-01,IQ,0,asking,0.452
2026-04-01,IQ,0,doing,0.217
2026-04-01,IQ,0,expressing,0.331
2026-04-01,IQ,1,asking,0.207
2026-04-01,IQ,1,doing,0.566
2026-04-01,IQ,1,expressing,0.227
2026-04-01,IT,0,asking,0.510
2026-04-01,IT,0,doing,0.212
2026-04-01,IT,0,expressing,0.278
2026-04-01,IT,1,asking,0.336
2026-04-01,IT,1,doing,0.448
2026-04-01,IT,1,expressing,0.216
2026-04-01,JO,0,asking,0.466
2026-04-01,JO,0,doing,0.235
2026-04-01,JO,0,expressing,0.299
2026-04-01,JO,1,asking,0.311
2026-04-01,JO,1,doing,0.458
2026-04-01,JO,1,expressing,0.232
2026-04-01,JP,0,asking,0.486
2026-04-01,JP,0,doing,0.152
2026-04-01,JP,0,expressing,0.362
2026-04-01,JP,1,asking,0.386
2026-04-01,JP,1,doing,0.342
2026-04-01,JP,1,expressing,0.272
2026-04-01,KE,0,asking,0.507
2026-04-01,KE,0,doing,0.259
2026-04-01,KE,0,expressing,0.234
2026-04-01,KE,1,asking,0.405
2026-04-01,KE,1,doing,0.459
2026-04-01,KE,1,expressing,0.136
2026-04-01,KG,0,asking,0.450
2026-04-01,KG,0,doing,0.297
2026-04-01,KG,0,expressing,0.253
2026-04-01,KH,0,asking,0.464
2026-04-01,KH,0,doing,0.281
2026-04-01,KH,0,expressing,0.255
2026-04-01,KR,0,asking,0.540
2026-04-01,KR,0,doing,0.172
2026-04-01,KR,0,expressing,0.287
2026-04-01,KR,1,asking,0.395
2026-04-01,KR,1,doing,0.403
2026-04-01,KR,1,expressing,0.202
2026-04-01,KW,0,asking,0.549
2026-04-01,KW,0,doing,0.244
2026-04-01,KW,0,expressing,0.207
2026-04-01,KZ,0,asking,0.472
2026-04-01,KZ,0,doing,0.267
2026-04-01,KZ,0,expressing,0.261
2026-04-01,KZ,1,asking,0.265
2026-04-01,KZ,1,doing,0.569
2026-04-01,KZ,1,expressing,0.166
2026-04-01,LB,0,asking,0.492
2026-04-01,LB,0,doing,0.248
2026-04-01,LB,0,expressing,0.260
2026-04-01,LB,1,asking,0.282
2026-04-01,LB,1,doing,0.505
2026-04-01,LB,1,expressing,0.213
2026-04-01,LK,0,asking,0.426
2026-04-01,LK,0,doing,0.309
2026-04-01,LK,0,expressing,0.265
2026-04-01,LK,1,asking,0.353
2026-04-01,LK,1,doing,0.503
2026-04-01,LK,1,expressing,0.144
2026-04-01,LT,0,asking,0.509
2026-04-01,LT,0,doing,0.224
2026-04-01,LT,0,expressing,0.267
2026-04-01,LT,1,asking,0.432
2026-04-01,LT,1,doing,0.420
2026-04-01,LT,1,expressing,0.149
2026-04-01,LV,0,asking,0.536
2026-04-01,LV,0,doing,0.200
2026-04-01,LV,0,expressing,0.265
2026-04-01,LY,0,asking,0.467
2026-04-01,LY,0,doing,0.274
2026-04-01,LY,0,expressing,0.259
2026-04-01,MA,0,asking,0.438
2026-04-01,MA,0,doing,0.247
2026-04-01,MA,0,expressing,0.315
2026-04-01,MA,1,asking,0.335
2026-04-01,MA,1,doing,0.458
2026-04-01,MA,1,expressing,0.208
2026-04-01,MD,0,asking,0.419
2026-04-01,MD,0,doing,0.344
2026-04-01,MD,0,expressing,0.236
2026-04-01,MG,0,asking,0.503
2026-04-01,MG,0,doing,0.306
2026-04-01,MG,0,expressing,0.191
2026-04-01,MK,0,asking,0.497
2026-04-01,MK,0,doing,0.188
2026-04-01,MK,0,expressing,0.315
2026-04-01,MM,0,asking,0.400
2026-04-01,MM,0,doing,0.300
2026-04-01,MM,0,expressing,0.300
2026-04-01,MN,0,asking,0.425
2026-04-01,MN,0,doing,0.289
2026-04-01,MN,0,expressing,0.286
2026-04-01,MX,0,asking,0.463
2026-04-01,MX,0,doing,0.254
2026-04-01,MX,0,expressing,0.283
2026-04-01,MX,1,asking,0.289
2026-04-01,MX,1,doing,0.544
2026-04-01,MX,1,expressing,0.167
2026-04-01,MY,0,asking,0.496
2026-04-01,MY,0,doing,0.242
2026-04-01,MY,0,expressing,0.262
2026-04-01,MY,1,asking,0.313
2026-04-01,MY,1,doing,0.506
2026-04-01,MY,1,expressing,0.181
2026-04-01,MZ,0,asking,0.478
2026-04-01,MZ,0,doing,0.256
2026-04-01,MZ,0,expressing,0.266
2026-04-01,NG,0,asking,0.408
2026-04-01,NG,0,doing,0.349
2026-04-01,NG,0,expressing,0.243
2026-04-01,NG,1,asking,0.314
2026-04-01,NG,1,doing,0.515
2026-04-01,NG,1,expressing,0.171
2026-04-01,NI,0,asking,0.379
2026-04-01,NI,0,doing,0.284
2026-04-01,NI,0,expressing,0.337
2026-04-01,NL,0,asking,0.513
2026-04-01,NL,0,doing,0.215
2026-04-01,NL,0,expressing,0.273
2026-04-01,NL,1,asking,0.322
2026-04-01,NL,1,doing,0.470
2026-04-01,NL,1,expressing,0.207
2026-04-01,NO,0,asking,0.522
2026-04-01,NO,0,doing,0.228
2026-04-01,NO,0,expressing,0.250
2026-04-01,NO,1,asking,0.338
2026-04-01,NO,1,doing,0.445
2026-04-01,NO,1,expressing,0.217
2026-04-01,NP,0,asking,0.497
2026-04-01,NP,0,doing,0.273
2026-04-01,NP,0,expressing,0.230
2026-04-01,NP,1,asking,0.450
2026-04-01,NP,1,doing,0.407
2026-04-01,NP,1,expressing,0.143
2026-04-01,NZ,0,asking,0.486
2026-04-01,NZ,0,doing,0.227
2026-04-01,NZ,0,expressing,0.287
2026-04-01,NZ,1,asking,0.338
2026-04-01,NZ,1,doing,0.450
2026-04-01,NZ,1,expressing,0.213
2026-04-01,OM,0,asking,0.421
2026-04-01,OM,0,doing,0.316
2026-04-01,OM,0,expressing,0.263
2026-04-01,PA,0,asking,0.418
2026-04-01,PA,0,doing,0.291
2026-04-01,PA,0,expressing,0.291
2026-04-01,PA,1,asking,0.280
2026-04-01,PA,1,doing,0.522
2026-04-01,PA,1,expressing,0.198
2026-04-01,PE,0,asking,0.443
2026-04-01,PE,0,doing,0.313
2026-04-01,PE,0,expressing,0.244
2026-04-01,PE,1,asking,0.312
2026-04-01,PE,1,doing,0.527
2026-04-01,PE,1,expressing,0.161
2026-04-01,PH,0,asking,0.439
2026-04-01,PH,0,doing,0.326
2026-04-01,PH,0,expressing,0.235
2026-04-01,PH,1,asking,0.276
2026-04-01,PH,1,doing,0.563
2026-04-01,PH,1,expressing,0.162
2026-04-01,PK,0,asking,0.484
2026-04-01,PK,0,doing,0.310
2026-04-01,PK,0,expressing,0.206
2026-04-01,PK,1,asking,0.317
2026-04-01,PK,1,doing,0.517
2026-04-01,PK,1,expressing,0.166
2026-04-01,PL,0,asking,0.524
2026-04-01,PL,0,doing,0.226
2026-04-01,PL,0,expressing,0.250
2026-04-01,PL,1,asking,0.380
2026-04-01,PL,1,doing,0.439
2026-04-01,PL,1,expressing,0.181
2026-04-01,PR,0,asking,0.447
2026-04-01,PR,0,doing,0.274
2026-04-01,PR,0,expressing,0.279
2026-04-01,PS,0,asking,0.500
2026-04-01,PS,0,doing,0.243
2026-04-01,PS,0,expressing,0.257
2026-04-01,PT,0,asking,0.500
2026-04-01,PT,0,doing,0.224
2026-04-01,PT,0,expressing,0.276
2026-04-01,PT,1,asking,0.353
2026-04-01,PT,1,doing,0.492
2026-04-01,PT,1,expressing,0.155
2026-04-01,PY,0,asking,0.506
2026-04-01,PY,0,doing,0.276
2026-04-01,PY,0,expressing,0.218
2026-04-01,QA,0,asking,0.522
2026-04-01,QA,0,doing,0.246
2026-04-01,QA,0,expressing,0.232
2026-04-01,QA,1,asking,0.323
2026-04-01,QA,1,doing,0.477
2026-04-01,QA,1,expressing,0.200
2026-04-01,RE,0,asking,0.541
2026-04-01,RE,0,doing,0.148
2026-04-01,RE,0,expressing,0.311
2026-04-01,RO,0,asking,0.518
2026-04-01,RO,0,doing,0.213
2026-04-01,RO,0,expressing,0.269
2026-04-01,RO,1,asking,0.328
2026-04-01,RO,1,doing,0.444
2026-04-01,RO,1,expressing,0.228
2026-04-01,RS,0,asking,0.534
2026-04-01,RS,0,doing,0.187
2026-04-01,RS,0,expressing,0.279
2026-04-01,RS,1,asking,0.433
2026-04-01,RS,1,doing,0.406
2026-04-01,RS,1,expressing,0.161
2026-04-01,RW,0,asking,0.435
2026-04-01,RW,0,doing,0.306
2026-04-01,RW,0,expressing,0.259
2026-04-01,SA,0,asking,0.490
2026-04-01,SA,0,doing,0.227
2026-04-01,SA,0,expressing,0.283
2026-04-01,SA,1,asking,0.331
2026-04-01,SA,1,doing,0.448
2026-04-01,SA,1,expressing,0.221
2026-04-01,SD,0,asking,0.436
2026-04-01,SD,0,doing,0.345
2026-04-01,SD,0,expressing,0.220
2026-04-01,SE,0,asking,0.516
2026-04-01,SE,0,doing,0.207
2026-04-01,SE,0,expressing,0.277
2026-04-01,SE,1,asking,0.388
2026-04-01,SE,1,doing,0.407
2026-04-01,SE,1,expressing,0.205
2026-04-01,SG,0,asking,0.568
2026-04-01,SG,0,doing,0.237
2026-04-01,SG,0,expressing,0.195
2026-04-01,SG,1,asking,0.373
2026-04-01,SG,1,doing,0.456
2026-04-01,SG,1,expressing,0.171
2026-04-01,SI,0,asking,0.497
2026-04-01,SI,0,doing,0.191
2026-04-01,SI,0,expressing,0.311
2026-04-01,SK,0,asking,0.524
2026-04-01,SK,0,doing,0.211
2026-04-01,SK,0,expressing,0.265
2026-04-01,SK,1,asking,0.356
2026-04-01,SK,1,doing,0.431
2026-04-01,SK,1,expressing,0.214
2026-04-01,SN,0,asking,0.419
2026-04-01,SN,0,doing,0.267
2026-04-01,SN,0,expressing,0.314
2026-04-01,SO,0,asking,0.474
2026-04-01,SO,0,doing,0.199
2026-04-01,SO,0,expressing,0.328
2026-04-01,SV,0,asking,0.430
2026-04-01,SV,0,doing,0.251
2026-04-01,SV,0,expressing,0.319
2026-04-01,TH,0,asking,0.473
2026-04-01,TH,0,doing,0.217
2026-04-01,TH,0,expressing,0.310
2026-04-01,TH,1,asking,0.301
2026-04-01,TH,1,doing,0.492
2026-04-01,TH,1,expressing,0.206
2026-04-01,TJ,0,asking,0.385
2026-04-01,TJ,0,doing,0.284
2026-04-01,TJ,0,expressing,0.331
2026-04-01,TN,0,asking,0.416
2026-04-01,TN,0,doing,0.273
2026-04-01,TN,0,expressing,0.311
2026-04-01,TN,1,asking,0.362
2026-04-01,TN,1,doing,0.377
2026-04-01,TN,1,expressing,0.261
2026-04-01,TR,0,asking,0.489
2026-04-01,TR,0,doing,0.213
2026-04-01,TR,0,expressing,0.298
2026-04-01,TR,1,asking,0.370
2026-04-01,TR,1,doing,0.414
2026-04-01,TR,1,expressing,0.216
2026-04-01,TW,0,asking,0.470
2026-04-01,TW,0,doing,0.205
2026-04-01,TW,0,expressing,0.325
2026-04-01,TW,1,asking,0.347
2026-04-01,TW,1,doing,0.443
2026-04-01,TW,1,expressing,0.211
2026-04-01,TZ,0,asking,0.503
2026-04-01,TZ,0,doing,0.256
2026-04-01,TZ,0,expressing,0.241
2026-04-01,TZ,1,asking,0.320
2026-04-01,TZ,1,doing,0.499
2026-04-01,TZ,1,expressing,0.181
2026-04-01,UA,0,asking,0.482
2026-04-01,UA,0,doing,0.254
2026-04-01,UA,0,expressing,0.264
2026-04-01,UA,1,asking,0.316
2026-04-01,UA,1,doing,0.518
2026-04-01,UA,1,expressing,0.166
2026-04-01,UG,0,asking,0.559
2026-04-01,UG,0,doing,0.273
2026-04-01,UG,0,expressing,0.168
2026-04-01,US,0,asking,0.502
2026-04-01,US,0,doing,0.225
2026-04-01,US,0,expressing,0.273
2026-04-01,US,1,asking,0.344
2026-04-01,US,1,doing,0.456
2026-04-01,US,1,expressing,0.200
2026-04-01,UY,0,asking,0.472
2026-04-01,UY,0,doing,0.228
2026-04-01,UY,0,expressing,0.300
2026-04-01,UY,1,asking,0.331
2026-04-01,UY,1,doing,0.460
2026-04-01,UY,1,expressing,0.209
2026-04-01,UZ,0,asking,0.465
2026-04-01,UZ,0,doing,0.256
2026-04-01,UZ,0,expressing,0.279
2026-04-01,UZ,1,asking,0.304
2026-04-01,UZ,1,doing,0.518
2026-04-01,UZ,1,expressing,0.178
2026-04-01,VN,0,asking,0.438
2026-04-01,VN,0,doing,0.279
2026-04-01,VN,0,expressing,0.283
2026-04-01,VN,1,asking,0.328
2026-04-01,VN,1,doing,0.492
2026-04-01,VN,1,expressing,0.180
2026-04-01,YE,0,asking,0.444
2026-04-01,YE,0,doing,0.293
2026-04-01,YE,0,expressing,0.263
2026-04-01,ZA,0,asking,0.436
2026-04-01,ZA,0,doing,0.283
2026-04-01,ZA,0,expressing,0.281
2026-04-01,ZA,1,asking,0.323
2026-04-01,ZA,1,doing,0.514
2026-04-01,ZA,1,expressing,0.163
2026-04-01,ZM,0,asking,0.530
2026-04-01,ZM,0,doing,0.221
2026-04-01,ZM,0,expressing,0.248
2026-05-01,AE,0,asking,0.512
2026-05-01,AE,0,doing,0.246
2026-05-01,AE,0,expressing,0.242
2026-05-01,AE,1,asking,0.305
2026-05-01,AE,1,doing,0.502
2026-05-01,AE,1,expressing,0.193
2026-05-01,AF,0,asking,0.407
2026-05-01,AF,0,doing,0.304
2026-05-01,AF,0,expressing,0.290
2026-05-01,AL,0,asking,0.389
2026-05-01,AL,0,doing,0.231
2026-05-01,AL,0,expressing,0.380
2026-05-01,AM,0,asking,0.464
2026-05-01,AM,0,doing,0.221
2026-05-01,AM,0,expressing,0.315
2026-05-01,AO,0,asking,0.509
2026-05-01,AO,0,doing,0.261
2026-05-01,AO,0,expressing,0.231
2026-05-01,AR,0,asking,0.462
2026-05-01,AR,0,doing,0.253
2026-05-01,AR,0,expressing,0.285
2026-05-01,AR,1,asking,0.313
2026-05-01,AR,1,doing,0.506
2026-05-01,AR,1,expressing,0.180
2026-05-01,AT,0,asking,0.532
2026-05-01,AT,0,doing,0.207
2026-05-01,AT,0,expressing,0.262
2026-05-01,AT,1,asking,0.413
2026-05-01,AT,1,doing,0.397
2026-05-01,AT,1,expressing,0.190
2026-05-01,AU,0,asking,0.529
2026-05-01,AU,0,doing,0.222
2026-05-01,AU,0,expressing,0.249
2026-05-01,AU,1,asking,0.343
2026-05-01,AU,1,doing,0.469
2026-05-01,AU,1,expressing,0.189
2026-05-01,AZ,0,asking,0.462
2026-05-01,AZ,0,doing,0.220
2026-05-01,AZ,0,expressing,0.318
2026-05-01,AZ,1,asking,0.314
2026-05-01,AZ,1,doing,0.508
2026-05-01,AZ,1,expressing,0.178
2026-05-01,BA,0,asking,0.517
2026-05-01,BA,0,doing,0.188
2026-05-01,BA,0,expressing,0.295
2026-05-01,BD,0,asking,0.496
2026-05-01,BD,0,doing,0.285
2026-05-01,BD,0,expressing,0.219
2026-05-01,BD,1,asking,0.354
2026-05-01,BD,1,doing,0.480
2026-05-01,BD,1,expressing,0.166
2026-05-01,BE,0,asking,0.531
2026-05-01,BE,0,doing,0.211
2026-05-01,BE,0,expressing,0.258
2026-05-01,BE,1,asking,0.351
2026-05-01,BE,1,doing,0.491
2026-05-01,BE,1,expressing,0.158
2026-05-01,BG,0,asking,0.486
2026-05-01,BG,0,doing,0.201
2026-05-01,BG,0,expressing,0.313
2026-05-01,BG,1,asking,0.320
2026-05-01,BG,1,doing,0.426
2026-05-01,BG,1,expressing,0.254
2026-05-01,BH,0,asking,0.547
2026-05-01,BH,0,doing,0.226
2026-05-01,BH,0,expressing,0.227
2026-05-01,BO,0,asking,0.467
2026-05-01,BO,0,doing,0.284
2026-05-01,BO,0,expressing,0.248
2026-05-01,BO,1,asking,0.311
2026-05-01,BO,1,doing,0.571
2026-05-01,BO,1,expressing,0.118
2026-05-01,BR,0,asking,0.429
2026-05-01,BR,0,doing,0.292
2026-05-01,BR,0,expressing,0.279
2026-05-01,BR,1,asking,0.288
2026-05-01,BR,1,doing,0.522
2026-05-01,BR,1,expressing,0.191
2026-05-01,CA,0,asking,0.528
2026-05-01,CA,0,doing,0.208
2026-05-01,CA,0,expressing,0.264
2026-05-01,CA,1,asking,0.361
2026-05-01,CA,1,doing,0.446
2026-05-01,CA,1,expressing,0.193
2026-05-01,CD,0,asking,0.426
2026-05-01,CD,0,doing,0.304
2026-05-01,CD,0,expressing,0.271
2026-05-01,CD,1,asking,0.382
2026-05-01,CD,1,doing,0.463
2026-05-01,CD,1,expressing,0.155
2026-05-01,CH,0,asking,0.548
2026-05-01,CH,0,doing,0.197
2026-05-01,CH,0,expressing,0.256
2026-05-01,CH,1,asking,0.348
2026-05-01,CH,1,doing,0.440
2026-05-01,CH,1,expressing,0.212
2026-05-01,CI,0,asking,0.411
2026-05-01,CI,0,doing,0.274
2026-05-01,CI,0,expressing,0.315
2026-05-01,CL,0,asking,0.442
2026-05-01,CL,0,doing,0.261
2026-05-01,CL,0,expressing,0.298
2026-05-01,CL,1,asking,0.342
2026-05-01,CL,1,doing,0.507
2026-05-01,CL,1,expressing,0.150
2026-05-01,CM,0,asking,0.461
2026-05-01,CM,0,doing,0.333
2026-05-01,CM,0,expressing,0.205
2026-05-01,CO,0,asking,0.453
2026-05-01,CO,0,doing,0.289
2026-05-01,CO,0,expressing,0.257
2026-05-01,CO,1,asking,0.293
2026-05-01,CO,1,doing,0.542
2026-05-01,CO,1,expressing,0.165
2026-05-01,CR,0,asking,0.492
2026-05-01,CR,0,doing,0.198
2026-05-01,CR,0,expressing,0.309
2026-05-01,CR,1,asking,0.302
2026-05-01,CR,1,doing,0.525
2026-05-01,CR,1,expressing,0.173
2026-05-01,CY,0,asking,0.485
2026-05-01,CY,0,doing,0.203
2026-05-01,CY,0,expressing,0.311
2026-05-01,CZ,0,asking,0.522
2026-05-01,CZ,0,doing,0.201
2026-05-01,CZ,0,expressing,0.277
2026-05-01,CZ,1,asking,0.416
2026-05-01,CZ,1,doing,0.369
2026-05-01,CZ,1,expressing,0.216
2026-05-01,DE,0,asking,0.516
2026-05-01,DE,0,doing,0.223
2026-05-01,DE,0,expressing,0.261
2026-05-01,DE,1,asking,0.367
2026-05-01,DE,1,doing,0.435
2026-05-01,DE,1,expressing,0.198
2026-05-01,DK,0,asking,0.519
2026-05-01,DK,0,doing,0.223
2026-05-01,DK,0,expressing,0.258
2026-05-01,DK,1,asking,0.418
2026-05-01,DK,1,doing,0.380
2026-05-01,DK,1,expressing,0.202
2026-05-01,DO,0,asking,0.450
2026-05-01,DO,0,doing,0.287
2026-05-01,DO,0,expressing,0.262
2026-05-01,DO,1,asking,0.302
2026-05-01,DO,1,doing,0.512
2026-05-01,DO,1,expressing,0.187
2026-05-01,DZ,0,asking,0.454
2026-05-01,DZ,0,doing,0.236
2026-05-01,DZ,0,expressing,0.310
2026-05-01,DZ,1,asking,0.413
2026-05-01,DZ,1,doing,0.390
2026-05-01,DZ,1,expressing,0.197
2026-05-01,EC,0,asking,0.488
2026-05-01,EC,0,doing,0.286
2026-05-01,EC,0,expressing,0.226
2026-05-01,EC,1,asking,0.311
2026-05-01,EC,1,doing,0.557
2026-05-01,EC,1,expressing,0.132
2026-05-01,EE,0,asking,0.450
2026-05-01,EE,0,doing,0.225
2026-05-01,EE,0,expressing,0.324
2026-05-01,EG,0,asking,0.503
2026-05-01,EG,0,doing,0.210
2026-05-01,EG,0,expressing,0.287
2026-05-01,EG,1,asking,0.345
2026-05-01,EG,1,doing,0.448
2026-05-01,EG,1,expressing,0.207
2026-05-01,ES,0,asking,0.515
2026-05-01,ES,0,doing,0.234
2026-05-01,ES,0,expressing,0.250
2026-05-01,ES,1,asking,0.370
2026-05-01,ES,1,doing,0.420
2026-05-01,ES,1,expressing,0.210
2026-05-01,ET,0,asking,0.454
2026-05-01,ET,0,doing,0.270
2026-05-01,ET,0,expressing,0.276
2026-05-01,ET,1,asking,0.384
2026-05-01,ET,1,doing,0.470
2026-05-01,ET,1,expressing,0.146
2026-05-01,FI,0,asking,0.550
2026-05-01,FI,0,doing,0.211
2026-05-01,FI,0,expressing,0.239
2026-05-01,FI,1,asking,0.430
2026-05-01,FI,1,doing,0.427
2026-05-01,FI,1,expressing,0.144
2026-05-01,FR,0,asking,0.518
2026-05-01,FR,0,doing,0.214
2026-05-01,FR,0,expressing,0.268
2026-05-01,FR,1,asking,0.362
2026-05-01,FR,1,doing,0.418
2026-05-01,FR,1,expressing,0.221
2026-05-01,GB,0,asking,0.522
2026-05-01,GB,0,doing,0.206
2026-05-01,GB,0,expressing,0.272
2026-05-01,GB,1,asking,0.363
2026-05-01,GB,1,doing,0.437
2026-05-01,GB,1,expressing,0.201
2026-05-01,GE,0,asking,0.510
2026-05-01,GE,0,doing,0.194
2026-05-01,GE,0,expressing,0.295
2026-05-01,GE,1,asking,0.358
2026-05-01,GE,1,doing,0.391
2026-05-01,GE,1,expressing,0.251
2026-05-01,GH,0,asking,0.484
2026-05-01,GH,0,doing,0.283
2026-05-01,GH,0,expressing,0.233
2026-05-01,GH,1,asking,0.299
2026-05-01,GH,1,doing,0.555
2026-05-01,GH,1,expressing,0.146
2026-05-01,GR,0,asking,0.540
2026-05-01,GR,0,doing,0.195
2026-05-01,GR,0,expressing,0.265
2026-05-01,GR,1,asking,0.382
2026-05-01,GR,1,doing,0.409
2026-05-01,GR,1,expressing,0.210
2026-05-01,GT,0,asking,0.427
2026-05-01,GT,0,doing,0.324
2026-05-01,GT,0,expressing,0.249
2026-05-01,GT,1,asking,0.316
2026-05-01,GT,1,doing,0.561
2026-05-01,GT,1,expressing,0.123
2026-05-01,HN,0,asking,0.402
2026-05-01,HN,0,doing,0.337
2026-05-01,HN,0,expressing,0.262
2026-05-01,HR,0,asking,0.515
2026-05-01,HR,0,doing,0.205
2026-05-01,HR,0,expressing,0.279
2026-05-01,HR,1,asking,0.389
2026-05-01,HR,1,doing,0.423
2026-05-01,HR,1,expressing,0.188
2026-05-01,HT,0,asking,0.514
2026-05-01,HT,0,doing,0.232
2026-05-01,HT,0,expressing,0.254
2026-05-01,HU,0,asking,0.509
2026-05-01,HU,0,doing,0.185
2026-05-01,HU,0,expressing,0.306
2026-05-01,HU,1,asking,0.398
2026-05-01,HU,1,doing,0.392
2026-05-01,HU,1,expressing,0.210
2026-05-01,ID,0,asking,0.463
2026-05-01,ID,0,doing,0.295
2026-05-01,ID,0,expressing,0.243
2026-05-01,ID,1,asking,0.333
2026-05-01,ID,1,doing,0.540
2026-05-01,ID,1,expressing,0.127
2026-05-01,IE,0,asking,0.529
2026-05-01,IE,0,doing,0.226
2026-05-01,IE,0,expressing,0.245
2026-05-01,IE,1,asking,0.432
2026-05-01,IE,1,doing,0.408
2026-05-01,IE,1,expressing,0.160
2026-05-01,IL,0,asking,0.526
2026-05-01,IL,0,doing,0.201
2026-05-01,IL,0,expressing,0.273
2026-05-01,IL,1,asking,0.394
2026-05-01,IL,1,doing,0.433
2026-05-01,IL,1,expressing,0.173
2026-05-01,IN,0,asking,0.473
2026-05-01,IN,0,doing,0.294
2026-05-01,IN,0,expressing,0.233
2026-05-01,IN,1,asking,0.392
2026-05-01,IN,1,doing,0.446
2026-05-01,IN,1,expressing,0.161
2026-05-01,IQ,0,asking,0.482
2026-05-01,IQ,0,doing,0.211
2026-05-01,IQ,0,expressing,0.307
2026-05-01,IQ,1,asking,0.352
2026-05-01,IQ,1,doing,0.402
2026-05-01,IQ,1,expressing,0.247
2026-05-01,IT,0,asking,0.505
2026-05-01,IT,0,doing,0.235
2026-05-01,IT,0,expressing,0.260
2026-05-01,IT,1,asking,0.348
2026-05-01,IT,1,doing,0.440
2026-05-01,IT,1,expressing,0.212
2026-05-01,JO,0,asking,0.496
2026-05-01,JO,0,doing,0.219
2026-05-01,JO,0,expressing,0.286
2026-05-01,JO,1,asking,0.362
2026-05-01,JO,1,doing,0.426
2026-05-01,JO,1,expressing,0.212
2026-05-01,JP,0,asking,0.481
2026-05-01,JP,0,doing,0.154
2026-05-01,JP,0,expressing,0.365
2026-05-01,JP,1,asking,0.379
2026-05-01,JP,1,doing,0.351
2026-05-01,JP,1,expressing,0.270
2026-05-01,KE,0,asking,0.534
2026-05-01,KE,0,doing,0.234
2026-05-01,KE,0,expressing,0.232
2026-05-01,KE,1,asking,0.334
2026-05-01,KE,1,doing,0.497
2026-05-01,KE,1,expressing,0.169
2026-05-01,KG,0,asking,0.445
2026-05-01,KG,0,doing,0.262
2026-05-01,KG,0,expressing,0.293
2026-05-01,KH,0,asking,0.434
2026-05-01,KH,0,doing,0.273
2026-05-01,KH,0,expressing,0.293
2026-05-01,KR,0,asking,0.534
2026-05-01,KR,0,doing,0.182
2026-05-01,KR,0,expressing,0.284
2026-05-01,KR,1,asking,0.405
2026-05-01,KR,1,doing,0.395
2026-05-01,KR,1,expressing,0.200
2026-05-01,KW,0,asking,0.532
2026-05-01,KW,0,doing,0.235
2026-05-01,KW,0,expressing,0.233
2026-05-01,KZ,0,asking,0.450
2026-05-01,KZ,0,doing,0.274
2026-05-01,KZ,0,expressing,0.275
2026-05-01,KZ,1,asking,0.284
2026-05-01,KZ,1,doing,0.508
2026-05-01,KZ,1,expressing,0.207
2026-05-01,LB,0,asking,0.473
2026-05-01,LB,0,doing,0.238
2026-05-01,LB,0,expressing,0.288
2026-05-01,LB,1,asking,0.381
2026-05-01,LB,1,doing,0.382
2026-05-01,LB,1,expressing,0.237
2026-05-01,LK,0,asking,0.455
2026-05-01,LK,0,doing,0.250
2026-05-01,LK,0,expressing,0.295
2026-05-01,LK,1,asking,0.340
2026-05-01,LK,1,doing,0.529
2026-05-01,LK,1,expressing,0.131
2026-05-01,LT,0,asking,0.567
2026-05-01,LT,0,doing,0.193
2026-05-01,LT,0,expressing,0.239
2026-05-01,LT,1,asking,0.366
2026-05-01,LT,1,doing,0.447
2026-05-01,LT,1,expressing,0.187
2026-05-01,LV,0,asking,0.552
2026-05-01,LV,0,doing,0.218
2026-05-01,LV,0,expressing,0.230
2026-05-01,LV,1,asking,0.363
2026-05-01,LV,1,doing,0.455
2026-05-01,LV,1,expressing,0.182
2026-05-01,LY,0,asking,0.421
2026-05-01,LY,0,doing,0.254
2026-05-01,LY,0,expressing,0.326
2026-05-01,MA,0,asking,0.452
2026-05-01,MA,0,doing,0.250
2026-05-01,MA,0,expressing,0.298
2026-05-01,MA,1,asking,0.386
2026-05-01,MA,1,doing,0.415
2026-05-01,MA,1,expressing,0.200
2026-05-01,MD,0,asking,0.531
2026-05-01,MD,0,doing,0.235
2026-05-01,MD,0,expressing,0.234
2026-05-01,MG,0,asking,0.497
2026-05-01,MG,0,doing,0.264
2026-05-01,MG,0,expressing,0.239
2026-05-01,MK,0,asking,0.484
2026-05-01,MK,0,doing,0.264
2026-05-01,MK,0,expressing,0.253
2026-05-01,MM,0,asking,0.396
2026-05-01,MM,0,doing,0.234
2026-05-01,MM,0,expressing,0.371
2026-05-01,MN,0,asking,0.513
2026-05-01,MN,0,doing,0.229
2026-05-01,MN,0,expressing,0.258
2026-05-01,MX,0,asking,0.450
2026-05-01,MX,0,doing,0.263
2026-05-01,MX,0,expressing,0.287
2026-05-01,MX,1,asking,0.295
2026-05-01,MX,1,doing,0.533
2026-05-01,MX,1,expressing,0.172
2026-05-01,MY,0,asking,0.500
2026-05-01,MY,0,doing,0.243
2026-05-01,MY,0,expressing,0.257
2026-05-01,MY,1,asking,0.314
2026-05-01,MY,1,doing,0.510
2026-05-01,MY,1,expressing,0.176
2026-05-01,MZ,0,asking,0.461
2026-05-01,MZ,0,doing,0.285
2026-05-01,MZ,0,expressing,0.254
2026-05-01,NG,0,asking,0.410
2026-05-01,NG,0,doing,0.343
2026-05-01,NG,0,expressing,0.246
2026-05-01,NG,1,asking,0.347
2026-05-01,NG,1,doing,0.501
2026-05-01,NG,1,expressing,0.152
2026-05-01,NI,0,asking,0.421
2026-05-01,NI,0,doing,0.297
2026-05-01,NI,0,expressing,0.282
2026-05-01,NL,0,asking,0.512
2026-05-01,NL,0,doing,0.240
2026-05-01,NL,0,expressing,0.248
2026-05-01,NL,1,asking,0.327
2026-05-01,NL,1,doing,0.460
2026-05-01,NL,1,expressing,0.213
2026-05-01,NO,0,asking,0.537
2026-05-01,NO,0,doing,0.186
2026-05-01,NO,0,expressing,0.276
2026-05-01,NO,1,asking,0.415
2026-05-01,NO,1,doing,0.396
2026-05-01,NO,1,expressing,0.189
2026-05-01,NP,0,asking,0.546
2026-05-01,NP,0,doing,0.251
2026-05-01,NP,0,expressing,0.203
2026-05-01,NP,1,asking,0.458
2026-05-01,NP,1,doing,0.421
2026-05-01,NP,1,expressing,0.121
2026-05-01,NZ,0,asking,0.487
2026-05-01,NZ,0,doing,0.229
2026-05-01,NZ,0,expressing,0.284
2026-05-01,NZ,1,asking,0.342
2026-05-01,NZ,1,doing,0.455
2026-05-01,NZ,1,expressing,0.203
2026-05-01,OM,0,asking,0.367
2026-05-01,OM,0,doing,0.286
2026-05-01,OM,0,expressing,0.347
2026-05-01,OM,1,asking,0.380
2026-05-01,OM,1,doing,0.416
2026-05-01,OM,1,expressing,0.204
2026-05-01,PA,0,asking,0.415
2026-05-01,PA,0,doing,0.298
2026-05-01,PA,0,expressing,0.287
2026-05-01,PA,1,asking,0.328
2026-05-01,PA,1,doing,0.457
2026-05-01,PA,1,expressing,0.214
2026-05-01,PE,0,asking,0.454
2026-05-01,PE,0,doing,0.291
2026-05-01,PE,0,expressing,0.255
2026-05-01,PE,1,asking,0.327
2026-05-01,PE,1,doing,0.534
2026-05-01,PE,1,expressing,0.139
2026-05-01,PH,0,asking,0.447
2026-05-01,PH,0,doing,0.318
2026-05-01,PH,0,expressing,0.235
2026-05-01,PH,1,asking,0.278
2026-05-01,PH,1,doing,0.568
2026-05-01,PH,1,expressing,0.154
2026-05-01,PK,0,asking,0.481
2026-05-01,PK,0,doing,0.305
2026-05-01,PK,0,expressing,0.213
2026-05-01,PK,1,asking,0.312
2026-05-01,PK,1,doing,0.526
2026-05-01,PK,1,expressing,0.161
2026-05-01,PL,0,asking,0.517
2026-05-01,PL,0,doing,0.227
2026-05-01,PL,0,expressing,0.256
2026-05-01,PL,1,asking,0.372
2026-05-01,PL,1,doing,0.455
2026-05-01,PL,1,expressing,0.173
2026-05-01,PR,0,asking,0.489
2026-05-01,PR,0,doing,0.220
2026-05-01,PR,0,expressing,0.292
2026-05-01,PS,0,asking,0.509
2026-05-01,PS,0,doing,0.224
2026-05-01,PS,0,expressing,0.267
2026-05-01,PS,1,asking,0.382
2026-05-01,PS,1,doing,0.393
2026-05-01,PS,1,expressing,0.224
2026-05-01,PT,0,asking,0.521
2026-05-01,PT,0,doing,0.223
2026-05-01,PT,0,expressing,0.256
2026-05-01,PT,1,asking,0.302
2026-05-01,PT,1,doing,0.506
2026-05-01,PT,1,expressing,0.192
2026-05-01,PY,0,asking,0.530
2026-05-01,PY,0,doing,0.221
2026-05-01,PY,0,expressing,0.249
2026-05-01,QA,0,asking,0.515
2026-05-01,QA,0,doing,0.214
2026-05-01,QA,0,expressing,0.271
2026-05-01,RO,0,asking,0.518
2026-05-01,RO,0,doing,0.211
2026-05-01,RO,0,expressing,0.272
2026-05-01,RO,1,asking,0.382
2026-05-01,RO,1,doing,0.439
2026-05-01,RO,1,expressing,0.179
2026-05-01,RS,0,asking,0.504
2026-05-01,RS,0,doing,0.203
2026-05-01,RS,0,expressing,0.293
2026-05-01,RS,1,asking,0.391
2026-05-01,RS,1,doing,0.384
2026-05-01,RS,1,expressing,0.224
2026-05-01,SA,0,asking,0.476
2026-05-01,SA,0,doing,0.244
2026-05-01,SA,0,expressing,0.280
2026-05-01,SA,1,asking,0.342
2026-05-01,SA,1,doing,0.440
2026-05-01,SA,1,expressing,0.218
2026-05-01,SD,0,asking,0.426
2026-05-01,SD,0,doing,0.349
2026-05-01,SD,0,expressing,0.225
2026-05-01,SE,0,asking,0.537
2026-05-01,SE,0,doing,0.219
2026-05-01,SE,0,expressing,0.244
2026-05-01,SE,1,asking,0.387
2026-05-01,SE,1,doing,0.401
2026-05-01,SE,1,expressing,0.211
2026-05-01,SG,0,asking,0.535
2026-05-01,SG,0,doing,0.242
2026-05-01,SG,0,expressing,0.223
2026-05-01,SG,1,asking,0.363
2026-05-01,SG,1,doing,0.445
2026-05-01,SG,1,expressing,0.191
2026-05-01,SI,0,asking,0.569
2026-05-01,SI,0,doing,0.193
2026-05-01,SI,0,expressing,0.238
2026-05-01,SK,0,asking,0.530
2026-05-01,SK,0,doing,0.219
2026-05-01,SK,0,expressing,0.251
2026-05-01,SK,1,asking,0.302
2026-05-01,SK,1,doing,0.509
2026-05-01,SK,1,expressing,0.189
2026-05-01,SN,0,asking,0.502
2026-05-01,SN,0,doing,0.110
2026-05-01,SN,0,expressing,0.389
2026-05-01,SO,0,asking,0.412
2026-05-01,SO,0,doing,0.296
2026-05-01,SO,0,expressing,0.292
2026-05-01,SV,0,asking,0.470
2026-05-01,SV,0,doing,0.270
2026-05-01,SV,0,expressing,0.260
2026-05-01,TH,0,asking,0.474
2026-05-01,TH,0,doing,0.234
2026-05-01,TH,0,expressing,0.292
2026-05-01,TH,1,asking,0.292
2026-05-01,TH,1,doing,0.505
2026-05-01,TH,1,expressing,0.203
2026-05-01,TJ,0,asking,0.382
2026-05-01,TJ,0,doing,0.321
2026-05-01,TJ,0,expressing,0.297
2026-05-01,TN,0,asking,0.456
2026-05-01,TN,0,doing,0.269
2026-05-01,TN,0,expressing,0.275
2026-05-01,TN,1,asking,0.325
2026-05-01,TN,1,doing,0.452
2026-05-01,TN,1,expressing,0.222
2026-05-01,TR,0,asking,0.494
2026-05-01,TR,0,doing,0.214
2026-05-01,TR,0,expressing,0.292
2026-05-01,TR,1,asking,0.342
2026-05-01,TR,1,doing,0.453
2026-05-01,TR,1,expressing,0.205
2026-05-01,TW,0,asking,0.488
2026-05-01,TW,0,doing,0.211
2026-05-01,TW,0,expressing,0.301
2026-05-01,TW,1,asking,0.338
2026-05-01,TW,1,doing,0.456
2026-05-01,TW,1,expressing,0.206
2026-05-01,TZ,0,asking,0.503
2026-05-01,TZ,0,doing,0.292
2026-05-01,TZ,0,expressing,0.205
2026-05-01,TZ,1,asking,0.394
2026-05-01,TZ,1,doing,0.444
2026-05-01,TZ,1,expressing,0.162
2026-05-01,UA,0,asking,0.493
2026-05-01,UA,0,doing,0.253
2026-05-01,UA,0,expressing,0.254
2026-05-01,UA,1,asking,0.341
2026-05-01,UA,1,doing,0.468
2026-05-01,UA,1,expressing,0.191
2026-05-01,UG,0,asking,0.512
2026-05-01,UG,0,doing,0.294
2026-05-01,UG,0,expressing,0.194
2026-05-01,US,0,asking,0.503
2026-05-01,US,0,doing,0.221
2026-05-01,US,0,expressing,0.276
2026-05-01,US,1,asking,0.339
2026-05-01,US,1,doing,0.456
2026-05-01,US,1,expressing,0.205
2026-05-01,UY,0,asking,0.456
2026-05-01,UY,0,doing,0.202
2026-05-01,UY,0,expressing,0.342
2026-05-01,UY,1,asking,0.303
2026-05-01,UY,1,doing,0.411
2026-05-01,UY,1,expressing,0.286
2026-05-01,UZ,0,asking,0.483
2026-05-01,UZ,0,doing,0.250
2026-05-01,UZ,0,expressing,0.267
2026-05-01,UZ,1,asking,0.330
2026-05-01,UZ,1,doing,0.509
2026-05-01,UZ,1,expressing,0.161
2026-05-01,VN,0,asking,0.450
2026-05-01,VN,0,doing,0.261
2026-05-01,VN,0,expressing,0.289
2026-05-01,VN,1,asking,0.317
2026-05-01,VN,1,doing,0.498
2026-05-01,VN,1,expressing,0.185
2026-05-01,YE,0,asking,0.466
2026-05-01,YE,0,doing,0.274
2026-05-01,YE,0,expressing,0.259
2026-05-01,ZA,0,asking,0.450
2026-05-01,ZA,0,doing,0.319
2026-05-01,ZA,0,expressing,0.231
2026-05-01,ZA,1,asking,0.342
2026-05-01,ZA,1,doing,0.486
2026-05-01,ZA,1,expressing,0.173
2026-05-01,ZM,0,asking,0.588
2026-05-01,ZM,0,doing,0.233
2026-05-01,ZM,0,expressing,0.179
2026-06-01,AE,0,asking,0.469
2026-06-01,AE,0,doing,0.214
2026-06-01,AE,0,expressing,0.318
2026-06-01,AE,1,asking,0.311
2026-06-01,AE,1,doing,0.478
2026-06-01,AE,1,expressing,0.211
2026-06-01,AF,0,asking,0.347
2026-06-01,AF,0,doing,0.250
2026-06-01,AF,0,expressing,0.403
2026-06-01,AL,0,asking,0.518
2026-06-01,AL,0,doing,0.162
2026-06-01,AL,0,expressing,0.319
2026-06-01,AM,0,asking,0.516
2026-06-01,AM,0,doing,0.189
2026-06-01,AM,0,expressing,0.295
2026-06-01,AO,0,asking,0.424
2026-06-01,AO,0,doing,0.255
2026-06-01,AO,0,expressing,0.321
2026-06-01,AR,0,asking,0.425
2026-06-01,AR,0,doing,0.246
2026-06-01,AR,0,expressing,0.329
2026-06-01,AR,1,asking,0.285
2026-06-01,AR,1,doing,0.474
2026-06-01,AR,1,expressing,0.241
2026-06-01,AT,0,asking,0.496
2026-06-01,AT,0,doing,0.209
2026-06-01,AT,0,expressing,0.295
2026-06-01,AT,1,asking,0.324
2026-06-01,AT,1,doing,0.453
2026-06-01,AT,1,expressing,0.224
2026-06-01,AU,0,asking,0.479
2026-06-01,AU,0,doing,0.207
2026-06-01,AU,0,expressing,0.314
2026-06-01,AU,1,asking,0.323
2026-06-01,AU,1,doing,0.451
2026-06-01,AU,1,expressing,0.226
2026-06-01,AZ,0,asking,0.403
2026-06-01,AZ,0,doing,0.206
2026-06-01,AZ,0,expressing,0.390
2026-06-01,AZ,1,asking,0.363
2026-06-01,AZ,1,doing,0.399
2026-06-01,AZ,1,expressing,0.238
2026-06-01,BA,0,asking,0.520
2026-06-01,BA,0,doing,0.145
2026-06-01,BA,0,expressing,0.335
2026-06-01,BD,0,asking,0.485
2026-06-01,BD,0,doing,0.257
2026-06-01,BD,0,expressing,0.258
2026-06-01,BD,1,asking,0.320
2026-06-01,BD,1,doing,0.495
2026-06-01,BD,1,expressing,0.185
2026-06-01,BE,0,asking,0.487
2026-06-01,BE,0,doing,0.198
2026-06-01,BE,0,expressing,0.314
2026-06-01,BE,1,asking,0.325
2026-06-01,BE,1,doing,0.432
2026-06-01,BE,1,expressing,0.243
2026-06-01,BG,0,asking,0.427
2026-06-01,BG,0,doing,0.202
2026-06-01,BG,0,expressing,0.371
2026-06-01,BG,1,asking,0.290
2026-06-01,BG,1,doing,0.460
2026-06-01,BG,1,expressing,0.250
2026-06-01,BH,0,asking,0.332
2026-06-01,BH,0,doing,0.196
2026-06-01,BH,0,expressing,0.472
2026-06-01,BJ,0,asking,0.447
2026-06-01,BJ,0,doing,0.304
2026-06-01,BJ,0,expressing,0.248
2026-06-01,BO,0,asking,0.468
2026-06-01,BO,0,doing,0.270
2026-06-01,BO,0,expressing,0.262
2026-06-01,BO,1,asking,0.275
2026-06-01,BO,1,doing,0.556
2026-06-01,BO,1,expressing,0.169
2026-06-01,BR,0,asking,0.394
2026-06-01,BR,0,doing,0.268
2026-06-01,BR,0,expressing,0.338
2026-06-01,BR,1,asking,0.258
2026-06-01,BR,1,doing,0.533
2026-06-01,BR,1,expressing,0.210
2026-06-01,CA,0,asking,0.485
2026-06-01,CA,0,doing,0.190
2026-06-01,CA,0,expressing,0.325
2026-06-01,CA,1,asking,0.343
2026-06-01,CA,1,doing,0.415
2026-06-01,CA,1,expressing,0.241
2026-06-01,CD,0,asking,0.465
2026-06-01,CD,0,doing,0.261
2026-06-01,CD,0,expressing,0.274
2026-06-01,CH,0,asking,0.500
2026-06-01,CH,0,doing,0.206
2026-06-01,CH,0,expressing,0.294
2026-06-01,CH,1,asking,0.339
2026-06-01,CH,1,doing,0.469
2026-06-01,CH,1,expressing,0.192
2026-06-01,CI,0,asking,0.418
2026-06-01,CI,0,doing,0.296
2026-06-01,CI,0,expressing,0.286
2026-06-01,CL,0,asking,0.390
2026-06-01,CL,0,doing,0.258
2026-06-01,CL,0,expressing,0.352
2026-06-01,CL,1,asking,0.268
2026-06-01,CL,1,doing,0.481
2026-06-01,CL,1,expressing,0.252
2026-06-01,CM,0,asking,0.378
2026-06-01,CM,0,doing,0.384
2026-06-01,CM,0,expressing,0.238
2026-06-01,CO,0,asking,0.425
2026-06-01,CO,0,doing,0.262
2026-06-01,CO,0,expressing,0.313
2026-06-01,CO,1,asking,0.292
2026-06-01,CO,1,doing,0.519
2026-06-01,CO,1,expressing,0.189
2026-06-01,CR,0,asking,0.450
2026-06-01,CR,0,doing,0.225
2026-06-01,CR,0,expressing,0.325
2026-06-01,CR,1,asking,0.281
2026-06-01,CR,1,doing,0.484
2026-06-01,CR,1,expressing,0.235
2026-06-01,CY,0,asking,0.535
2026-06-01,CY,0,doing,0.190
2026-06-01,CY,0,expressing,0.274
2026-06-01,CZ,0,asking,0.462
2026-06-01,CZ,0,doing,0.178
2026-06-01,CZ,0,expressing,0.361
2026-06-01,CZ,1,asking,0.335
2026-06-01,CZ,1,doing,0.409
2026-06-01,CZ,1,expressing,0.257
2026-06-01,DE,0,asking,0.468
2026-06-01,DE,0,doing,0.209
2026-06-01,DE,0,expressing,0.323
2026-06-01,DE,1,asking,0.333
2026-06-01,DE,1,doing,0.419
2026-06-01,DE,1,expressing,0.248
2026-06-01,DK,0,asking,0.482
2026-06-01,DK,0,doing,0.186
2026-06-01,DK,0,expressing,0.331
2026-06-01,DK,1,asking,0.331
2026-06-01,DK,1,doing,0.436
2026-06-01,DK,1,expressing,0.233
2026-06-01,DO,0,asking,0.469
2026-06-01,DO,0,doing,0.214
2026-06-01,DO,0,expressing,0.317
2026-06-01,DO,1,asking,0.221
2026-06-01,DO,1,doing,0.534
2026-06-01,DO,1,expressing,0.245
2026-06-01,DZ,0,asking,0.428
2026-06-01,DZ,0,doing,0.196
2026-06-01,DZ,0,expressing,0.376
2026-06-01,DZ,1,asking,0.299
2026-06-01,DZ,1,doing,0.425
2026-06-01,DZ,1,expressing,0.276
2026-06-01,EC,0,asking,0.443
2026-06-01,EC,0,doing,0.296
2026-06-01,EC,0,expressing,0.261
2026-06-01,EC,1,asking,0.309
2026-06-01,EC,1,doing,0.511
2026-06-01,EC,1,expressing,0.180
2026-06-01,EE,0,asking,0.448
2026-06-01,EE,0,doing,0.180
2026-06-01,EE,0,expressing,0.372
2026-06-01,EG,0,asking,0.485
2026-06-01,EG,0,doing,0.186
2026-06-01,EG,0,expressing,0.329
2026-06-01,EG,1,asking,0.315
2026-06-01,EG,1,doing,0.451
2026-06-01,EG,1,expressing,0.235
2026-06-01,ES,0,asking,0.481
2026-06-01,ES,0,doing,0.194
2026-06-01,ES,0,expressing,0.325
2026-06-01,ES,1,asking,0.338
2026-06-01,ES,1,doing,0.433
2026-06-01,ES,1,expressing,0.228
2026-06-01,ET,0,asking,0.380
2026-06-01,ET,0,doing,0.293
2026-06-01,ET,0,expressing,0.327
2026-06-01,ET,1,asking,0.473
2026-06-01,ET,1,doing,0.369
2026-06-01,ET,1,expressing,0.158
2026-06-01,FI,0,asking,0.499
2026-06-01,FI,0,doing,0.176
2026-06-01,FI,0,expressing,0.325
2026-06-01,FI,1,asking,0.358
2026-06-01,FI,1,doing,0.477
2026-06-01,FI,1,expressing,0.165
2026-06-01,FR,0,asking,0.471
2026-06-01,FR,0,doing,0.189
2026-06-01,FR,0,expressing,0.340
2026-06-01,FR,1,asking,0.327
2026-06-01,FR,1,doing,0.426
2026-06-01,FR,1,expressing,0.247
2026-06-01,GB,0,asking,0.472
2026-06-01,GB,0,doing,0.195
2026-06-01,GB,0,expressing,0.334
2026-06-01,GB,1,asking,0.328
2026-06-01,GB,1,doing,0.443
2026-06-01,GB,1,expressing,0.229
2026-06-01,GE,0,asking,0.462
2026-06-01,GE,0,doing,0.187
2026-06-01,GE,0,expressing,0.351
2026-06-01,GE,1,asking,0.329
2026-06-01,GE,1,doing,0.382
2026-06-01,GE,1,expressing,0.289
2026-06-01,GH,0,asking,0.452
2026-06-01,GH,0,doing,0.276
2026-06-01,GH,0,expressing,0.272
2026-06-01,GH,1,asking,0.341
2026-06-01,GH,1,doing,0.421
2026-06-01,GH,1,expressing,0.238
2026-06-01,GR,0,asking,0.467
2026-06-01,GR,0,doing,0.188
2026-06-01,GR,0,expressing,0.345
2026-06-01,GR,1,asking,0.376
2026-06-01,GR,1,doing,0.354
2026-06-01,GR,1,expressing,0.270
2026-06-01,GT,0,asking,0.355
2026-06-01,GT,0,doing,0.304
2026-06-01,GT,0,expressing,0.341
2026-06-01,GT,1,asking,0.287
2026-06-01,GT,1,doing,0.536
2026-06-01,GT,1,expressing,0.177
2026-06-01,HN,0,asking,0.450
2026-06-01,HN,0,doing,0.281
2026-06-01,HN,0,expressing,0.269
2026-06-01,HR,0,asking,0.498
2026-06-01,HR,0,doing,0.167
2026-06-01,HR,0,expressing,0.335
2026-06-01,HR,1,asking,0.369
2026-06-01,HR,1,doing,0.409
2026-06-01,HR,1,expressing,0.222
2026-06-01,HT,0,asking,0.451
2026-06-01,HT,0,doing,0.292
2026-06-01,HT,0,expressing,0.257
2026-06-01,HU,0,asking,0.466
2026-06-01,HU,0,doing,0.156
2026-06-01,HU,0,expressing,0.377
2026-06-01,HU,1,asking,0.368
2026-06-01,HU,1,doing,0.359
2026-06-01,HU,1,expressing,0.274
2026-06-01,ID,0,asking,0.443
2026-06-01,ID,0,doing,0.254
2026-06-01,ID,0,expressing,0.303
2026-06-01,ID,1,asking,0.324
2026-06-01,ID,1,doing,0.514
2026-06-01,ID,1,expressing,0.162
2026-06-01,IE,0,asking,0.494
2026-06-01,IE,0,doing,0.191
2026-06-01,IE,0,expressing,0.315
2026-06-01,IE,1,asking,0.350
2026-06-01,IE,1,doing,0.373
2026-06-01,IE,1,expressing,0.277
2026-06-01,IL,0,asking,0.471
2026-06-01,IL,0,doing,0.181
2026-06-01,IL,0,expressing,0.348
2026-06-01,IL,1,asking,0.364
2026-06-01,IL,1,doing,0.407
2026-06-01,IL,1,expressing,0.229
2026-06-01,IN,0,asking,0.445
2026-06-01,IN,0,doing,0.270
2026-06-01,IN,0,expressing,0.285
2026-06-01,IN,1,asking,0.351
2026-06-01,IN,1,doing,0.442
2026-06-01,IN,1,expressing,0.206
2026-06-01,IQ,0,asking,0.429
2026-06-01,IQ,0,doing,0.209
2026-06-01,IQ,0,expressing,0.362
2026-06-01,IQ,1,asking,0.392
2026-06-01,IQ,1,doing,0.376
2026-06-01,IQ,1,expressing,0.232
2026-06-01,IT,0,asking,0.486
2026-06-01,IT,0,doing,0.193
2026-06-01,IT,0,expressing,0.320
2026-06-01,IT,1,asking,0.319
2026-06-01,IT,1,doing,0.441
2026-06-01,IT,1,expressing,0.240
2026-06-01,JO,0,asking,0.475
2026-06-01,JO,0,doing,0.175
2026-06-01,JO,0,expressing,0.350
2026-06-01,JO,1,asking,0.385
2026-06-01,JO,1,doing,0.405
2026-06-01,JO,1,expressing,0.210
2026-06-01,JP,0,asking,0.432
2026-06-01,JP,0,doing,0.136
2026-06-01,JP,0,expressing,0.432
2026-06-01,JP,1,asking,0.372
2026-06-01,JP,1,doing,0.320
2026-06-01,JP,1,expressing,0.308
2026-06-01,KE,0,asking,0.462
2026-06-01,KE,0,doing,0.256
2026-06-01,KE,0,expressing,0.281
2026-06-01,KE,1,asking,0.328
2026-06-01,KE,1,doing,0.461
2026-06-01,KE,1,expressing,0.211
2026-06-01,KG,0,asking,0.436
2026-06-01,KG,0,doing,0.222
2026-06-01,KG,0,expressing,0.342
2026-06-01,KH,0,asking,0.448
2026-06-01,KH,0,doing,0.261
2026-06-01,KH,0,expressing,0.291
2026-06-01,KR,0,asking,0.493
2026-06-01,KR,0,doing,0.147
2026-06-01,KR,0,expressing,0.361
2026-06-01,KR,1,asking,0.371
2026-06-01,KR,1,doing,0.373
2026-06-01,KR,1,expressing,0.256
2026-06-01,KW,0,asking,0.469
2026-06-01,KW,0,doing,0.185
2026-06-01,KW,0,expressing,0.346
2026-06-01,KZ,0,asking,0.432
2026-06-01,KZ,0,doing,0.192
2026-06-01,KZ,0,expressing,0.376
2026-06-01,KZ,1,asking,0.330
2026-06-01,KZ,1,doing,0.476
2026-06-01,KZ,1,expressing,0.194
2026-06-01,LB,0,asking,0.476
2026-06-01,LB,0,doing,0.243
2026-06-01,LB,0,expressing,0.282
2026-06-01,LK,0,asking,0.447
2026-06-01,LK,0,doing,0.267
2026-06-01,LK,0,expressing,0.286
2026-06-01,LK,1,asking,0.299
2026-06-01,LK,1,doing,0.496
2026-06-01,LK,1,expressing,0.205
2026-06-01,LT,0,asking,0.524
2026-06-01,LT,0,doing,0.188
2026-06-01,LT,0,expressing,0.289
2026-06-01,LT,1,asking,0.304
2026-06-01,LT,1,doing,0.426
2026-06-01,LT,1,expressing,0.270
2026-06-01,LV,0,asking,0.467
2026-06-01,LV,0,doing,0.189
2026-06-01,LV,0,expressing,0.344
2026-06-01,LY,0,asking,0.441
2026-06-01,LY,0,doing,0.234
2026-06-01,LY,0,expressing,0.325
2026-06-01,MA,0,asking,0.446
2026-06-01,MA,0,doing,0.212
2026-06-01,MA,0,expressing,0.342
2026-06-01,MA,1,asking,0.313
2026-06-01,MA,1,doing,0.436
2026-06-01,MA,1,expressing,0.251
2026-06-01,MD,0,asking,0.490
2026-06-01,MD,0,doing,0.201
2026-06-01,MD,0,expressing,0.310
2026-06-01,ME,0,asking,0.532
2026-06-01,ME,0,doing,0.214
2026-06-01,ME,0,expressing,0.254
2026-06-01,MG,0,asking,0.495
2026-06-01,MG,0,doing,0.256
2026-06-01,MG,0,expressing,0.249
2026-06-01,MK,0,asking,0.392
2026-06-01,MK,0,doing,0.182
2026-06-01,MK,0,expressing,0.426
2026-06-01,MM,0,asking,0.383
2026-06-01,MM,0,doing,0.231
2026-06-01,MM,0,expressing,0.386
2026-06-01,MN,0,asking,0.435
2026-06-01,MN,0,doing,0.201
2026-06-01,MN,0,expressing,0.364
2026-06-01,MX,0,asking,0.409
2026-06-01,MX,0,doing,0.234
2026-06-01,MX,0,expressing,0.357
2026-06-01,MX,1,asking,0.267
2026-06-01,MX,1,doing,0.535
2026-06-01,MX,1,expressing,0.198
2026-06-01,MY,0,asking,0.479
2026-06-01,MY,0,doing,0.215
2026-06-01,MY,0,expressing,0.307
2026-06-01,MY,1,asking,0.327
2026-06-01,MY,1,doing,0.468
2026-06-01,MY,1,expressing,0.205
2026-06-01,MZ,0,asking,0.432
2026-06-01,MZ,0,doing,0.266
2026-06-01,MZ,0,expressing,0.303
2026-06-01,NG,0,asking,0.394
2026-06-01,NG,0,doing,0.324
2026-06-01,NG,0,expressing,0.281
2026-06-01,NG,1,asking,0.283
2026-06-01,NG,1,doing,0.530
2026-06-01,NG,1,expressing,0.187
2026-06-01,NI,0,asking,0.396
2026-06-01,NI,0,doing,0.263
2026-06-01,NI,0,expressing,0.340
2026-06-01,NL,0,asking,0.485
2026-06-01,NL,0,doing,0.208
2026-06-01,NL,0,expressing,0.307
2026-06-01,NL,1,asking,0.336
2026-06-01,NL,1,doing,0.454
2026-06-01,NL,1,expressing,0.210
2026-06-01,NO,0,asking,0.513
2026-06-01,NO,0,doing,0.172
2026-06-01,NO,0,expressing,0.315
2026-06-01,NO,1,asking,0.378
2026-06-01,NO,1,doing,0.409
2026-06-01,NO,1,expressing,0.213
2026-06-01,NP,0,asking,0.497
2026-06-01,NP,0,doing,0.263
2026-06-01,NP,0,expressing,0.240
2026-06-01,NP,1,asking,0.381
2026-06-01,NP,1,doing,0.409
2026-06-01,NP,1,expressing,0.210
2026-06-01,NZ,0,asking,0.471
2026-06-01,NZ,0,doing,0.184
2026-06-01,NZ,0,expressing,0.344
2026-06-01,NZ,1,asking,0.356
2026-06-01,NZ,1,doing,0.416
2026-06-01,NZ,1,expressing,0.228
2026-06-01,OM,0,asking,0.466
2026-06-01,OM,0,doing,0.268
2026-06-01,OM,0,expressing,0.266
2026-06-01,OM,1,asking,0.315
2026-06-01,OM,1,doing,0.398
2026-06-01,OM,1,expressing,0.287
2026-06-01,PA,0,asking,0.396
2026-06-01,PA,0,doing,0.264
2026-06-01,PA,0,expressing,0.341
2026-06-01,PA,1,asking,0.250
2026-06-01,PA,1,doing,0.562
2026-06-01,PA,1,expressing,0.188
2026-06-01,PE,0,asking,0.414
2026-06-01,PE,0,doing,0.302
2026-06-01,PE,0,expressing,0.284
2026-06-01,PE,1,asking,0.301
2026-06-01,PE,1,doing,0.526
2026-06-01,PE,1,expressing,0.173
2026-06-01,PH,0,asking,0.413
2026-06-01,PH,0,doing,0.315
2026-06-01,PH,0,expressing,0.272
2026-06-01,PH,1,asking,0.263
2026-06-01,PH,1,doing,0.550
2026-06-01,PH,1,expressing,0.187
2026-06-01,PK,0,asking,0.477
2026-06-01,PK,0,doing,0.275
2026-06-01,PK,0,expressing,0.248
2026-06-01,PK,1,asking,0.302
2026-06-01,PK,1,doing,0.510
2026-06-01,PK,1,expressing,0.188
2026-06-01,PL,0,asking,0.481
2026-06-01,PL,0,doing,0.201
2026-06-01,PL,0,expressing,0.318
2026-06-01,PL,1,asking,0.338
2026-06-01,PL,1,doing,0.427
2026-06-01,PL,1,expressing,0.235
2026-06-01,PR,0,asking,0.407
2026-06-01,PR,0,doing,0.194
2026-06-01,PR,0,expressing,0.399
2026-06-01,PS,0,asking,0.469
2026-06-01,PS,0,doing,0.213
2026-06-01,PS,0,expressing,0.318
2026-06-01,PT,0,asking,0.490
2026-06-01,PT,0,doing,0.182
2026-06-01,PT,0,expressing,0.327
2026-06-01,PT,1,asking,0.296
2026-06-01,PT,1,doing,0.481
2026-06-01,PT,1,expressing,0.223
2026-06-01,PY,0,asking,0.414
2026-06-01,PY,0,doing,0.261
2026-06-01,PY,0,expressing,0.325
2026-06-01,QA,0,asking,0.449
2026-06-01,QA,0,doing,0.229
2026-06-01,QA,0,expressing,0.322
2026-06-01,QA,1,asking,0.263
2026-06-01,QA,1,doing,0.483
2026-06-01,QA,1,expressing,0.254
2026-06-01,RO,0,asking,0.499
2026-06-01,RO,0,doing,0.163
2026-06-01,RO,0,expressing,0.338
2026-06-01,RO,1,asking,0.374
2026-06-01,RO,1,doing,0.339
2026-06-01,RO,1,expressing,0.287
2026-06-01,RS,0,asking,0.455
2026-06-01,RS,0,doing,0.166
2026-06-01,RS,0,expressing,0.379
2026-06-01,RS,1,asking,0.352
2026-06-01,RS,1,doing,0.406
2026-06-01,RS,1,expressing,0.242
2026-06-01,RW,0,asking,0.464
2026-06-01,RW,0,doing,0.312
2026-06-01,RW,0,expressing,0.225
2026-06-01,SA,0,asking,0.448
2026-06-01,SA,0,doing,0.219
2026-06-01,SA,0,expressing,0.334
2026-06-01,SA,1,asking,0.313
2026-06-01,SA,1,doing,0.439
2026-06-01,SA,1,expressing,0.248
2026-06-01,SD,0,asking,0.509
2026-06-01,SD,0,doing,0.243
2026-06-01,SD,0,expressing,0.248
2026-06-01,SE,0,asking,0.473
2026-06-01,SE,0,doing,0.206
2026-06-01,SE,0,expressing,0.321
2026-06-01,SE,1,asking,0.401
2026-06-01,SE,1,doing,0.330
2026-06-01,SE,1,expressing,0.269
2026-06-01,SG,0,asking,0.487
2026-06-01,SG,0,doing,0.204
2026-06-01,SG,0,expressing,0.308
2026-06-01,SG,1,asking,0.349
2026-06-01,SG,1,doing,0.440
2026-06-01,SG,1,expressing,0.211
2026-06-01,SI,0,asking,0.532
2026-06-01,SI,0,doing,0.169
2026-06-01,SI,0,expressing,0.298
2026-06-01,SK,0,asking,0.484
2026-06-01,SK,0,doing,0.198
2026-06-01,SK,0,expressing,0.318
2026-06-01,SK,1,asking,0.330
2026-06-01,SK,1,doing,0.446
2026-06-01,SK,1,expressing,0.223
2026-06-01,SN,0,asking,0.386
2026-06-01,SN,0,doing,0.278
2026-06-01,SN,0,expressing,0.336
2026-06-01,SO,0,asking,0.434
2026-06-01,SO,0,doing,0.279
2026-06-01,SO,0,expressing,0.287
2026-06-01,SV,0,asking,0.415
2026-06-01,SV,0,doing,0.311
2026-06-01,SV,0,expressing,0.274
2026-06-01,TH,0,asking,0.408
2026-06-01,TH,0,doing,0.250
2026-06-01,TH,0,expressing,0.343
2026-06-01,TH,1,asking,0.302
2026-06-01,TH,1,doing,0.490
2026-06-01,TH,1,expressing,0.207
2026-06-01,TJ,0,asking,0.453
2026-06-01,TJ,0,doing,0.208
2026-06-01,TJ,0,expressing,0.338
2026-06-01,TN,0,asking,0.421
2026-06-01,TN,0,doing,0.190
2026-06-01,TN,0,expressing,0.390
2026-06-01,TN,1,asking,0.289
2026-06-01,TN,1,doing,0.507
2026-06-01,TN,1,expressing,0.205
2026-06-01,TR,0,asking,0.444
2026-06-01,TR,0,doing,0.197
2026-06-01,TR,0,expressing,0.359
2026-06-01,TR,1,asking,0.315
2026-06-01,TR,1,doing,0.428
2026-06-01,TR,1,expressing,0.258
2026-06-01,TW,0,asking,0.458
2026-06-01,TW,0,doing,0.179
2026-06-01,TW,0,expressing,0.363
2026-06-01,TW,1,asking,0.337
2026-06-01,TW,1,doing,0.402
2026-06-01,TW,1,expressing,0.261
2026-06-01,TZ,0,asking,0.532
2026-06-01,TZ,0,doing,0.204
2026-06-01,TZ,0,expressing,0.264
2026-06-01,TZ,1,asking,0.370
2026-06-01,TZ,1,doing,0.398
2026-06-01,TZ,1,expressing,0.232
2026-06-01,UA,0,asking,0.437
2026-06-01,UA,0,doing,0.217
2026-06-01,UA,0,expressing,0.346
2026-06-01,UA,1,asking,0.303
2026-06-01,UA,1,doing,0.448
2026-06-01,UA,1,expressing,0.249
2026-06-01,UG,0,asking,0.536
2026-06-01,UG,0,doing,0.258
2026-06-01,UG,0,expressing,0.206
2026-06-01,US,0,asking,0.472
2026-06-01,US,0,doing,0.193
2026-06-01,US,0,expressing,0.335
2026-06-01,US,1,asking,0.327
2026-06-01,US,1,doing,0.432
2026-06-01,US,1,expressing,0.241
2026-06-01,UY,0,asking,0.473
2026-06-01,UY,0,doing,0.130
2026-06-01,UY,0,expressing,0.397
2026-06-01,UY,1,asking,0.301
2026-06-01,UY,1,doing,0.453
2026-06-01,UY,1,expressing,0.245
2026-06-01,UZ,0,asking,0.415
2026-06-01,UZ,0,doing,0.221
2026-06-01,UZ,0,expressing,0.365
2026-06-01,UZ,1,asking,0.412
2026-06-01,UZ,1,doing,0.362
2026-06-01,UZ,1,expressing,0.226
2026-06-01,VN,0,asking,0.432
2026-06-01,VN,0,doing,0.222
2026-06-01,VN,0,expressing,0.345
2026-06-01,VN,1,asking,0.320
2026-06-01,VN,1,doing,0.481
2026-06-01,VN,1,expressing,0.199
2026-06-01,YE,0,asking,0.361
2026-06-01,YE,0,doing,0.276
2026-06-01,YE,0,expressing,0.363
2026-06-01,ZA,0,asking,0.423
2026-06-01,ZA,0,doing,0.250
2026-06-01,ZA,0,expressing,0.328
2026-06-01,ZA,1,asking,0.287
2026-06-01,ZA,1,doing,0.493
2026-06-01,ZA,1,expressing,0.220
2026-06-01,ZM,0,asking,0.496
2026-06-01,ZM,0,doing,0.307
2026-06-01,ZM,0,expressing,0.197
