month,country,typical_name_gender,share_of_messages
2024-07-01,AE,feminine,0.387
2024-07-01,AE,masculine,0.613
2024-07-01,AM,feminine,0.421
2024-07-01,AM,masculine,0.579
2024-07-01,AO,feminine,0.268
2024-07-01,AO,masculine,0.732
2024-07-01,AR,feminine,0.436
2024-07-01,AR,masculine,0.564
2024-07-01,AT,feminine,0.436
2024-07-01,AT,masculine,0.564
2024-07-01,AU,feminine,0.471
2024-07-01,AU,masculine,0.529
2024-07-01,AZ,feminine,0.375
2024-07-01,AZ,masculine,0.625
2024-07-01,BA,feminine,0.440
2024-07-01,BA,masculine,0.560
2024-07-01,BD,feminine,0.306
2024-07-01,BD,masculine,0.694
2024-07-01,BE,feminine,0.479
2024-07-01,BE,masculine,0.521
2024-07-01,BG,feminine,0.341
2024-07-01,BG,masculine,0.659
2024-07-01,BO,feminine,0.449
2024-07-01,BO,masculine,0.551
2024-07-01,BR,feminine,0.434
2024-07-01,BR,masculine,0.566
2024-07-01,CA,feminine,0.427
2024-07-01,CA,masculine,0.573
2024-07-01,CH,feminine,0.399
2024-07-01,CH,masculine,0.601
2024-07-01,CI,feminine,0.273
2024-07-01,CI,masculine,0.727
2024-07-01,CL,feminine,0.420
2024-07-01,CL,masculine,0.580
2024-07-01,CO,feminine,0.478
2024-07-01,CO,masculine,0.522
2024-07-01,CR,feminine,0.414
2024-07-01,CR,masculine,0.586
2024-07-01,CY,feminine,0.439
2024-07-01,CY,masculine,0.561
2024-07-01,CZ,feminine,0.403
2024-07-01,CZ,masculine,0.597
2024-07-01,DE,feminine,0.413
2024-07-01,DE,masculine,0.587
2024-07-01,DK,feminine,0.383
2024-07-01,DK,masculine,0.617
2024-07-01,DO,feminine,0.542
2024-07-01,DO,masculine,0.458
2024-07-01,DZ,feminine,0.460
2024-07-01,DZ,masculine,0.540
2024-07-01,EC,feminine,0.531
2024-07-01,EC,masculine,0.469
2024-07-01,EE,feminine,0.406
2024-07-01,EE,masculine,0.594
2024-07-01,EG,feminine,0.306
2024-07-01,EG,masculine,0.694
2024-07-01,ES,feminine,0.442
2024-07-01,ES,masculine,0.558
2024-07-01,ET,feminine,0.296
2024-07-01,ET,masculine,0.704
2024-07-01,FI,feminine,0.400
2024-07-01,FI,masculine,0.600
2024-07-01,FR,feminine,0.429
2024-07-01,FR,masculine,0.571
2024-07-01,GB,feminine,0.408
2024-07-01,GB,masculine,0.592
2024-07-01,GE,feminine,0.479
2024-07-01,GE,masculine,0.521
2024-07-01,GH,feminine,0.383
2024-07-01,GH,masculine,0.617
2024-07-01,GR,feminine,0.384
2024-07-01,GR,masculine,0.616
2024-07-01,GT,feminine,0.474
2024-07-01,GT,masculine,0.526
2024-07-01,HN,feminine,0.528
2024-07-01,HN,masculine,0.472
2024-07-01,HR,feminine,0.423
2024-07-01,HR,masculine,0.577
2024-07-01,HU,feminine,0.344
2024-07-01,HU,masculine,0.656
2024-07-01,ID,feminine,0.521
2024-07-01,ID,masculine,0.479
2024-07-01,IE,feminine,0.439
2024-07-01,IE,masculine,0.561
2024-07-01,IL,feminine,0.335
2024-07-01,IL,masculine,0.665
2024-07-01,IN,feminine,0.385
2024-07-01,IN,masculine,0.615
2024-07-01,IQ,feminine,0.317
2024-07-01,IQ,masculine,0.683
2024-07-01,IT,feminine,0.476
2024-07-01,IT,masculine,0.524
2024-07-01,JO,feminine,0.364
2024-07-01,JO,masculine,0.636
2024-07-01,JP,feminine,0.331
2024-07-01,JP,masculine,0.669
2024-07-01,KE,feminine,0.449
2024-07-01,KE,masculine,0.551
2024-07-01,KR,feminine,0.416
2024-07-01,KR,masculine,0.584
2024-07-01,KZ,feminine,0.420
2024-07-01,KZ,masculine,0.580
2024-07-01,LB,feminine,0.549
2024-07-01,LB,masculine,0.451
2024-07-01,LK,feminine,0.498
2024-07-01,LK,masculine,0.502
2024-07-01,LT,feminine,0.403
2024-07-01,LT,masculine,0.597
2024-07-01,LU,feminine,0.441
2024-07-01,LU,masculine,0.559
2024-07-01,LV,feminine,0.409
2024-07-01,LV,masculine,0.591
2024-07-01,MA,feminine,0.403
2024-07-01,MA,masculine,0.597
2024-07-01,MD,feminine,0.529
2024-07-01,MD,masculine,0.471
2024-07-01,MM,feminine,0.439
2024-07-01,MM,masculine,0.561
2024-07-01,MT,feminine,0.308
2024-07-01,MT,masculine,0.692
2024-07-01,MX,feminine,0.409
2024-07-01,MX,masculine,0.591
2024-07-01,MY,feminine,0.498
2024-07-01,MY,masculine,0.502
2024-07-01,MZ,feminine,0.307
2024-07-01,MZ,masculine,0.693
2024-07-01,NG,feminine,0.333
2024-07-01,NG,masculine,0.667
2024-07-01,NI,feminine,0.434
2024-07-01,NI,masculine,0.566
2024-07-01,NL,feminine,0.397
2024-07-01,NL,masculine,0.603
2024-07-01,NO,feminine,0.356
2024-07-01,NO,masculine,0.644
2024-07-01,NP,feminine,0.407
2024-07-01,NP,masculine,0.593
2024-07-01,NZ,feminine,0.446
2024-07-01,NZ,masculine,0.554
2024-07-01,OM,feminine,0.408
2024-07-01,OM,masculine,0.592
2024-07-01,PA,feminine,0.552
2024-07-01,PA,masculine,0.448
2024-07-01,PE,feminine,0.466
2024-07-01,PE,masculine,0.534
2024-07-01,PH,feminine,0.530
2024-07-01,PH,masculine,0.470
2024-07-01,PK,feminine,0.348
2024-07-01,PK,masculine,0.652
2024-07-01,PL,feminine,0.450
2024-07-01,PL,masculine,0.550
2024-07-01,PR,feminine,0.504
2024-07-01,PR,masculine,0.496
2024-07-01,PS,feminine,0.464
2024-07-01,PS,masculine,0.536
2024-07-01,PT,feminine,0.476
2024-07-01,PT,masculine,0.524
2024-07-01,PY,feminine,0.438
2024-07-01,PY,masculine,0.562
2024-07-01,QA,feminine,0.365
2024-07-01,QA,masculine,0.635
2024-07-01,RO,feminine,0.479
2024-07-01,RO,masculine,0.521
2024-07-01,RS,feminine,0.436
2024-07-01,RS,masculine,0.564
2024-07-01,SA,feminine,0.318
2024-07-01,SA,masculine,0.682
2024-07-01,SE,feminine,0.347
2024-07-01,SE,masculine,0.653
2024-07-01,SG,feminine,0.402
2024-07-01,SG,masculine,0.598
2024-07-01,SI,feminine,0.554
2024-07-01,SI,masculine,0.446
2024-07-01,SK,feminine,0.397
2024-07-01,SK,masculine,0.603
2024-07-01,SN,feminine,0.399
2024-07-01,SN,masculine,0.601
2024-07-01,SO,feminine,0.415
2024-07-01,SO,masculine,0.585
2024-07-01,SV,feminine,0.424
2024-07-01,SV,masculine,0.576
2024-07-01,TH,feminine,0.397
2024-07-01,TH,masculine,0.603
2024-07-01,TN,feminine,0.456
2024-07-01,TN,masculine,0.544
2024-07-01,TR,feminine,0.301
2024-07-01,TR,masculine,0.699
2024-07-01,TW,feminine,0.348
2024-07-01,TW,masculine,0.652
2024-07-01,TZ,feminine,0.346
2024-07-01,TZ,masculine,0.654
2024-07-01,UA,feminine,0.410
2024-07-01,UA,masculine,0.590
2024-07-01,UG,feminine,0.389
2024-07-01,UG,masculine,0.611
2024-07-01,US,feminine,0.420
2024-07-01,US,masculine,0.580
2024-07-01,UY,feminine,0.494
2024-07-01,UY,masculine,0.506
2024-07-01,UZ,feminine,0.325
2024-07-01,UZ,masculine,0.675
2024-07-01,VN,feminine,0.477
2024-07-01,VN,masculine,0.523
2024-07-01,ZA,feminine,0.459
2024-07-01,ZA,masculine,0.541
2024-07-01,ZM,feminine,0.412
2024-07-01,ZM,masculine,0.588
2024-08-01,AE,feminine,0.409
2024-08-01,AE,masculine,0.591
2024-08-01,AM,feminine,0.398
2024-08-01,AM,masculine,0.602
2024-08-01,AO,feminine,0.275
2024-08-01,AO,masculine,0.725
2024-08-01,AR,feminine,0.455
2024-08-01,AR,masculine,0.545
2024-08-01,AT,feminine,0.470
2024-08-01,AT,masculine,0.530
2024-08-01,AU,feminine,0.494
2024-08-01,AU,masculine,0.506
2024-08-01,AZ,feminine,0.430
2024-08-01,AZ,masculine,0.570
2024-08-01,BA,feminine,0.437
2024-08-01,BA,masculine,0.563
2024-08-01,BD,feminine,0.348
2024-08-01,BD,masculine,0.652
2024-08-01,BE,feminine,0.491
2024-08-01,BE,masculine,0.509
2024-08-01,BG,feminine,0.329
2024-08-01,BG,masculine,0.671
2024-08-01,BO,feminine,0.481
2024-08-01,BO,masculine,0.519
2024-08-01,BR,feminine,0.459
2024-08-01,BR,masculine,0.541
2024-08-01,CA,feminine,0.427
2024-08-01,CA,masculine,0.573
2024-08-01,CH,feminine,0.443
2024-08-01,CH,masculine,0.557
2024-08-01,CI,feminine,0.316
2024-08-01,CI,masculine,0.684
2024-08-01,CL,feminine,0.435
2024-08-01,CL,masculine,0.565
2024-08-01,CO,feminine,0.500
2024-08-01,CO,masculine,0.500
2024-08-01,CR,feminine,0.473
2024-08-01,CR,masculine,0.527
2024-08-01,CY,feminine,0.445
2024-08-01,CY,masculine,0.555
2024-08-01,CZ,feminine,0.455
2024-08-01,CZ,masculine,0.545
2024-08-01,DE,feminine,0.398
2024-08-01,DE,masculine,0.602
2024-08-01,DK,feminine,0.415
2024-08-01,DK,masculine,0.585
2024-08-01,DO,feminine,0.531
2024-08-01,DO,masculine,0.469
2024-08-01,DZ,feminine,0.416
2024-08-01,DZ,masculine,0.584
2024-08-01,EC,feminine,0.496
2024-08-01,EC,masculine,0.504
2024-08-01,EE,feminine,0.429
2024-08-01,EE,masculine,0.571
2024-08-01,EG,feminine,0.307
2024-08-01,EG,masculine,0.693
2024-08-01,ES,feminine,0.407
2024-08-01,ES,masculine,0.593
2024-08-01,ET,feminine,0.322
2024-08-01,ET,masculine,0.678
2024-08-01,FI,feminine,0.443
2024-08-01,FI,masculine,0.557
2024-08-01,FR,feminine,0.402
2024-08-01,FR,masculine,0.598
2024-08-01,GB,feminine,0.394
2024-08-01,GB,masculine,0.606
2024-08-01,GE,feminine,0.438
2024-08-01,GE,masculine,0.562
2024-08-01,GH,feminine,0.362
2024-08-01,GH,masculine,0.638
2024-08-01,GR,feminine,0.401
2024-08-01,GR,masculine,0.599
2024-08-01,GT,feminine,0.471
2024-08-01,GT,masculine,0.529
2024-08-01,HN,feminine,0.542
2024-08-01,HN,masculine,0.458
2024-08-01,HR,feminine,0.410
2024-08-01,HR,masculine,0.590
2024-08-01,HU,feminine,0.370
2024-08-01,HU,masculine,0.630
2024-08-01,ID,feminine,0.543
2024-08-01,ID,masculine,0.457
2024-08-01,IE,feminine,0.428
2024-08-01,IE,masculine,0.572
2024-08-01,IL,feminine,0.295
2024-08-01,IL,masculine,0.705
2024-08-01,IN,feminine,0.383
2024-08-01,IN,masculine,0.617
2024-08-01,IQ,feminine,0.399
2024-08-01,IQ,masculine,0.601
2024-08-01,IT,feminine,0.458
2024-08-01,IT,masculine,0.542
2024-08-01,JO,feminine,0.422
2024-08-01,JO,masculine,0.578
2024-08-01,JP,feminine,0.312
2024-08-01,JP,masculine,0.688
2024-08-01,KE,feminine,0.419
2024-08-01,KE,masculine,0.581
2024-08-01,KR,feminine,0.431
2024-08-01,KR,masculine,0.569
2024-08-01,KZ,feminine,0.429
2024-08-01,KZ,masculine,0.571
2024-08-01,LB,feminine,0.473
2024-08-01,LB,masculine,0.527
2024-08-01,LK,feminine,0.519
2024-08-01,LK,masculine,0.481
2024-08-01,LT,feminine,0.450
2024-08-01,LT,masculine,0.550
2024-08-01,LV,feminine,0.488
2024-08-01,LV,masculine,0.512
2024-08-01,MA,feminine,0.394
2024-08-01,MA,masculine,0.606
2024-08-01,MD,feminine,0.417
2024-08-01,MD,masculine,0.583
2024-08-01,MM,feminine,0.455
2024-08-01,MM,masculine,0.545
2024-08-01,MT,feminine,0.413
2024-08-01,MT,masculine,0.587
2024-08-01,MX,feminine,0.434
2024-08-01,MX,masculine,0.566
2024-08-01,MY,feminine,0.470
2024-08-01,MY,masculine,0.530
2024-08-01,MZ,feminine,0.345
2024-08-01,MZ,masculine,0.655
2024-08-01,NG,feminine,0.328
2024-08-01,NG,masculine,0.672
2024-08-01,NI,feminine,0.456
2024-08-01,NI,masculine,0.544
2024-08-01,NL,feminine,0.374
2024-08-01,NL,masculine,0.626
2024-08-01,NO,feminine,0.401
2024-08-01,NO,masculine,0.599
2024-08-01,NP,feminine,0.415
2024-08-01,NP,masculine,0.585
2024-08-01,NZ,feminine,0.483
2024-08-01,NZ,masculine,0.517
2024-08-01,OM,feminine,0.373
2024-08-01,OM,masculine,0.627
2024-08-01,PA,feminine,0.505
2024-08-01,PA,masculine,0.495
2024-08-01,PE,feminine,0.460
2024-08-01,PE,masculine,0.540
2024-08-01,PH,feminine,0.534
2024-08-01,PH,masculine,0.466
2024-08-01,PK,feminine,0.341
2024-08-01,PK,masculine,0.659
2024-08-01,PL,feminine,0.427
2024-08-01,PL,masculine,0.573
2024-08-01,PR,feminine,0.478
2024-08-01,PR,masculine,0.522
2024-08-01,PS,feminine,0.532
2024-08-01,PS,masculine,0.468
2024-08-01,PT,feminine,0.436
2024-08-01,PT,masculine,0.564
2024-08-01,PY,feminine,0.471
2024-08-01,PY,masculine,0.529
2024-08-01,QA,feminine,0.383
2024-08-01,QA,masculine,0.617
2024-08-01,RO,feminine,0.475
2024-08-01,RO,masculine,0.525
2024-08-01,RS,feminine,0.472
2024-08-01,RS,masculine,0.528
2024-08-01,SA,feminine,0.317
2024-08-01,SA,masculine,0.683
2024-08-01,SC,feminine,0.476
2024-08-01,SC,masculine,0.524
2024-08-01,SE,feminine,0.406
2024-08-01,SE,masculine,0.594
2024-08-01,SG,feminine,0.446
2024-08-01,SG,masculine,0.554
2024-08-01,SI,feminine,0.483
2024-08-01,SI,masculine,0.517
2024-08-01,SK,feminine,0.399
2024-08-01,SK,masculine,0.601
2024-08-01,SN,feminine,0.413
2024-08-01,SN,masculine,0.587
2024-08-01,SV,feminine,0.437
2024-08-01,SV,masculine,0.563
2024-08-01,TH,feminine,0.443
2024-08-01,TH,masculine,0.557
2024-08-01,TN,feminine,0.437
2024-08-01,TN,masculine,0.563
2024-08-01,TR,feminine,0.309
2024-08-01,TR,masculine,0.691
2024-08-01,TW,feminine,0.380
2024-08-01,TW,masculine,0.620
2024-08-01,TZ,feminine,0.331
2024-08-01,TZ,masculine,0.669
2024-08-01,UA,feminine,0.437
2024-08-01,UA,masculine,0.563
2024-08-01,UG,feminine,0.348
2024-08-01,UG,masculine,0.652
2024-08-01,US,feminine,0.414
2024-08-01,US,masculine,0.586
2024-08-01,UY,feminine,0.447
2024-08-01,UY,masculine,0.553
2024-08-01,UZ,feminine,0.313
2024-08-01,UZ,masculine,0.687
2024-08-01,VN,feminine,0.468
2024-08-01,VN,masculine,0.532
2024-08-01,ZA,feminine,0.486
2024-08-01,ZA,masculine,0.514
2024-08-01,ZM,feminine,0.448
2024-08-01,ZM,masculine,0.552
2024-09-01,AE,feminine,0.447
2024-09-01,AE,masculine,0.553
2024-09-01,AL,feminine,0.550
2024-09-01,AL,masculine,0.450
2024-09-01,AM,feminine,0.623
2024-09-01,AM,masculine,0.377
2024-09-01,AO,feminine,0.287
2024-09-01,AO,masculine,0.713
2024-09-01,AR,feminine,0.468
2024-09-01,AR,masculine,0.532
2024-09-01,AT,feminine,0.435
2024-09-01,AT,masculine,0.565
2024-09-01,AU,feminine,0.459
2024-09-01,AU,masculine,0.541
2024-09-01,AZ,feminine,0.342
2024-09-01,AZ,masculine,0.658
2024-09-01,BA,feminine,0.403
2024-09-01,BA,masculine,0.597
2024-09-01,BD,feminine,0.350
2024-09-01,BD,masculine,0.650
2024-09-01,BE,feminine,0.453
2024-09-01,BE,masculine,0.547
2024-09-01,BG,feminine,0.365
2024-09-01,BG,masculine,0.635
2024-09-01,BO,feminine,0.480
2024-09-01,BO,masculine,0.520
2024-09-01,BR,feminine,0.481
2024-09-01,BR,masculine,0.519
2024-09-01,CA,feminine,0.455
2024-09-01,CA,masculine,0.545
2024-09-01,CH,feminine,0.440
2024-09-01,CH,masculine,0.560
2024-09-01,CI,feminine,0.404
2024-09-01,CI,masculine,0.596
2024-09-01,CL,feminine,0.435
2024-09-01,CL,masculine,0.565
2024-09-01,CO,feminine,0.495
2024-09-01,CO,masculine,0.505
2024-09-01,CR,feminine,0.487
2024-09-01,CR,masculine,0.513
2024-09-01,CY,feminine,0.454
2024-09-01,CY,masculine,0.546
2024-09-01,CZ,feminine,0.432
2024-09-01,CZ,masculine,0.568
2024-09-01,DE,feminine,0.423
2024-09-01,DE,masculine,0.577
2024-09-01,DK,feminine,0.415
2024-09-01,DK,masculine,0.585
2024-09-01,DO,feminine,0.592
2024-09-01,DO,masculine,0.408
2024-09-01,DZ,feminine,0.439
2024-09-01,DZ,masculine,0.561
2024-09-01,EC,feminine,0.527
2024-09-01,EC,masculine,0.473
2024-09-01,EE,feminine,0.461
2024-09-01,EE,masculine,0.539
2024-09-01,EG,feminine,0.322
2024-09-01,EG,masculine,0.678
2024-09-01,ES,feminine,0.450
2024-09-01,ES,masculine,0.550
2024-09-01,ET,feminine,0.325
2024-09-01,ET,masculine,0.675
2024-09-01,FI,feminine,0.496
2024-09-01,FI,masculine,0.504
2024-09-01,FR,feminine,0.440
2024-09-01,FR,masculine,0.560
2024-09-01,GB,feminine,0.398
2024-09-01,GB,masculine,0.602
2024-09-01,GE,feminine,0.528
2024-09-01,GE,masculine,0.472
2024-09-01,GH,feminine,0.326
2024-09-01,GH,masculine,0.674
2024-09-01,GR,feminine,0.402
2024-09-01,GR,masculine,0.598
2024-09-01,GT,feminine,0.424
2024-09-01,GT,masculine,0.576
2024-09-01,HN,feminine,0.451
2024-09-01,HN,masculine,0.549
2024-09-01,HR,feminine,0.453
2024-09-01,HR,masculine,0.547
2024-09-01,HU,feminine,0.378
2024-09-01,HU,masculine,0.622
2024-09-01,ID,feminine,0.558
2024-09-01,ID,masculine,0.442
2024-09-01,IE,feminine,0.415
2024-09-01,IE,masculine,0.585
2024-09-01,IL,feminine,0.357
2024-09-01,IL,masculine,0.643
2024-09-01,IN,feminine,0.380
2024-09-01,IN,masculine,0.620
2024-09-01,IQ,feminine,0.353
2024-09-01,IQ,masculine,0.647
2024-09-01,IT,feminine,0.473
2024-09-01,IT,masculine,0.527
2024-09-01,JM,feminine,0.667
2024-09-01,JM,masculine,0.333
2024-09-01,JO,feminine,0.386
2024-09-01,JO,masculine,0.614
2024-09-01,JP,feminine,0.352
2024-09-01,JP,masculine,0.648
2024-09-01,KE,feminine,0.405
2024-09-01,KE,masculine,0.595
2024-09-01,KG,feminine,0.405
2024-09-01,KG,masculine,0.595
2024-09-01,KR,feminine,0.485
2024-09-01,KR,masculine,0.515
2024-09-01,KW,feminine,0.390
2024-09-01,KW,masculine,0.610
2024-09-01,KZ,feminine,0.438
2024-09-01,KZ,masculine,0.562
2024-09-01,LB,feminine,0.609
2024-09-01,LB,masculine,0.391
2024-09-01,LK,feminine,0.514
2024-09-01,LK,masculine,0.486
2024-09-01,LT,feminine,0.416
2024-09-01,LT,masculine,0.584
2024-09-01,LU,feminine,0.464
2024-09-01,LU,masculine,0.536
2024-09-01,LV,feminine,0.438
2024-09-01,LV,masculine,0.562
2024-09-01,MA,feminine,0.438
2024-09-01,MA,masculine,0.562
2024-09-01,MD,feminine,0.572
2024-09-01,MD,masculine,0.428
2024-09-01,MM,feminine,0.385
2024-09-01,MM,masculine,0.615
2024-09-01,MT,feminine,0.525
2024-09-01,MT,masculine,0.475
2024-09-01,MX,feminine,0.435
2024-09-01,MX,masculine,0.565
2024-09-01,MY,feminine,0.476
2024-09-01,MY,masculine,0.524
2024-09-01,MZ,feminine,0.434
2024-09-01,MZ,masculine,0.566
2024-09-01,NG,feminine,0.375
2024-09-01,NG,masculine,0.625
2024-09-01,NI,feminine,0.492
2024-09-01,NI,masculine,0.508
2024-09-01,NL,feminine,0.420
2024-09-01,NL,masculine,0.580
2024-09-01,NO,feminine,0.434
2024-09-01,NO,masculine,0.566
2024-09-01,NP,feminine,0.379
2024-09-01,NP,masculine,0.621
2024-09-01,NZ,feminine,0.469
2024-09-01,NZ,masculine,0.531
2024-09-01,OM,feminine,0.445
2024-09-01,OM,masculine,0.555
2024-09-01,PA,feminine,0.457
2024-09-01,PA,masculine,0.543
2024-09-01,PE,feminine,0.486
2024-09-01,PE,masculine,0.514
2024-09-01,PH,feminine,0.547
2024-09-01,PH,masculine,0.453
2024-09-01,PK,feminine,0.359
2024-09-01,PK,masculine,0.641
2024-09-01,PL,feminine,0.460
2024-09-01,PL,masculine,0.540
2024-09-01,PR,feminine,0.510
2024-09-01,PR,masculine,0.490
2024-09-01,PS,feminine,0.511
2024-09-01,PS,masculine,0.489
2024-09-01,PT,feminine,0.477
2024-09-01,PT,masculine,0.523
2024-09-01,PY,feminine,0.439
2024-09-01,PY,masculine,0.561
2024-09-01,QA,feminine,0.400
2024-09-01,QA,masculine,0.600
2024-09-01,RO,feminine,0.511
2024-09-01,RO,masculine,0.489
2024-09-01,RS,feminine,0.417
2024-09-01,RS,masculine,0.583
2024-09-01,SA,feminine,0.350
2024-09-01,SA,masculine,0.650
2024-09-01,SC,feminine,0.359
2024-09-01,SC,masculine,0.641
2024-09-01,SE,feminine,0.424
2024-09-01,SE,masculine,0.576
2024-09-01,SG,feminine,0.431
2024-09-01,SG,masculine,0.569
2024-09-01,SI,feminine,0.497
2024-09-01,SI,masculine,0.503
2024-09-01,SK,feminine,0.437
2024-09-01,SK,masculine,0.563
2024-09-01,SN,feminine,0.373
2024-09-01,SN,masculine,0.627
2024-09-01,SV,feminine,0.396
2024-09-01,SV,masculine,0.604
2024-09-01,TH,feminine,0.463
2024-09-01,TH,masculine,0.537
2024-09-01,TN,feminine,0.458
2024-09-01,TN,masculine,0.542
2024-09-01,TR,feminine,0.328
2024-09-01,TR,masculine,0.672
2024-09-01,TW,feminine,0.412
2024-09-01,TW,masculine,0.588
2024-09-01,TZ,feminine,0.279
2024-09-01,TZ,masculine,0.721
2024-09-01,UA,feminine,0.506
2024-09-01,UA,masculine,0.494
2024-09-01,UG,feminine,0.408
2024-09-01,UG,masculine,0.592
2024-09-01,US,feminine,0.429
2024-09-01,US,masculine,0.571
2024-09-01,UY,feminine,0.484
2024-09-01,UY,masculine,0.516
2024-09-01,UZ,feminine,0.317
2024-09-01,UZ,masculine,0.683
2024-09-01,VN,feminine,0.463
2024-09-01,VN,masculine,0.537
2024-09-01,ZA,feminine,0.475
2024-09-01,ZA,masculine,0.525
2024-09-01,ZM,feminine,0.448
2024-09-01,ZM,masculine,0.552
2024-10-01,AE,feminine,0.473
2024-10-01,AE,masculine,0.527
2024-10-01,AF,feminine,0.263
2024-10-01,AF,masculine,0.737
2024-10-01,AL,feminine,0.598
2024-10-01,AL,masculine,0.402
2024-10-01,AM,feminine,0.547
2024-10-01,AM,masculine,0.453
2024-10-01,AO,feminine,0.299
2024-10-01,AO,masculine,0.701
2024-10-01,AR,feminine,0.473
2024-10-01,AR,masculine,0.527
2024-10-01,AT,feminine,0.472
2024-10-01,AT,masculine,0.528
2024-10-01,AU,feminine,0.468
2024-10-01,AU,masculine,0.532
2024-10-01,AZ,feminine,0.335
2024-10-01,AZ,masculine,0.665
2024-10-01,BA,feminine,0.616
2024-10-01,BA,masculine,0.384
2024-10-01,BD,feminine,0.340
2024-10-01,BD,masculine,0.660
2024-10-01,BE,feminine,0.477
2024-10-01,BE,masculine,0.523
2024-10-01,BG,feminine,0.428
2024-10-01,BG,masculine,0.572
2024-10-01,BO,feminine,0.494
2024-10-01,BO,masculine,0.506
2024-10-01,BR,feminine,0.484
2024-10-01,BR,masculine,0.516
2024-10-01,CA,feminine,0.470
2024-10-01,CA,masculine,0.530
2024-10-01,CH,feminine,0.457
2024-10-01,CH,masculine,0.543
2024-10-01,CI,feminine,0.267
2024-10-01,CI,masculine,0.733
2024-10-01,CL,feminine,0.438
2024-10-01,CL,masculine,0.562
2024-10-01,CO,feminine,0.507
2024-10-01,CO,masculine,0.493
2024-10-01,CR,feminine,0.484
2024-10-01,CR,masculine,0.516
2024-10-01,CY,feminine,0.422
2024-10-01,CY,masculine,0.578
2024-10-01,CZ,feminine,0.457
2024-10-01,CZ,masculine,0.543
2024-10-01,DE,feminine,0.427
2024-10-01,DE,masculine,0.573
2024-10-01,DK,feminine,0.457
2024-10-01,DK,masculine,0.543
2024-10-01,DO,feminine,0.571
2024-10-01,DO,masculine,0.429
2024-10-01,DZ,feminine,0.491
2024-10-01,DZ,masculine,0.509
2024-10-01,EC,feminine,0.539
2024-10-01,EC,masculine,0.461
2024-10-01,EE,feminine,0.496
2024-10-01,EE,masculine,0.504
2024-10-01,EG,feminine,0.384
2024-10-01,EG,masculine,0.616
2024-10-01,ES,feminine,0.483
2024-10-01,ES,masculine,0.517
2024-10-01,ET,feminine,0.362
2024-10-01,ET,masculine,0.638
2024-10-01,FI,feminine,0.424
2024-10-01,FI,masculine,0.576
2024-10-01,FR,feminine,0.451
2024-10-01,FR,masculine,0.549
2024-10-01,GB,feminine,0.412
2024-10-01,GB,masculine,0.588
2024-10-01,GE,feminine,0.489
2024-10-01,GE,masculine,0.511
2024-10-01,GH,feminine,0.357
2024-10-01,GH,masculine,0.643
2024-10-01,GR,feminine,0.424
2024-10-01,GR,masculine,0.576
2024-10-01,GT,feminine,0.476
2024-10-01,GT,masculine,0.524
2024-10-01,HN,feminine,0.522
2024-10-01,HN,masculine,0.478
2024-10-01,HR,feminine,0.445
2024-10-01,HR,masculine,0.555
2024-10-01,HU,feminine,0.378
2024-10-01,HU,masculine,0.622
2024-10-01,ID,feminine,0.577
2024-10-01,ID,masculine,0.423
2024-10-01,IE,feminine,0.436
2024-10-01,IE,masculine,0.564
2024-10-01,IL,feminine,0.366
2024-10-01,IL,masculine,0.634
2024-10-01,IN,feminine,0.379
2024-10-01,IN,masculine,0.621
2024-10-01,IQ,feminine,0.322
2024-10-01,IQ,masculine,0.678
2024-10-01,IT,feminine,0.482
2024-10-01,IT,masculine,0.518
2024-10-01,JM,feminine,0.652
2024-10-01,JM,masculine,0.348
2024-10-01,JO,feminine,0.415
2024-10-01,JO,masculine,0.585
2024-10-01,JP,feminine,0.320
2024-10-01,JP,masculine,0.680
2024-10-01,KE,feminine,0.405
2024-10-01,KE,masculine,0.595
2024-10-01,KG,feminine,0.423
2024-10-01,KG,masculine,0.577
2024-10-01,KR,feminine,0.452
2024-10-01,KR,masculine,0.548
2024-10-01,KW,feminine,0.504
2024-10-01,KW,masculine,0.496
2024-10-01,KZ,feminine,0.445
2024-10-01,KZ,masculine,0.555
2024-10-01,LB,feminine,0.542
2024-10-01,LB,masculine,0.458
2024-10-01,LK,feminine,0.461
2024-10-01,LK,masculine,0.539
2024-10-01,LT,feminine,0.500
2024-10-01,LT,masculine,0.500
2024-10-01,LU,feminine,0.369
2024-10-01,LU,masculine,0.631
2024-10-01,LV,feminine,0.576
2024-10-01,LV,masculine,0.424
2024-10-01,LY,feminine,0.440
2024-10-01,LY,masculine,0.560
2024-10-01,MA,feminine,0.462
2024-10-01,MA,masculine,0.538
2024-10-01,MD,feminine,0.606
2024-10-01,MD,masculine,0.394
2024-10-01,MM,feminine,0.347
2024-10-01,MM,masculine,0.653
2024-10-01,MX,feminine,0.455
2024-10-01,MX,masculine,0.545
2024-10-01,MY,feminine,0.500
2024-10-01,MY,masculine,0.500
2024-10-01,MZ,feminine,0.329
2024-10-01,MZ,masculine,0.671
2024-10-01,NG,feminine,0.350
2024-10-01,NG,masculine,0.650
2024-10-01,NI,feminine,0.522
2024-10-01,NI,masculine,0.478
2024-10-01,NL,feminine,0.411
2024-10-01,NL,masculine,0.589
2024-10-01,NO,feminine,0.407
2024-10-01,NO,masculine,0.593
2024-10-01,NP,feminine,0.352
2024-10-01,NP,masculine,0.648
2024-10-01,NZ,feminine,0.505
2024-10-01,NZ,masculine,0.495
2024-10-01,OM,feminine,0.504
2024-10-01,OM,masculine,0.496
2024-10-01,PA,feminine,0.486
2024-10-01,PA,masculine,0.514
2024-10-01,PE,feminine,0.491
2024-10-01,PE,masculine,0.509
2024-10-01,PH,feminine,0.551
2024-10-01,PH,masculine,0.449
2024-10-01,PK,feminine,0.355
2024-10-01,PK,masculine,0.645
2024-10-01,PL,feminine,0.457
2024-10-01,PL,masculine,0.543
2024-10-01,PR,feminine,0.504
2024-10-01,PR,masculine,0.496
2024-10-01,PS,feminine,0.455
2024-10-01,PS,masculine,0.545
2024-10-01,PT,feminine,0.482
2024-10-01,PT,masculine,0.518
2024-10-01,PY,feminine,0.468
2024-10-01,PY,masculine,0.532
2024-10-01,QA,feminine,0.463
2024-10-01,QA,masculine,0.537
2024-10-01,RO,feminine,0.507
2024-10-01,RO,masculine,0.493
2024-10-01,RS,feminine,0.453
2024-10-01,RS,masculine,0.547
2024-10-01,SA,feminine,0.443
2024-10-01,SA,masculine,0.557
2024-10-01,SC,feminine,0.491
2024-10-01,SC,masculine,0.509
2024-10-01,SE,feminine,0.443
2024-10-01,SE,masculine,0.557
2024-10-01,SG,feminine,0.427
2024-10-01,SG,masculine,0.573
2024-10-01,SI,feminine,0.501
2024-10-01,SI,masculine,0.499
2024-10-01,SK,feminine,0.464
2024-10-01,SK,masculine,0.536
2024-10-01,SN,feminine,0.470
2024-10-01,SN,masculine,0.530
2024-10-01,SO,feminine,0.323
2024-10-01,SO,masculine,0.677
2024-10-01,SV,feminine,0.458
2024-10-01,SV,masculine,0.542
2024-10-01,TH,feminine,0.452
2024-10-01,TH,masculine,0.548
2024-10-01,TN,feminine,0.573
2024-10-01,TN,masculine,0.427
2024-10-01,TR,feminine,0.366
2024-10-01,TR,masculine,0.634
2024-10-01,TW,feminine,0.411
2024-10-01,TW,masculine,0.589
2024-10-01,TZ,feminine,0.343
2024-10-01,TZ,masculine,0.657
2024-10-01,UA,feminine,0.496
2024-10-01,UA,masculine,0.504
2024-10-01,UG,feminine,0.418
2024-10-01,UG,masculine,0.582
2024-10-01,US,feminine,0.434
2024-10-01,US,masculine,0.566
2024-10-01,UY,feminine,0.506
2024-10-01,UY,masculine,0.494
2024-10-01,UZ,feminine,0.397
2024-10-01,UZ,masculine,0.603
2024-10-01,VN,feminine,0.470
2024-10-01,VN,masculine,0.530
2024-10-01,ZA,feminine,0.516
2024-10-01,ZA,masculine,0.484
2024-11-01,AE,feminine,0.462
2024-11-01,AE,masculine,0.538
2024-11-01,AF,feminine,0.221
2024-11-01,AF,masculine,0.779
2024-11-01,AL,feminine,0.588
2024-11-01,AL,masculine,0.412
2024-11-01,AM,feminine,0.579
2024-11-01,AM,masculine,0.421
2024-11-01,AO,feminine,0.307
2024-11-01,AO,masculine,0.693
2024-11-01,AR,feminine,0.482
2024-11-01,AR,masculine,0.518
2024-11-01,AT,feminine,0.480
2024-11-01,AT,masculine,0.520
2024-11-01,AU,feminine,0.467
2024-11-01,AU,masculine,0.533
2024-11-01,AZ,feminine,0.509
2024-11-01,AZ,masculine,0.491
2024-11-01,BA,feminine,0.543
2024-11-01,BA,masculine,0.457
2024-11-01,BD,feminine,0.341
2024-11-01,BD,masculine,0.659
2024-11-01,BE,feminine,0.512
2024-11-01,BE,masculine,0.488
2024-11-01,BG,feminine,0.434
2024-11-01,BG,masculine,0.566
2024-11-01,BH,feminine,0.463
2024-11-01,BH,masculine,0.537
2024-11-01,BO,feminine,0.474
2024-11-01,BO,masculine,0.526
2024-11-01,BR,feminine,0.501
2024-11-01,BR,masculine,0.499
2024-11-01,CA,feminine,0.475
2024-11-01,CA,masculine,0.525
2024-11-01,CH,feminine,0.474
2024-11-01,CH,masculine,0.526
2024-11-01,CI,feminine,0.396
2024-11-01,CI,masculine,0.604
2024-11-01,CL,feminine,0.448
2024-11-01,CL,masculine,0.552
2024-11-01,CO,feminine,0.498
2024-11-01,CO,masculine,0.502
2024-11-01,CR,feminine,0.441
2024-11-01,CR,masculine,0.559
2024-11-01,CY,feminine,0.505
2024-11-01,CY,masculine,0.495
2024-11-01,CZ,feminine,0.426
2024-11-01,CZ,masculine,0.574
2024-11-01,DE,feminine,0.450
2024-11-01,DE,masculine,0.550
2024-11-01,DK,feminine,0.440
2024-11-01,DK,masculine,0.560
2024-11-01,DO,feminine,0.564
2024-11-01,DO,masculine,0.436
2024-11-01,DZ,feminine,0.530
2024-11-01,DZ,masculine,0.470
2024-11-01,EC,feminine,0.505
2024-11-01,EC,masculine,0.495
2024-11-01,EE,feminine,0.465
2024-11-01,EE,masculine,0.535
2024-11-01,EG,feminine,0.463
2024-11-01,EG,masculine,0.537
2024-11-01,ES,feminine,0.526
2024-11-01,ES,masculine,0.474
2024-11-01,ET,feminine,0.309
2024-11-01,ET,masculine,0.691
2024-11-01,FI,feminine,0.460
2024-11-01,FI,masculine,0.540
2024-11-01,FR,feminine,0.485
2024-11-01,FR,masculine,0.515
2024-11-01,GB,feminine,0.437
2024-11-01,GB,masculine,0.563
2024-11-01,GE,feminine,0.479
2024-11-01,GE,masculine,0.521
2024-11-01,GH,feminine,0.402
2024-11-01,GH,masculine,0.598
2024-11-01,GR,feminine,0.403
2024-11-01,GR,masculine,0.597
2024-11-01,GT,feminine,0.432
2024-11-01,GT,masculine,0.568
2024-11-01,HN,feminine,0.555
2024-11-01,HN,masculine,0.445
2024-11-01,HR,feminine,0.476
2024-11-01,HR,masculine,0.524
2024-11-01,HU,feminine,0.405
2024-11-01,HU,masculine,0.595
2024-11-01,ID,feminine,0.595
2024-11-01,ID,masculine,0.405
2024-11-01,IE,feminine,0.458
2024-11-01,IE,masculine,0.542
2024-11-01,IL,feminine,0.369
2024-11-01,IL,masculine,0.631
2024-11-01,IN,feminine,0.387
2024-11-01,IN,masculine,0.613
2024-11-01,IQ,feminine,0.368
2024-11-01,IQ,masculine,0.632
2024-11-01,IT,feminine,0.516
2024-11-01,IT,masculine,0.484
2024-11-01,JM,feminine,0.662
2024-11-01,JM,masculine,0.338
2024-11-01,JO,feminine,0.450
2024-11-01,JO,masculine,0.550
2024-11-01,JP,feminine,0.322
2024-11-01,JP,masculine,0.678
2024-11-01,KE,feminine,0.442
2024-11-01,KE,masculine,0.558
2024-11-01,KG,feminine,0.530
2024-11-01,KG,masculine,0.470
2024-11-01,KH,feminine,0.435
2024-11-01,KH,masculine,0.565
2024-11-01,KR,feminine,0.485
2024-11-01,KR,masculine,0.515
2024-11-01,KW,feminine,0.523
2024-11-01,KW,masculine,0.477
2024-11-01,KZ,feminine,0.465
2024-11-01,KZ,masculine,0.535
2024-11-01,LB,feminine,0.590
2024-11-01,LB,masculine,0.410
2024-11-01,LK,feminine,0.502
2024-11-01,LK,masculine,0.498
2024-11-01,LT,feminine,0.463
2024-11-01,LT,masculine,0.537
2024-11-01,LU,feminine,0.479
2024-11-01,LU,masculine,0.521
2024-11-01,LV,feminine,0.501
2024-11-01,LV,masculine,0.499
2024-11-01,LY,feminine,0.487
2024-11-01,LY,masculine,0.513
2024-11-01,MA,feminine,0.499
2024-11-01,MA,masculine,0.501
2024-11-01,MD,feminine,0.607
2024-11-01,MD,masculine,0.393
2024-11-01,MK,feminine,0.586
2024-11-01,MK,masculine,0.414
2024-11-01,MM,feminine,0.446
2024-11-01,MM,masculine,0.554
2024-11-01,MX,feminine,0.466
2024-11-01,MX,masculine,0.534
2024-11-01,MY,feminine,0.495
2024-11-01,MY,masculine,0.505
2024-11-01,MZ,feminine,0.390
2024-11-01,MZ,masculine,0.610
2024-11-01,NG,feminine,0.354
2024-11-01,NG,masculine,0.646
2024-11-01,NI,feminine,0.501
2024-11-01,NI,masculine,0.499
2024-11-01,NL,feminine,0.417
2024-11-01,NL,masculine,0.583
2024-11-01,NO,feminine,0.409
2024-11-01,NO,masculine,0.591
2024-11-01,NP,feminine,0.456
2024-11-01,NP,masculine,0.544
2024-11-01,NZ,feminine,0.501
2024-11-01,NZ,masculine,0.499
2024-11-01,OM,feminine,0.528
2024-11-01,OM,masculine,0.472
2024-11-01,PA,feminine,0.546
2024-11-01,PA,masculine,0.454
2024-11-01,PE,feminine,0.491
2024-11-01,PE,masculine,0.509
2024-11-01,PH,feminine,0.549
2024-11-01,PH,masculine,0.451
2024-11-01,PK,feminine,0.352
2024-11-01,PK,masculine,0.648
2024-11-01,PL,feminine,0.463
2024-11-01,PL,masculine,0.537
2024-11-01,PR,feminine,0.520
2024-11-01,PR,masculine,0.480
2024-11-01,PS,feminine,0.440
2024-11-01,PS,masculine,0.560
2024-11-01,PT,feminine,0.500
2024-11-01,PT,masculine,0.500
2024-11-01,PY,feminine,0.530
2024-11-01,PY,masculine,0.470
2024-11-01,QA,feminine,0.477
2024-11-01,QA,masculine,0.523
2024-11-01,RO,feminine,0.545
2024-11-01,RO,masculine,0.455
2024-11-01,RS,feminine,0.499
2024-11-01,RS,masculine,0.501
2024-11-01,SA,feminine,0.437
2024-11-01,SA,masculine,0.563
2024-11-01,SE,feminine,0.454
2024-11-01,SE,masculine,0.546
2024-11-01,SG,feminine,0.432
2024-11-01,SG,masculine,0.568
2024-11-01,SI,feminine,0.546
2024-11-01,SI,masculine,0.454
2024-11-01,SK,feminine,0.458
2024-11-01,SK,masculine,0.542
2024-11-01,SN,feminine,0.390
2024-11-01,SN,masculine,0.610
2024-11-01,SO,feminine,0.429
2024-11-01,SO,masculine,0.571
2024-11-01,SV,feminine,0.465
2024-11-01,SV,masculine,0.535
2024-11-01,TH,feminine,0.430
2024-11-01,TH,masculine,0.570
2024-11-01,TN,feminine,0.559
2024-11-01,TN,masculine,0.441
2024-11-01,TR,feminine,0.414
2024-11-01,TR,masculine,0.586
2024-11-01,TW,feminine,0.438
2024-11-01,TW,masculine,0.562
2024-11-01,TZ,feminine,0.371
2024-11-01,TZ,masculine,0.629
2024-11-01,UA,feminine,0.511
2024-11-01,UA,masculine,0.489
2024-11-01,UG,feminine,0.434
2024-11-01,UG,masculine,0.566
2024-11-01,US,feminine,0.438
2024-11-01,US,masculine,0.562
2024-11-01,UY,feminine,0.496
2024-11-01,UY,masculine,0.504
2024-11-01,UZ,feminine,0.403
2024-11-01,UZ,masculine,0.597
2024-11-01,VN,feminine,0.493
2024-11-01,VN,masculine,0.507
2024-11-01,ZA,feminine,0.475
2024-11-01,ZA,masculine,0.525
2024-11-01,ZM,feminine,0.504
2024-11-01,ZM,masculine,0.496
2024-12-01,AE,feminine,0.440
2024-12-01,AE,masculine,0.560
2024-12-01,AF,feminine,0.229
2024-12-01,AF,masculine,0.771
2024-12-01,AL,feminine,0.592
2024-12-01,AL,masculine,0.408
2024-12-01,AM,feminine,0.559
2024-12-01,AM,masculine,0.441
2024-12-01,AO,feminine,0.320
2024-12-01,AO,masculine,0.680
2024-12-01,AR,feminine,0.439
2024-12-01,AR,masculine,0.561
2024-12-01,AT,feminine,0.473
2024-12-01,AT,masculine,0.527
2024-12-01,AU,feminine,0.463
2024-12-01,AU,masculine,0.537
2024-12-01,AZ,feminine,0.472
2024-12-01,AZ,masculine,0.528
2024-12-01,BA,feminine,0.509
2024-12-01,BA,masculine,0.491
2024-12-01,BD,feminine,0.365
2024-12-01,BD,masculine,0.635
2024-12-01,BE,feminine,0.497
2024-12-01,BE,masculine,0.503
2024-12-01,BG,feminine,0.413
2024-12-01,BG,masculine,0.587
2024-12-01,BO,feminine,0.471
2024-12-01,BO,masculine,0.529
2024-12-01,BR,feminine,0.485
2024-12-01,BR,masculine,0.515
2024-12-01,CA,feminine,0.461
2024-12-01,CA,masculine,0.539
2024-12-01,CD,feminine,0.342
2024-12-01,CD,masculine,0.658
2024-12-01,CH,feminine,0.482
2024-12-01,CH,masculine,0.518
2024-12-01,CI,feminine,0.340
2024-12-01,CI,masculine,0.660
2024-12-01,CL,feminine,0.402
2024-12-01,CL,masculine,0.598
2024-12-01,CO,feminine,0.471
2024-12-01,CO,masculine,0.529
2024-12-01,CR,feminine,0.453
2024-12-01,CR,masculine,0.547
2024-12-01,CY,feminine,0.485
2024-12-01,CY,masculine,0.515
2024-12-01,CZ,feminine,0.462
2024-12-01,CZ,masculine,0.538
2024-12-01,DE,feminine,0.438
2024-12-01,DE,masculine,0.562
2024-12-01,DK,feminine,0.460
2024-12-01,DK,masculine,0.540
2024-12-01,DO,feminine,0.559
2024-12-01,DO,masculine,0.441
2024-12-01,DZ,feminine,0.594
2024-12-01,DZ,masculine,0.406
2024-12-01,EC,feminine,0.532
2024-12-01,EC,masculine,0.468
2024-12-01,EE,feminine,0.470
2024-12-01,EE,masculine,0.530
2024-12-01,EG,feminine,0.463
2024-12-01,EG,masculine,0.537
2024-12-01,ES,feminine,0.508
2024-12-01,ES,masculine,0.492
2024-12-01,ET,feminine,0.340
2024-12-01,ET,masculine,0.660
2024-12-01,FI,feminine,0.446
2024-12-01,FI,masculine,0.554
2024-12-01,FR,feminine,0.483
2024-12-01,FR,masculine,0.517
2024-12-01,GB,feminine,0.428
2024-12-01,GB,masculine,0.572
2024-12-01,GE,feminine,0.533
2024-12-01,GE,masculine,0.467
2024-12-01,GH,feminine,0.261
2024-12-01,GH,masculine,0.739
2024-12-01,GR,feminine,0.462
2024-12-01,GR,masculine,0.538
2024-12-01,GT,feminine,0.456
2024-12-01,GT,masculine,0.544
2024-12-01,HN,feminine,0.560
2024-12-01,HN,masculine,0.440
2024-12-01,HR,feminine,0.534
2024-12-01,HR,masculine,0.466
2024-12-01,HU,feminine,0.423
2024-12-01,HU,masculine,0.577
2024-12-01,ID,feminine,0.574
2024-12-01,ID,masculine,0.426
2024-12-01,IE,feminine,0.434
2024-12-01,IE,masculine,0.566
2024-12-01,IL,feminine,0.416
2024-12-01,IL,masculine,0.584
2024-12-01,IN,feminine,0.389
2024-12-01,IN,masculine,0.611
2024-12-01,IQ,feminine,0.429
2024-12-01,IQ,masculine,0.571
2024-12-01,IT,feminine,0.539
2024-12-01,IT,masculine,0.461
2024-12-01,JO,feminine,0.488
2024-12-01,JO,masculine,0.512
2024-12-01,JP,feminine,0.375
2024-12-01,JP,masculine,0.625
2024-12-01,KE,feminine,0.454
2024-12-01,KE,masculine,0.546
2024-12-01,KG,feminine,0.396
2024-12-01,KG,masculine,0.604
2024-12-01,KH,feminine,0.527
2024-12-01,KH,masculine,0.473
2024-12-01,KR,feminine,0.473
2024-12-01,KR,masculine,0.527
2024-12-01,KW,feminine,0.419
2024-12-01,KW,masculine,0.581
2024-12-01,KZ,feminine,0.457
2024-12-01,KZ,masculine,0.543
2024-12-01,LB,feminine,0.565
2024-12-01,LB,masculine,0.435
2024-12-01,LK,feminine,0.508
2024-12-01,LK,masculine,0.492
2024-12-01,LT,feminine,0.489
2024-12-01,LT,masculine,0.511
2024-12-01,LU,feminine,0.510
2024-12-01,LU,masculine,0.490
2024-12-01,LV,feminine,0.474
2024-12-01,LV,masculine,0.526
2024-12-01,LY,feminine,0.536
2024-12-01,LY,masculine,0.464
2024-12-01,MA,feminine,0.471
2024-12-01,MA,masculine,0.529
2024-12-01,MD,feminine,0.607
2024-12-01,MD,masculine,0.393
2024-12-01,MK,feminine,0.496
2024-12-01,MK,masculine,0.504
2024-12-01,MM,feminine,0.450
2024-12-01,MM,masculine,0.550
2024-12-01,MX,feminine,0.437
2024-12-01,MX,masculine,0.563
2024-12-01,MY,feminine,0.506
2024-12-01,MY,masculine,0.494
2024-12-01,MZ,feminine,0.283
2024-12-01,MZ,masculine,0.717
2024-12-01,NG,feminine,0.342
2024-12-01,NG,masculine,0.658
2024-12-01,NL,feminine,0.430
2024-12-01,NL,masculine,0.570
2024-12-01,NO,feminine,0.416
2024-12-01,NO,masculine,0.584
2024-12-01,NP,feminine,0.409
2024-12-01,NP,masculine,0.591
2024-12-01,NZ,feminine,0.457
2024-12-01,NZ,masculine,0.543
2024-12-01,OM,feminine,0.523
2024-12-01,OM,masculine,0.477
2024-12-01,PA,feminine,0.500
2024-12-01,PA,masculine,0.500
2024-12-01,PE,feminine,0.472
2024-12-01,PE,masculine,0.528
2024-12-01,PH,feminine,0.544
2024-12-01,PH,masculine,0.456
2024-12-01,PK,feminine,0.373
2024-12-01,PK,masculine,0.627
2024-12-01,PL,feminine,0.480
2024-12-01,PL,masculine,0.520
2024-12-01,PR,feminine,0.510
2024-12-01,PR,masculine,0.490
2024-12-01,PS,feminine,0.563
2024-12-01,PS,masculine,0.437
2024-12-01,PT,feminine,0.487
2024-12-01,PT,masculine,0.513
2024-12-01,PY,feminine,0.458
2024-12-01,PY,masculine,0.542
2024-12-01,QA,feminine,0.410
2024-12-01,QA,masculine,0.590
2024-12-01,RO,feminine,0.528
2024-12-01,RO,masculine,0.472
2024-12-01,RS,feminine,0.496
2024-12-01,RS,masculine,0.504
2024-12-01,SA,feminine,0.474
2024-12-01,SA,masculine,0.526
2024-12-01,SC,feminine,0.505
2024-12-01,SC,masculine,0.495
2024-12-01,SE,feminine,0.436
2024-12-01,SE,masculine,0.564
2024-12-01,SG,feminine,0.413
2024-12-01,SG,masculine,0.587
2024-12-01,SI,feminine,0.509
2024-12-01,SI,masculine,0.491
2024-12-01,SK,feminine,0.526
2024-12-01,SK,masculine,0.474
2024-12-01,SN,feminine,0.417
2024-12-01,SN,masculine,0.583
2024-12-01,SO,feminine,0.438
2024-12-01,SO,masculine,0.562
2024-12-01,SV,feminine,0.412
2024-12-01,SV,masculine,0.588
2024-12-01,TH,feminine,0.455
2024-12-01,TH,masculine,0.545
2024-12-01,TN,feminine,0.587
2024-12-01,TN,masculine,0.413
2024-12-01,TR,feminine,0.439
2024-12-01,TR,masculine,0.561
2024-12-01,TW,feminine,0.391
2024-12-01,TW,masculine,0.609
2024-12-01,TZ,feminine,0.432
2024-12-01,TZ,masculine,0.568
2024-12-01,UA,feminine,0.495
2024-12-01,UA,masculine,0.505
2024-12-01,UG,feminine,0.485
2024-12-01,UG,masculine,0.515
2024-12-01,US,feminine,0.432
2024-12-01,US,masculine,0.568
2024-12-01,UY,feminine,0.425
2024-12-01,UY,masculine,0.575
2024-12-01,UZ,feminine,0.483
2024-12-01,UZ,masculine,0.517
2024-12-01,VN,feminine,0.475
2024-12-01,VN,masculine,0.525
2024-12-01,ZA,feminine,0.403
2024-12-01,ZA,masculine,0.597
2025-01-01,AE,feminine,0.485
2025-01-01,AE,masculine,0.515
2025-01-01,AF,feminine,0.214
2025-01-01,AF,masculine,0.786
2025-01-01,AL,feminine,0.641
2025-01-01,AL,masculine,0.359
2025-01-01,AM,feminine,0.560
2025-01-01,AM,masculine,0.440
2025-01-01,AO,feminine,0.342
2025-01-01,AO,masculine,0.658
2025-01-01,AR,feminine,0.420
2025-01-01,AR,masculine,0.580
2025-01-01,AT,feminine,0.492
2025-01-01,AT,masculine,0.508
2025-01-01,AU,feminine,0.455
2025-01-01,AU,masculine,0.545
2025-01-01,AZ,feminine,0.479
2025-01-01,AZ,masculine,0.521
2025-01-01,BA,feminine,0.537
2025-01-01,BA,masculine,0.463
2025-01-01,BD,feminine,0.333
2025-01-01,BD,masculine,0.667
2025-01-01,BE,feminine,0.507
2025-01-01,BE,masculine,0.493
2025-01-01,BG,feminine,0.477
2025-01-01,BG,masculine,0.523
2025-01-01,BH,feminine,0.453
2025-01-01,BH,masculine,0.547
2025-01-01,BO,feminine,0.416
2025-01-01,BO,masculine,0.584
2025-01-01,BR,feminine,0.470
2025-01-01,BR,masculine,0.530
2025-01-01,CA,feminine,0.475
2025-01-01,CA,masculine,0.525
2025-01-01,CD,feminine,0.400
2025-01-01,CD,masculine,0.600
2025-01-01,CH,feminine,0.444
2025-01-01,CH,masculine,0.556
2025-01-01,CI,feminine,0.443
2025-01-01,CI,masculine,0.557
2025-01-01,CL,feminine,0.391
2025-01-01,CL,masculine,0.609
2025-01-01,CO,feminine,0.488
2025-01-01,CO,masculine,0.512
2025-01-01,CR,feminine,0.430
2025-01-01,CR,masculine,0.570
2025-01-01,CY,feminine,0.498
2025-01-01,CY,masculine,0.502
2025-01-01,CZ,feminine,0.506
2025-01-01,CZ,masculine,0.494
2025-01-01,DE,feminine,0.456
2025-01-01,DE,masculine,0.544
2025-01-01,DK,feminine,0.501
2025-01-01,DK,masculine,0.499
2025-01-01,DO,feminine,0.546
2025-01-01,DO,masculine,0.454
2025-01-01,DZ,feminine,0.591
2025-01-01,DZ,masculine,0.409
2025-01-01,EC,feminine,0.538
2025-01-01,EC,masculine,0.462
2025-01-01,EE,feminine,0.483
2025-01-01,EE,masculine,0.517
2025-01-01,EG,feminine,0.460
2025-01-01,EG,masculine,0.540
2025-01-01,ES,feminine,0.507
2025-01-01,ES,masculine,0.493
2025-01-01,ET,feminine,0.352
2025-01-01,ET,masculine,0.648
2025-01-01,FI,feminine,0.470
2025-01-01,FI,masculine,0.530
2025-01-01,FR,feminine,0.483
2025-01-01,FR,masculine,0.517
2025-01-01,GB,feminine,0.446
2025-01-01,GB,masculine,0.554
2025-01-01,GE,feminine,0.573
2025-01-01,GE,masculine,0.427
2025-01-01,GH,feminine,0.379
2025-01-01,GH,masculine,0.621
2025-01-01,GR,feminine,0.510
2025-01-01,GR,masculine,0.490
2025-01-01,GT,feminine,0.444
2025-01-01,GT,masculine,0.556
2025-01-01,HN,feminine,0.574
2025-01-01,HN,masculine,0.426
2025-01-01,HR,feminine,0.545
2025-01-01,HR,masculine,0.455
2025-01-01,HU,feminine,0.438
2025-01-01,HU,masculine,0.562
2025-01-01,ID,feminine,0.575
2025-01-01,ID,masculine,0.425
2025-01-01,IE,feminine,0.459
2025-01-01,IE,masculine,0.541
2025-01-01,IL,feminine,0.396
2025-01-01,IL,masculine,0.604
2025-01-01,IN,feminine,0.387
2025-01-01,IN,masculine,0.613
2025-01-01,IQ,feminine,0.407
2025-01-01,IQ,masculine,0.593
2025-01-01,IT,feminine,0.538
2025-01-01,IT,masculine,0.462
2025-01-01,JO,feminine,0.488
2025-01-01,JO,masculine,0.512
2025-01-01,JP,feminine,0.387
2025-01-01,JP,masculine,0.613
2025-01-01,KE,feminine,0.433
2025-01-01,KE,masculine,0.567
2025-01-01,KG,feminine,0.368
2025-01-01,KG,masculine,0.632
2025-01-01,KR,feminine,0.453
2025-01-01,KR,masculine,0.547
2025-01-01,KW,feminine,0.482
2025-01-01,KW,masculine,0.518
2025-01-01,KZ,feminine,0.448
2025-01-01,KZ,masculine,0.552
2025-01-01,LB,feminine,0.595
2025-01-01,LB,masculine,0.405
2025-01-01,LK,feminine,0.546
2025-01-01,LK,masculine,0.454
2025-01-01,LT,feminine,0.471
2025-01-01,LT,masculine,0.529
2025-01-01,LU,feminine,0.479
2025-01-01,LU,masculine,0.521
2025-01-01,LV,feminine,0.533
2025-01-01,LV,masculine,0.467
2025-01-01,LY,feminine,0.579
2025-01-01,LY,masculine,0.421
2025-01-01,MA,feminine,0.504
2025-01-01,MA,masculine,0.496
2025-01-01,MD,feminine,0.618
2025-01-01,MD,masculine,0.382
2025-01-01,MM,feminine,0.368
2025-01-01,MM,masculine,0.632
2025-01-01,MT,feminine,0.387
2025-01-01,MT,masculine,0.613
2025-01-01,MX,feminine,0.446
2025-01-01,MX,masculine,0.554
2025-01-01,MY,feminine,0.516
2025-01-01,MY,masculine,0.484
2025-01-01,MZ,feminine,0.398
2025-01-01,MZ,masculine,0.602
2025-01-01,NG,feminine,0.389
2025-01-01,NG,masculine,0.611
2025-01-01,NI,feminine,0.504
2025-01-01,NI,masculine,0.496
2025-01-01,NL,feminine,0.440
2025-01-01,NL,masculine,0.560
2025-01-01,NO,feminine,0.448
2025-01-01,NO,masculine,0.552
2025-01-01,NP,feminine,0.405
2025-01-01,NP,masculine,0.595
2025-01-01,NZ,feminine,0.501
2025-01-01,NZ,masculine,0.499
2025-01-01,OM,feminine,0.433
2025-01-01,OM,masculine,0.567
2025-01-01,PA,feminine,0.522
2025-01-01,PA,masculine,0.478
2025-01-01,PE,feminine,0.473
2025-01-01,PE,masculine,0.527
2025-01-01,PH,feminine,0.546
2025-01-01,PH,masculine,0.454
2025-01-01,PK,feminine,0.352
2025-01-01,PK,masculine,0.648
2025-01-01,PL,feminine,0.511
2025-01-01,PL,masculine,0.489
2025-01-01,PR,feminine,0.507
2025-01-01,PR,masculine,0.493
2025-01-01,PS,feminine,0.502
2025-01-01,PS,masculine,0.498
2025-01-01,PT,feminine,0.518
2025-01-01,PT,masculine,0.482
2025-01-01,PY,feminine,0.466
2025-01-01,PY,masculine,0.534
2025-01-01,QA,feminine,0.456
2025-01-01,QA,masculine,0.544
2025-01-01,RO,feminine,0.537
2025-01-01,RO,masculine,0.463
2025-01-01,RS,feminine,0.511
2025-01-01,RS,masculine,0.489
2025-01-01,SA,feminine,0.433
2025-01-01,SA,masculine,0.567
2025-01-01,SC,feminine,0.519
2025-01-01,SC,masculine,0.481
2025-01-01,SE,feminine,0.434
2025-01-01,SE,masculine,0.566
2025-01-01,SG,feminine,0.421
2025-01-01,SG,masculine,0.579
2025-01-01,SI,feminine,0.513
2025-01-01,SI,masculine,0.487
2025-01-01,SK,feminine,0.484
2025-01-01,SK,masculine,0.516
2025-01-01,SN,feminine,0.481
2025-01-01,SN,masculine,0.519
2025-01-01,SO,feminine,0.443
2025-01-01,SO,masculine,0.557
2025-01-01,SV,feminine,0.413
2025-01-01,SV,masculine,0.587
2025-01-01,TH,feminine,0.459
2025-01-01,TH,masculine,0.541
2025-01-01,TN,feminine,0.557
2025-01-01,TN,masculine,0.443
2025-01-01,TR,feminine,0.416
2025-01-01,TR,masculine,0.584
2025-01-01,TW,feminine,0.403
2025-01-01,TW,masculine,0.597
2025-01-01,TZ,feminine,0.389
2025-01-01,TZ,masculine,0.611
2025-01-01,UA,feminine,0.494
2025-01-01,UA,masculine,0.506
2025-01-01,US,feminine,0.447
2025-01-01,US,masculine,0.553
2025-01-01,UY,feminine,0.495
2025-01-01,UY,masculine,0.505
2025-01-01,UZ,feminine,0.432
2025-01-01,UZ,masculine,0.568
2025-01-01,VN,feminine,0.436
2025-01-01,VN,masculine,0.564
2025-01-01,YE,feminine,0.221
2025-01-01,YE,masculine,0.779
2025-01-01,ZA,feminine,0.452
2025-01-01,ZA,masculine,0.548
2025-02-01,AE,feminine,0.480
2025-02-01,AE,masculine,0.520
2025-02-01,AF,feminine,0.277
2025-02-01,AF,masculine,0.723
2025-02-01,AL,feminine,0.610
2025-02-01,AL,masculine,0.390
2025-02-01,AM,feminine,0.540
2025-02-01,AM,masculine,0.460
2025-02-01,AO,feminine,0.373
2025-02-01,AO,masculine,0.627
2025-02-01,AR,feminine,0.425
2025-02-01,AR,masculine,0.575
2025-02-01,AT,feminine,0.497
2025-02-01,AT,masculine,0.503
2025-02-01,AU,feminine,0.465
2025-02-01,AU,masculine,0.535
2025-02-01,AZ,feminine,0.503
2025-02-01,AZ,masculine,0.497
2025-02-01,BA,feminine,0.514
2025-02-01,BA,masculine,0.486
2025-02-01,BD,feminine,0.332
2025-02-01,BD,masculine,0.668
2025-02-01,BE,feminine,0.475
2025-02-01,BE,masculine,0.525
2025-02-01,BG,feminine,0.437
2025-02-01,BG,masculine,0.563
2025-02-01,BO,feminine,0.480
2025-02-01,BO,masculine,0.520
2025-02-01,BR,feminine,0.490
2025-02-01,BR,masculine,0.510
2025-02-01,CA,feminine,0.470
2025-02-01,CA,masculine,0.530
2025-02-01,CD,feminine,0.386
2025-02-01,CD,masculine,0.614
2025-02-01,CH,feminine,0.465
2025-02-01,CH,masculine,0.535
2025-02-01,CI,feminine,0.382
2025-02-01,CI,masculine,0.618
2025-02-01,CL,feminine,0.412
2025-02-01,CL,masculine,0.588
2025-02-01,CO,feminine,0.506
2025-02-01,CO,masculine,0.494
2025-02-01,CR,feminine,0.478
2025-02-01,CR,masculine,0.522
2025-02-01,CY,feminine,0.417
2025-02-01,CY,masculine,0.583
2025-02-01,CZ,feminine,0.503
2025-02-01,CZ,masculine,0.497
2025-02-01,DE,feminine,0.466
2025-02-01,DE,masculine,0.534
2025-02-01,DK,feminine,0.444
2025-02-01,DK,masculine,0.556
2025-02-01,DO,feminine,0.570
2025-02-01,DO,masculine,0.430
2025-02-01,DZ,feminine,0.558
2025-02-01,DZ,masculine,0.442
2025-02-01,EC,feminine,0.544
2025-02-01,EC,masculine,0.456
2025-02-01,EE,feminine,0.497
2025-02-01,EE,masculine,0.503
2025-02-01,EG,feminine,0.430
2025-02-01,EG,masculine,0.570
2025-02-01,ES,feminine,0.500
2025-02-01,ES,masculine,0.500
2025-02-01,ET,feminine,0.326
2025-02-01,ET,masculine,0.674
2025-02-01,FI,feminine,0.464
2025-02-01,FI,masculine,0.536
2025-02-01,FR,feminine,0.495
2025-02-01,FR,masculine,0.505
2025-02-01,GB,feminine,0.435
2025-02-01,GB,masculine,0.565
2025-02-01,GE,feminine,0.555
2025-02-01,GE,masculine,0.445
2025-02-01,GH,feminine,0.391
2025-02-01,GH,masculine,0.609
2025-02-01,GR,feminine,0.436
2025-02-01,GR,masculine,0.564
2025-02-01,GT,feminine,0.444
2025-02-01,GT,masculine,0.556
2025-02-01,HN,feminine,0.499
2025-02-01,HN,masculine,0.501
2025-02-01,HR,feminine,0.503
2025-02-01,HR,masculine,0.497
2025-02-01,HU,feminine,0.478
2025-02-01,HU,masculine,0.522
2025-02-01,ID,feminine,0.574
2025-02-01,ID,masculine,0.426
2025-02-01,IE,feminine,0.472
2025-02-01,IE,masculine,0.528
2025-02-01,IL,feminine,0.429
2025-02-01,IL,masculine,0.571
2025-02-01,IN,feminine,0.390
2025-02-01,IN,masculine,0.610
2025-02-01,IQ,feminine,0.447
2025-02-01,IQ,masculine,0.553
2025-02-01,IT,feminine,0.527
2025-02-01,IT,masculine,0.473
2025-02-01,JM,feminine,0.604
2025-02-01,JM,masculine,0.396
2025-02-01,JO,feminine,0.487
2025-02-01,JO,masculine,0.513
2025-02-01,JP,feminine,0.381
2025-02-01,JP,masculine,0.619
2025-02-01,KE,feminine,0.470
2025-02-01,KE,masculine,0.530
2025-02-01,KG,feminine,0.444
2025-02-01,KG,masculine,0.556
2025-02-01,KH,feminine,0.449
2025-02-01,KH,masculine,0.551
2025-02-01,KR,feminine,0.488
2025-02-01,KR,masculine,0.512
2025-02-01,KW,feminine,0.494
2025-02-01,KW,masculine,0.506
2025-02-01,KZ,feminine,0.421
2025-02-01,KZ,masculine,0.579
2025-02-01,LB,feminine,0.567
2025-02-01,LB,masculine,0.433
2025-02-01,LK,feminine,0.524
2025-02-01,LK,masculine,0.476
2025-02-01,LT,feminine,0.453
2025-02-01,LT,masculine,0.547
2025-02-01,LU,feminine,0.486
2025-02-01,LU,masculine,0.514
2025-02-01,LV,feminine,0.517
2025-02-01,LV,masculine,0.483
2025-02-01,LY,feminine,0.576
2025-02-01,LY,masculine,0.424
2025-02-01,MA,feminine,0.474
2025-02-01,MA,masculine,0.526
2025-02-01,MD,feminine,0.615
2025-02-01,MD,masculine,0.385
2025-02-01,MK,feminine,0.565
2025-02-01,MK,masculine,0.435
2025-02-01,MM,feminine,0.479
2025-02-01,MM,masculine,0.521
2025-02-01,MX,feminine,0.471
2025-02-01,MX,masculine,0.529
2025-02-01,MY,feminine,0.483
2025-02-01,MY,masculine,0.517
2025-02-01,NG,feminine,0.363
2025-02-01,NG,masculine,0.637
2025-02-01,NI,feminine,0.541
2025-02-01,NI,masculine,0.459
2025-02-01,NL,feminine,0.454
2025-02-01,NL,masculine,0.546
2025-02-01,NO,feminine,0.419
2025-02-01,NO,masculine,0.581
2025-02-01,NP,feminine,0.406
2025-02-01,NP,masculine,0.594
2025-02-01,NZ,feminine,0.464
2025-02-01,NZ,masculine,0.536
2025-02-01,OM,feminine,0.457
2025-02-01,OM,masculine,0.543
2025-02-01,PA,feminine,0.540
2025-02-01,PA,masculine,0.460
2025-02-01,PE,feminine,0.467
2025-02-01,PE,masculine,0.533
2025-02-01,PH,feminine,0.544
2025-02-01,PH,masculine,0.456
2025-02-01,PK,feminine,0.336
2025-02-01,PK,masculine,0.664
2025-02-01,PL,feminine,0.505
2025-02-01,PL,masculine,0.495
2025-02-01,PR,feminine,0.535
2025-02-01,PR,masculine,0.465
2025-02-01,PS,feminine,0.541
2025-02-01,PS,masculine,0.459
2025-02-01,PT,feminine,0.498
2025-02-01,PT,masculine,0.502
2025-02-01,PY,feminine,0.483
2025-02-01,PY,masculine,0.517
2025-02-01,QA,feminine,0.449
2025-02-01,QA,masculine,0.551
2025-02-01,RO,feminine,0.534
2025-02-01,RO,masculine,0.466
2025-02-01,RS,feminine,0.496
2025-02-01,RS,masculine,0.504
2025-02-01,SA,feminine,0.442
2025-02-01,SA,masculine,0.558
2025-02-01,SC,feminine,0.481
2025-02-01,SC,masculine,0.519
2025-02-01,SE,feminine,0.464
2025-02-01,SE,masculine,0.536
2025-02-01,SG,feminine,0.430
2025-02-01,SG,masculine,0.570
2025-02-01,SI,feminine,0.620
2025-02-01,SI,masculine,0.380
2025-02-01,SK,feminine,0.489
2025-02-01,SK,masculine,0.511
2025-02-01,SN,feminine,0.443
2025-02-01,SN,masculine,0.557
2025-02-01,SO,feminine,0.429
2025-02-01,SO,masculine,0.571
2025-02-01,SV,feminine,0.526
2025-02-01,SV,masculine,0.474
2025-02-01,TH,feminine,0.440
2025-02-01,TH,masculine,0.560
2025-02-01,TN,feminine,0.580
2025-02-01,TN,masculine,0.420
2025-02-01,TR,feminine,0.413
2025-02-01,TR,masculine,0.587
2025-02-01,TW,feminine,0.410
2025-02-01,TW,masculine,0.590
2025-02-01,TZ,feminine,0.431
2025-02-01,TZ,masculine,0.569
2025-02-01,UA,feminine,0.520
2025-02-01,UA,masculine,0.480
2025-02-01,US,feminine,0.459
2025-02-01,US,masculine,0.541
2025-02-01,UY,feminine,0.460
2025-02-01,UY,masculine,0.540
2025-02-01,UZ,feminine,0.480
2025-02-01,UZ,masculine,0.520
2025-02-01,VN,feminine,0.480
2025-02-01,VN,masculine,0.520
2025-02-01,ZA,feminine,0.493
2025-02-01,ZA,masculine,0.507
2025-03-01,AE,feminine,0.480
2025-03-01,AE,masculine,0.520
2025-03-01,AF,feminine,0.308
2025-03-01,AF,masculine,0.692
2025-03-01,AL,feminine,0.542
2025-03-01,AL,masculine,0.458
2025-03-01,AM,feminine,0.599
2025-03-01,AM,masculine,0.401
2025-03-01,AO,feminine,0.347
2025-03-01,AO,masculine,0.653
2025-03-01,AR,feminine,0.484
2025-03-01,AR,masculine,0.516
2025-03-01,AT,feminine,0.497
2025-03-01,AT,masculine,0.503
2025-03-01,AU,feminine,0.488
2025-03-01,AU,masculine,0.512
2025-03-01,AZ,feminine,0.471
2025-03-01,AZ,masculine,0.529
2025-03-01,BA,feminine,0.562
2025-03-01,BA,masculine,0.438
2025-03-01,BD,feminine,0.370
2025-03-01,BD,masculine,0.630
2025-03-01,BE,feminine,0.492
2025-03-01,BE,masculine,0.508
2025-03-01,BG,feminine,0.449
2025-03-01,BG,masculine,0.551
2025-03-01,BO,feminine,0.512
2025-03-01,BO,masculine,0.488
2025-03-01,BR,feminine,0.523
2025-03-01,BR,masculine,0.477
2025-03-01,CA,feminine,0.486
2025-03-01,CA,masculine,0.514
2025-03-01,CH,feminine,0.469
2025-03-01,CH,masculine,0.531
2025-03-01,CI,feminine,0.372
2025-03-01,CI,masculine,0.628
2025-03-01,CL,feminine,0.462
2025-03-01,CL,masculine,0.538
2025-03-01,CO,feminine,0.528
2025-03-01,CO,masculine,0.472
2025-03-01,CR,feminine,0.500
2025-03-01,CR,masculine,0.500
2025-03-01,CY,feminine,0.503
2025-03-01,CY,masculine,0.497
2025-03-01,CZ,feminine,0.512
2025-03-01,CZ,masculine,0.488
2025-03-01,DE,feminine,0.475
2025-03-01,DE,masculine,0.525
2025-03-01,DK,feminine,0.502
2025-03-01,DK,masculine,0.498
2025-03-01,DO,feminine,0.557
2025-03-01,DO,masculine,0.443
2025-03-01,DZ,feminine,0.572
2025-03-01,DZ,masculine,0.428
2025-03-01,EC,feminine,0.508
2025-03-01,EC,masculine,0.492
2025-03-01,EE,feminine,0.519
2025-03-01,EE,masculine,0.481
2025-03-01,EG,feminine,0.448
2025-03-01,EG,masculine,0.552
2025-03-01,ES,feminine,0.525
2025-03-01,ES,masculine,0.475
2025-03-01,ET,feminine,0.397
2025-03-01,ET,masculine,0.603
2025-03-01,FI,feminine,0.500
2025-03-01,FI,masculine,0.500
2025-03-01,FR,feminine,0.517
2025-03-01,FR,masculine,0.483
2025-03-01,GB,feminine,0.450
2025-03-01,GB,masculine,0.550
2025-03-01,GE,feminine,0.566
2025-03-01,GE,masculine,0.434
2025-03-01,GH,feminine,0.435
2025-03-01,GH,masculine,0.565
2025-03-01,GR,feminine,0.461
2025-03-01,GR,masculine,0.539
2025-03-01,GT,feminine,0.520
2025-03-01,GT,masculine,0.480
2025-03-01,HN,feminine,0.550
2025-03-01,HN,masculine,0.450
2025-03-01,HR,feminine,0.502
2025-03-01,HR,masculine,0.498
2025-03-01,HU,feminine,0.496
2025-03-01,HU,masculine,0.504
2025-03-01,ID,feminine,0.567
2025-03-01,ID,masculine,0.433
2025-03-01,IE,feminine,0.430
2025-03-01,IE,masculine,0.570
2025-03-01,IL,feminine,0.431
2025-03-01,IL,masculine,0.569
2025-03-01,IN,feminine,0.409
2025-03-01,IN,masculine,0.591
2025-03-01,IQ,feminine,0.415
2025-03-01,IQ,masculine,0.585
2025-03-01,IT,feminine,0.535
2025-03-01,IT,masculine,0.465
2025-03-01,JM,feminine,0.614
2025-03-01,JM,masculine,0.386
2025-03-01,JO,feminine,0.478
2025-03-01,JO,masculine,0.522
2025-03-01,JP,feminine,0.378
2025-03-01,JP,masculine,0.622
2025-03-01,KE,feminine,0.472
2025-03-01,KE,masculine,0.528
2025-03-01,KG,feminine,0.439
2025-03-01,KG,masculine,0.561
2025-03-01,KH,feminine,0.428
2025-03-01,KH,masculine,0.572
2025-03-01,KR,feminine,0.510
2025-03-01,KR,masculine,0.490
2025-03-01,KW,feminine,0.384
2025-03-01,KW,masculine,0.616
2025-03-01,KZ,feminine,0.454
2025-03-01,KZ,masculine,0.546
2025-03-01,LB,feminine,0.582
2025-03-01,LB,masculine,0.418
2025-03-01,LK,feminine,0.530
2025-03-01,LK,masculine,0.470
2025-03-01,LT,feminine,0.470
2025-03-01,LT,masculine,0.530
2025-03-01,LU,feminine,0.465
2025-03-01,LU,masculine,0.535
2025-03-01,LV,feminine,0.532
2025-03-01,LV,masculine,0.468
2025-03-01,LY,feminine,0.487
2025-03-01,LY,masculine,0.513
2025-03-01,MA,feminine,0.495
2025-03-01,MA,masculine,0.505
2025-03-01,MD,feminine,0.574
2025-03-01,MD,masculine,0.426
2025-03-01,MK,feminine,0.552
2025-03-01,MK,masculine,0.448
2025-03-01,MX,feminine,0.482
2025-03-01,MX,masculine,0.518
2025-03-01,MY,feminine,0.483
2025-03-01,MY,masculine,0.517
2025-03-01,MZ,feminine,0.362
2025-03-01,MZ,masculine,0.638
2025-03-01,NG,feminine,0.384
2025-03-01,NG,masculine,0.616
2025-03-01,NI,feminine,0.567
2025-03-01,NI,masculine,0.433
2025-03-01,NL,feminine,0.463
2025-03-01,NL,masculine,0.537
2025-03-01,NO,feminine,0.444
2025-03-01,NO,masculine,0.556
2025-03-01,NP,feminine,0.451
2025-03-01,NP,masculine,0.549
2025-03-01,NZ,feminine,0.478
2025-03-01,NZ,masculine,0.522
2025-03-01,OM,feminine,0.477
2025-03-01,OM,masculine,0.523
2025-03-01,PA,feminine,0.545
2025-03-01,PA,masculine,0.455
2025-03-01,PE,feminine,0.517
2025-03-01,PE,masculine,0.483
2025-03-01,PH,feminine,0.548
2025-03-01,PH,masculine,0.452
2025-03-01,PK,feminine,0.337
2025-03-01,PK,masculine,0.663
2025-03-01,PL,feminine,0.519
2025-03-01,PL,masculine,0.481
2025-03-01,PR,feminine,0.527
2025-03-01,PR,masculine,0.473
2025-03-01,PS,feminine,0.487
2025-03-01,PS,masculine,0.513
2025-03-01,PT,feminine,0.517
2025-03-01,PT,masculine,0.483
2025-03-01,PY,feminine,0.535
2025-03-01,PY,masculine,0.465
2025-03-01,QA,feminine,0.500
2025-03-01,QA,masculine,0.500
2025-03-01,RO,feminine,0.545
2025-03-01,RO,masculine,0.455
2025-03-01,RS,feminine,0.495
2025-03-01,RS,masculine,0.505
2025-03-01,SA,feminine,0.462
2025-03-01,SA,masculine,0.538
2025-03-01,SC,feminine,0.547
2025-03-01,SC,masculine,0.453
2025-03-01,SE,feminine,0.467
2025-03-01,SE,masculine,0.533
2025-03-01,SG,feminine,0.412
2025-03-01,SG,masculine,0.588
2025-03-01,SI,feminine,0.557
2025-03-01,SI,masculine,0.443
2025-03-01,SK,feminine,0.510
2025-03-01,SK,masculine,0.490
2025-03-01,SN,feminine,0.386
2025-03-01,SN,masculine,0.614
2025-03-01,SO,feminine,0.486
2025-03-01,SO,masculine,0.514
2025-03-01,SV,feminine,0.564
2025-03-01,SV,masculine,0.436
2025-03-01,TH,feminine,0.486
2025-03-01,TH,masculine,0.514
2025-03-01,TN,feminine,0.525
2025-03-01,TN,masculine,0.475
2025-03-01,TR,feminine,0.455
2025-03-01,TR,masculine,0.545
2025-03-01,TW,feminine,0.437
2025-03-01,TW,masculine,0.563
2025-03-01,TZ,feminine,0.444
2025-03-01,TZ,masculine,0.556
2025-03-01,UA,feminine,0.530
2025-03-01,UA,masculine,0.470
2025-03-01,UG,feminine,0.479
2025-03-01,UG,masculine,0.521
2025-03-01,US,feminine,0.464
2025-03-01,US,masculine,0.536
2025-03-01,UY,feminine,0.470
2025-03-01,UY,masculine,0.530
2025-03-01,UZ,feminine,0.432
2025-03-01,UZ,masculine,0.568
2025-03-01,VN,feminine,0.509
2025-03-01,VN,masculine,0.491
2025-03-01,ZA,feminine,0.509
2025-03-01,ZA,masculine,0.491
2025-04-01,AE,feminine,0.463
2025-04-01,AE,masculine,0.537
2025-04-01,AF,feminine,0.329
2025-04-01,AF,masculine,0.671
2025-04-01,AL,feminine,0.625
2025-04-01,AL,masculine,0.375
2025-04-01,AM,feminine,0.534
2025-04-01,AM,masculine,0.466
2025-04-01,AO,feminine,0.420
2025-04-01,AO,masculine,0.580
2025-04-01,AR,feminine,0.550
2025-04-01,AR,masculine,0.450
2025-04-01,AT,feminine,0.513
2025-04-01,AT,masculine,0.487
2025-04-01,AU,feminine,0.474
2025-04-01,AU,masculine,0.526
2025-04-01,AZ,feminine,0.486
2025-04-01,AZ,masculine,0.514
2025-04-01,BA,feminine,0.568
2025-04-01,BA,masculine,0.432
2025-04-01,BD,feminine,0.354
2025-04-01,BD,masculine,0.646
2025-04-01,BE,feminine,0.513
2025-04-01,BE,masculine,0.487
2025-04-01,BG,feminine,0.487
2025-04-01,BG,masculine,0.513
2025-04-01,BH,feminine,0.510
2025-04-01,BH,masculine,0.490
2025-04-01,BO,feminine,0.511
2025-04-01,BO,masculine,0.489
2025-04-01,BR,feminine,0.533
2025-04-01,BR,masculine,0.467
2025-04-01,CA,feminine,0.503
2025-04-01,CA,masculine,0.497
2025-04-01,CD,feminine,0.216
2025-04-01,CD,masculine,0.784
2025-04-01,CH,feminine,0.490
2025-04-01,CH,masculine,0.510
2025-04-01,CI,feminine,0.421
2025-04-01,CI,masculine,0.579
2025-04-01,CL,feminine,0.474
2025-04-01,CL,masculine,0.526
2025-04-01,CO,feminine,0.525
2025-04-01,CO,masculine,0.475
2025-04-01,CR,feminine,0.518
2025-04-01,CR,masculine,0.482
2025-04-01,CY,feminine,0.529
2025-04-01,CY,masculine,0.471
2025-04-01,CZ,feminine,0.543
2025-04-01,CZ,masculine,0.457
2025-04-01,DE,feminine,0.476
2025-04-01,DE,masculine,0.524
2025-04-01,DK,feminine,0.494
2025-04-01,DK,masculine,0.506
2025-04-01,DO,feminine,0.574
2025-04-01,DO,masculine,0.426
2025-04-01,DZ,feminine,0.581
2025-04-01,DZ,masculine,0.419
2025-04-01,EC,feminine,0.510
2025-04-01,EC,masculine,0.490
2025-04-01,EE,feminine,0.557
2025-04-01,EE,masculine,0.443
2025-04-01,EG,feminine,0.463
2025-04-01,EG,masculine,0.537
2025-04-01,ES,feminine,0.530
2025-04-01,ES,masculine,0.470
2025-04-01,ET,feminine,0.368
2025-04-01,ET,masculine,0.632
2025-04-01,FI,feminine,0.533
2025-04-01,FI,masculine,0.467
2025-04-01,FR,feminine,0.522
2025-04-01,FR,masculine,0.478
2025-04-01,GB,feminine,0.466
2025-04-01,GB,masculine,0.534
2025-04-01,GE,feminine,0.578
2025-04-01,GE,masculine,0.422
2025-04-01,GH,feminine,0.414
2025-04-01,GH,masculine,0.586
2025-04-01,GR,feminine,0.502
2025-04-01,GR,masculine,0.498
2025-04-01,GT,feminine,0.552
2025-04-01,GT,masculine,0.448
2025-04-01,HN,feminine,0.543
2025-04-01,HN,masculine,0.457
2025-04-01,HR,feminine,0.517
2025-04-01,HR,masculine,0.483
2025-04-01,HU,feminine,0.469
2025-04-01,HU,masculine,0.531
2025-04-01,ID,feminine,0.590
2025-04-01,ID,masculine,0.410
2025-04-01,IE,feminine,0.468
2025-04-01,IE,masculine,0.532
2025-04-01,IL,feminine,0.421
2025-04-01,IL,masculine,0.579
2025-04-01,IN,feminine,0.409
2025-04-01,IN,masculine,0.591
2025-04-01,IQ,feminine,0.502
2025-04-01,IQ,masculine,0.498
2025-04-01,IT,feminine,0.528
2025-04-01,IT,masculine,0.472
2025-04-01,JM,feminine,0.657
2025-04-01,JM,masculine,0.343
2025-04-01,JO,feminine,0.531
2025-04-01,JO,masculine,0.469
2025-04-01,JP,feminine,0.406
2025-04-01,JP,masculine,0.594
2025-04-01,KE,feminine,0.466
2025-04-01,KE,masculine,0.534
2025-04-01,KG,feminine,0.365
2025-04-01,KG,masculine,0.635
2025-04-01,KR,feminine,0.553
2025-04-01,KR,masculine,0.447
2025-04-01,KW,feminine,0.443
2025-04-01,KW,masculine,0.557
2025-04-01,KZ,feminine,0.504
2025-04-01,KZ,masculine,0.496
2025-04-01,LB,feminine,0.610
2025-04-01,LB,masculine,0.390
2025-04-01,LK,feminine,0.558
2025-04-01,LK,masculine,0.442
2025-04-01,LT,feminine,0.505
2025-04-01,LT,masculine,0.495
2025-04-01,LU,feminine,0.566
2025-04-01,LU,masculine,0.434
2025-04-01,LV,feminine,0.586
2025-04-01,LV,masculine,0.414
2025-04-01,LY,feminine,0.448
2025-04-01,LY,masculine,0.552
2025-04-01,MA,feminine,0.488
2025-04-01,MA,masculine,0.512
2025-04-01,MD,feminine,0.674
2025-04-01,MD,masculine,0.326
2025-04-01,MK,feminine,0.499
2025-04-01,MK,masculine,0.501
2025-04-01,MT,feminine,0.494
2025-04-01,MT,masculine,0.506
2025-04-01,MX,feminine,0.484
2025-04-01,MX,masculine,0.516
2025-04-01,MY,feminine,0.491
2025-04-01,MY,masculine,0.509
2025-04-01,MZ,feminine,0.473
2025-04-01,MZ,masculine,0.527
2025-04-01,NG,feminine,0.377
2025-04-01,NG,masculine,0.623
2025-04-01,NI,feminine,0.494
2025-04-01,NI,masculine,0.506
2025-04-01,NL,feminine,0.470
2025-04-01,NL,masculine,0.530
2025-04-01,NO,feminine,0.492
2025-04-01,NO,masculine,0.508
2025-04-01,NP,feminine,0.467
2025-04-01,NP,masculine,0.533
2025-04-01,NZ,feminine,0.499
2025-04-01,NZ,masculine,0.501
2025-04-01,OM,feminine,0.522
2025-04-01,OM,masculine,0.478
2025-04-01,PA,feminine,0.531
2025-04-01,PA,masculine,0.469
2025-04-01,PE,feminine,0.533
2025-04-01,PE,masculine,0.467
2025-04-01,PH,feminine,0.555
2025-04-01,PH,masculine,0.445
2025-04-01,PK,feminine,0.372
2025-04-01,PK,masculine,0.628
2025-04-01,PL,feminine,0.550
2025-04-01,PL,masculine,0.450
2025-04-01,PR,feminine,0.492
2025-04-01,PR,masculine,0.508
2025-04-01,PS,feminine,0.545
2025-04-01,PS,masculine,0.455
2025-04-01,PT,feminine,0.523
2025-04-01,PT,masculine,0.477
2025-04-01,PY,feminine,0.543
2025-04-01,PY,masculine,0.457
2025-04-01,QA,feminine,0.450
2025-04-01,QA,masculine,0.550
2025-04-01,RO,feminine,0.540
2025-04-01,RO,masculine,0.460
2025-04-01,RS,feminine,0.577
2025-04-01,RS,masculine,0.423
2025-04-01,SA,feminine,0.482
2025-04-01,SA,masculine,0.518
2025-04-01,SC,feminine,0.508
2025-04-01,SC,masculine,0.492
2025-04-01,SE,feminine,0.498
2025-04-01,SE,masculine,0.502
2025-04-01,SG,feminine,0.469
2025-04-01,SG,masculine,0.531
2025-04-01,SI,feminine,0.618
2025-04-01,SI,masculine,0.382
2025-04-01,SK,feminine,0.516
2025-04-01,SK,masculine,0.484
2025-04-01,SN,feminine,0.426
2025-04-01,SN,masculine,0.574
2025-04-01,SO,feminine,0.292
2025-04-01,SO,masculine,0.708
2025-04-01,SV,feminine,0.505
2025-04-01,SV,masculine,0.495
2025-04-01,TH,feminine,0.470
2025-04-01,TH,masculine,0.530
2025-04-01,TN,feminine,0.605
2025-04-01,TN,masculine,0.395
2025-04-01,TR,feminine,0.478
2025-04-01,TR,masculine,0.522
2025-04-01,TW,feminine,0.501
2025-04-01,TW,masculine,0.499
2025-04-01,TZ,feminine,0.388
2025-04-01,TZ,masculine,0.612
2025-04-01,UA,feminine,0.534
2025-04-01,UA,masculine,0.466
2025-04-01,US,feminine,0.482
2025-04-01,US,masculine,0.518
2025-04-01,UY,feminine,0.554
2025-04-01,UY,masculine,0.446
2025-04-01,UZ,feminine,0.487
2025-04-01,UZ,masculine,0.513
2025-04-01,VN,feminine,0.514
2025-04-01,VN,masculine,0.486
2025-04-01,ZA,feminine,0.518
2025-04-01,ZA,masculine,0.482
2025-05-01,AE,feminine,0.501
2025-05-01,AE,masculine,0.499
2025-05-01,AF,feminine,0.228
2025-05-01,AF,masculine,0.772
2025-05-01,AL,feminine,0.627
2025-05-01,AL,masculine,0.373
2025-05-01,AM,feminine,0.588
2025-05-01,AM,masculine,0.412
2025-05-01,AO,feminine,0.432
2025-05-01,AO,masculine,0.568
2025-05-01,AR,feminine,0.550
2025-05-01,AR,masculine,0.450
2025-05-01,AT,feminine,0.500
2025-05-01,AT,masculine,0.500
2025-05-01,AU,feminine,0.511
2025-05-01,AU,masculine,0.489
2025-05-01,AZ,feminine,0.485
2025-05-01,AZ,masculine,0.515
2025-05-01,BA,feminine,0.607
2025-05-01,BA,masculine,0.393
2025-05-01,BD,feminine,0.349
2025-05-01,BD,masculine,0.651
2025-05-01,BE,feminine,0.522
2025-05-01,BE,masculine,0.478
2025-05-01,BG,feminine,0.512
2025-05-01,BG,masculine,0.488
2025-05-01,BH,feminine,0.577
2025-05-01,BH,masculine,0.423
2025-05-01,BO,feminine,0.559
2025-05-01,BO,masculine,0.441
2025-05-01,BR,feminine,0.550
2025-05-01,BR,masculine,0.450
2025-05-01,CA,feminine,0.498
2025-05-01,CA,masculine,0.502
2025-05-01,CD,feminine,0.477
2025-05-01,CD,masculine,0.523
2025-05-01,CH,feminine,0.515
2025-05-01,CH,masculine,0.485
2025-05-01,CI,feminine,0.390
2025-05-01,CI,masculine,0.610
2025-05-01,CL,feminine,0.509
2025-05-01,CL,masculine,0.491
2025-05-01,CM,feminine,0.393
2025-05-01,CM,masculine,0.607
2025-05-01,CO,feminine,0.527
2025-05-01,CO,masculine,0.473
2025-05-01,CR,feminine,0.521
2025-05-01,CR,masculine,0.479
2025-05-01,CY,feminine,0.469
2025-05-01,CY,masculine,0.531
2025-05-01,CZ,feminine,0.555
2025-05-01,CZ,masculine,0.445
2025-05-01,DE,feminine,0.491
2025-05-01,DE,masculine,0.509
2025-05-01,DK,feminine,0.478
2025-05-01,DK,masculine,0.522
2025-05-01,DO,feminine,0.561
2025-05-01,DO,masculine,0.439
2025-05-01,DZ,feminine,0.591
2025-05-01,DZ,masculine,0.409
2025-05-01,EC,feminine,0.524
2025-05-01,EC,masculine,0.476
2025-05-01,EE,feminine,0.619
2025-05-01,EE,masculine,0.381
2025-05-01,EG,feminine,0.480
2025-05-01,EG,masculine,0.520
2025-05-01,ES,feminine,0.543
2025-05-01,ES,masculine,0.457
2025-05-01,ET,feminine,0.434
2025-05-01,ET,masculine,0.566
2025-05-01,FI,feminine,0.473
2025-05-01,FI,masculine,0.527
2025-05-01,FR,feminine,0.518
2025-05-01,FR,masculine,0.482
2025-05-01,GB,feminine,0.480
2025-05-01,GB,masculine,0.520
2025-05-01,GE,feminine,0.597
2025-05-01,GE,masculine,0.403
2025-05-01,GH,feminine,0.404
2025-05-01,GH,masculine,0.596
2025-05-01,GR,feminine,0.497
2025-05-01,GR,masculine,0.503
2025-05-01,GT,feminine,0.493
2025-05-01,GT,masculine,0.507
2025-05-01,HN,feminine,0.599
2025-05-01,HN,masculine,0.401
2025-05-01,HR,feminine,0.563
2025-05-01,HR,masculine,0.437
2025-05-01,HU,feminine,0.496
2025-05-01,HU,masculine,0.504
2025-05-01,ID,feminine,0.580
2025-05-01,ID,masculine,0.420
2025-05-01,IE,feminine,0.509
2025-05-01,IE,masculine,0.491
2025-05-01,IL,feminine,0.452
2025-05-01,IL,masculine,0.548
2025-05-01,IN,feminine,0.412
2025-05-01,IN,masculine,0.588
2025-05-01,IQ,feminine,0.495
2025-05-01,IQ,masculine,0.505
2025-05-01,IT,feminine,0.548
2025-05-01,IT,masculine,0.452
2025-05-01,JO,feminine,0.518
2025-05-01,JO,masculine,0.482
2025-05-01,JP,feminine,0.423
2025-05-01,JP,masculine,0.577
2025-05-01,KE,feminine,0.507
2025-05-01,KE,masculine,0.493
2025-05-01,KG,feminine,0.522
2025-05-01,KG,masculine,0.478
2025-05-01,KR,feminine,0.529
2025-05-01,KR,masculine,0.471
2025-05-01,KW,feminine,0.504
2025-05-01,KW,masculine,0.496
2025-05-01,KZ,feminine,0.480
2025-05-01,KZ,masculine,0.520
2025-05-01,LB,feminine,0.586
2025-05-01,LB,masculine,0.414
2025-05-01,LK,feminine,0.540
2025-05-01,LK,masculine,0.460
2025-05-01,LT,feminine,0.491
2025-05-01,LT,masculine,0.509
2025-05-01,LV,feminine,0.520
2025-05-01,LV,masculine,0.480
2025-05-01,LY,feminine,0.582
2025-05-01,LY,masculine,0.418
2025-05-01,MA,feminine,0.526
2025-05-01,MA,masculine,0.474
2025-05-01,MD,feminine,0.545
2025-05-01,MD,masculine,0.455
2025-05-01,MG,feminine,0.485
2025-05-01,MG,masculine,0.515
2025-05-01,MK,feminine,0.462
2025-05-01,MK,masculine,0.538
2025-05-01,MM,feminine,0.428
2025-05-01,MM,masculine,0.572
2025-05-01,MX,feminine,0.496
2025-05-01,MX,masculine,0.504
2025-05-01,MY,feminine,0.509
2025-05-01,MY,masculine,0.491
2025-05-01,MZ,feminine,0.426
2025-05-01,MZ,masculine,0.574
2025-05-01,NG,feminine,0.393
2025-05-01,NG,masculine,0.607
2025-05-01,NI,feminine,0.560
2025-05-01,NI,masculine,0.440
2025-05-01,NL,feminine,0.467
2025-05-01,NL,masculine,0.533
2025-05-01,NO,feminine,0.462
2025-05-01,NO,masculine,0.538
2025-05-01,NP,feminine,0.477
2025-05-01,NP,masculine,0.523
2025-05-01,NZ,feminine,0.559
2025-05-01,NZ,masculine,0.441
2025-05-01,OM,feminine,0.469
2025-05-01,OM,masculine,0.531
2025-05-01,PA,feminine,0.510
2025-05-01,PA,masculine,0.490
2025-05-01,PE,feminine,0.538
2025-05-01,PE,masculine,0.462
2025-05-01,PH,feminine,0.535
2025-05-01,PH,masculine,0.465
2025-05-01,PK,feminine,0.376
2025-05-01,PK,masculine,0.624
2025-05-01,PL,feminine,0.560
2025-05-01,PL,masculine,0.440
2025-05-01,PR,feminine,0.527
2025-05-01,PR,masculine,0.473
2025-05-01,PS,feminine,0.600
2025-05-01,PS,masculine,0.400
2025-05-01,PT,feminine,0.547
2025-05-01,PT,masculine,0.453
2025-05-01,PY,feminine,0.509
2025-05-01,PY,masculine,0.491
2025-05-01,QA,feminine,0.449
2025-05-01,QA,masculine,0.551
2025-05-01,RO,feminine,0.552
2025-05-01,RO,masculine,0.448
2025-05-01,RS,feminine,0.577
2025-05-01,RS,masculine,0.423
2025-05-01,SA,feminine,0.493
2025-05-01,SA,masculine,0.507
2025-05-01,SE,feminine,0.483
2025-05-01,SE,masculine,0.517
2025-05-01,SG,feminine,0.455
2025-05-01,SG,masculine,0.545
2025-05-01,SI,feminine,0.597
2025-05-01,SI,masculine,0.403
2025-05-01,SK,feminine,0.529
2025-05-01,SK,masculine,0.471
2025-05-01,SN,feminine,0.526
2025-05-01,SN,masculine,0.474
2025-05-01,SO,feminine,0.455
2025-05-01,SO,masculine,0.545
2025-05-01,SV,feminine,0.535
2025-05-01,SV,masculine,0.465
2025-05-01,TH,feminine,0.419
2025-05-01,TH,masculine,0.581
2025-05-01,TN,feminine,0.588
2025-05-01,TN,masculine,0.412
2025-05-01,TR,feminine,0.485
2025-05-01,TR,masculine,0.515
2025-05-01,TW,feminine,0.469
2025-05-01,TW,masculine,0.531
2025-05-01,TZ,feminine,0.390
2025-05-01,TZ,masculine,0.610
2025-05-01,UA,feminine,0.559
2025-05-01,UA,masculine,0.441
2025-05-01,US,feminine,0.481
2025-05-01,US,masculine,0.519
2025-05-01,UY,feminine,0.536
2025-05-01,UY,masculine,0.464
2025-05-01,UZ,feminine,0.453
2025-05-01,UZ,masculine,0.547
2025-05-01,VN,feminine,0.516
2025-05-01,VN,masculine,0.484
2025-05-01,YE,feminine,0.265
2025-05-01,YE,masculine,0.735
2025-05-01,ZA,feminine,0.532
2025-05-01,ZA,masculine,0.468
2025-06-01,AE,feminine,0.472
2025-06-01,AE,masculine,0.528
2025-06-01,AF,feminine,0.260
2025-06-01,AF,masculine,0.740
2025-06-01,AL,feminine,0.627
2025-06-01,AL,masculine,0.373
2025-06-01,AM,feminine,0.631
2025-06-01,AM,masculine,0.369
2025-06-01,AO,feminine,0.379
2025-06-01,AO,masculine,0.621
2025-06-01,AR,feminine,0.555
2025-06-01,AR,masculine,0.445
2025-06-01,AT,feminine,0.476
2025-06-01,AT,masculine,0.524
2025-06-01,AU,feminine,0.506
2025-06-01,AU,masculine,0.494
2025-06-01,AZ,feminine,0.484
2025-06-01,AZ,masculine,0.516
2025-06-01,BA,feminine,0.617
2025-06-01,BA,masculine,0.383
2025-06-01,BD,feminine,0.316
2025-06-01,BD,masculine,0.684
2025-06-01,BE,feminine,0.512
2025-06-01,BE,masculine,0.488
2025-06-01,BG,feminine,0.458
2025-06-01,BG,masculine,0.542
2025-06-01,BO,feminine,0.547
2025-06-01,BO,masculine,0.453
2025-06-01,BR,feminine,0.564
2025-06-01,BR,masculine,0.436
2025-06-01,CA,feminine,0.494
2025-06-01,CA,masculine,0.506
2025-06-01,CD,feminine,0.320
2025-06-01,CD,masculine,0.680
2025-06-01,CH,feminine,0.500
2025-06-01,CH,masculine,0.500
2025-06-01,CI,feminine,0.448
2025-06-01,CI,masculine,0.552
2025-06-01,CL,feminine,0.519
2025-06-01,CL,masculine,0.481
2025-06-01,CM,feminine,0.452
2025-06-01,CM,masculine,0.548
2025-06-01,CO,feminine,0.542
2025-06-01,CO,masculine,0.458
2025-06-01,CR,feminine,0.535
2025-06-01,CR,masculine,0.465
2025-06-01,CY,feminine,0.571
2025-06-01,CY,masculine,0.429
2025-06-01,CZ,feminine,0.541
2025-06-01,CZ,masculine,0.459
2025-06-01,DE,feminine,0.489
2025-06-01,DE,masculine,0.511
2025-06-01,DK,feminine,0.491
2025-06-01,DK,masculine,0.509
2025-06-01,DO,feminine,0.592
2025-06-01,DO,masculine,0.408
2025-06-01,DZ,feminine,0.578
2025-06-01,DZ,masculine,0.422
2025-06-01,EC,feminine,0.571
2025-06-01,EC,masculine,0.429
2025-06-01,EE,feminine,0.538
2025-06-01,EE,masculine,0.462
2025-06-01,EG,feminine,0.468
2025-06-01,EG,masculine,0.532
2025-06-01,ES,feminine,0.521
2025-06-01,ES,masculine,0.479
2025-06-01,ET,feminine,0.391
2025-06-01,ET,masculine,0.609
2025-06-01,FI,feminine,0.501
2025-06-01,FI,masculine,0.499
2025-06-01,FR,feminine,0.523
2025-06-01,FR,masculine,0.477
2025-06-01,GB,feminine,0.465
2025-06-01,GB,masculine,0.535
2025-06-01,GE,feminine,0.602
2025-06-01,GE,masculine,0.398
2025-06-01,GH,feminine,0.399
2025-06-01,GH,masculine,0.601
2025-06-01,GR,feminine,0.508
2025-06-01,GR,masculine,0.492
2025-06-01,GT,feminine,0.474
2025-06-01,GT,masculine,0.526
2025-06-01,HN,feminine,0.571
2025-06-01,HN,masculine,0.429
2025-06-01,HR,feminine,0.588
2025-06-01,HR,masculine,0.412
2025-06-01,HU,feminine,0.506
2025-06-01,HU,masculine,0.494
2025-06-01,ID,feminine,0.570
2025-06-01,ID,masculine,0.430
2025-06-01,IE,feminine,0.484
2025-06-01,IE,masculine,0.516
2025-06-01,IL,feminine,0.437
2025-06-01,IL,masculine,0.563
2025-06-01,IN,feminine,0.414
2025-06-01,IN,masculine,0.586
2025-06-01,IQ,feminine,0.458
2025-06-01,IQ,masculine,0.542
2025-06-01,IT,feminine,0.542
2025-06-01,IT,masculine,0.458
2025-06-01,JO,feminine,0.493
2025-06-01,JO,masculine,0.507
2025-06-01,JP,feminine,0.409
2025-06-01,JP,masculine,0.591
2025-06-01,KE,feminine,0.486
2025-06-01,KE,masculine,0.514
2025-06-01,KG,feminine,0.458
2025-06-01,KG,masculine,0.542
2025-06-01,KH,feminine,0.351
2025-06-01,KH,masculine,0.649
2025-06-01,KR,feminine,0.565
2025-06-01,KR,masculine,0.435
2025-06-01,KW,feminine,0.432
2025-06-01,KW,masculine,0.568
2025-06-01,KZ,feminine,0.470
2025-06-01,KZ,masculine,0.530
2025-06-01,LB,feminine,0.576
2025-06-01,LB,masculine,0.424
2025-06-01,LK,feminine,0.571
2025-06-01,LK,masculine,0.429
2025-06-01,LT,feminine,0.455
2025-06-01,LT,masculine,0.545
2025-06-01,LU,feminine,0.537
2025-06-01,LU,masculine,0.463
2025-06-01,LV,feminine,0.594
2025-06-01,LV,masculine,0.406
2025-06-01,LY,feminine,0.546
2025-06-01,LY,masculine,0.454
2025-06-01,MA,feminine,0.486
2025-06-01,MA,masculine,0.514
2025-06-01,MD,feminine,0.617
2025-06-01,MD,masculine,0.383
2025-06-01,MK,feminine,0.599
2025-06-01,MK,masculine,0.401
2025-06-01,MM,feminine,0.426
2025-06-01,MM,masculine,0.574
2025-06-01,MX,feminine,0.511
2025-06-01,MX,masculine,0.489
2025-06-01,MY,feminine,0.520
2025-06-01,MY,masculine,0.480
2025-06-01,MZ,feminine,0.387
2025-06-01,MZ,masculine,0.613
2025-06-01,NG,feminine,0.391
2025-06-01,NG,masculine,0.609
2025-06-01,NI,feminine,0.520
2025-06-01,NI,masculine,0.480
2025-06-01,NL,feminine,0.474
2025-06-01,NL,masculine,0.526
2025-06-01,NO,feminine,0.487
2025-06-01,NO,masculine,0.513
2025-06-01,NP,feminine,0.473
2025-06-01,NP,masculine,0.527
2025-06-01,NZ,feminine,0.490
2025-06-01,NZ,masculine,0.510
2025-06-01,OM,feminine,0.438
2025-06-01,OM,masculine,0.562
2025-06-01,PA,feminine,0.578
2025-06-01,PA,masculine,0.422
2025-06-01,PE,feminine,0.539
2025-06-01,PE,masculine,0.461
2025-06-01,PH,feminine,0.537
2025-06-01,PH,masculine,0.463
2025-06-01,PK,feminine,0.363
2025-06-01,PK,masculine,0.637
2025-06-01,PL,feminine,0.560
2025-06-01,PL,masculine,0.440
2025-06-01,PR,feminine,0.581
2025-06-01,PR,masculine,0.419
2025-06-01,PS,feminine,0.582
2025-06-01,PS,masculine,0.418
2025-06-01,PT,feminine,0.543
2025-06-01,PT,masculine,0.457
2025-06-01,PY,feminine,0.577
2025-06-01,PY,masculine,0.423
2025-06-01,QA,feminine,0.414
2025-06-01,QA,masculine,0.586
2025-06-01,RO,feminine,0.558
2025-06-01,RO,masculine,0.442
2025-06-01,RS,feminine,0.578
2025-06-01,RS,masculine,0.422
2025-06-01,SA,feminine,0.454
2025-06-01,SA,masculine,0.546
2025-06-01,SE,feminine,0.476
2025-06-01,SE,masculine,0.524
2025-06-01,SG,feminine,0.452
2025-06-01,SG,masculine,0.548
2025-06-01,SI,feminine,0.501
2025-06-01,SI,masculine,0.499
2025-06-01,SK,feminine,0.512
2025-06-01,SK,masculine,0.488
2025-06-01,SN,feminine,0.500
2025-06-01,SN,masculine,0.500
2025-06-01,SO,feminine,0.369
2025-06-01,SO,masculine,0.631
2025-06-01,SV,feminine,0.464
2025-06-01,SV,masculine,0.536
2025-06-01,TH,feminine,0.482
2025-06-01,TH,masculine,0.518
2025-06-01,TN,feminine,0.544
2025-06-01,TN,masculine,0.456
2025-06-01,TR,feminine,0.487
2025-06-01,TR,masculine,0.513
2025-06-01,TW,feminine,0.495
2025-06-01,TW,masculine,0.505
2025-06-01,TZ,feminine,0.466
2025-06-01,TZ,masculine,0.534
2025-06-01,UA,feminine,0.563
2025-06-01,UA,masculine,0.437
2025-06-01,US,feminine,0.493
2025-06-01,US,masculine,0.507
2025-06-01,UY,feminine,0.527
2025-06-01,UY,masculine,0.473
2025-06-01,UZ,feminine,0.450
2025-06-01,UZ,masculine,0.550
2025-06-01,VN,feminine,0.517
2025-06-01,VN,masculine,0.483
2025-06-01,YE,feminine,0.381
2025-06-01,YE,masculine,0.619
2025-06-01,ZA,feminine,0.527
2025-06-01,ZA,masculine,0.473
2025-07-01,AE,feminine,0.459
2025-07-01,AE,masculine,0.541
2025-07-01,AF,feminine,0.231
2025-07-01,AF,masculine,0.769
2025-07-01,AL,feminine,0.531
2025-07-01,AL,masculine,0.469
2025-07-01,AM,feminine,0.520
2025-07-01,AM,masculine,0.480
2025-07-01,AO,feminine,0.417
2025-07-01,AO,masculine,0.583
2025-07-01,AR,feminine,0.570
2025-07-01,AR,masculine,0.430
2025-07-01,AT,feminine,0.517
2025-07-01,AT,masculine,0.483
2025-07-01,AU,feminine,0.494
2025-07-01,AU,masculine,0.506
2025-07-01,AZ,feminine,0.504
2025-07-01,AZ,masculine,0.496
2025-07-01,BA,feminine,0.600
2025-07-01,BA,masculine,0.400
2025-07-01,BD,feminine,0.347
2025-07-01,BD,masculine,0.653
2025-07-01,BE,feminine,0.509
2025-07-01,BE,masculine,0.491
2025-07-01,BG,feminine,0.449
2025-07-01,BG,masculine,0.551
2025-07-01,BO,feminine,0.495
2025-07-01,BO,masculine,0.505
2025-07-01,BR,feminine,0.578
2025-07-01,BR,masculine,0.422
2025-07-01,CA,feminine,0.483
2025-07-01,CA,masculine,0.517
2025-07-01,CD,feminine,0.348
2025-07-01,CD,masculine,0.652
2025-07-01,CH,feminine,0.477
2025-07-01,CH,masculine,0.523
2025-07-01,CI,feminine,0.487
2025-07-01,CI,masculine,0.513
2025-07-01,CL,feminine,0.519
2025-07-01,CL,masculine,0.481
2025-07-01,CO,feminine,0.542
2025-07-01,CO,masculine,0.458
2025-07-01,CR,feminine,0.502
2025-07-01,CR,masculine,0.498
2025-07-01,CY,feminine,0.502
2025-07-01,CY,masculine,0.498
2025-07-01,CZ,feminine,0.559
2025-07-01,CZ,masculine,0.441
2025-07-01,DE,feminine,0.496
2025-07-01,DE,masculine,0.504
2025-07-01,DK,feminine,0.434
2025-07-01,DK,masculine,0.566
2025-07-01,DO,feminine,0.575
2025-07-01,DO,masculine,0.425
2025-07-01,DZ,feminine,0.611
2025-07-01,DZ,masculine,0.389
2025-07-01,EC,feminine,0.553
2025-07-01,EC,masculine,0.447
2025-07-01,EE,feminine,0.531
2025-07-01,EE,masculine,0.469
2025-07-01,EG,feminine,0.462
2025-07-01,EG,masculine,0.538
2025-07-01,ES,feminine,0.508
2025-07-01,ES,masculine,0.492
2025-07-01,ET,feminine,0.350
2025-07-01,ET,masculine,0.650
2025-07-01,FI,feminine,0.476
2025-07-01,FI,masculine,0.524
2025-07-01,FR,feminine,0.513
2025-07-01,FR,masculine,0.487
2025-07-01,GB,feminine,0.466
2025-07-01,GB,masculine,0.534
2025-07-01,GE,feminine,0.516
2025-07-01,GE,masculine,0.484
2025-07-01,GH,feminine,0.396
2025-07-01,GH,masculine,0.604
2025-07-01,GR,feminine,0.499
2025-07-01,GR,masculine,0.501
2025-07-01,GT,feminine,0.527
2025-07-01,GT,masculine,0.473
2025-07-01,HN,feminine,0.562
2025-07-01,HN,masculine,0.438
2025-07-01,HR,feminine,0.533
2025-07-01,HR,masculine,0.467
2025-07-01,HU,feminine,0.478
2025-07-01,HU,masculine,0.522
2025-07-01,ID,feminine,0.568
2025-07-01,ID,masculine,0.432
2025-07-01,IE,feminine,0.500
2025-07-01,IE,masculine,0.500
2025-07-01,IL,feminine,0.447
2025-07-01,IL,masculine,0.553
2025-07-01,IN,feminine,0.412
2025-07-01,IN,masculine,0.588
2025-07-01,IQ,feminine,0.484
2025-07-01,IQ,masculine,0.516
2025-07-01,IT,feminine,0.540
2025-07-01,IT,masculine,0.460
2025-07-01,JO,feminine,0.478
2025-07-01,JO,masculine,0.522
2025-07-01,JP,feminine,0.447
2025-07-01,JP,masculine,0.553
2025-07-01,KE,feminine,0.508
2025-07-01,KE,masculine,0.492
2025-07-01,KG,feminine,0.468
2025-07-01,KG,masculine,0.532
2025-07-01,KH,feminine,0.375
2025-07-01,KH,masculine,0.625
2025-07-01,KR,feminine,0.548
2025-07-01,KR,masculine,0.452
2025-07-01,KW,feminine,0.492
2025-07-01,KW,masculine,0.508
2025-07-01,KZ,feminine,0.491
2025-07-01,KZ,masculine,0.509
2025-07-01,LB,feminine,0.563
2025-07-01,LB,masculine,0.437
2025-07-01,LK,feminine,0.574
2025-07-01,LK,masculine,0.426
2025-07-01,LT,feminine,0.559
2025-07-01,LT,masculine,0.441
2025-07-01,LV,feminine,0.540
2025-07-01,LV,masculine,0.460
2025-07-01,LY,feminine,0.604
2025-07-01,LY,masculine,0.396
2025-07-01,MA,feminine,0.502
2025-07-01,MA,masculine,0.498
2025-07-01,MD,feminine,0.637
2025-07-01,MD,masculine,0.363
2025-07-01,MK,feminine,0.505
2025-07-01,MK,masculine,0.495
2025-07-01,MM,feminine,0.374
2025-07-01,MM,masculine,0.626
2025-07-01,MX,feminine,0.497
2025-07-01,MX,masculine,0.503
2025-07-01,MY,feminine,0.530
2025-07-01,MY,masculine,0.470
2025-07-01,MZ,feminine,0.380
2025-07-01,MZ,masculine,0.620
2025-07-01,NG,feminine,0.390
2025-07-01,NG,masculine,0.610
2025-07-01,NI,feminine,0.510
2025-07-01,NI,masculine,0.490
2025-07-01,NL,feminine,0.471
2025-07-01,NL,masculine,0.529
2025-07-01,NO,feminine,0.502
2025-07-01,NO,masculine,0.498
2025-07-01,NP,feminine,0.505
2025-07-01,NP,masculine,0.495
2025-07-01,NZ,feminine,0.519
2025-07-01,NZ,masculine,0.481
2025-07-01,OM,feminine,0.446
2025-07-01,OM,masculine,0.554
2025-07-01,PA,feminine,0.549
2025-07-01,PA,masculine,0.451
2025-07-01,PE,feminine,0.538
2025-07-01,PE,masculine,0.462
2025-07-01,PH,feminine,0.558
2025-07-01,PH,masculine,0.442
2025-07-01,PK,feminine,0.339
2025-07-01,PK,masculine,0.661
2025-07-01,PL,feminine,0.542
2025-07-01,PL,masculine,0.458
2025-07-01,PR,feminine,0.575
2025-07-01,PR,masculine,0.425
2025-07-01,PS,feminine,0.482
2025-07-01,PS,masculine,0.518
2025-07-01,PT,feminine,0.510
2025-07-01,PT,masculine,0.490
2025-07-01,PY,feminine,0.593
2025-07-01,PY,masculine,0.407
2025-07-01,QA,feminine,0.420
2025-07-01,QA,masculine,0.580
2025-07-01,RO,feminine,0.559
2025-07-01,RO,masculine,0.441
2025-07-01,RS,feminine,0.612
2025-07-01,RS,masculine,0.388
2025-07-01,SA,feminine,0.447
2025-07-01,SA,masculine,0.553
2025-07-01,SE,feminine,0.461
2025-07-01,SE,masculine,0.539
2025-07-01,SG,feminine,0.475
2025-07-01,SG,masculine,0.525
2025-07-01,SI,feminine,0.536
2025-07-01,SI,masculine,0.464
2025-07-01,SK,feminine,0.487
2025-07-01,SK,masculine,0.513
2025-07-01,SN,feminine,0.484
2025-07-01,SN,masculine,0.516
2025-07-01,SO,feminine,0.371
2025-07-01,SO,masculine,0.629
2025-07-01,SV,feminine,0.487
2025-07-01,SV,masculine,0.513
2025-07-01,TH,feminine,0.537
2025-07-01,TH,masculine,0.463
2025-07-01,TN,feminine,0.594
2025-07-01,TN,masculine,0.406
2025-07-01,TR,feminine,0.491
2025-07-01,TR,masculine,0.509
2025-07-01,TW,feminine,0.450
2025-07-01,TW,masculine,0.550
2025-07-01,TZ,feminine,0.462
2025-07-01,TZ,masculine,0.538
2025-07-01,UA,feminine,0.558
2025-07-01,UA,masculine,0.442
2025-07-01,US,feminine,0.495
2025-07-01,US,masculine,0.505
2025-07-01,UY,feminine,0.514
2025-07-01,UY,masculine,0.486
2025-07-01,UZ,feminine,0.488
2025-07-01,UZ,masculine,0.512
2025-07-01,VN,feminine,0.500
2025-07-01,VN,masculine,0.500
2025-07-01,YE,feminine,0.389
2025-07-01,YE,masculine,0.611
2025-07-01,ZA,feminine,0.514
2025-07-01,ZA,masculine,0.486
2025-08-01,AE,feminine,0.468
2025-08-01,AE,masculine,0.532
2025-08-01,AF,feminine,0.240
2025-08-01,AF,masculine,0.760
2025-08-01,AL,feminine,0.548
2025-08-01,AL,masculine,0.452
2025-08-01,AM,feminine,0.478
2025-08-01,AM,masculine,0.522
2025-08-01,AO,feminine,0.311
2025-08-01,AO,masculine,0.689
2025-08-01,AR,feminine,0.587
2025-08-01,AR,masculine,0.413
2025-08-01,AT,feminine,0.506
2025-08-01,AT,masculine,0.494
2025-08-01,AU,feminine,0.509
2025-08-01,AU,masculine,0.491
2025-08-01,AZ,feminine,0.506
2025-08-01,AZ,masculine,0.494
2025-08-01,BA,feminine,0.559
2025-08-01,BA,masculine,0.441
2025-08-01,BD,feminine,0.368
2025-08-01,BD,masculine,0.632
2025-08-01,BE,feminine,0.510
2025-08-01,BE,masculine,0.490
2025-08-01,BG,feminine,0.456
2025-08-01,BG,masculine,0.544
2025-08-01,BO,feminine,0.540
2025-08-01,BO,masculine,0.460
2025-08-01,BR,feminine,0.583
2025-08-01,BR,masculine,0.417
2025-08-01,CA,feminine,0.498
2025-08-01,CA,masculine,0.502
2025-08-01,CD,feminine,0.403
2025-08-01,CD,masculine,0.597
2025-08-01,CH,feminine,0.488
2025-08-01,CH,masculine,0.512
2025-08-01,CI,feminine,0.437
2025-08-01,CI,masculine,0.563
2025-08-01,CL,feminine,0.547
2025-08-01,CL,masculine,0.453
2025-08-01,CO,feminine,0.563
2025-08-01,CO,masculine,0.437
2025-08-01,CR,feminine,0.498
2025-08-01,CR,masculine,0.502
2025-08-01,CY,feminine,0.533
2025-08-01,CY,masculine,0.467
2025-08-01,CZ,feminine,0.557
2025-08-01,CZ,masculine,0.443
2025-08-01,DE,feminine,0.495
2025-08-01,DE,masculine,0.505
2025-08-01,DK,feminine,0.500
2025-08-01,DK,masculine,0.500
2025-08-01,DO,feminine,0.599
2025-08-01,DO,masculine,0.401
2025-08-01,DZ,feminine,0.572
2025-08-01,DZ,masculine,0.428
2025-08-01,EC,feminine,0.567
2025-08-01,EC,masculine,0.433
2025-08-01,EE,feminine,0.538
2025-08-01,EE,masculine,0.462
2025-08-01,EG,feminine,0.488
2025-08-01,EG,masculine,0.512
2025-08-01,ES,feminine,0.512
2025-08-01,ES,masculine,0.488
2025-08-01,ET,feminine,0.443
2025-08-01,ET,masculine,0.557
2025-08-01,FI,feminine,0.498
2025-08-01,FI,masculine,0.502
2025-08-01,FR,feminine,0.515
2025-08-01,FR,masculine,0.485
2025-08-01,GB,feminine,0.467
2025-08-01,GB,masculine,0.533
2025-08-01,GE,feminine,0.574
2025-08-01,GE,masculine,0.426
2025-08-01,GH,feminine,0.445
2025-08-01,GH,masculine,0.555
2025-08-01,GR,feminine,0.503
2025-08-01,GR,masculine,0.497
2025-08-01,GT,feminine,0.552
2025-08-01,GT,masculine,0.448
2025-08-01,HN,feminine,0.620
2025-08-01,HN,masculine,0.380
2025-08-01,HR,feminine,0.554
2025-08-01,HR,masculine,0.446
2025-08-01,HU,feminine,0.496
2025-08-01,HU,masculine,0.504
2025-08-01,ID,feminine,0.571
2025-08-01,ID,masculine,0.429
2025-08-01,IE,feminine,0.465
2025-08-01,IE,masculine,0.535
2025-08-01,IL,feminine,0.475
2025-08-01,IL,masculine,0.525
2025-08-01,IN,feminine,0.412
2025-08-01,IN,masculine,0.588
2025-08-01,IQ,feminine,0.494
2025-08-01,IQ,masculine,0.506
2025-08-01,IT,feminine,0.525
2025-08-01,IT,masculine,0.475
2025-08-01,JO,feminine,0.532
2025-08-01,JO,masculine,0.468
2025-08-01,JP,feminine,0.473
2025-08-01,JP,masculine,0.527
2025-08-01,KE,feminine,0.531
2025-08-01,KE,masculine,0.469
2025-08-01,KG,feminine,0.432
2025-08-01,KG,masculine,0.568
2025-08-01,KR,feminine,0.566
2025-08-01,KR,masculine,0.434
2025-08-01,KW,feminine,0.448
2025-08-01,KW,masculine,0.552
2025-08-01,KZ,feminine,0.484
2025-08-01,KZ,masculine,0.516
2025-08-01,LB,feminine,0.533
2025-08-01,LB,masculine,0.467
2025-08-01,LK,feminine,0.557
2025-08-01,LK,masculine,0.443
2025-08-01,LT,feminine,0.506
2025-08-01,LT,masculine,0.494
2025-08-01,LV,feminine,0.520
2025-08-01,LV,masculine,0.480
2025-08-01,LY,feminine,0.514
2025-08-01,LY,masculine,0.486
2025-08-01,MA,feminine,0.466
2025-08-01,MA,masculine,0.534
2025-08-01,MD,feminine,0.606
2025-08-01,MD,masculine,0.394
2025-08-01,ME,feminine,0.584
2025-08-01,ME,masculine,0.416
2025-08-01,MK,feminine,0.561
2025-08-01,MK,masculine,0.439
2025-08-01,MM,feminine,0.418
2025-08-01,MM,masculine,0.582
2025-08-01,MX,feminine,0.511
2025-08-01,MX,masculine,0.489
2025-08-01,MY,feminine,0.512
2025-08-01,MY,masculine,0.488
2025-08-01,MZ,feminine,0.365
2025-08-01,MZ,masculine,0.635
2025-08-01,NG,feminine,0.371
2025-08-01,NG,masculine,0.629
2025-08-01,NI,feminine,0.541
2025-08-01,NI,masculine,0.459
2025-08-01,NL,feminine,0.465
2025-08-01,NL,masculine,0.535
2025-08-01,NO,feminine,0.492
2025-08-01,NO,masculine,0.508
2025-08-01,NP,feminine,0.475
2025-08-01,NP,masculine,0.525
2025-08-01,NZ,feminine,0.499
2025-08-01,NZ,masculine,0.501
2025-08-01,OM,feminine,0.509
2025-08-01,OM,masculine,0.491
2025-08-01,PA,feminine,0.537
2025-08-01,PA,masculine,0.463
2025-08-01,PE,feminine,0.521
2025-08-01,PE,masculine,0.479
2025-08-01,PH,feminine,0.574
2025-08-01,PH,masculine,0.426
2025-08-01,PK,feminine,0.362
2025-08-01,PK,masculine,0.638
2025-08-01,PL,feminine,0.545
2025-08-01,PL,masculine,0.455
2025-08-01,PR,feminine,0.512
2025-08-01,PR,masculine,0.488
2025-08-01,PS,feminine,0.559
2025-08-01,PS,masculine,0.441
2025-08-01,PT,feminine,0.518
2025-08-01,PT,masculine,0.482
2025-08-01,PY,feminine,0.557
2025-08-01,PY,masculine,0.443
2025-08-01,QA,feminine,0.475
2025-08-01,QA,masculine,0.525
2025-08-01,RO,feminine,0.542
2025-08-01,RO,masculine,0.458
2025-08-01,RS,feminine,0.587
2025-08-01,RS,masculine,0.413
2025-08-01,SA,feminine,0.468
2025-08-01,SA,masculine,0.532
2025-08-01,SE,feminine,0.453
2025-08-01,SE,masculine,0.547
2025-08-01,SG,feminine,0.446
2025-08-01,SG,masculine,0.554
2025-08-01,SI,feminine,0.555
2025-08-01,SI,masculine,0.445
2025-08-01,SK,feminine,0.494
2025-08-01,SK,masculine,0.506
2025-08-01,SN,feminine,0.447
2025-08-01,SN,masculine,0.553
2025-08-01,SO,feminine,0.449
2025-08-01,SO,masculine,0.551
2025-08-01,SV,feminine,0.576
2025-08-01,SV,masculine,0.424
2025-08-01,TH,feminine,0.495
2025-08-01,TH,masculine,0.505
2025-08-01,TN,feminine,0.521
2025-08-01,TN,masculine,0.479
2025-08-01,TR,feminine,0.499
2025-08-01,TR,masculine,0.501
2025-08-01,TW,feminine,0.509
2025-08-01,TW,masculine,0.491
2025-08-01,TZ,feminine,0.452
2025-08-01,TZ,masculine,0.548
2025-08-01,UA,feminine,0.540
2025-08-01,UA,masculine,0.460
2025-08-01,US,feminine,0.494
2025-08-01,US,masculine,0.506
2025-08-01,UY,feminine,0.538
2025-08-01,UY,masculine,0.462
2025-08-01,UZ,feminine,0.488
2025-08-01,UZ,masculine,0.512
2025-08-01,VN,feminine,0.498
2025-08-01,VN,masculine,0.502
2025-08-01,YE,feminine,0.296
2025-08-01,YE,masculine,0.704
2025-08-01,ZA,feminine,0.547
2025-08-01,ZA,masculine,0.453
2025-09-01,AE,feminine,0.489
2025-09-01,AE,masculine,0.511
2025-09-01,AF,feminine,0.262
2025-09-01,AF,masculine,0.738
2025-09-01,AL,feminine,0.666
2025-09-01,AL,masculine,0.334
2025-09-01,AM,feminine,0.586
2025-09-01,AM,masculine,0.414
2025-09-01,AO,feminine,0.340
2025-09-01,AO,masculine,0.660
2025-09-01,AR,feminine,0.568
2025-09-01,AR,masculine,0.432
2025-09-01,AT,feminine,0.509
2025-09-01,AT,masculine,0.491
2025-09-01,AU,feminine,0.526
2025-09-01,AU,masculine,0.474
2025-09-01,AZ,feminine,0.512
2025-09-01,AZ,masculine,0.488
2025-09-01,BA,feminine,0.575
2025-09-01,BA,masculine,0.425
2025-09-01,BD,feminine,0.362
2025-09-01,BD,masculine,0.638
2025-09-01,BE,feminine,0.514
2025-09-01,BE,masculine,0.486
2025-09-01,BG,feminine,0.424
2025-09-01,BG,masculine,0.576
2025-09-01,BO,feminine,0.518
2025-09-01,BO,masculine,0.482
2025-09-01,BR,feminine,0.585
2025-09-01,BR,masculine,0.415
2025-09-01,CA,feminine,0.519
2025-09-01,CA,masculine,0.481
2025-09-01,CD,feminine,0.384
2025-09-01,CD,masculine,0.616
2025-09-01,CH,feminine,0.493
2025-09-01,CH,masculine,0.507
2025-09-01,CI,feminine,0.416
2025-09-01,CI,masculine,0.584
2025-09-01,CL,feminine,0.519
2025-09-01,CL,masculine,0.481
2025-09-01,CO,feminine,0.581
2025-09-01,CO,masculine,0.419
2025-09-01,CR,feminine,0.533
2025-09-01,CR,masculine,0.467
2025-09-01,CY,feminine,0.517
2025-09-01,CY,masculine,0.483
2025-09-01,CZ,feminine,0.566
2025-09-01,CZ,masculine,0.434
2025-09-01,DE,feminine,0.504
2025-09-01,DE,masculine,0.496
2025-09-01,DK,feminine,0.465
2025-09-01,DK,masculine,0.535
2025-09-01,DO,feminine,0.598
2025-09-01,DO,masculine,0.402
2025-09-01,DZ,feminine,0.579
2025-09-01,DZ,masculine,0.421
2025-09-01,EC,feminine,0.549
2025-09-01,EC,masculine,0.451
2025-09-01,EE,feminine,0.601
2025-09-01,EE,masculine,0.399
2025-09-01,EG,feminine,0.492
2025-09-01,EG,masculine,0.508
2025-09-01,ES,feminine,0.520
2025-09-01,ES,masculine,0.480
2025-09-01,ET,feminine,0.333
2025-09-01,ET,masculine,0.667
2025-09-01,FI,feminine,0.522
2025-09-01,FI,masculine,0.478
2025-09-01,FR,feminine,0.536
2025-09-01,FR,masculine,0.464
2025-09-01,GB,feminine,0.496
2025-09-01,GB,masculine,0.504
2025-09-01,GE,feminine,0.575
2025-09-01,GE,masculine,0.425
2025-09-01,GH,feminine,0.450
2025-09-01,GH,masculine,0.550
2025-09-01,GR,feminine,0.492
2025-09-01,GR,masculine,0.508
2025-09-01,GT,feminine,0.519
2025-09-01,GT,masculine,0.481
2025-09-01,HN,feminine,0.565
2025-09-01,HN,masculine,0.435
2025-09-01,HR,feminine,0.533
2025-09-01,HR,masculine,0.467
2025-09-01,HU,feminine,0.512
2025-09-01,HU,masculine,0.488
2025-09-01,ID,feminine,0.576
2025-09-01,ID,masculine,0.424
2025-09-01,IE,feminine,0.483
2025-09-01,IE,masculine,0.517
2025-09-01,IL,feminine,0.437
2025-09-01,IL,masculine,0.563
2025-09-01,IN,feminine,0.420
2025-09-01,IN,masculine,0.580
2025-09-01,IQ,feminine,0.498
2025-09-01,IQ,masculine,0.502
2025-09-01,IT,feminine,0.549
2025-09-01,IT,masculine,0.451
2025-09-01,JO,feminine,0.560
2025-09-01,JO,masculine,0.440
2025-09-01,JP,feminine,0.443
2025-09-01,JP,masculine,0.557
2025-09-01,KE,feminine,0.493
2025-09-01,KE,masculine,0.507
2025-09-01,KG,feminine,0.510
2025-09-01,KG,masculine,0.490
2025-09-01,KR,feminine,0.571
2025-09-01,KR,masculine,0.429
2025-09-01,KW,feminine,0.449
2025-09-01,KW,masculine,0.551
2025-09-01,KZ,feminine,0.477
2025-09-01,KZ,masculine,0.523
2025-09-01,LB,feminine,0.544
2025-09-01,LB,masculine,0.456
2025-09-01,LK,feminine,0.539
2025-09-01,LK,masculine,0.461
2025-09-01,LT,feminine,0.487
2025-09-01,LT,masculine,0.513
2025-09-01,LV,feminine,0.540
2025-09-01,LV,masculine,0.460
2025-09-01,LY,feminine,0.541
2025-09-01,LY,masculine,0.459
2025-09-01,MA,feminine,0.496
2025-09-01,MA,masculine,0.504
2025-09-01,MD,feminine,0.655
2025-09-01,MD,masculine,0.345
2025-09-01,MK,feminine,0.542
2025-09-01,MK,masculine,0.458
2025-09-01,MM,feminine,0.500
2025-09-01,MM,masculine,0.500
2025-09-01,MX,feminine,0.509
2025-09-01,MX,masculine,0.491
2025-09-01,MY,feminine,0.519
2025-09-01,MY,masculine,0.481
2025-09-01,MZ,feminine,0.432
2025-09-01,MZ,masculine,0.568
2025-09-01,NG,feminine,0.402
2025-09-01,NG,masculine,0.598
2025-09-01,NI,feminine,0.536
2025-09-01,NI,masculine,0.464
2025-09-01,NL,feminine,0.466
2025-09-01,NL,masculine,0.534
2025-09-01,NO,feminine,0.502
2025-09-01,NO,masculine,0.498
2025-09-01,NP,feminine,0.492
2025-09-01,NP,masculine,0.508
2025-09-01,NZ,feminine,0.565
2025-09-01,NZ,masculine,0.435
2025-09-01,OM,feminine,0.471
2025-09-01,OM,masculine,0.529
2025-09-01,PA,feminine,0.578
2025-09-01,PA,masculine,0.422
2025-09-01,PE,feminine,0.551
2025-09-01,PE,masculine,0.449
2025-09-01,PH,feminine,0.567
2025-09-01,PH,masculine,0.433
2025-09-01,PK,feminine,0.385
2025-09-01,PK,masculine,0.615
2025-09-01,PL,feminine,0.548
2025-09-01,PL,masculine,0.452
2025-09-01,PR,feminine,0.596
2025-09-01,PR,masculine,0.404
2025-09-01,PS,feminine,0.616
2025-09-01,PS,masculine,0.384
2025-09-01,PT,feminine,0.551
2025-09-01,PT,masculine,0.449
2025-09-01,PY,feminine,0.549
2025-09-01,PY,masculine,0.451
2025-09-01,QA,feminine,0.465
2025-09-01,QA,masculine,0.535
2025-09-01,RO,feminine,0.578
2025-09-01,RO,masculine,0.422
2025-09-01,RS,feminine,0.593
2025-09-01,RS,masculine,0.407
2025-09-01,SA,feminine,0.449
2025-09-01,SA,masculine,0.551
2025-09-01,SE,feminine,0.492
2025-09-01,SE,masculine,0.508
2025-09-01,SG,feminine,0.461
2025-09-01,SG,masculine,0.539
2025-09-01,SI,feminine,0.582
2025-09-01,SI,masculine,0.418
2025-09-01,SK,feminine,0.531
2025-09-01,SK,masculine,0.469
2025-09-01,SN,feminine,0.505
2025-09-01,SN,masculine,0.495
2025-09-01,SV,feminine,0.535
2025-09-01,SV,masculine,0.465
2025-09-01,TH,feminine,0.517
2025-09-01,TH,masculine,0.483
2025-09-01,TN,feminine,0.525
2025-09-01,TN,masculine,0.475
2025-09-01,TR,feminine,0.497
2025-09-01,TR,masculine,0.503
2025-09-01,TW,feminine,0.481
2025-09-01,TW,masculine,0.519
2025-09-01,TZ,feminine,0.471
2025-09-01,TZ,masculine,0.529
2025-09-01,UA,feminine,0.562
2025-09-01,UA,masculine,0.438
2025-09-01,US,feminine,0.509
2025-09-01,US,masculine,0.491
2025-09-01,UY,feminine,0.555
2025-09-01,UY,masculine,0.445
2025-09-01,UZ,feminine,0.454
2025-09-01,UZ,masculine,0.546
2025-09-01,VN,feminine,0.525
2025-09-01,VN,masculine,0.475
2025-09-01,ZA,feminine,0.510
2025-09-01,ZA,masculine,0.490
2025-10-01,AE,feminine,0.474
2025-10-01,AE,masculine,0.526
2025-10-01,AF,feminine,0.260
2025-10-01,AF,masculine,0.740
2025-10-01,AL,feminine,0.604
2025-10-01,AL,masculine,0.396
2025-10-01,AM,feminine,0.603
2025-10-01,AM,masculine,0.397
2025-10-01,AO,feminine,0.428
2025-10-01,AO,masculine,0.572
2025-10-01,AR,feminine,0.573
2025-10-01,AR,masculine,0.427
2025-10-01,AT,feminine,0.519
2025-10-01,AT,masculine,0.481
2025-10-01,AU,feminine,0.505
2025-10-01,AU,masculine,0.495
2025-10-01,AZ,feminine,0.544
2025-10-01,AZ,masculine,0.456
2025-10-01,BA,feminine,0.633
2025-10-01,BA,masculine,0.367
2025-10-01,BD,feminine,0.374
2025-10-01,BD,masculine,0.626
2025-10-01,BE,feminine,0.514
2025-10-01,BE,masculine,0.486
2025-10-01,BG,feminine,0.481
2025-10-01,BG,masculine,0.519
2025-10-01,BH,feminine,0.514
2025-10-01,BH,masculine,0.486
2025-10-01,BO,feminine,0.573
2025-10-01,BO,masculine,0.427
2025-10-01,BR,feminine,0.592
2025-10-01,BR,masculine,0.408
2025-10-01,CA,feminine,0.516
2025-10-01,CA,masculine,0.484
2025-10-01,CD,feminine,0.421
2025-10-01,CD,masculine,0.579
2025-10-01,CH,feminine,0.491
2025-10-01,CH,masculine,0.509
2025-10-01,CI,feminine,0.485
2025-10-01,CI,masculine,0.515
2025-10-01,CL,feminine,0.509
2025-10-01,CL,masculine,0.491
2025-10-01,CO,feminine,0.571
2025-10-01,CO,masculine,0.429
2025-10-01,CR,feminine,0.527
2025-10-01,CR,masculine,0.473
2025-10-01,CY,feminine,0.546
2025-10-01,CY,masculine,0.454
2025-10-01,CZ,feminine,0.525
2025-10-01,CZ,masculine,0.475
2025-10-01,DE,feminine,0.506
2025-10-01,DE,masculine,0.494
2025-10-01,DK,feminine,0.487
2025-10-01,DK,masculine,0.513
2025-10-01,DO,feminine,0.609
2025-10-01,DO,masculine,0.391
2025-10-01,DZ,feminine,0.615
2025-10-01,DZ,masculine,0.385
2025-10-01,EC,feminine,0.573
2025-10-01,EC,masculine,0.427
2025-10-01,EE,feminine,0.611
2025-10-01,EE,masculine,0.389
2025-10-01,EG,feminine,0.511
2025-10-01,EG,masculine,0.489
2025-10-01,ES,feminine,0.540
2025-10-01,ES,masculine,0.460
2025-10-01,ET,feminine,0.326
2025-10-01,ET,masculine,0.674
2025-10-01,FI,feminine,0.526
2025-10-01,FI,masculine,0.474
2025-10-01,FR,feminine,0.521
2025-10-01,FR,masculine,0.479
2025-10-01,GB,feminine,0.493
2025-10-01,GB,masculine,0.507
2025-10-01,GE,feminine,0.561
2025-10-01,GE,masculine,0.439
2025-10-01,GH,feminine,0.465
2025-10-01,GH,masculine,0.535
2025-10-01,GR,feminine,0.538
2025-10-01,GR,masculine,0.462
2025-10-01,GT,feminine,0.521
2025-10-01,GT,masculine,0.479
2025-10-01,HN,feminine,0.624
2025-10-01,HN,masculine,0.376
2025-10-01,HR,feminine,0.579
2025-10-01,HR,masculine,0.421
2025-10-01,HU,feminine,0.542
2025-10-01,HU,masculine,0.458
2025-10-01,ID,feminine,0.606
2025-10-01,ID,masculine,0.394
2025-10-01,IE,feminine,0.528
2025-10-01,IE,masculine,0.472
2025-10-01,IL,feminine,0.460
2025-10-01,IL,masculine,0.540
2025-10-01,IN,feminine,0.424
2025-10-01,IN,masculine,0.576
2025-10-01,IQ,feminine,0.482
2025-10-01,IQ,masculine,0.518
2025-10-01,IT,feminine,0.539
2025-10-01,IT,masculine,0.461
2025-10-01,JO,feminine,0.534
2025-10-01,JO,masculine,0.466
2025-10-01,JP,feminine,0.466
2025-10-01,JP,masculine,0.534
2025-10-01,KE,feminine,0.523
2025-10-01,KE,masculine,0.477
2025-10-01,KG,feminine,0.438
2025-10-01,KG,masculine,0.562
2025-10-01,KH,feminine,0.514
2025-10-01,KH,masculine,0.486
2025-10-01,KR,feminine,0.594
2025-10-01,KR,masculine,0.406
2025-10-01,KW,feminine,0.440
2025-10-01,KW,masculine,0.560
2025-10-01,KZ,feminine,0.500
2025-10-01,KZ,masculine,0.500
2025-10-01,LB,feminine,0.536
2025-10-01,LB,masculine,0.464
2025-10-01,LK,feminine,0.520
2025-10-01,LK,masculine,0.480
2025-10-01,LT,feminine,0.518
2025-10-01,LT,masculine,0.482
2025-10-01,LU,feminine,0.475
2025-10-01,LU,masculine,0.525
2025-10-01,LV,feminine,0.589
2025-10-01,LV,masculine,0.411
2025-10-01,LY,feminine,0.586
2025-10-01,LY,masculine,0.414
2025-10-01,MA,feminine,0.510
2025-10-01,MA,masculine,0.490
2025-10-01,MD,feminine,0.696
2025-10-01,MD,masculine,0.304
2025-10-01,MK,feminine,0.586
2025-10-01,MK,masculine,0.414
2025-10-01,MX,feminine,0.539
2025-10-01,MX,masculine,0.461
2025-10-01,MY,feminine,0.498
2025-10-01,MY,masculine,0.502
2025-10-01,MZ,feminine,0.428
2025-10-01,MZ,masculine,0.572
2025-10-01,NG,feminine,0.388
2025-10-01,NG,masculine,0.612
2025-10-01,NI,feminine,0.489
2025-10-01,NI,masculine,0.511
2025-10-01,NL,feminine,0.499
2025-10-01,NL,masculine,0.501
2025-10-01,NO,feminine,0.495
2025-10-01,NO,masculine,0.505
2025-10-01,NP,feminine,0.437
2025-10-01,NP,masculine,0.563
2025-10-01,NZ,feminine,0.517
2025-10-01,NZ,masculine,0.483
2025-10-01,OM,feminine,0.542
2025-10-01,OM,masculine,0.458
2025-10-01,PA,feminine,0.588
2025-10-01,PA,masculine,0.412
2025-10-01,PE,feminine,0.542
2025-10-01,PE,masculine,0.458
2025-10-01,PH,feminine,0.564
2025-10-01,PH,masculine,0.436
2025-10-01,PK,feminine,0.390
2025-10-01,PK,masculine,0.610
2025-10-01,PL,feminine,0.564
2025-10-01,PL,masculine,0.436
2025-10-01,PR,feminine,0.522
2025-10-01,PR,masculine,0.478
2025-10-01,PS,feminine,0.551
2025-10-01,PS,masculine,0.449
2025-10-01,PT,feminine,0.554
2025-10-01,PT,masculine,0.446
2025-10-01,PY,feminine,0.581
2025-10-01,PY,masculine,0.419
2025-10-01,QA,feminine,0.498
2025-10-01,QA,masculine,0.502
2025-10-01,RO,feminine,0.568
2025-10-01,RO,masculine,0.432
2025-10-01,RS,feminine,0.585
2025-10-01,RS,masculine,0.415
2025-10-01,SA,feminine,0.479
2025-10-01,SA,masculine,0.521
2025-10-01,SE,feminine,0.487
2025-10-01,SE,masculine,0.513
2025-10-01,SG,feminine,0.404
2025-10-01,SG,masculine,0.596
2025-10-01,SI,feminine,0.584
2025-10-01,SI,masculine,0.416
2025-10-01,SK,feminine,0.555
2025-10-01,SK,masculine,0.445
2025-10-01,SN,feminine,0.537
2025-10-01,SN,masculine,0.463
2025-10-01,SO,feminine,0.388
2025-10-01,SO,masculine,0.612
2025-10-01,SV,feminine,0.506
2025-10-01,SV,masculine,0.494
2025-10-01,TH,feminine,0.477
2025-10-01,TH,masculine,0.523
2025-10-01,TN,feminine,0.606
2025-10-01,TN,masculine,0.394
2025-10-01,TR,feminine,0.519
2025-10-01,TR,masculine,0.481
2025-10-01,TW,feminine,0.542
2025-10-01,TW,masculine,0.458
2025-10-01,TZ,feminine,0.399
2025-10-01,TZ,masculine,0.601
2025-10-01,UA,feminine,0.568
2025-10-01,UA,masculine,0.432
2025-10-01,US,feminine,0.509
2025-10-01,US,masculine,0.491
2025-10-01,UY,feminine,0.638
2025-10-01,UY,masculine,0.362
2025-10-01,UZ,feminine,0.521
2025-10-01,UZ,masculine,0.479
2025-10-01,VN,feminine,0.491
2025-10-01,VN,masculine,0.509
2025-10-01,ZA,feminine,0.551
2025-10-01,ZA,masculine,0.449
2025-11-01,AE,feminine,0.502
2025-11-01,AE,masculine,0.498
2025-11-01,AF,feminine,0.344
2025-11-01,AF,masculine,0.656
2025-11-01,AL,feminine,0.623
2025-11-01,AL,masculine,0.377
2025-11-01,AM,feminine,0.545
2025-11-01,AM,masculine,0.455
2025-11-01,AO,feminine,0.358
2025-11-01,AO,masculine,0.642
2025-11-01,AR,feminine,0.581
2025-11-01,AR,masculine,0.419
2025-11-01,AT,feminine,0.530
2025-11-01,AT,masculine,0.470
2025-11-01,AU,feminine,0.506
2025-11-01,AU,masculine,0.494
2025-11-01,AZ,feminine,0.498
2025-11-01,AZ,masculine,0.502
2025-11-01,BA,feminine,0.659
2025-11-01,BA,masculine,0.341
2025-11-01,BD,feminine,0.380
2025-11-01,BD,masculine,0.620
2025-11-01,BE,feminine,0.533
2025-11-01,BE,masculine,0.467
2025-11-01,BG,feminine,0.479
2025-11-01,BG,masculine,0.521
2025-11-01,BO,feminine,0.509
2025-11-01,BO,masculine,0.491
2025-11-01,BR,feminine,0.599
2025-11-01,BR,masculine,0.401
2025-11-01,CA,feminine,0.534
2025-11-01,CA,masculine,0.466
2025-11-01,CD,feminine,0.359
2025-11-01,CD,masculine,0.641
2025-11-01,CH,feminine,0.526
2025-11-01,CH,masculine,0.474
2025-11-01,CI,feminine,0.518
2025-11-01,CI,masculine,0.482
2025-11-01,CL,feminine,0.550
2025-11-01,CL,masculine,0.450
2025-11-01,CM,feminine,0.494
2025-11-01,CM,masculine,0.506
2025-11-01,CO,feminine,0.572
2025-11-01,CO,masculine,0.428
2025-11-01,CR,feminine,0.491
2025-11-01,CR,masculine,0.509
2025-11-01,CY,feminine,0.576
2025-11-01,CY,masculine,0.424
2025-11-01,CZ,feminine,0.561
2025-11-01,CZ,masculine,0.439
2025-11-01,DE,feminine,0.519
2025-11-01,DE,masculine,0.481
2025-11-01,DK,feminine,0.478
2025-11-01,DK,masculine,0.522
2025-11-01,DO,feminine,0.562
2025-11-01,DO,masculine,0.438
2025-11-01,DZ,feminine,0.600
2025-11-01,DZ,masculine,0.400
2025-11-01,EC,feminine,0.561
2025-11-01,EC,masculine,0.439
2025-11-01,EE,feminine,0.622
2025-11-01,EE,masculine,0.378
2025-11-01,EG,feminine,0.504
2025-11-01,EG,masculine,0.496
2025-11-01,ES,feminine,0.550
2025-11-01,ES,masculine,0.450
2025-11-01,ET,feminine,0.399
2025-11-01,ET,masculine,0.601
2025-11-01,FI,feminine,0.506
2025-11-01,FI,masculine,0.494
2025-11-01,FR,feminine,0.549
2025-11-01,FR,masculine,0.451
2025-11-01,GB,feminine,0.503
2025-11-01,GB,masculine,0.497
2025-11-01,GE,feminine,0.556
2025-11-01,GE,masculine,0.444
2025-11-01,GH,feminine,0.450
2025-11-01,GH,masculine,0.550
2025-11-01,GR,feminine,0.556
2025-11-01,GR,masculine,0.444
2025-11-01,GT,feminine,0.538
2025-11-01,GT,masculine,0.462
2025-11-01,HN,feminine,0.586
2025-11-01,HN,masculine,0.414
2025-11-01,HR,feminine,0.562
2025-11-01,HR,masculine,0.438
2025-11-01,HU,feminine,0.496
2025-11-01,HU,masculine,0.504
2025-11-01,ID,feminine,0.617
2025-11-01,ID,masculine,0.383
2025-11-01,IE,feminine,0.529
2025-11-01,IE,masculine,0.471
2025-11-01,IL,feminine,0.494
2025-11-01,IL,masculine,0.506
2025-11-01,IN,feminine,0.427
2025-11-01,IN,masculine,0.573
2025-11-01,IQ,feminine,0.474
2025-11-01,IQ,masculine,0.526
2025-11-01,IT,feminine,0.560
2025-11-01,IT,masculine,0.440
2025-11-01,JO,feminine,0.557
2025-11-01,JO,masculine,0.443
2025-11-01,JP,feminine,0.476
2025-11-01,JP,masculine,0.524
2025-11-01,KE,feminine,0.504
2025-11-01,KE,masculine,0.496
2025-11-01,KG,feminine,0.400
2025-11-01,KG,masculine,0.600
2025-11-01,KH,feminine,0.387
2025-11-01,KH,masculine,0.613
2025-11-01,KR,feminine,0.568
2025-11-01,KR,masculine,0.432
2025-11-01,KW,feminine,0.468
2025-11-01,KW,masculine,0.532
2025-11-01,KZ,feminine,0.504
2025-11-01,KZ,masculine,0.496
2025-11-01,LB,feminine,0.615
2025-11-01,LB,masculine,0.385
2025-11-01,LK,feminine,0.525
2025-11-01,LK,masculine,0.475
2025-11-01,LT,feminine,0.530
2025-11-01,LT,masculine,0.470
2025-11-01,LV,feminine,0.515
2025-11-01,LV,masculine,0.485
2025-11-01,LY,feminine,0.585
2025-11-01,LY,masculine,0.415
2025-11-01,MA,feminine,0.521
2025-11-01,MA,masculine,0.479
2025-11-01,MD,feminine,0.660
2025-11-01,MD,masculine,0.340
2025-11-01,MK,feminine,0.547
2025-11-01,MK,masculine,0.453
2025-11-01,MX,feminine,0.527
2025-11-01,MX,masculine,0.473
2025-11-01,MY,feminine,0.496
2025-11-01,MY,masculine,0.504
2025-11-01,MZ,feminine,0.434
2025-11-01,MZ,masculine,0.566
2025-11-01,NG,feminine,0.415
2025-11-01,NG,masculine,0.585
2025-11-01,NI,feminine,0.491
2025-11-01,NI,masculine,0.509
2025-11-01,NL,feminine,0.515
2025-11-01,NL,masculine,0.485
2025-11-01,NO,feminine,0.513
2025-11-01,NO,masculine,0.487
2025-11-01,NP,feminine,0.445
2025-11-01,NP,masculine,0.555
2025-11-01,NZ,feminine,0.532
2025-11-01,NZ,masculine,0.468
2025-11-01,OM,feminine,0.524
2025-11-01,OM,masculine,0.476
2025-11-01,PA,feminine,0.565
2025-11-01,PA,masculine,0.435
2025-11-01,PE,feminine,0.561
2025-11-01,PE,masculine,0.439
2025-11-01,PH,feminine,0.565
2025-11-01,PH,masculine,0.435
2025-11-01,PK,feminine,0.392
2025-11-01,PK,masculine,0.608
2025-11-01,PL,feminine,0.574
2025-11-01,PL,masculine,0.426
2025-11-01,PR,feminine,0.551
2025-11-01,PR,masculine,0.449
2025-11-01,PS,feminine,0.575
2025-11-01,PS,masculine,0.425
2025-11-01,PT,feminine,0.527
2025-11-01,PT,masculine,0.473
2025-11-01,PY,feminine,0.591
2025-11-01,PY,masculine,0.409
2025-11-01,QA,feminine,0.492
2025-11-01,QA,masculine,0.508
2025-11-01,RO,feminine,0.560
2025-11-01,RO,masculine,0.440
2025-11-01,RS,feminine,0.599
2025-11-01,RS,masculine,0.401
2025-11-01,SA,feminine,0.470
2025-11-01,SA,masculine,0.530
2025-11-01,SE,feminine,0.490
2025-11-01,SE,masculine,0.510
2025-11-01,SG,feminine,0.469
2025-11-01,SG,masculine,0.531
2025-11-01,SI,feminine,0.547
2025-11-01,SI,masculine,0.453
2025-11-01,SK,feminine,0.508
2025-11-01,SK,masculine,0.492
2025-11-01,SN,feminine,0.550
2025-11-01,SN,masculine,0.450
2025-11-01,SO,feminine,0.386
2025-11-01,SO,masculine,0.614
2025-11-01,SV,feminine,0.558
2025-11-01,SV,masculine,0.442
2025-11-01,TH,feminine,0.525
2025-11-01,TH,masculine,0.475
2025-11-01,TN,feminine,0.590
2025-11-01,TN,masculine,0.410
2025-11-01,TR,feminine,0.520
2025-11-01,TR,masculine,0.480
2025-11-01,TW,feminine,0.484
2025-11-01,TW,masculine,0.516
2025-11-01,TZ,feminine,0.380
2025-11-01,TZ,masculine,0.620
2025-11-01,UA,feminine,0.558
2025-11-01,UA,masculine,0.442
2025-11-01,UG,feminine,0.458
2025-11-01,UG,masculine,0.542
2025-11-01,US,feminine,0.505
2025-11-01,US,masculine,0.495
2025-11-01,UY,feminine,0.586
2025-11-01,UY,masculine,0.414
2025-11-01,UZ,feminine,0.528
2025-11-01,UZ,masculine,0.472
2025-11-01,VN,feminine,0.517
2025-11-01,VN,masculine,0.483
2025-11-01,ZA,feminine,0.527
2025-11-01,ZA,masculine,0.473
2025-12-01,AE,feminine,0.454
2025-12-01,AE,masculine,0.546
2025-12-01,AF,feminine,0.370
2025-12-01,AF,masculine,0.630
2025-12-01,AL,feminine,0.605
2025-12-01,AL,masculine,0.395
2025-12-01,AM,feminine,0.613
2025-12-01,AM,masculine,0.387
2025-12-01,AO,feminine,0.318
2025-12-01,AO,masculine,0.682
2025-12-01,AR,feminine,0.573
2025-12-01,AR,masculine,0.427
2025-12-01,AT,feminine,0.528
2025-12-01,AT,masculine,0.472
2025-12-01,AU,feminine,0.516
2025-12-01,AU,masculine,0.484
2025-12-01,AZ,feminine,0.538
2025-12-01,AZ,masculine,0.462
2025-12-01,BA,feminine,0.605
2025-12-01,BA,masculine,0.395
2025-12-01,BD,feminine,0.371
2025-12-01,BD,masculine,0.629
2025-12-01,BE,feminine,0.541
2025-12-01,BE,masculine,0.459
2025-12-01,BG,feminine,0.448
2025-12-01,BG,masculine,0.552
2025-12-01,BH,feminine,0.529
2025-12-01,BH,masculine,0.471
2025-12-01,BO,feminine,0.535
2025-12-01,BO,masculine,0.465
2025-12-01,BR,feminine,0.589
2025-12-01,BR,masculine,0.411
2025-12-01,CA,feminine,0.511
2025-12-01,CA,masculine,0.489
2025-12-01,CD,feminine,0.477
2025-12-01,CD,masculine,0.523
2025-12-01,CH,feminine,0.510
2025-12-01,CH,masculine,0.490
2025-12-01,CI,feminine,0.477
2025-12-01,CI,masculine,0.523
2025-12-01,CL,feminine,0.560
2025-12-01,CL,masculine,0.440
2025-12-01,CO,feminine,0.553
2025-12-01,CO,masculine,0.447
2025-12-01,CR,feminine,0.539
2025-12-01,CR,masculine,0.461
2025-12-01,CY,feminine,0.473
2025-12-01,CY,masculine,0.527
2025-12-01,CZ,feminine,0.567
2025-12-01,CZ,masculine,0.433
2025-12-01,DE,feminine,0.523
2025-12-01,DE,masculine,0.477
2025-12-01,DK,feminine,0.521
2025-12-01,DK,masculine,0.479
2025-12-01,DO,feminine,0.563
2025-12-01,DO,masculine,0.437
2025-12-01,DZ,feminine,0.613
2025-12-01,DZ,masculine,0.387
2025-12-01,EC,feminine,0.575
2025-12-01,EC,masculine,0.425
2025-12-01,EE,feminine,0.583
2025-12-01,EE,masculine,0.417
2025-12-01,EG,feminine,0.504
2025-12-01,EG,masculine,0.496
2025-12-01,ES,feminine,0.553
2025-12-01,ES,masculine,0.447
2025-12-01,ET,feminine,0.418
2025-12-01,ET,masculine,0.582
2025-12-01,FI,feminine,0.518
2025-12-01,FI,masculine,0.482
2025-12-01,FR,feminine,0.535
2025-12-01,FR,masculine,0.465
2025-12-01,GB,feminine,0.507
2025-12-01,GB,masculine,0.493
2025-12-01,GE,feminine,0.555
2025-12-01,GE,masculine,0.445
2025-12-01,GH,feminine,0.407
2025-12-01,GH,masculine,0.593
2025-12-01,GR,feminine,0.484
2025-12-01,GR,masculine,0.516
2025-12-01,GT,feminine,0.462
2025-12-01,GT,masculine,0.538
2025-12-01,HN,feminine,0.548
2025-12-01,HN,masculine,0.452
2025-12-01,HR,feminine,0.530
2025-12-01,HR,masculine,0.470
2025-12-01,HU,feminine,0.495
2025-12-01,HU,masculine,0.505
2025-12-01,ID,feminine,0.589
2025-12-01,ID,masculine,0.411
2025-12-01,IE,feminine,0.487
2025-12-01,IE,masculine,0.513
2025-12-01,IL,feminine,0.468
2025-12-01,IL,masculine,0.532
2025-12-01,IN,feminine,0.430
2025-12-01,IN,masculine,0.570
2025-12-01,IQ,feminine,0.507
2025-12-01,IQ,masculine,0.493
2025-12-01,IT,feminine,0.519
2025-12-01,IT,masculine,0.481
2025-12-01,JO,feminine,0.534
2025-12-01,JO,masculine,0.466
2025-12-01,JP,feminine,0.462
2025-12-01,JP,masculine,0.538
2025-12-01,KE,feminine,0.516
2025-12-01,KE,masculine,0.484
2025-12-01,KG,feminine,0.407
2025-12-01,KG,masculine,0.593
2025-12-01,KH,feminine,0.443
2025-12-01,KH,masculine,0.557
2025-12-01,KR,feminine,0.598
2025-12-01,KR,masculine,0.402
2025-12-01,KW,feminine,0.471
2025-12-01,KW,masculine,0.529
2025-12-01,KZ,feminine,0.501
2025-12-01,KZ,masculine,0.499
2025-12-01,LB,feminine,0.592
2025-12-01,LB,masculine,0.408
2025-12-01,LK,feminine,0.506
2025-12-01,LK,masculine,0.494
2025-12-01,LT,feminine,0.500
2025-12-01,LT,masculine,0.500
2025-12-01,LV,feminine,0.551
2025-12-01,LV,masculine,0.449
2025-12-01,LY,feminine,0.579
2025-12-01,LY,masculine,0.421
2025-12-01,MA,feminine,0.548
2025-12-01,MA,masculine,0.452
2025-12-01,MD,feminine,0.643
2025-12-01,MD,masculine,0.357
2025-12-01,MK,feminine,0.621
2025-12-01,MK,masculine,0.379
2025-12-01,MM,feminine,0.413
2025-12-01,MM,masculine,0.587
2025-12-01,MT,feminine,0.418
2025-12-01,MT,masculine,0.582
2025-12-01,MX,feminine,0.530
2025-12-01,MX,masculine,0.470
2025-12-01,MY,feminine,0.515
2025-12-01,MY,masculine,0.485
2025-12-01,NG,feminine,0.409
2025-12-01,NG,masculine,0.591
2025-12-01,NI,feminine,0.586
2025-12-01,NI,masculine,0.414
2025-12-01,NL,feminine,0.487
2025-12-01,NL,masculine,0.513
2025-12-01,NO,feminine,0.505
2025-12-01,NO,masculine,0.495
2025-12-01,NP,feminine,0.504
2025-12-01,NP,masculine,0.496
2025-12-01,NZ,feminine,0.543
2025-12-01,NZ,masculine,0.457
2025-12-01,OM,feminine,0.501
2025-12-01,OM,masculine,0.499
2025-12-01,PA,feminine,0.556
2025-12-01,PA,masculine,0.444
2025-12-01,PE,feminine,0.532
2025-12-01,PE,masculine,0.468
2025-12-01,PH,feminine,0.560
2025-12-01,PH,masculine,0.440
2025-12-01,PK,feminine,0.376
2025-12-01,PK,masculine,0.624
2025-12-01,PL,feminine,0.556
2025-12-01,PL,masculine,0.444
2025-12-01,PR,feminine,0.557
2025-12-01,PR,masculine,0.443
2025-12-01,PS,feminine,0.560
2025-12-01,PS,masculine,0.440
2025-12-01,PT,feminine,0.555
2025-12-01,PT,masculine,0.445
2025-12-01,PY,feminine,0.543
2025-12-01,PY,masculine,0.457
2025-12-01,QA,feminine,0.500
2025-12-01,QA,masculine,0.500
2025-12-01,RO,feminine,0.567
2025-12-01,RO,masculine,0.433
2025-12-01,RS,feminine,0.599
2025-12-01,RS,masculine,0.401
2025-12-01,SA,feminine,0.491
2025-12-01,SA,masculine,0.509
2025-12-01,SE,feminine,0.499
2025-12-01,SE,masculine,0.501
2025-12-01,SG,feminine,0.461
2025-12-01,SG,masculine,0.539
2025-12-01,SI,feminine,0.585
2025-12-01,SI,masculine,0.415
2025-12-01,SK,feminine,0.557
2025-12-01,SK,masculine,0.443
2025-12-01,SN,feminine,0.396
2025-12-01,SN,masculine,0.604
2025-12-01,SO,feminine,0.403
2025-12-01,SO,masculine,0.597
2025-12-01,SV,feminine,0.497
2025-12-01,SV,masculine,0.503
2025-12-01,TH,feminine,0.507
2025-12-01,TH,masculine,0.493
2025-12-01,TN,feminine,0.619
2025-12-01,TN,masculine,0.381
2025-12-01,TR,feminine,0.541
2025-12-01,TR,masculine,0.459
2025-12-01,TW,feminine,0.490
2025-12-01,TW,masculine,0.510
2025-12-01,TZ,feminine,0.453
2025-12-01,TZ,masculine,0.547
2025-12-01,UA,feminine,0.570
2025-12-01,UA,masculine,0.430
2025-12-01,US,feminine,0.509
2025-12-01,US,masculine,0.491
2025-12-01,UY,feminine,0.558
2025-12-01,UY,masculine,0.442
2025-12-01,UZ,feminine,0.500
2025-12-01,UZ,masculine,0.500
2025-12-01,VN,feminine,0.522
2025-12-01,VN,masculine,0.478
2025-12-01,YE,feminine,0.493
2025-12-01,YE,masculine,0.507
2025-12-01,ZA,feminine,0.508
2025-12-01,ZA,masculine,0.492
2026-01-01,AE,feminine,0.482
2026-01-01,AE,masculine,0.518
2026-01-01,AF,feminine,0.284
2026-01-01,AF,masculine,0.716
2026-01-01,AL,feminine,0.610
2026-01-01,AL,masculine,0.390
2026-01-01,AM,feminine,0.601
2026-01-01,AM,masculine,0.399
2026-01-01,AO,feminine,0.470
2026-01-01,AO,masculine,0.530
2026-01-01,AR,feminine,0.576
2026-01-01,AR,masculine,0.424
2026-01-01,AT,feminine,0.550
2026-01-01,AT,masculine,0.450
2026-01-01,AU,feminine,0.498
2026-01-01,AU,masculine,0.502
2026-01-01,AZ,feminine,0.533
2026-01-01,AZ,masculine,0.467
2026-01-01,BA,feminine,0.576
2026-01-01,BA,masculine,0.424
2026-01-01,BD,feminine,0.377
2026-01-01,BD,masculine,0.623
2026-01-01,BE,feminine,0.595
2026-01-01,BE,masculine,0.405
2026-01-01,BG,feminine,0.481
2026-01-01,BG,masculine,0.519
2026-01-01,BH,feminine,0.508
2026-01-01,BH,masculine,0.492
2026-01-01,BO,feminine,0.503
2026-01-01,BO,masculine,0.497
2026-01-01,BR,feminine,0.594
2026-01-01,BR,masculine,0.406
2026-01-01,CA,feminine,0.535
2026-01-01,CA,masculine,0.465
2026-01-01,CD,feminine,0.430
2026-01-01,CD,masculine,0.570
2026-01-01,CH,feminine,0.533
2026-01-01,CH,masculine,0.467
2026-01-01,CI,feminine,0.489
2026-01-01,CI,masculine,0.511
2026-01-01,CL,feminine,0.564
2026-01-01,CL,masculine,0.436
2026-01-01,CM,feminine,0.539
2026-01-01,CM,masculine,0.461
2026-01-01,CO,feminine,0.577
2026-01-01,CO,masculine,0.423
2026-01-01,CR,feminine,0.551
2026-01-01,CR,masculine,0.449
2026-01-01,CY,feminine,0.535
2026-01-01,CY,masculine,0.465
2026-01-01,CZ,feminine,0.595
2026-01-01,CZ,masculine,0.405
2026-01-01,DE,feminine,0.519
2026-01-01,DE,masculine,0.481
2026-01-01,DK,feminine,0.522
2026-01-01,DK,masculine,0.478
2026-01-01,DO,feminine,0.582
2026-01-01,DO,masculine,0.418
2026-01-01,DZ,feminine,0.605
2026-01-01,DZ,masculine,0.395
2026-01-01,EC,feminine,0.594
2026-01-01,EC,masculine,0.406
2026-01-01,EE,feminine,0.587
2026-01-01,EE,masculine,0.413
2026-01-01,EG,feminine,0.514
2026-01-01,EG,masculine,0.486
2026-01-01,ES,feminine,0.555
2026-01-01,ES,masculine,0.445
2026-01-01,ET,feminine,0.404
2026-01-01,ET,masculine,0.596
2026-01-01,FI,feminine,0.521
2026-01-01,FI,masculine,0.479
2026-01-01,FR,feminine,0.545
2026-01-01,FR,masculine,0.455
2026-01-01,GB,feminine,0.509
2026-01-01,GB,masculine,0.491
2026-01-01,GE,feminine,0.594
2026-01-01,GE,masculine,0.406
2026-01-01,GH,feminine,0.478
2026-01-01,GH,masculine,0.522
2026-01-01,GR,feminine,0.487
2026-01-01,GR,masculine,0.513
2026-01-01,GT,feminine,0.544
2026-01-01,GT,masculine,0.456
2026-01-01,HN,feminine,0.576
2026-01-01,HN,masculine,0.424
2026-01-01,HR,feminine,0.614
2026-01-01,HR,masculine,0.386
2026-01-01,HU,feminine,0.552
2026-01-01,HU,masculine,0.448
2026-01-01,ID,feminine,0.590
2026-01-01,ID,masculine,0.410
2026-01-01,IE,feminine,0.499
2026-01-01,IE,masculine,0.501
2026-01-01,IL,feminine,0.486
2026-01-01,IL,masculine,0.514
2026-01-01,IN,feminine,0.428
2026-01-01,IN,masculine,0.572
2026-01-01,IQ,feminine,0.481
2026-01-01,IQ,masculine,0.519
2026-01-01,IT,feminine,0.572
2026-01-01,IT,masculine,0.428
2026-01-01,JO,feminine,0.539
2026-01-01,JO,masculine,0.461
2026-01-01,JP,feminine,0.460
2026-01-01,JP,masculine,0.540
2026-01-01,KE,feminine,0.502
2026-01-01,KE,masculine,0.498
2026-01-01,KG,feminine,0.379
2026-01-01,KG,masculine,0.621
2026-01-01,KH,feminine,0.522
2026-01-01,KH,masculine,0.478
2026-01-01,KR,feminine,0.610
2026-01-01,KR,masculine,0.390
2026-01-01,KW,feminine,0.533
2026-01-01,KW,masculine,0.467
2026-01-01,KZ,feminine,0.474
2026-01-01,KZ,masculine,0.526
2026-01-01,LB,feminine,0.587
2026-01-01,LB,masculine,0.413
2026-01-01,LK,feminine,0.567
2026-01-01,LK,masculine,0.433
2026-01-01,LT,feminine,0.529
2026-01-01,LT,masculine,0.471
2026-01-01,LU,feminine,0.465
2026-01-01,LU,masculine,0.535
2026-01-01,LV,feminine,0.537
2026-01-01,LV,masculine,0.463
2026-01-01,LY,feminine,0.502
2026-01-01,LY,masculine,0.498
2026-01-01,MA,feminine,0.529
2026-01-01,MA,masculine,0.471
2026-01-01,MD,feminine,0.657
2026-01-01,MD,masculine,0.343
2026-01-01,ME,feminine,0.599
2026-01-01,ME,masculine,0.401
2026-01-01,MK,feminine,0.633
2026-01-01,MK,masculine,0.367
2026-01-01,MM,feminine,0.416
2026-01-01,MM,masculine,0.584
2026-01-01,MX,feminine,0.535
2026-01-01,MX,masculine,0.465
2026-01-01,MY,feminine,0.499
2026-01-01,MY,masculine,0.501
2026-01-01,MZ,feminine,0.406
2026-01-01,MZ,masculine,0.594
2026-01-01,NG,feminine,0.433
2026-01-01,NG,masculine,0.567
2026-01-01,NI,feminine,0.540
2026-01-01,NI,masculine,0.460
2026-01-01,NL,feminine,0.499
2026-01-01,NL,masculine,0.501
2026-01-01,NO,feminine,0.525
2026-01-01,NO,masculine,0.475
2026-01-01,NP,feminine,0.474
2026-01-01,NP,masculine,0.526
2026-01-01,NZ,feminine,0.556
2026-01-01,NZ,masculine,0.444
2026-01-01,OM,feminine,0.433
2026-01-01,OM,masculine,0.567
2026-01-01,PA,feminine,0.508
2026-01-01,PA,masculine,0.492
2026-01-01,PE,feminine,0.518
2026-01-01,PE,masculine,0.482
2026-01-01,PH,feminine,0.575
2026-01-01,PH,masculine,0.425
2026-01-01,PK,feminine,0.374
2026-01-01,PK,masculine,0.626
2026-01-01,PL,feminine,0.564
2026-01-01,PL,masculine,0.436
2026-01-01,PR,feminine,0.560
2026-01-01,PR,masculine,0.440
2026-01-01,PS,feminine,0.483
2026-01-01,PS,masculine,0.517
2026-01-01,PT,feminine,0.564
2026-01-01,PT,masculine,0.436
2026-01-01,PY,feminine,0.628
2026-01-01,PY,masculine,0.372
2026-01-01,QA,feminine,0.438
2026-01-01,QA,masculine,0.562
2026-01-01,RO,feminine,0.547
2026-01-01,RO,masculine,0.453
2026-01-01,RS,feminine,0.627
2026-01-01,RS,masculine,0.373
2026-01-01,SA,feminine,0.471
2026-01-01,SA,masculine,0.529
2026-01-01,SE,feminine,0.524
2026-01-01,SE,masculine,0.476
2026-01-01,SG,feminine,0.459
2026-01-01,SG,masculine,0.541
2026-01-01,SI,feminine,0.583
2026-01-01,SI,masculine,0.417
2026-01-01,SK,feminine,0.552
2026-01-01,SK,masculine,0.448
2026-01-01,SN,feminine,0.499
2026-01-01,SN,masculine,0.501
2026-01-01,SO,feminine,0.422
2026-01-01,SO,masculine,0.578
2026-01-01,SV,feminine,0.535
2026-01-01,SV,masculine,0.465
2026-01-01,TH,feminine,0.498
2026-01-01,TH,masculine,0.502
2026-01-01,TN,feminine,0.611
2026-01-01,TN,masculine,0.389
2026-01-01,TR,feminine,0.536
2026-01-01,TR,masculine,0.464
2026-01-01,TW,feminine,0.456
2026-01-01,TW,masculine,0.544
2026-01-01,TZ,feminine,0.407
2026-01-01,TZ,masculine,0.593
2026-01-01,UA,feminine,0.567
2026-01-01,UA,masculine,0.433
2026-01-01,US,feminine,0.518
2026-01-01,US,masculine,0.482
2026-01-01,UY,feminine,0.536
2026-01-01,UY,masculine,0.464
2026-01-01,UZ,feminine,0.500
2026-01-01,UZ,masculine,0.500
2026-01-01,VN,feminine,0.500
2026-01-01,VN,masculine,0.500
2026-01-01,ZA,feminine,0.538
2026-01-01,ZA,masculine,0.462
2026-02-01,AE,feminine,0.478
2026-02-01,AE,masculine,0.522
2026-02-01,AF,feminine,0.318
2026-02-01,AF,masculine,0.682
2026-02-01,AL,feminine,0.617
2026-02-01,AL,masculine,0.383
2026-02-01,AM,feminine,0.592
2026-02-01,AM,masculine,0.408
2026-02-01,AO,feminine,0.476
2026-02-01,AO,masculine,0.524
2026-02-01,AR,feminine,0.595
2026-02-01,AR,masculine,0.405
2026-02-01,AT,feminine,0.549
2026-02-01,AT,masculine,0.451
2026-02-01,AU,feminine,0.524
2026-02-01,AU,masculine,0.476
2026-02-01,AZ,feminine,0.557
2026-02-01,AZ,masculine,0.443
2026-02-01,BA,feminine,0.656
2026-02-01,BA,masculine,0.344
2026-02-01,BD,feminine,0.376
2026-02-01,BD,masculine,0.624
2026-02-01,BE,feminine,0.528
2026-02-01,BE,masculine,0.472
2026-02-01,BG,feminine,0.459
2026-02-01,BG,masculine,0.541
2026-02-01,BO,feminine,0.543
2026-02-01,BO,masculine,0.457
2026-02-01,BR,feminine,0.600
2026-02-01,BR,masculine,0.400
2026-02-01,CA,feminine,0.540
2026-02-01,CA,masculine,0.460
2026-02-01,CD,feminine,0.372
2026-02-01,CD,masculine,0.628
2026-02-01,CH,feminine,0.511
2026-02-01,CH,masculine,0.489
2026-02-01,CI,feminine,0.489
2026-02-01,CI,masculine,0.511
2026-02-01,CL,feminine,0.542
2026-02-01,CL,masculine,0.458
2026-02-01,CM,feminine,0.471
2026-02-01,CM,masculine,0.529
2026-02-01,CO,feminine,0.592
2026-02-01,CO,masculine,0.408
2026-02-01,CR,feminine,0.576
2026-02-01,CR,masculine,0.424
2026-02-01,CY,feminine,0.552
2026-02-01,CY,masculine,0.448
2026-02-01,CZ,feminine,0.594
2026-02-01,CZ,masculine,0.406
2026-02-01,DE,feminine,0.529
2026-02-01,DE,masculine,0.471
2026-02-01,DK,feminine,0.498
2026-02-01,DK,masculine,0.502
2026-02-01,DO,feminine,0.590
2026-02-01,DO,masculine,0.410
2026-02-01,DZ,feminine,0.608
2026-02-01,DZ,masculine,0.392
2026-02-01,EC,feminine,0.569
2026-02-01,EC,masculine,0.431
2026-02-01,EE,feminine,0.628
2026-02-01,EE,masculine,0.372
2026-02-01,EG,feminine,0.531
2026-02-01,EG,masculine,0.469
2026-02-01,ES,feminine,0.552
2026-02-01,ES,masculine,0.448
2026-02-01,ET,feminine,0.442
2026-02-01,ET,masculine,0.558
2026-02-01,FI,feminine,0.540
2026-02-01,FI,masculine,0.460
2026-02-01,FR,feminine,0.559
2026-02-01,FR,masculine,0.441
2026-02-01,GB,feminine,0.519
2026-02-01,GB,masculine,0.481
2026-02-01,GE,feminine,0.575
2026-02-01,GE,masculine,0.425
2026-02-01,GH,feminine,0.484
2026-02-01,GH,masculine,0.516
2026-02-01,GR,feminine,0.590
2026-02-01,GR,masculine,0.410
2026-02-01,GT,feminine,0.525
2026-02-01,GT,masculine,0.475
2026-02-01,HN,feminine,0.551
2026-02-01,HN,masculine,0.449
2026-02-01,HR,feminine,0.579
2026-02-01,HR,masculine,0.421
2026-02-01,HU,feminine,0.541
2026-02-01,HU,masculine,0.459
2026-02-01,ID,feminine,0.601
2026-02-01,ID,masculine,0.399
2026-02-01,IE,feminine,0.555
2026-02-01,IE,masculine,0.445
2026-02-01,IL,feminine,0.482
2026-02-01,IL,masculine,0.518
2026-02-01,IN,feminine,0.435
2026-02-01,IN,masculine,0.565
2026-02-01,IQ,feminine,0.472
2026-02-01,IQ,masculine,0.528
2026-02-01,IT,feminine,0.564
2026-02-01,IT,masculine,0.436
2026-02-01,JO,feminine,0.499
2026-02-01,JO,masculine,0.501
2026-02-01,JP,feminine,0.472
2026-02-01,JP,masculine,0.528
2026-02-01,KE,feminine,0.530
2026-02-01,KE,masculine,0.470
2026-02-01,KG,feminine,0.429
2026-02-01,KG,masculine,0.571
2026-02-01,KR,feminine,0.598
2026-02-01,KR,masculine,0.402
2026-02-01,KW,feminine,0.443
2026-02-01,KW,masculine,0.557
2026-02-01,KZ,feminine,0.491
2026-02-01,KZ,masculine,0.509
2026-02-01,LB,feminine,0.607
2026-02-01,LB,masculine,0.393
2026-02-01,LK,feminine,0.496
2026-02-01,LK,masculine,0.504
2026-02-01,LT,feminine,0.552
2026-02-01,LT,masculine,0.448
2026-02-01,LV,feminine,0.620
2026-02-01,LV,masculine,0.380
2026-02-01,LY,feminine,0.528
2026-02-01,LY,masculine,0.472
2026-02-01,MA,feminine,0.508
2026-02-01,MA,masculine,0.492
2026-02-01,MD,feminine,0.707
2026-02-01,MD,masculine,0.293
2026-02-01,MK,feminine,0.557
2026-02-01,MK,masculine,0.443
2026-02-01,MM,feminine,0.449
2026-02-01,MM,masculine,0.551
2026-02-01,MX,feminine,0.562
2026-02-01,MX,masculine,0.438
2026-02-01,MY,feminine,0.530
2026-02-01,MY,masculine,0.470
2026-02-01,MZ,feminine,0.506
2026-02-01,MZ,masculine,0.494
2026-02-01,NG,feminine,0.401
2026-02-01,NG,masculine,0.599
2026-02-01,NI,feminine,0.587
2026-02-01,NI,masculine,0.413
2026-02-01,NL,feminine,0.502
2026-02-01,NL,masculine,0.498
2026-02-01,NO,feminine,0.514
2026-02-01,NO,masculine,0.486
2026-02-01,NP,feminine,0.470
2026-02-01,NP,masculine,0.530
2026-02-01,NZ,feminine,0.534
2026-02-01,NZ,masculine,0.466
2026-02-01,OM,feminine,0.517
2026-02-01,OM,masculine,0.483
2026-02-01,PA,feminine,0.549
2026-02-01,PA,masculine,0.451
2026-02-01,PE,feminine,0.532
2026-02-01,PE,masculine,0.468
2026-02-01,PH,feminine,0.591
2026-02-01,PH,masculine,0.409
2026-02-01,PK,feminine,0.386
2026-02-01,PK,masculine,0.614
2026-02-01,PL,feminine,0.572
2026-02-01,PL,masculine,0.428
2026-02-01,PR,feminine,0.546
2026-02-01,PR,masculine,0.454
2026-02-01,PS,feminine,0.509
2026-02-01,PS,masculine,0.491
2026-02-01,PT,feminine,0.554
2026-02-01,PT,masculine,0.446
2026-02-01,PY,feminine,0.455
2026-02-01,PY,masculine,0.545
2026-02-01,QA,feminine,0.491
2026-02-01,QA,masculine,0.509
2026-02-01,RO,feminine,0.552
2026-02-01,RO,masculine,0.448
2026-02-01,RS,feminine,0.639
2026-02-01,RS,masculine,0.361
2026-02-01,SA,feminine,0.472
2026-02-01,SA,masculine,0.528
2026-02-01,SE,feminine,0.522
2026-02-01,SE,masculine,0.478
2026-02-01,SG,feminine,0.440
2026-02-01,SG,masculine,0.560
2026-02-01,SI,feminine,0.562
2026-02-01,SI,masculine,0.438
2026-02-01,SK,feminine,0.567
2026-02-01,SK,masculine,0.433
2026-02-01,SN,feminine,0.524
2026-02-01,SN,masculine,0.476
2026-02-01,SO,feminine,0.462
2026-02-01,SO,masculine,0.538
2026-02-01,SV,feminine,0.537
2026-02-01,SV,masculine,0.463
2026-02-01,TH,feminine,0.528
2026-02-01,TH,masculine,0.472
2026-02-01,TN,feminine,0.565
2026-02-01,TN,masculine,0.435
2026-02-01,TR,feminine,0.548
2026-02-01,TR,masculine,0.452
2026-02-01,TW,feminine,0.441
2026-02-01,TW,masculine,0.559
2026-02-01,TZ,feminine,0.475
2026-02-01,TZ,masculine,0.525
2026-02-01,UA,feminine,0.569
2026-02-01,UA,masculine,0.431
2026-02-01,US,feminine,0.533
2026-02-01,US,masculine,0.467
2026-02-01,UY,feminine,0.602
2026-02-01,UY,masculine,0.398
2026-02-01,UZ,feminine,0.507
2026-02-01,UZ,masculine,0.493
2026-02-01,VN,feminine,0.529
2026-02-01,VN,masculine,0.471
2026-02-01,ZA,feminine,0.569
2026-02-01,ZA,masculine,0.431
2026-03-01,AE,feminine,0.478
2026-03-01,AE,masculine,0.522
2026-03-01,AF,feminine,0.302
2026-03-01,AF,masculine,0.698
2026-03-01,AL,feminine,0.619
2026-03-01,AL,masculine,0.381
2026-03-01,AM,feminine,0.605
2026-03-01,AM,masculine,0.395
2026-03-01,AO,feminine,0.440
2026-03-01,AO,masculine,0.560
2026-03-01,AR,feminine,0.602
2026-03-01,AR,masculine,0.398
2026-03-01,AT,feminine,0.580
2026-03-01,AT,masculine,0.420
2026-03-01,AU,feminine,0.555
2026-03-01,AU,masculine,0.445
2026-03-01,AZ,feminine,0.518
2026-03-01,AZ,masculine,0.482
2026-03-01,BA,feminine,0.573
2026-03-01,BA,masculine,0.427
2026-03-01,BD,feminine,0.350
2026-03-01,BD,masculine,0.650
2026-03-01,BE,feminine,0.537
2026-03-01,BE,masculine,0.463
2026-03-01,BG,feminine,0.470
2026-03-01,BG,masculine,0.530
2026-03-01,BO,feminine,0.614
2026-03-01,BO,masculine,0.386
2026-03-01,BR,feminine,0.617
2026-03-01,BR,masculine,0.383
2026-03-01,CA,feminine,0.545
2026-03-01,CA,masculine,0.455
2026-03-01,CD,feminine,0.411
2026-03-01,CD,masculine,0.589
2026-03-01,CH,feminine,0.542
2026-03-01,CH,masculine,0.458
2026-03-01,CI,feminine,0.463
2026-03-01,CI,masculine,0.537
2026-03-01,CL,feminine,0.559
2026-03-01,CL,masculine,0.441
2026-03-01,CM,feminine,0.468
2026-03-01,CM,masculine,0.532
2026-03-01,CO,feminine,0.598
2026-03-01,CO,masculine,0.402
2026-03-01,CR,feminine,0.550
2026-03-01,CR,masculine,0.450
2026-03-01,CY,feminine,0.551
2026-03-01,CY,masculine,0.449
2026-03-01,CZ,feminine,0.589
2026-03-01,CZ,masculine,0.411
2026-03-01,DE,feminine,0.527
2026-03-01,DE,masculine,0.473
2026-03-01,DK,feminine,0.530
2026-03-01,DK,masculine,0.470
2026-03-01,DO,feminine,0.602
2026-03-01,DO,masculine,0.398
2026-03-01,DZ,feminine,0.575
2026-03-01,DZ,masculine,0.425
2026-03-01,EC,feminine,0.549
2026-03-01,EC,masculine,0.451
2026-03-01,EE,feminine,0.579
2026-03-01,EE,masculine,0.421
2026-03-01,EG,feminine,0.498
2026-03-01,EG,masculine,0.502
2026-03-01,ES,feminine,0.571
2026-03-01,ES,masculine,0.429
2026-03-01,ET,feminine,0.411
2026-03-01,ET,masculine,0.589
2026-03-01,FI,feminine,0.510
2026-03-01,FI,masculine,0.490
2026-03-01,FR,feminine,0.563
2026-03-01,FR,masculine,0.437
2026-03-01,GB,feminine,0.522
2026-03-01,GB,masculine,0.478
2026-03-01,GE,feminine,0.594
2026-03-01,GE,masculine,0.406
2026-03-01,GH,feminine,0.456
2026-03-01,GH,masculine,0.544
2026-03-01,GR,feminine,0.516
2026-03-01,GR,masculine,0.484
2026-03-01,GT,feminine,0.564
2026-03-01,GT,masculine,0.436
2026-03-01,HN,feminine,0.691
2026-03-01,HN,masculine,0.309
2026-03-01,HR,feminine,0.608
2026-03-01,HR,masculine,0.392
2026-03-01,HU,feminine,0.541
2026-03-01,HU,masculine,0.459
2026-03-01,ID,feminine,0.597
2026-03-01,ID,masculine,0.403
2026-03-01,IE,feminine,0.570
2026-03-01,IE,masculine,0.430
2026-03-01,IL,feminine,0.477
2026-03-01,IL,masculine,0.523
2026-03-01,IN,feminine,0.438
2026-03-01,IN,masculine,0.562
2026-03-01,IQ,feminine,0.490
2026-03-01,IQ,masculine,0.510
2026-03-01,IT,feminine,0.567
2026-03-01,IT,masculine,0.433
2026-03-01,JO,feminine,0.506
2026-03-01,JO,masculine,0.494
2026-03-01,JP,feminine,0.476
2026-03-01,JP,masculine,0.524
2026-03-01,KE,feminine,0.537
2026-03-01,KE,masculine,0.463
2026-03-01,KG,feminine,0.436
2026-03-01,KG,masculine,0.564
2026-03-01,KR,feminine,0.610
2026-03-01,KR,masculine,0.390
2026-03-01,KW,feminine,0.404
2026-03-01,KW,masculine,0.596
2026-03-01,KZ,feminine,0.494
2026-03-01,KZ,masculine,0.506
2026-03-01,LB,feminine,0.605
2026-03-01,LB,masculine,0.395
2026-03-01,LK,feminine,0.581
2026-03-01,LK,masculine,0.419
2026-03-01,LT,feminine,0.548
2026-03-01,LT,masculine,0.452
2026-03-01,LV,feminine,0.577
2026-03-01,LV,masculine,0.423
2026-03-01,LY,feminine,0.533
2026-03-01,LY,masculine,0.467
2026-03-01,MA,feminine,0.531
2026-03-01,MA,masculine,0.469
2026-03-01,MD,feminine,0.630
2026-03-01,MD,masculine,0.370
2026-03-01,MK,feminine,0.576
2026-03-01,MK,masculine,0.424
2026-03-01,MM,feminine,0.412
2026-03-01,MM,masculine,0.588
2026-03-01,MX,feminine,0.561
2026-03-01,MX,masculine,0.439
2026-03-01,MY,feminine,0.544
2026-03-01,MY,masculine,0.456
2026-03-01,MZ,feminine,0.437
2026-03-01,MZ,masculine,0.563
2026-03-01,NG,feminine,0.411
2026-03-01,NG,masculine,0.589
2026-03-01,NI,feminine,0.545
2026-03-01,NI,masculine,0.455
2026-03-01,NL,feminine,0.528
2026-03-01,NL,masculine,0.472
2026-03-01,NO,feminine,0.545
2026-03-01,NO,masculine,0.455
2026-03-01,NP,feminine,0.483
2026-03-01,NP,masculine,0.517
2026-03-01,NZ,feminine,0.556
2026-03-01,NZ,masculine,0.444
2026-03-01,OM,feminine,0.482
2026-03-01,OM,masculine,0.518
2026-03-01,PA,feminine,0.594
2026-03-01,PA,masculine,0.406
2026-03-01,PE,feminine,0.550
2026-03-01,PE,masculine,0.450
2026-03-01,PH,feminine,0.568
2026-03-01,PH,masculine,0.432
2026-03-01,PK,feminine,0.361
2026-03-01,PK,masculine,0.639
2026-03-01,PL,feminine,0.586
2026-03-01,PL,masculine,0.414
2026-03-01,PR,feminine,0.596
2026-03-01,PR,masculine,0.404
2026-03-01,PS,feminine,0.517
2026-03-01,PS,masculine,0.483
2026-03-01,PT,feminine,0.561
2026-03-01,PT,masculine,0.439
2026-03-01,PY,feminine,0.571
2026-03-01,PY,masculine,0.429
2026-03-01,QA,feminine,0.460
2026-03-01,QA,masculine,0.540
2026-03-01,RO,feminine,0.632
2026-03-01,RO,masculine,0.368
2026-03-01,RS,feminine,0.596
2026-03-01,RS,masculine,0.404
2026-03-01,SA,feminine,0.457
2026-03-01,SA,masculine,0.543
2026-03-01,SE,feminine,0.506
2026-03-01,SE,masculine,0.494
2026-03-01,SG,feminine,0.463
2026-03-01,SG,masculine,0.537
2026-03-01,SI,feminine,0.560
2026-03-01,SI,masculine,0.440
2026-03-01,SK,feminine,0.632
2026-03-01,SK,masculine,0.368
2026-03-01,SN,feminine,0.540
2026-03-01,SN,masculine,0.460
2026-03-01,SV,feminine,0.579
2026-03-01,SV,masculine,0.421
2026-03-01,TH,feminine,0.508
2026-03-01,TH,masculine,0.492
2026-03-01,TN,feminine,0.582
2026-03-01,TN,masculine,0.418
2026-03-01,TR,feminine,0.523
2026-03-01,TR,masculine,0.477
2026-03-01,TW,feminine,0.506
2026-03-01,TW,masculine,0.494
2026-03-01,TZ,feminine,0.467
2026-03-01,TZ,masculine,0.533
2026-03-01,UA,feminine,0.592
2026-03-01,UA,masculine,0.408
2026-03-01,UG,feminine,0.469
2026-03-01,UG,masculine,0.531
2026-03-01,US,feminine,0.530
2026-03-01,US,masculine,0.470
2026-03-01,UY,feminine,0.604
2026-03-01,UY,masculine,0.396
2026-03-01,UZ,feminine,0.482
2026-03-01,UZ,masculine,0.518
2026-03-01,VN,feminine,0.509
2026-03-01,VN,masculine,0.491
2026-03-01,ZA,feminine,0.568
2026-03-01,ZA,masculine,0.432
2026-03-01,ZM,feminine,0.525
2026-03-01,ZM,masculine,0.475
2026-04-01,AE,feminine,0.498
2026-04-01,AE,masculine,0.502
2026-04-01,AF,feminine,0.344
2026-04-01,AF,masculine,0.656
2026-04-01,AL,feminine,0.657
2026-04-01,AL,masculine,0.343
2026-04-01,AM,feminine,0.604
2026-04-01,AM,masculine,0.396
2026-04-01,AO,feminine,0.347
2026-04-01,AO,masculine,0.653
2026-04-01,AR,feminine,0.595
2026-04-01,AR,masculine,0.405
2026-04-01,AT,feminine,0.567
2026-04-01,AT,masculine,0.433
2026-04-01,AU,feminine,0.529
2026-04-01,AU,masculine,0.471
2026-04-01,AZ,feminine,0.520
2026-04-01,AZ,masculine,0.480
2026-04-01,BA,feminine,0.668
2026-04-01,BA,masculine,0.332
2026-04-01,BD,feminine,0.373
2026-04-01,BD,masculine,0.627
2026-04-01,BE,feminine,0.552
2026-04-01,BE,masculine,0.448
2026-04-01,BG,feminine,0.455
2026-04-01,BG,masculine,0.545
2026-04-01,BH,feminine,0.610
2026-04-01,BH,masculine,0.390
2026-04-01,BO,feminine,0.545
2026-04-01,BO,masculine,0.455
2026-04-01,BR,feminine,0.614
2026-04-01,BR,masculine,0.386
2026-04-01,CA,feminine,0.550
2026-04-01,CA,masculine,0.450
2026-04-01,CD,feminine,0.395
2026-04-01,CD,masculine,0.605
2026-04-01,CH,feminine,0.509
2026-04-01,CH,masculine,0.491
2026-04-01,CI,feminine,0.417
2026-04-01,CI,masculine,0.583
2026-04-01,CL,feminine,0.574
2026-04-01,CL,masculine,0.426
2026-04-01,CM,feminine,0.576
2026-04-01,CM,masculine,0.424
2026-04-01,CO,feminine,0.605
2026-04-01,CO,masculine,0.395
2026-04-01,CR,feminine,0.584
2026-04-01,CR,masculine,0.416
2026-04-01,CY,feminine,0.650
2026-04-01,CY,masculine,0.350
2026-04-01,CZ,feminine,0.596
2026-04-01,CZ,masculine,0.404
2026-04-01,DE,feminine,0.530
2026-04-01,DE,masculine,0.470
2026-04-01,DK,feminine,0.523
2026-04-01,DK,masculine,0.477
2026-04-01,DO,feminine,0.610
2026-04-01,DO,masculine,0.390
2026-04-01,DZ,feminine,0.612
2026-04-01,DZ,masculine,0.388
2026-04-01,EC,feminine,0.588
2026-04-01,EC,masculine,0.412
2026-04-01,EE,feminine,0.536
2026-04-01,EE,masculine,0.464
2026-04-01,EG,feminine,0.527
2026-04-01,EG,masculine,0.473
2026-04-01,ES,feminine,0.562
2026-04-01,ES,masculine,0.438
2026-04-01,ET,feminine,0.456
2026-04-01,ET,masculine,0.544
2026-04-01,FI,feminine,0.511
2026-04-01,FI,masculine,0.489
2026-04-01,FR,feminine,0.554
2026-04-01,FR,masculine,0.446
2026-04-01,GB,feminine,0.515
2026-04-01,GB,masculine,0.485
2026-04-01,GE,feminine,0.530
2026-04-01,GE,masculine,0.470
2026-04-01,GH,feminine,0.427
2026-04-01,GH,masculine,0.573
2026-04-01,GR,feminine,0.537
2026-04-01,GR,masculine,0.463
2026-04-01,GT,feminine,0.551
2026-04-01,GT,masculine,0.449
2026-04-01,HN,feminine,0.626
2026-04-01,HN,masculine,0.374
2026-04-01,HR,feminine,0.600
2026-04-01,HR,masculine,0.400
2026-04-01,HT,feminine,0.352
2026-04-01,HT,masculine,0.648
2026-04-01,HU,feminine,0.510
2026-04-01,HU,masculine,0.490
2026-04-01,ID,feminine,0.610
2026-04-01,ID,masculine,0.390
2026-04-01,IE,feminine,0.560
2026-04-01,IE,masculine,0.440
2026-04-01,IL,feminine,0.516
2026-04-01,IL,masculine,0.484
2026-04-01,IN,feminine,0.440
2026-04-01,IN,masculine,0.560
2026-04-01,IQ,feminine,0.488
2026-04-01,IQ,masculine,0.512
2026-04-01,IT,feminine,0.575
2026-04-01,IT,masculine,0.425
2026-04-01,JO,feminine,0.487
2026-04-01,JO,masculine,0.513
2026-04-01,JP,feminine,0.454
2026-04-01,JP,masculine,0.546
2026-04-01,KE,feminine,0.528
2026-04-01,KE,masculine,0.472
2026-04-01,KG,feminine,0.425
2026-04-01,KG,masculine,0.575
2026-04-01,KR,feminine,0.581
2026-04-01,KR,masculine,0.419
2026-04-01,KW,feminine,0.498
2026-04-01,KW,masculine,0.502
2026-04-01,KZ,feminine,0.500
2026-04-01,KZ,masculine,0.500
2026-04-01,LB,feminine,0.560
2026-04-01,LB,masculine,0.440
2026-04-01,LK,feminine,0.518
2026-04-01,LK,masculine,0.482
2026-04-01,LT,feminine,0.495
2026-04-01,LT,masculine,0.505
2026-04-01,LV,feminine,0.591
2026-04-01,LV,masculine,0.409
2026-04-01,LY,feminine,0.532
2026-04-01,LY,masculine,0.468
2026-04-01,MA,feminine,0.541
2026-04-01,MA,masculine,0.459
2026-04-01,MD,feminine,0.708
2026-04-01,MD,masculine,0.292
2026-04-01,MK,feminine,0.512
2026-04-01,MK,masculine,0.488
2026-04-01,MM,feminine,0.414
2026-04-01,MM,masculine,0.586
2026-04-01,MX,feminine,0.561
2026-04-01,MX,masculine,0.439
2026-04-01,MY,feminine,0.508
2026-04-01,MY,masculine,0.492
2026-04-01,MZ,feminine,0.477
2026-04-01,MZ,masculine,0.523
2026-04-01,NG,feminine,0.415
2026-04-01,NG,masculine,0.585
2026-04-01,NI,feminine,0.622
2026-04-01,NI,masculine,0.378
2026-04-01,NL,feminine,0.519
2026-04-01,NL,masculine,0.481
2026-04-01,NO,feminine,0.495
2026-04-01,NO,masculine,0.505
2026-04-01,NP,feminine,0.419
2026-04-01,NP,masculine,0.581
2026-04-01,NZ,feminine,0.549
2026-04-01,NZ,masculine,0.451
2026-04-01,OM,feminine,0.536
2026-04-01,OM,masculine,0.464
2026-04-01,PA,feminine,0.619
2026-04-01,PA,masculine,0.381
2026-04-01,PE,feminine,0.568
2026-04-01,PE,masculine,0.432
2026-04-01,PH,feminine,0.575
2026-04-01,PH,masculine,0.425
2026-04-01,PK,feminine,0.391
2026-04-01,PK,masculine,0.609
2026-04-01,PL,feminine,0.581
2026-04-01,PL,masculine,0.419
2026-04-01,PR,feminine,0.603
2026-04-01,PR,masculine,0.397
2026-04-01,PS,feminine,0.572
2026-04-01,PS,masculine,0.428
2026-04-01,PT,feminine,0.558
2026-04-01,PT,masculine,0.442
2026-04-01,PY,feminine,0.593
2026-04-01,PY,masculine,0.407
2026-04-01,QA,feminine,0.414
2026-04-01,QA,masculine,0.586
2026-04-01,RO,feminine,0.581
2026-04-01,RO,masculine,0.419
2026-04-01,RS,feminine,0.598
2026-04-01,RS,masculine,0.402
2026-04-01,SA,feminine,0.485
2026-04-01,SA,masculine,0.515
2026-04-01,SE,feminine,0.497
2026-04-01,SE,masculine,0.503
2026-04-01,SG,feminine,0.492
2026-04-01,SG,masculine,0.508
2026-04-01,SI,feminine,0.564
2026-04-01,SI,masculine,0.436
2026-04-01,SK,feminine,0.565
2026-04-01,SK,masculine,0.435
2026-04-01,SN,feminine,0.532
2026-04-01,SN,masculine,0.468
2026-04-01,SO,feminine,0.468
2026-04-01,SO,masculine,0.532
2026-04-01,SV,feminine,0.516
2026-04-01,SV,masculine,0.484
2026-04-01,TH,feminine,0.497
2026-04-01,TH,masculine,0.503
2026-04-01,TN,feminine,0.606
2026-04-01,TN,masculine,0.394
2026-04-01,TR,feminine,0.525
2026-04-01,TR,masculine,0.475
2026-04-01,TW,feminine,0.475
2026-04-01,TW,masculine,0.525
2026-04-01,TZ,feminine,0.471
2026-04-01,TZ,masculine,0.529
2026-04-01,UA,feminine,0.584
2026-04-01,UA,masculine,0.416
2026-04-01,US,feminine,0.533
2026-04-01,US,masculine,0.467
2026-04-01,UY,feminine,0.598
2026-04-01,UY,masculine,0.402
2026-04-01,UZ,feminine,0.485
2026-04-01,UZ,masculine,0.515
2026-04-01,VN,feminine,0.524
2026-04-01,VN,masculine,0.476
2026-04-01,ZA,feminine,0.564
2026-04-01,ZA,masculine,0.436
2026-04-01,ZM,feminine,0.589
2026-04-01,ZM,masculine,0.411
2026-05-01,AE,feminine,0.461
2026-05-01,AE,masculine,0.539
2026-05-01,AF,feminine,0.328
2026-05-01,AF,masculine,0.672
2026-05-01,AL,feminine,0.535
2026-05-01,AL,masculine,0.465
2026-05-01,AM,feminine,0.621
2026-05-01,AM,masculine,0.379
2026-05-01,AO,feminine,0.391
2026-05-01,AO,masculine,0.609
2026-05-01,AR,feminine,0.603
2026-05-01,AR,masculine,0.397
2026-05-01,AT,feminine,0.524
2026-05-01,AT,masculine,0.476
2026-05-01,AU,feminine,0.556
2026-05-01,AU,masculine,0.444
2026-05-01,AZ,feminine,0.519
2026-05-01,AZ,masculine,0.481
2026-05-01,BA,feminine,0.570
2026-05-01,BA,masculine,0.430
2026-05-01,BD,feminine,0.367
2026-05-01,BD,masculine,0.633
2026-05-01,BE,feminine,0.564
2026-05-01,BE,masculine,0.436
2026-05-01,BG,feminine,0.481
2026-05-01,BG,masculine,0.519
2026-05-01,BH,feminine,0.622
2026-05-01,BH,masculine,0.378
2026-05-01,BO,feminine,0.558
2026-05-01,BO,masculine,0.442
2026-05-01,BR,feminine,0.621
2026-05-01,BR,masculine,0.379
2026-05-01,CA,feminine,0.537
2026-05-01,CA,masculine,0.463
2026-05-01,CD,feminine,0.372
2026-05-01,CD,masculine,0.628
2026-05-01,CH,feminine,0.570
2026-05-01,CH,masculine,0.430
2026-05-01,CI,feminine,0.464
2026-05-01,CI,masculine,0.536
2026-05-01,CL,feminine,0.561
2026-05-01,CL,masculine,0.439
2026-05-01,CM,feminine,0.479
2026-05-01,CM,masculine,0.521
2026-05-01,CO,feminine,0.599
2026-05-01,CO,masculine,0.401
2026-05-01,CR,feminine,0.574
2026-05-01,CR,masculine,0.426
2026-05-01,CY,feminine,0.531
2026-05-01,CY,masculine,0.469
2026-05-01,CZ,feminine,0.620
2026-05-01,CZ,masculine,0.380
2026-05-01,DE,feminine,0.538
2026-05-01,DE,masculine,0.462
2026-05-01,DK,feminine,0.557
2026-05-01,DK,masculine,0.443
2026-05-01,DO,feminine,0.601
2026-05-01,DO,masculine,0.399
2026-05-01,DZ,feminine,0.608
2026-05-01,DZ,masculine,0.392
2026-05-01,EC,feminine,0.609
2026-05-01,EC,masculine,0.391
2026-05-01,EE,feminine,0.573
2026-05-01,EE,masculine,0.427
2026-05-01,EG,feminine,0.518
2026-05-01,EG,masculine,0.482
2026-05-01,ES,feminine,0.563
2026-05-01,ES,masculine,0.437
2026-05-01,ET,feminine,0.502
2026-05-01,ET,masculine,0.498
2026-05-01,FI,feminine,0.504
2026-05-01,FI,masculine,0.496
2026-05-01,FR,feminine,0.557
2026-05-01,FR,masculine,0.443
2026-05-01,GB,feminine,0.530
2026-05-01,GB,masculine,0.470
2026-05-01,GE,feminine,0.591
2026-05-01,GE,masculine,0.409
2026-05-01,GH,feminine,0.460
2026-05-01,GH,masculine,0.540
2026-05-01,GR,feminine,0.571
2026-05-01,GR,masculine,0.429
2026-05-01,GT,feminine,0.552
2026-05-01,GT,masculine,0.448
2026-05-01,HN,feminine,0.599
2026-05-01,HN,masculine,0.401
2026-05-01,HR,feminine,0.560
2026-05-01,HR,masculine,0.440
2026-05-01,HU,feminine,0.514
2026-05-01,HU,masculine,0.486
2026-05-01,ID,feminine,0.593
2026-05-01,ID,masculine,0.407
2026-05-01,IE,feminine,0.558
2026-05-01,IE,masculine,0.442
2026-05-01,IL,feminine,0.486
2026-05-01,IL,masculine,0.514
2026-05-01,IN,feminine,0.434
2026-05-01,IN,masculine,0.566
2026-05-01,IQ,feminine,0.503
2026-05-01,IQ,masculine,0.497
2026-05-01,IT,feminine,0.554
2026-05-01,IT,masculine,0.446
2026-05-01,JO,feminine,0.534
2026-05-01,JO,masculine,0.466
2026-05-01,JP,feminine,0.483
2026-05-01,JP,masculine,0.517
2026-05-01,KE,feminine,0.550
2026-05-01,KE,masculine,0.450
2026-05-01,KG,feminine,0.414
2026-05-01,KG,masculine,0.586
2026-05-01,KR,feminine,0.599
2026-05-01,KR,masculine,0.401
2026-05-01,KW,feminine,0.499
2026-05-01,KW,masculine,0.501
2026-05-01,KZ,feminine,0.506
2026-05-01,KZ,masculine,0.494
2026-05-01,LB,feminine,0.594
2026-05-01,LB,masculine,0.406
2026-05-01,LK,feminine,0.631
2026-05-01,LK,masculine,0.369
2026-05-01,LT,feminine,0.501
2026-05-01,LT,masculine,0.499
2026-05-01,LV,feminine,0.591
2026-05-01,LV,masculine,0.409
2026-05-01,LY,feminine,0.491
2026-05-01,LY,masculine,0.509
2026-05-01,MA,feminine,0.551
2026-05-01,MA,masculine,0.449
2026-05-01,MD,feminine,0.715
2026-05-01,MD,masculine,0.285
2026-05-01,MK,feminine,0.528
2026-05-01,MK,masculine,0.472
2026-05-01,MM,feminine,0.461
2026-05-01,MM,masculine,0.539
2026-05-01,MX,feminine,0.571
2026-05-01,MX,masculine,0.429
2026-05-01,MY,feminine,0.514
2026-05-01,MY,masculine,0.486
2026-05-01,MZ,feminine,0.510
2026-05-01,MZ,masculine,0.490
2026-05-01,NG,feminine,0.399
2026-05-01,NG,masculine,0.601
2026-05-01,NI,feminine,0.587
2026-05-01,NI,masculine,0.413
2026-05-01,NL,feminine,0.497
2026-05-01,NL,masculine,0.503
2026-05-01,NO,feminine,0.505
2026-05-01,NO,masculine,0.495
2026-05-01,NP,feminine,0.508
2026-05-01,NP,masculine,0.492
2026-05-01,NZ,feminine,0.547
2026-05-01,NZ,masculine,0.453
2026-05-01,OM,feminine,0.484
2026-05-01,OM,masculine,0.516
2026-05-01,PA,feminine,0.552
2026-05-01,PA,masculine,0.448
2026-05-01,PE,feminine,0.565
2026-05-01,PE,masculine,0.435
2026-05-01,PH,feminine,0.578
2026-05-01,PH,masculine,0.422
2026-05-01,PK,feminine,0.391
2026-05-01,PK,masculine,0.609
2026-05-01,PL,feminine,0.592
2026-05-01,PL,masculine,0.408
2026-05-01,PR,feminine,0.570
2026-05-01,PR,masculine,0.430
2026-05-01,PS,feminine,0.569
2026-05-01,PS,masculine,0.431
2026-05-01,PT,feminine,0.573
2026-05-01,PT,masculine,0.427
2026-05-01,PY,feminine,0.601
2026-05-01,PY,masculine,0.399
2026-05-01,QA,feminine,0.468
2026-05-01,QA,masculine,0.532
2026-05-01,RO,feminine,0.606
2026-05-01,RO,masculine,0.394
2026-05-01,RS,feminine,0.617
2026-05-01,RS,masculine,0.383
2026-05-01,SA,feminine,0.467
2026-05-01,SA,masculine,0.533
2026-05-01,SE,feminine,0.537
2026-05-01,SE,masculine,0.463
2026-05-01,SG,feminine,0.469
2026-05-01,SG,masculine,0.531
2026-05-01,SI,feminine,0.594
2026-05-01,SI,masculine,0.406
2026-05-01,SK,feminine,0.527
2026-05-01,SK,masculine,0.473
2026-05-01,SN,feminine,0.570
2026-05-01,SN,masculine,0.430
2026-05-01,SO,feminine,0.480
2026-05-01,SO,masculine,0.520
2026-05-01,SV,feminine,0.551
2026-05-01,SV,masculine,0.449
2026-05-01,TH,feminine,0.516
2026-05-01,TH,masculine,0.484
2026-05-01,TN,feminine,0.642
2026-05-01,TN,masculine,0.358
2026-05-01,TR,feminine,0.528
2026-05-01,TR,masculine,0.472
2026-05-01,TW,feminine,0.488
2026-05-01,TW,masculine,0.512
2026-05-01,TZ,feminine,0.399
2026-05-01,TZ,masculine,0.601
2026-05-01,UA,feminine,0.594
2026-05-01,UA,masculine,0.406
2026-05-01,US,feminine,0.535
2026-05-01,US,masculine,0.465
2026-05-01,UY,feminine,0.579
2026-05-01,UY,masculine,0.421
2026-05-01,UZ,feminine,0.481
2026-05-01,UZ,masculine,0.519
2026-05-01,VN,feminine,0.517
2026-05-01,VN,masculine,0.483
2026-05-01,ZA,feminine,0.542
2026-05-01,ZA,masculine,0.458
2026-05-01,ZM,feminine,0.567
2026-05-01,ZM,masculine,0.433
2026-06-01,AE,feminine,0.486
2026-06-01,AE,masculine,0.514
2026-06-01,AF,feminine,0.276
2026-06-01,AF,masculine,0.724
2026-06-01,AL,feminine,0.582
2026-06-01,AL,masculine,0.418
2026-06-01,AM,feminine,0.660
2026-06-01,AM,masculine,0.340
2026-06-01,AO,feminine,0.395
2026-06-01,AO,masculine,0.605
2026-06-01,AR,feminine,0.606
2026-06-01,AR,masculine,0.394
2026-06-01,AT,feminine,0.552
2026-06-01,AT,masculine,0.448
2026-06-01,AU,feminine,0.540
2026-06-01,AU,masculine,0.460
2026-06-01,AZ,feminine,0.527
2026-06-01,AZ,masculine,0.473
2026-06-01,BA,feminine,0.645
2026-06-01,BA,masculine,0.355
2026-06-01,BD,feminine,0.397
2026-06-01,BD,masculine,0.603
2026-06-01,BE,feminine,0.555
2026-06-01,BE,masculine,0.445
2026-06-01,BG,feminine,0.529
2026-06-01,BG,masculine,0.471
2026-06-01,BH,feminine,0.536
2026-06-01,BH,masculine,0.464
2026-06-01,BO,feminine,0.544
2026-06-01,BO,masculine,0.456
2026-06-01,BR,feminine,0.609
2026-06-01,BR,masculine,0.391
2026-06-01,CA,feminine,0.536
2026-06-01,CA,masculine,0.464
2026-06-01,CD,feminine,0.412
2026-06-01,CD,masculine,0.588
2026-06-01,CH,feminine,0.516
2026-06-01,CH,masculine,0.484
2026-06-01,CI,feminine,0.478
2026-06-01,CI,masculine,0.522
2026-06-01,CL,feminine,0.568
2026-06-01,CL,masculine,0.432
2026-06-01,CM,feminine,0.528
2026-06-01,CM,masculine,0.472
2026-06-01,CO,feminine,0.596
2026-06-01,CO,masculine,0.404
2026-06-01,CR,feminine,0.550
2026-06-01,CR,masculine,0.450
2026-06-01,CY,feminine,0.583
2026-06-01,CY,masculine,0.417
2026-06-01,CZ,feminine,0.619
2026-06-01,CZ,masculine,0.381
2026-06-01,DE,feminine,0.535
2026-06-01,DE,masculine,0.465
2026-06-01,DK,feminine,0.532
2026-06-01,DK,masculine,0.468
2026-06-01,DO,feminine,0.574
2026-06-01,DO,masculine,0.426
2026-06-01,DZ,feminine,0.558
2026-06-01,DZ,masculine,0.442
2026-06-01,EC,feminine,0.607
2026-06-01,EC,masculine,0.393
2026-06-01,EE,feminine,0.533
2026-06-01,EE,masculine,0.467
2026-06-01,EG,feminine,0.522
2026-06-01,EG,masculine,0.478
2026-06-01,ES,feminine,0.551
2026-06-01,ES,masculine,0.449
2026-06-01,ET,feminine,0.400
2026-06-01,ET,masculine,0.600
2026-06-01,FI,feminine,0.508
2026-06-01,FI,masculine,0.492
2026-06-01,FR,feminine,0.566
2026-06-01,FR,masculine,0.434
2026-06-01,GB,feminine,0.524
2026-06-01,GB,masculine,0.476
2026-06-01,GE,feminine,0.572
2026-06-01,GE,masculine,0.428
2026-06-01,GH,feminine,0.455
2026-06-01,GH,masculine,0.545
2026-06-01,GR,feminine,0.515
2026-06-01,GR,masculine,0.485
2026-06-01,GT,feminine,0.540
2026-06-01,GT,masculine,0.460
2026-06-01,HN,feminine,0.617
2026-06-01,HN,masculine,0.383
2026-06-01,HR,feminine,0.580
2026-06-01,HR,masculine,0.420
2026-06-01,HU,feminine,0.545
2026-06-01,HU,masculine,0.455
2026-06-01,ID,feminine,0.612
2026-06-01,ID,masculine,0.388
2026-06-01,IE,feminine,0.514
2026-06-01,IE,masculine,0.486
2026-06-01,IL,feminine,0.481
2026-06-01,IL,masculine,0.519
2026-06-01,IN,feminine,0.431
2026-06-01,IN,masculine,0.569
2026-06-01,IQ,feminine,0.509
2026-06-01,IQ,masculine,0.491
2026-06-01,IT,feminine,0.550
2026-06-01,IT,masculine,0.450
2026-06-01,JO,feminine,0.544
2026-06-01,JO,masculine,0.456
2026-06-01,JP,feminine,0.462
2026-06-01,JP,masculine,0.538
2026-06-01,KE,feminine,0.544
2026-06-01,KE,masculine,0.456
2026-06-01,KG,feminine,0.437
2026-06-01,KG,masculine,0.563
2026-06-01,KR,feminine,0.607
2026-06-01,KR,masculine,0.393
2026-06-01,KW,feminine,0.436
2026-06-01,KW,masculine,0.564
2026-06-01,KZ,feminine,0.473
2026-06-01,KZ,masculine,0.527
2026-06-01,LB,feminine,0.581
2026-06-01,LB,masculine,0.419
2026-06-01,LK,feminine,0.595
2026-06-01,LK,masculine,0.405
2026-06-01,LT,feminine,0.514
2026-06-01,LT,masculine,0.486
2026-06-01,LV,feminine,0.609
2026-06-01,LV,masculine,0.391
2026-06-01,LY,feminine,0.477
2026-06-01,LY,masculine,0.523
2026-06-01,MA,feminine,0.554
2026-06-01,MA,masculine,0.446
2026-06-01,MD,feminine,0.622
2026-06-01,MD,masculine,0.378
2026-06-01,MK,feminine,0.590
2026-06-01,MK,masculine,0.410
2026-06-01,MM,feminine,0.473
2026-06-01,MM,masculine,0.527
2026-06-01,MX,feminine,0.546
2026-06-01,MX,masculine,0.454
2026-06-01,MY,feminine,0.509
2026-06-01,MY,masculine,0.491
2026-06-01,MZ,feminine,0.445
2026-06-01,MZ,masculine,0.555
2026-06-01,NG,feminine,0.420
2026-06-01,NG,masculine,0.580
2026-06-01,NI,feminine,0.693
2026-06-01,NI,masculine,0.307
2026-06-01,NL,feminine,0.501
2026-06-01,NL,masculine,0.499
2026-06-01,NO,feminine,0.513
2026-06-01,NO,masculine,0.487
2026-06-01,NP,feminine,0.549
2026-06-01,NP,masculine,0.451
2026-06-01,NZ,feminine,0.584
2026-06-01,NZ,masculine,0.416
2026-06-01,OM,feminine,0.560
2026-06-01,OM,masculine,0.440
2026-06-01,PA,feminine,0.561
2026-06-01,PA,masculine,0.439
2026-06-01,PE,feminine,0.558
2026-06-01,PE,masculine,0.442
2026-06-01,PH,feminine,0.573
2026-06-01,PH,masculine,0.427
2026-06-01,PK,feminine,0.371
2026-06-01,PK,masculine,0.629
2026-06-01,PL,feminine,0.586
2026-06-01,PL,masculine,0.414
2026-06-01,PR,feminine,0.553
2026-06-01,PR,masculine,0.447
2026-06-01,PS,feminine,0.594
2026-06-01,PS,masculine,0.406
2026-06-01,PT,feminine,0.590
2026-06-01,PT,masculine,0.410
2026-06-01,PY,feminine,0.532
2026-06-01,PY,masculine,0.468
2026-06-01,QA,feminine,0.510
2026-06-01,QA,masculine,0.490
2026-06-01,RO,feminine,0.610
2026-06-01,RO,masculine,0.390
2026-06-01,RS,feminine,0.616
2026-06-01,RS,masculine,0.384
2026-06-01,SA,feminine,0.443
2026-06-01,SA,masculine,0.557
2026-06-01,SE,feminine,0.540
2026-06-01,SE,masculine,0.460
2026-06-01,SG,feminine,0.478
2026-06-01,SG,masculine,0.522
2026-06-01,SI,feminine,0.599
2026-06-01,SI,masculine,0.401
2026-06-01,SK,feminine,0.602
2026-06-01,SK,masculine,0.398
2026-06-01,SN,feminine,0.485
2026-06-01,SN,masculine,0.515
2026-06-01,SO,feminine,0.450
2026-06-01,SO,masculine,0.550
2026-06-01,SV,feminine,0.588
2026-06-01,SV,masculine,0.412
2026-06-01,TH,feminine,0.519
2026-06-01,TH,masculine,0.481
2026-06-01,TN,feminine,0.578
2026-06-01,TN,masculine,0.422
2026-06-01,TR,feminine,0.524
2026-06-01,TR,masculine,0.476
2026-06-01,TW,feminine,0.507
2026-06-01,TW,masculine,0.493
2026-06-01,TZ,feminine,0.474
2026-06-01,TZ,masculine,0.526
2026-06-01,UA,feminine,0.597
2026-06-01,UA,masculine,0.403
2026-06-01,US,feminine,0.537
2026-06-01,US,masculine,0.463
2026-06-01,UY,feminine,0.647
2026-06-01,UY,masculine,0.353
2026-06-01,UZ,feminine,0.493
2026-06-01,UZ,masculine,0.507
2026-06-01,VN,feminine,0.525
2026-06-01,VN,masculine,0.475
2026-06-01,ZA,feminine,0.573
2026-06-01,ZA,masculine,0.427
