month,country,topic,typical_name_gender,share_of_messages
2024-07-01,AE,Practical Guidance,feminine,0.360
2024-07-01,AE,Practical Guidance,masculine,0.640
2024-07-01,AE,Seeking information,feminine,0.325
2024-07-01,AE,Seeking information,masculine,0.675
2024-07-01,AE,Writing,feminine,0.441
2024-07-01,AE,Writing,masculine,0.559
2024-07-01,AR,Practical Guidance,feminine,0.449
2024-07-01,AR,Practical Guidance,masculine,0.551
2024-07-01,AR,Seeking information,feminine,0.405
2024-07-01,AR,Seeking information,masculine,0.595
2024-07-01,AR,Self-expression,feminine,0.325
2024-07-01,AR,Self-expression,masculine,0.675
2024-07-01,AR,Technical help,feminine,0.253
2024-07-01,AR,Technical help,masculine,0.747
2024-07-01,AR,Writing,feminine,0.547
2024-07-01,AR,Writing,masculine,0.453
2024-07-01,AT,Practical Guidance,feminine,0.491
2024-07-01,AT,Practical Guidance,masculine,0.509
2024-07-01,AT,Seeking information,feminine,0.366
2024-07-01,AT,Seeking information,masculine,0.634
2024-07-01,AT,Writing,feminine,0.511
2024-07-01,AT,Writing,masculine,0.489
2024-07-01,AU,Practical Guidance,feminine,0.492
2024-07-01,AU,Practical Guidance,masculine,0.508
2024-07-01,AU,Seeking information,feminine,0.377
2024-07-01,AU,Seeking information,masculine,0.623
2024-07-01,AU,Technical help,feminine,0.259
2024-07-01,AU,Technical help,masculine,0.741
2024-07-01,AU,Writing,feminine,0.550
2024-07-01,AU,Writing,masculine,0.450
2024-07-01,BD,Practical Guidance,feminine,0.323
2024-07-01,BD,Practical Guidance,masculine,0.677
2024-07-01,BD,Writing,feminine,0.325
2024-07-01,BD,Writing,masculine,0.675
2024-07-01,BE,Practical Guidance,feminine,0.459
2024-07-01,BE,Practical Guidance,masculine,0.541
2024-07-01,BE,Seeking information,feminine,0.426
2024-07-01,BE,Seeking information,masculine,0.574
2024-07-01,BE,Writing,feminine,0.581
2024-07-01,BE,Writing,masculine,0.419
2024-07-01,BO,Practical Guidance,feminine,0.444
2024-07-01,BO,Practical Guidance,masculine,0.556
2024-07-01,BO,Seeking information,feminine,0.481
2024-07-01,BO,Seeking information,masculine,0.519
2024-07-01,BO,Writing,feminine,0.477
2024-07-01,BO,Writing,masculine,0.523
2024-07-01,BR,Multimedia,feminine,0.324
2024-07-01,BR,Multimedia,masculine,0.676
2024-07-01,BR,Other/Unknown,feminine,0.383
2024-07-01,BR,Other/Unknown,masculine,0.617
2024-07-01,BR,Practical Guidance,feminine,0.448
2024-07-01,BR,Practical Guidance,masculine,0.552
2024-07-01,BR,Seeking information,feminine,0.399
2024-07-01,BR,Seeking information,masculine,0.601
2024-07-01,BR,Self-expression,feminine,0.430
2024-07-01,BR,Self-expression,masculine,0.570
2024-07-01,BR,Technical help,feminine,0.221
2024-07-01,BR,Technical help,masculine,0.779
2024-07-01,BR,Writing,feminine,0.516
2024-07-01,BR,Writing,masculine,0.484
2024-07-01,CA,Multimedia,feminine,0.251
2024-07-01,CA,Multimedia,masculine,0.749
2024-07-01,CA,Other/Unknown,feminine,0.331
2024-07-01,CA,Other/Unknown,masculine,0.669
2024-07-01,CA,Practical Guidance,feminine,0.438
2024-07-01,CA,Practical Guidance,masculine,0.562
2024-07-01,CA,Seeking information,feminine,0.383
2024-07-01,CA,Seeking information,masculine,0.617
2024-07-01,CA,Self-expression,feminine,0.441
2024-07-01,CA,Self-expression,masculine,0.559
2024-07-01,CA,Technical help,feminine,0.286
2024-07-01,CA,Technical help,masculine,0.714
2024-07-01,CA,Writing,feminine,0.495
2024-07-01,CA,Writing,masculine,0.505
2024-07-01,CH,Practical Guidance,feminine,0.364
2024-07-01,CH,Practical Guidance,masculine,0.636
2024-07-01,CH,Seeking information,feminine,0.327
2024-07-01,CH,Seeking information,masculine,0.673
2024-07-01,CH,Technical help,feminine,0.276
2024-07-01,CH,Technical help,masculine,0.724
2024-07-01,CH,Writing,feminine,0.474
2024-07-01,CH,Writing,masculine,0.526
2024-07-01,CL,Practical Guidance,feminine,0.469
2024-07-01,CL,Practical Guidance,masculine,0.531
2024-07-01,CL,Seeking information,feminine,0.410
2024-07-01,CL,Seeking information,masculine,0.590
2024-07-01,CL,Technical help,feminine,0.168
2024-07-01,CL,Technical help,masculine,0.832
2024-07-01,CL,Writing,feminine,0.481
2024-07-01,CL,Writing,masculine,0.519
2024-07-01,CO,Other/Unknown,feminine,0.490
2024-07-01,CO,Other/Unknown,masculine,0.510
2024-07-01,CO,Practical Guidance,feminine,0.491
2024-07-01,CO,Practical Guidance,masculine,0.509
2024-07-01,CO,Seeking information,feminine,0.470
2024-07-01,CO,Seeking information,masculine,0.530
2024-07-01,CO,Self-expression,feminine,0.492
2024-07-01,CO,Self-expression,masculine,0.508
2024-07-01,CO,Technical help,feminine,0.248
2024-07-01,CO,Technical help,masculine,0.752
2024-07-01,CO,Writing,feminine,0.533
2024-07-01,CO,Writing,masculine,0.467
2024-07-01,CR,Practical Guidance,feminine,0.497
2024-07-01,CR,Practical Guidance,masculine,0.503
2024-07-01,CR,Writing,feminine,0.470
2024-07-01,CR,Writing,masculine,0.530
2024-07-01,CZ,Practical Guidance,feminine,0.407
2024-07-01,CZ,Practical Guidance,masculine,0.593
2024-07-01,CZ,Seeking information,feminine,0.339
2024-07-01,CZ,Seeking information,masculine,0.661
2024-07-01,CZ,Writing,feminine,0.546
2024-07-01,CZ,Writing,masculine,0.454
2024-07-01,DE,Multimedia,feminine,0.204
2024-07-01,DE,Multimedia,masculine,0.796
2024-07-01,DE,Other/Unknown,feminine,0.407
2024-07-01,DE,Other/Unknown,masculine,0.593
2024-07-01,DE,Practical Guidance,feminine,0.424
2024-07-01,DE,Practical Guidance,masculine,0.576
2024-07-01,DE,Seeking information,feminine,0.383
2024-07-01,DE,Seeking information,masculine,0.617
2024-07-01,DE,Self-expression,feminine,0.407
2024-07-01,DE,Self-expression,masculine,0.593
2024-07-01,DE,Technical help,feminine,0.192
2024-07-01,DE,Technical help,masculine,0.808
2024-07-01,DE,Writing,feminine,0.498
2024-07-01,DE,Writing,masculine,0.502
2024-07-01,DK,Practical Guidance,feminine,0.418
2024-07-01,DK,Practical Guidance,masculine,0.582
2024-07-01,DK,Seeking information,feminine,0.301
2024-07-01,DK,Seeking information,masculine,0.699
2024-07-01,DK,Writing,feminine,0.458
2024-07-01,DK,Writing,masculine,0.542
2024-07-01,DO,Practical Guidance,feminine,0.577
2024-07-01,DO,Practical Guidance,masculine,0.423
2024-07-01,DO,Seeking information,feminine,0.492
2024-07-01,DO,Seeking information,masculine,0.508
2024-07-01,DO,Writing,feminine,0.615
2024-07-01,DO,Writing,masculine,0.385
2024-07-01,DZ,Practical Guidance,feminine,0.443
2024-07-01,DZ,Practical Guidance,masculine,0.557
2024-07-01,DZ,Writing,feminine,0.494
2024-07-01,DZ,Writing,masculine,0.506
2024-07-01,EC,Practical Guidance,feminine,0.546
2024-07-01,EC,Practical Guidance,masculine,0.454
2024-07-01,EC,Seeking information,feminine,0.538
2024-07-01,EC,Seeking information,masculine,0.462
2024-07-01,EC,Technical help,feminine,0.339
2024-07-01,EC,Technical help,masculine,0.661
2024-07-01,EC,Writing,feminine,0.588
2024-07-01,EC,Writing,masculine,0.412
2024-07-01,EG,Practical Guidance,feminine,0.354
2024-07-01,EG,Practical Guidance,masculine,0.646
2024-07-01,EG,Seeking information,feminine,0.216
2024-07-01,EG,Seeking information,masculine,0.784
2024-07-01,EG,Technical help,feminine,0.170
2024-07-01,EG,Technical help,masculine,0.830
2024-07-01,EG,Writing,feminine,0.395
2024-07-01,EG,Writing,masculine,0.605
2024-07-01,ES,Other/Unknown,feminine,0.415
2024-07-01,ES,Other/Unknown,masculine,0.585
2024-07-01,ES,Practical Guidance,feminine,0.453
2024-07-01,ES,Practical Guidance,masculine,0.547
2024-07-01,ES,Seeking information,feminine,0.414
2024-07-01,ES,Seeking information,masculine,0.586
2024-07-01,ES,Self-expression,feminine,0.503
2024-07-01,ES,Self-expression,masculine,0.497
2024-07-01,ES,Technical help,feminine,0.219
2024-07-01,ES,Technical help,masculine,0.781
2024-07-01,ES,Writing,feminine,0.524
2024-07-01,ES,Writing,masculine,0.476
2024-07-01,FI,Writing,feminine,0.485
2024-07-01,FI,Writing,masculine,0.515
2024-07-01,FR,Multimedia,feminine,0.376
2024-07-01,FR,Multimedia,masculine,0.624
2024-07-01,FR,Other/Unknown,feminine,0.410
2024-07-01,FR,Other/Unknown,masculine,0.590
2024-07-01,FR,Practical Guidance,feminine,0.416
2024-07-01,FR,Practical Guidance,masculine,0.584
2024-07-01,FR,Seeking information,feminine,0.399
2024-07-01,FR,Seeking information,masculine,0.601
2024-07-01,FR,Self-expression,feminine,0.415
2024-07-01,FR,Self-expression,masculine,0.585
2024-07-01,FR,Technical help,feminine,0.202
2024-07-01,FR,Technical help,masculine,0.798
2024-07-01,FR,Writing,feminine,0.504
2024-07-01,FR,Writing,masculine,0.496
2024-07-01,GB,Multimedia,feminine,0.312
2024-07-01,GB,Multimedia,masculine,0.688
2024-07-01,GB,Other/Unknown,feminine,0.352
2024-07-01,GB,Other/Unknown,masculine,0.648
2024-07-01,GB,Practical Guidance,feminine,0.384
2024-07-01,GB,Practical Guidance,masculine,0.616
2024-07-01,GB,Seeking information,feminine,0.360
2024-07-01,GB,Seeking information,masculine,0.640
2024-07-01,GB,Self-expression,feminine,0.405
2024-07-01,GB,Self-expression,masculine,0.595
2024-07-01,GB,Technical help,feminine,0.220
2024-07-01,GB,Technical help,masculine,0.780
2024-07-01,GB,Writing,feminine,0.495
2024-07-01,GB,Writing,masculine,0.505
2024-07-01,GH,Practical Guidance,feminine,0.398
2024-07-01,GH,Practical Guidance,masculine,0.602
2024-07-01,GH,Seeking information,feminine,0.440
2024-07-01,GH,Seeking information,masculine,0.560
2024-07-01,GH,Writing,feminine,0.404
2024-07-01,GH,Writing,masculine,0.596
2024-07-01,GR,Practical Guidance,feminine,0.364
2024-07-01,GR,Practical Guidance,masculine,0.636
2024-07-01,GR,Writing,feminine,0.469
2024-07-01,GR,Writing,masculine,0.531
2024-07-01,GT,Practical Guidance,feminine,0.477
2024-07-01,GT,Practical Guidance,masculine,0.523
2024-07-01,GT,Seeking information,feminine,0.441
2024-07-01,GT,Seeking information,masculine,0.559
2024-07-01,GT,Writing,feminine,0.504
2024-07-01,GT,Writing,masculine,0.496
2024-07-01,HN,Practical Guidance,feminine,0.416
2024-07-01,HN,Practical Guidance,masculine,0.584
2024-07-01,HN,Seeking information,feminine,0.639
2024-07-01,HN,Seeking information,masculine,0.361
2024-07-01,HN,Writing,feminine,0.630
2024-07-01,HN,Writing,masculine,0.370
2024-07-01,HU,Practical Guidance,feminine,0.298
2024-07-01,HU,Practical Guidance,masculine,0.702
2024-07-01,HU,Writing,feminine,0.371
2024-07-01,HU,Writing,masculine,0.629
2024-07-01,ID,Other/Unknown,feminine,0.399
2024-07-01,ID,Other/Unknown,masculine,0.601
2024-07-01,ID,Practical Guidance,feminine,0.545
2024-07-01,ID,Practical Guidance,masculine,0.455
2024-07-01,ID,Seeking information,feminine,0.530
2024-07-01,ID,Seeking information,masculine,0.470
2024-07-01,ID,Self-expression,feminine,0.513
2024-07-01,ID,Self-expression,masculine,0.487
2024-07-01,ID,Technical help,feminine,0.371
2024-07-01,ID,Technical help,masculine,0.629
2024-07-01,ID,Writing,feminine,0.561
2024-07-01,ID,Writing,masculine,0.439
2024-07-01,IE,Practical Guidance,feminine,0.400
2024-07-01,IE,Practical Guidance,masculine,0.600
2024-07-01,IE,Writing,feminine,0.549
2024-07-01,IE,Writing,masculine,0.451
2024-07-01,IL,Practical Guidance,feminine,0.355
2024-07-01,IL,Practical Guidance,masculine,0.645
2024-07-01,IL,Seeking information,feminine,0.318
2024-07-01,IL,Seeking information,masculine,0.682
2024-07-01,IL,Technical help,feminine,0.254
2024-07-01,IL,Technical help,masculine,0.746
2024-07-01,IL,Writing,feminine,0.430
2024-07-01,IL,Writing,masculine,0.570
2024-07-01,IN,Multimedia,feminine,0.318
2024-07-01,IN,Multimedia,masculine,0.682
2024-07-01,IN,Other/Unknown,feminine,0.378
2024-07-01,IN,Other/Unknown,masculine,0.622
2024-07-01,IN,Practical Guidance,feminine,0.418
2024-07-01,IN,Practical Guidance,masculine,0.582
2024-07-01,IN,Seeking information,feminine,0.388
2024-07-01,IN,Seeking information,masculine,0.612
2024-07-01,IN,Self-expression,feminine,0.432
2024-07-01,IN,Self-expression,masculine,0.568
2024-07-01,IN,Technical help,feminine,0.293
2024-07-01,IN,Technical help,masculine,0.707
2024-07-01,IN,Writing,feminine,0.424
2024-07-01,IN,Writing,masculine,0.576
2024-07-01,IQ,Practical Guidance,feminine,0.403
2024-07-01,IQ,Practical Guidance,masculine,0.597
2024-07-01,IT,Other/Unknown,feminine,0.359
2024-07-01,IT,Other/Unknown,masculine,0.641
2024-07-01,IT,Practical Guidance,feminine,0.429
2024-07-01,IT,Practical Guidance,masculine,0.571
2024-07-01,IT,Seeking information,feminine,0.470
2024-07-01,IT,Seeking information,masculine,0.530
2024-07-01,IT,Self-expression,feminine,0.584
2024-07-01,IT,Self-expression,masculine,0.416
2024-07-01,IT,Technical help,feminine,0.383
2024-07-01,IT,Technical help,masculine,0.617
2024-07-01,IT,Writing,feminine,0.548
2024-07-01,IT,Writing,masculine,0.452
2024-07-01,JO,Writing,feminine,0.456
2024-07-01,JO,Writing,masculine,0.544
2024-07-01,JP,Practical Guidance,feminine,0.304
2024-07-01,JP,Practical Guidance,masculine,0.696
2024-07-01,JP,Seeking information,feminine,0.298
2024-07-01,JP,Seeking information,masculine,0.702
2024-07-01,JP,Technical help,feminine,0.277
2024-07-01,JP,Technical help,masculine,0.723
2024-07-01,JP,Writing,feminine,0.397
2024-07-01,JP,Writing,masculine,0.603
2024-07-01,KE,Practical Guidance,feminine,0.487
2024-07-01,KE,Practical Guidance,masculine,0.513
2024-07-01,KE,Seeking information,feminine,0.398
2024-07-01,KE,Seeking information,masculine,0.602
2024-07-01,KE,Technical help,feminine,0.275
2024-07-01,KE,Technical help,masculine,0.725
2024-07-01,KE,Writing,feminine,0.457
2024-07-01,KE,Writing,masculine,0.543
2024-07-01,KR,Practical Guidance,feminine,0.385
2024-07-01,KR,Practical Guidance,masculine,0.615
2024-07-01,KR,Seeking information,feminine,0.366
2024-07-01,KR,Seeking information,masculine,0.634
2024-07-01,KR,Technical help,feminine,0.342
2024-07-01,KR,Technical help,masculine,0.658
2024-07-01,KR,Writing,feminine,0.491
2024-07-01,KR,Writing,masculine,0.509
2024-07-01,KZ,Practical Guidance,feminine,0.424
2024-07-01,KZ,Practical Guidance,masculine,0.576
2024-07-01,KZ,Writing,feminine,0.483
2024-07-01,KZ,Writing,masculine,0.517
2024-07-01,LB,Writing,feminine,0.577
2024-07-01,LB,Writing,masculine,0.423
2024-07-01,LK,Practical Guidance,feminine,0.529
2024-07-01,LK,Practical Guidance,masculine,0.471
2024-07-01,LK,Writing,feminine,0.575
2024-07-01,LK,Writing,masculine,0.425
2024-07-01,MA,Practical Guidance,feminine,0.368
2024-07-01,MA,Practical Guidance,masculine,0.632
2024-07-01,MA,Seeking information,feminine,0.353
2024-07-01,MA,Seeking information,masculine,0.647
2024-07-01,MA,Technical help,feminine,0.342
2024-07-01,MA,Technical help,masculine,0.658
2024-07-01,MA,Writing,feminine,0.462
2024-07-01,MA,Writing,masculine,0.538
2024-07-01,MX,Multimedia,feminine,0.377
2024-07-01,MX,Multimedia,masculine,0.623
2024-07-01,MX,Other/Unknown,feminine,0.396
2024-07-01,MX,Other/Unknown,masculine,0.604
2024-07-01,MX,Practical Guidance,feminine,0.439
2024-07-01,MX,Practical Guidance,masculine,0.561
2024-07-01,MX,Seeking information,feminine,0.373
2024-07-01,MX,Seeking information,masculine,0.627
2024-07-01,MX,Self-expression,feminine,0.399
2024-07-01,MX,Self-expression,masculine,0.601
2024-07-01,MX,Technical help,feminine,0.226
2024-07-01,MX,Technical help,masculine,0.774
2024-07-01,MX,Writing,feminine,0.484
2024-07-01,MX,Writing,masculine,0.516
2024-07-01,MY,Practical Guidance,feminine,0.522
2024-07-01,MY,Practical Guidance,masculine,0.478
2024-07-01,MY,Seeking information,feminine,0.467
2024-07-01,MY,Seeking information,masculine,0.533
2024-07-01,MY,Technical help,feminine,0.327
2024-07-01,MY,Technical help,masculine,0.673
2024-07-01,MY,Writing,feminine,0.529
2024-07-01,MY,Writing,masculine,0.471
2024-07-01,NG,Practical Guidance,feminine,0.394
2024-07-01,NG,Practical Guidance,masculine,0.606
2024-07-01,NG,Seeking information,feminine,0.320
2024-07-01,NG,Seeking information,masculine,0.680
2024-07-01,NG,Technical help,feminine,0.190
2024-07-01,NG,Technical help,masculine,0.810
2024-07-01,NG,Writing,feminine,0.329
2024-07-01,NG,Writing,masculine,0.671
2024-07-01,NL,Practical Guidance,feminine,0.426
2024-07-01,NL,Practical Guidance,masculine,0.574
2024-07-01,NL,Seeking information,feminine,0.340
2024-07-01,NL,Seeking information,masculine,0.660
2024-07-01,NL,Technical help,feminine,0.205
2024-07-01,NL,Technical help,masculine,0.795
2024-07-01,NL,Writing,feminine,0.476
2024-07-01,NL,Writing,masculine,0.524
2024-07-01,NO,Practical Guidance,feminine,0.259
2024-07-01,NO,Practical Guidance,masculine,0.741
2024-07-01,NO,Writing,feminine,0.512
2024-07-01,NO,Writing,masculine,0.488
2024-07-01,NP,Practical Guidance,feminine,0.333
2024-07-01,NP,Practical Guidance,masculine,0.667
2024-07-01,NP,Seeking information,feminine,0.577
2024-07-01,NP,Seeking information,masculine,0.423
2024-07-01,NP,Writing,feminine,0.452
2024-07-01,NP,Writing,masculine,0.548
2024-07-01,NZ,Practical Guidance,feminine,0.507
2024-07-01,NZ,Practical Guidance,masculine,0.493
2024-07-01,NZ,Writing,feminine,0.513
2024-07-01,NZ,Writing,masculine,0.487
2024-07-01,PA,Practical Guidance,feminine,0.602
2024-07-01,PA,Practical Guidance,masculine,0.398
2024-07-01,PA,Seeking information,feminine,0.547
2024-07-01,PA,Seeking information,masculine,0.453
2024-07-01,PA,Writing,feminine,0.598
2024-07-01,PA,Writing,masculine,0.402
2024-07-01,PE,Other/Unknown,feminine,0.419
2024-07-01,PE,Other/Unknown,masculine,0.581
2024-07-01,PE,Practical Guidance,feminine,0.493
2024-07-01,PE,Practical Guidance,masculine,0.507
2024-07-01,PE,Seeking information,feminine,0.445
2024-07-01,PE,Seeking information,masculine,0.555
2024-07-01,PE,Technical help,feminine,0.282
2024-07-01,PE,Technical help,masculine,0.718
2024-07-01,PE,Writing,feminine,0.507
2024-07-01,PE,Writing,masculine,0.493
2024-07-01,PH,Other/Unknown,feminine,0.480
2024-07-01,PH,Other/Unknown,masculine,0.520
2024-07-01,PH,Practical Guidance,feminine,0.531
2024-07-01,PH,Practical Guidance,masculine,0.469
2024-07-01,PH,Seeking information,feminine,0.456
2024-07-01,PH,Seeking information,masculine,0.544
2024-07-01,PH,Self-expression,feminine,0.533
2024-07-01,PH,Self-expression,masculine,0.467
2024-07-01,PH,Technical help,feminine,0.277
2024-07-01,PH,Technical help,masculine,0.723
2024-07-01,PH,Writing,feminine,0.591
2024-07-01,PH,Writing,masculine,0.409
2024-07-01,PK,Other/Unknown,feminine,0.373
2024-07-01,PK,Other/Unknown,masculine,0.627
2024-07-01,PK,Practical Guidance,feminine,0.406
2024-07-01,PK,Practical Guidance,masculine,0.594
2024-07-01,PK,Seeking information,feminine,0.342
2024-07-01,PK,Seeking information,masculine,0.658
2024-07-01,PK,Technical help,feminine,0.216
2024-07-01,PK,Technical help,masculine,0.784
2024-07-01,PK,Writing,feminine,0.365
2024-07-01,PK,Writing,masculine,0.635
2024-07-01,PL,Practical Guidance,feminine,0.485
2024-07-01,PL,Practical Guidance,masculine,0.515
2024-07-01,PL,Seeking information,feminine,0.420
2024-07-01,PL,Seeking information,masculine,0.580
2024-07-01,PL,Technical help,feminine,0.207
2024-07-01,PL,Technical help,masculine,0.793
2024-07-01,PL,Writing,feminine,0.554
2024-07-01,PL,Writing,masculine,0.446
2024-07-01,PT,Practical Guidance,feminine,0.482
2024-07-01,PT,Practical Guidance,masculine,0.518
2024-07-01,PT,Seeking information,feminine,0.465
2024-07-01,PT,Seeking information,masculine,0.535
2024-07-01,PT,Technical help,feminine,0.205
2024-07-01,PT,Technical help,masculine,0.795
2024-07-01,PT,Writing,feminine,0.556
2024-07-01,PT,Writing,masculine,0.444
2024-07-01,RO,Practical Guidance,feminine,0.465
2024-07-01,RO,Practical Guidance,masculine,0.535
2024-07-01,RO,Seeking information,feminine,0.451
2024-07-01,RO,Seeking information,masculine,0.549
2024-07-01,RO,Technical help,feminine,0.326
2024-07-01,RO,Technical help,masculine,0.674
2024-07-01,RO,Writing,feminine,0.579
2024-07-01,RO,Writing,masculine,0.421
2024-07-01,RS,Writing,feminine,0.591
2024-07-01,RS,Writing,masculine,0.409
2024-07-01,SA,Practical Guidance,feminine,0.328
2024-07-01,SA,Practical Guidance,masculine,0.672
2024-07-01,SA,Seeking information,feminine,0.335
2024-07-01,SA,Seeking information,masculine,0.665
2024-07-01,SA,Writing,feminine,0.317
2024-07-01,SA,Writing,masculine,0.683
2024-07-01,SE,Practical Guidance,feminine,0.356
2024-07-01,SE,Practical Guidance,masculine,0.644
2024-07-01,SE,Seeking information,feminine,0.361
2024-07-01,SE,Seeking information,masculine,0.639
2024-07-01,SE,Technical help,feminine,0.121
2024-07-01,SE,Technical help,masculine,0.879
2024-07-01,SE,Writing,feminine,0.433
2024-07-01,SE,Writing,masculine,0.567
2024-07-01,SG,Practical Guidance,feminine,0.426
2024-07-01,SG,Practical Guidance,masculine,0.574
2024-07-01,SG,Seeking information,feminine,0.399
2024-07-01,SG,Seeking information,masculine,0.601
2024-07-01,SG,Technical help,feminine,0.282
2024-07-01,SG,Technical help,masculine,0.718
2024-07-01,SG,Writing,feminine,0.455
2024-07-01,SG,Writing,masculine,0.545
2024-07-01,SV,Practical Guidance,feminine,0.410
2024-07-01,SV,Practical Guidance,masculine,0.590
2024-07-01,TH,Practical Guidance,feminine,0.390
2024-07-01,TH,Practical Guidance,masculine,0.610
2024-07-01,TH,Writing,feminine,0.476
2024-07-01,TH,Writing,masculine,0.524
2024-07-01,TN,Writing,feminine,0.467
2024-07-01,TN,Writing,masculine,0.533
2024-07-01,TR,Other/Unknown,feminine,0.241
2024-07-01,TR,Other/Unknown,masculine,0.759
2024-07-01,TR,Practical Guidance,feminine,0.334
2024-07-01,TR,Practical Guidance,masculine,0.666
2024-07-01,TR,Seeking information,feminine,0.278
2024-07-01,TR,Seeking information,masculine,0.722
2024-07-01,TR,Self-expression,feminine,0.342
2024-07-01,TR,Self-expression,masculine,0.658
2024-07-01,TR,Technical help,feminine,0.177
2024-07-01,TR,Technical help,masculine,0.823
2024-07-01,TR,Writing,feminine,0.376
2024-07-01,TR,Writing,masculine,0.624
2024-07-01,TW,Practical Guidance,feminine,0.351
2024-07-01,TW,Practical Guidance,masculine,0.649
2024-07-01,TW,Technical help,feminine,0.204
2024-07-01,TW,Technical help,masculine,0.796
2024-07-01,TW,Writing,feminine,0.448
2024-07-01,TW,Writing,masculine,0.552
2024-07-01,UA,Practical Guidance,feminine,0.483
2024-07-01,UA,Practical Guidance,masculine,0.517
2024-07-01,UA,Seeking information,feminine,0.388
2024-07-01,UA,Seeking information,masculine,0.612
2024-07-01,UA,Technical help,feminine,0.170
2024-07-01,UA,Technical help,masculine,0.830
2024-07-01,UA,Writing,feminine,0.509
2024-07-01,UA,Writing,masculine,0.491
2024-07-01,US,Multimedia,feminine,0.287
2024-07-01,US,Multimedia,masculine,0.713
2024-07-01,US,Other/Unknown,feminine,0.336
2024-07-01,US,Other/Unknown,masculine,0.664
2024-07-01,US,Practical Guidance,feminine,0.429
2024-07-01,US,Practical Guidance,masculine,0.571
2024-07-01,US,Seeking information,feminine,0.367
2024-07-01,US,Seeking information,masculine,0.633
2024-07-01,US,Self-expression,feminine,0.462
2024-07-01,US,Self-expression,masculine,0.538
2024-07-01,US,Technical help,feminine,0.301
2024-07-01,US,Technical help,masculine,0.699
2024-07-01,US,Writing,feminine,0.505
2024-07-01,US,Writing,masculine,0.495
2024-07-01,UY,Practical Guidance,feminine,0.519
2024-07-01,UY,Practical Guidance,masculine,0.481
2024-07-01,UY,Writing,feminine,0.587
2024-07-01,UY,Writing,masculine,0.413
2024-07-01,VN,Practical Guidance,feminine,0.454
2024-07-01,VN,Practical Guidance,masculine,0.546
2024-07-01,VN,Seeking information,feminine,0.372
2024-07-01,VN,Seeking information,masculine,0.628
2024-07-01,VN,Self-expression,feminine,0.681
2024-07-01,VN,Self-expression,masculine,0.319
2024-07-01,VN,Technical help,feminine,0.249
2024-07-01,VN,Technical help,masculine,0.751
2024-07-01,VN,Writing,feminine,0.493
2024-07-01,VN,Writing,masculine,0.507
2024-07-01,ZA,Practical Guidance,feminine,0.441
2024-07-01,ZA,Practical Guidance,masculine,0.559
2024-07-01,ZA,Seeking information,feminine,0.434
2024-07-01,ZA,Seeking information,masculine,0.566
2024-07-01,ZA,Technical help,feminine,0.292
2024-07-01,ZA,Technical help,masculine,0.708
2024-07-01,ZA,Writing,feminine,0.530
2024-07-01,ZA,Writing,masculine,0.470
2024-08-01,AE,Practical Guidance,feminine,0.399
2024-08-01,AE,Practical Guidance,masculine,0.601
2024-08-01,AE,Seeking information,feminine,0.363
2024-08-01,AE,Seeking information,masculine,0.637
2024-08-01,AE,Writing,feminine,0.458
2024-08-01,AE,Writing,masculine,0.542
2024-08-01,AR,Other/Unknown,feminine,0.409
2024-08-01,AR,Other/Unknown,masculine,0.591
2024-08-01,AR,Practical Guidance,feminine,0.477
2024-08-01,AR,Practical Guidance,masculine,0.523
2024-08-01,AR,Seeking information,feminine,0.460
2024-08-01,AR,Seeking information,masculine,0.540
2024-08-01,AR,Self-expression,feminine,0.461
2024-08-01,AR,Self-expression,masculine,0.539
2024-08-01,AR,Technical help,feminine,0.225
2024-08-01,AR,Technical help,masculine,0.775
2024-08-01,AR,Writing,feminine,0.538
2024-08-01,AR,Writing,masculine,0.462
2024-08-01,AT,Practical Guidance,feminine,0.386
2024-08-01,AT,Practical Guidance,masculine,0.614
2024-08-01,AT,Seeking information,feminine,0.447
2024-08-01,AT,Seeking information,masculine,0.553
2024-08-01,AT,Writing,feminine,0.560
2024-08-01,AT,Writing,masculine,0.440
2024-08-01,AU,Other/Unknown,feminine,0.410
2024-08-01,AU,Other/Unknown,masculine,0.590
2024-08-01,AU,Practical Guidance,feminine,0.496
2024-08-01,AU,Practical Guidance,masculine,0.504
2024-08-01,AU,Seeking information,feminine,0.458
2024-08-01,AU,Seeking information,masculine,0.542
2024-08-01,AU,Self-expression,feminine,0.415
2024-08-01,AU,Self-expression,masculine,0.585
2024-08-01,AU,Technical help,feminine,0.270
2024-08-01,AU,Technical help,masculine,0.730
2024-08-01,AU,Writing,feminine,0.584
2024-08-01,AU,Writing,masculine,0.416
2024-08-01,BD,Practical Guidance,feminine,0.281
2024-08-01,BD,Practical Guidance,masculine,0.719
2024-08-01,BD,Seeking information,feminine,0.282
2024-08-01,BD,Seeking information,masculine,0.718
2024-08-01,BD,Self-expression,feminine,0.421
2024-08-01,BD,Self-expression,masculine,0.579
2024-08-01,BD,Technical help,feminine,0.182
2024-08-01,BD,Technical help,masculine,0.818
2024-08-01,BD,Writing,feminine,0.352
2024-08-01,BD,Writing,masculine,0.648
2024-08-01,BE,Practical Guidance,feminine,0.506
2024-08-01,BE,Practical Guidance,masculine,0.494
2024-08-01,BE,Seeking information,feminine,0.446
2024-08-01,BE,Seeking information,masculine,0.554
2024-08-01,BE,Writing,feminine,0.534
2024-08-01,BE,Writing,masculine,0.466
2024-08-01,BO,Practical Guidance,feminine,0.457
2024-08-01,BO,Practical Guidance,masculine,0.543
2024-08-01,BO,Seeking information,feminine,0.473
2024-08-01,BO,Seeking information,masculine,0.527
2024-08-01,BO,Writing,feminine,0.520
2024-08-01,BO,Writing,masculine,0.480
2024-08-01,BR,Multimedia,feminine,0.392
2024-08-01,BR,Multimedia,masculine,0.608
2024-08-01,BR,Other/Unknown,feminine,0.407
2024-08-01,BR,Other/Unknown,masculine,0.593
2024-08-01,BR,Practical Guidance,feminine,0.487
2024-08-01,BR,Practical Guidance,masculine,0.513
2024-08-01,BR,Seeking information,feminine,0.416
2024-08-01,BR,Seeking information,masculine,0.584
2024-08-01,BR,Self-expression,feminine,0.447
2024-08-01,BR,Self-expression,masculine,0.553
2024-08-01,BR,Technical help,feminine,0.270
2024-08-01,BR,Technical help,masculine,0.730
2024-08-01,BR,Writing,feminine,0.524
2024-08-01,BR,Writing,masculine,0.476
2024-08-01,CA,Multimedia,feminine,0.358
2024-08-01,CA,Multimedia,masculine,0.642
2024-08-01,CA,Other/Unknown,feminine,0.378
2024-08-01,CA,Other/Unknown,masculine,0.622
2024-08-01,CA,Practical Guidance,feminine,0.444
2024-08-01,CA,Practical Guidance,masculine,0.556
2024-08-01,CA,Seeking information,feminine,0.337
2024-08-01,CA,Seeking information,masculine,0.663
2024-08-01,CA,Self-expression,feminine,0.480
2024-08-01,CA,Self-expression,masculine,0.520
2024-08-01,CA,Technical help,feminine,0.255
2024-08-01,CA,Technical help,masculine,0.745
2024-08-01,CA,Writing,feminine,0.517
2024-08-01,CA,Writing,masculine,0.483
2024-08-01,CH,Practical Guidance,feminine,0.456
2024-08-01,CH,Practical Guidance,masculine,0.544
2024-08-01,CH,Seeking information,feminine,0.390
2024-08-01,CH,Seeking information,masculine,0.610
2024-08-01,CH,Technical help,feminine,0.213
2024-08-01,CH,Technical help,masculine,0.787
2024-08-01,CH,Writing,feminine,0.513
2024-08-01,CH,Writing,masculine,0.487
2024-08-01,CL,Practical Guidance,feminine,0.460
2024-08-01,CL,Practical Guidance,masculine,0.540
2024-08-01,CL,Seeking information,feminine,0.430
2024-08-01,CL,Seeking information,masculine,0.570
2024-08-01,CL,Technical help,feminine,0.216
2024-08-01,CL,Technical help,masculine,0.784
2024-08-01,CL,Writing,feminine,0.498
2024-08-01,CL,Writing,masculine,0.502
2024-08-01,CO,Multimedia,feminine,0.388
2024-08-01,CO,Multimedia,masculine,0.612
2024-08-01,CO,Other/Unknown,feminine,0.523
2024-08-01,CO,Other/Unknown,masculine,0.477
2024-08-01,CO,Practical Guidance,feminine,0.523
2024-08-01,CO,Practical Guidance,masculine,0.477
2024-08-01,CO,Seeking information,feminine,0.510
2024-08-01,CO,Seeking information,masculine,0.490
2024-08-01,CO,Self-expression,feminine,0.461
2024-08-01,CO,Self-expression,masculine,0.539
2024-08-01,CO,Technical help,feminine,0.262
2024-08-01,CO,Technical help,masculine,0.738
2024-08-01,CO,Writing,feminine,0.562
2024-08-01,CO,Writing,masculine,0.438
2024-08-01,CR,Practical Guidance,feminine,0.505
2024-08-01,CR,Practical Guidance,masculine,0.495
2024-08-01,CR,Writing,feminine,0.572
2024-08-01,CR,Writing,masculine,0.428
2024-08-01,CZ,Practical Guidance,feminine,0.456
2024-08-01,CZ,Practical Guidance,masculine,0.544
2024-08-01,CZ,Seeking information,feminine,0.370
2024-08-01,CZ,Seeking information,masculine,0.630
2024-08-01,CZ,Writing,feminine,0.616
2024-08-01,CZ,Writing,masculine,0.384
2024-08-01,DE,Multimedia,feminine,0.304
2024-08-01,DE,Multimedia,masculine,0.696
2024-08-01,DE,Other/Unknown,feminine,0.404
2024-08-01,DE,Other/Unknown,masculine,0.596
2024-08-01,DE,Practical Guidance,feminine,0.405
2024-08-01,DE,Practical Guidance,masculine,0.595
2024-08-01,DE,Seeking information,feminine,0.352
2024-08-01,DE,Seeking information,masculine,0.648
2024-08-01,DE,Self-expression,feminine,0.435
2024-08-01,DE,Self-expression,masculine,0.565
2024-08-01,DE,Technical help,feminine,0.228
2024-08-01,DE,Technical help,masculine,0.772
2024-08-01,DE,Writing,feminine,0.472
2024-08-01,DE,Writing,masculine,0.528
2024-08-01,DK,Practical Guidance,feminine,0.448
2024-08-01,DK,Practical Guidance,masculine,0.552
2024-08-01,DK,Seeking information,feminine,0.373
2024-08-01,DK,Seeking information,masculine,0.627
2024-08-01,DK,Writing,feminine,0.499
2024-08-01,DK,Writing,masculine,0.501
2024-08-01,DO,Practical Guidance,feminine,0.555
2024-08-01,DO,Practical Guidance,masculine,0.445
2024-08-01,DO,Seeking information,feminine,0.517
2024-08-01,DO,Seeking information,masculine,0.483
2024-08-01,DO,Writing,feminine,0.551
2024-08-01,DO,Writing,masculine,0.449
2024-08-01,DZ,Practical Guidance,feminine,0.394
2024-08-01,DZ,Practical Guidance,masculine,0.606
2024-08-01,DZ,Seeking information,feminine,0.366
2024-08-01,DZ,Seeking information,masculine,0.634
2024-08-01,DZ,Writing,feminine,0.476
2024-08-01,DZ,Writing,masculine,0.524
2024-08-01,EC,Practical Guidance,feminine,0.520
2024-08-01,EC,Practical Guidance,masculine,0.480
2024-08-01,EC,Seeking information,feminine,0.532
2024-08-01,EC,Seeking information,masculine,0.468
2024-08-01,EC,Technical help,feminine,0.295
2024-08-01,EC,Technical help,masculine,0.705
2024-08-01,EC,Writing,feminine,0.533
2024-08-01,EC,Writing,masculine,0.467
2024-08-01,EG,Practical Guidance,feminine,0.352
2024-08-01,EG,Practical Guidance,masculine,0.648
2024-08-01,EG,Seeking information,feminine,0.251
2024-08-01,EG,Seeking information,masculine,0.749
2024-08-01,EG,Technical help,feminine,0.232
2024-08-01,EG,Technical help,masculine,0.768
2024-08-01,EG,Writing,feminine,0.338
2024-08-01,EG,Writing,masculine,0.662
2024-08-01,ES,Multimedia,feminine,0.348
2024-08-01,ES,Multimedia,masculine,0.652
2024-08-01,ES,Other/Unknown,feminine,0.416
2024-08-01,ES,Other/Unknown,masculine,0.584
2024-08-01,ES,Practical Guidance,feminine,0.420
2024-08-01,ES,Practical Guidance,masculine,0.580
2024-08-01,ES,Seeking information,feminine,0.363
2024-08-01,ES,Seeking information,masculine,0.637
2024-08-01,ES,Self-expression,feminine,0.522
2024-08-01,ES,Self-expression,masculine,0.478
2024-08-01,ES,Technical help,feminine,0.182
2024-08-01,ES,Technical help,masculine,0.818
2024-08-01,ES,Writing,feminine,0.508
2024-08-01,ES,Writing,masculine,0.492
2024-08-01,FI,Practical Guidance,feminine,0.422
2024-08-01,FI,Practical Guidance,masculine,0.578
2024-08-01,FI,Writing,feminine,0.505
2024-08-01,FI,Writing,masculine,0.495
2024-08-01,FR,Multimedia,feminine,0.258
2024-08-01,FR,Multimedia,masculine,0.742
2024-08-01,FR,Other/Unknown,feminine,0.395
2024-08-01,FR,Other/Unknown,masculine,0.605
2024-08-01,FR,Practical Guidance,feminine,0.389
2024-08-01,FR,Practical Guidance,masculine,0.611
2024-08-01,FR,Seeking information,feminine,0.330
2024-08-01,FR,Seeking information,masculine,0.670
2024-08-01,FR,Self-expression,feminine,0.487
2024-08-01,FR,Self-expression,masculine,0.513
2024-08-01,FR,Technical help,feminine,0.192
2024-08-01,FR,Technical help,masculine,0.808
2024-08-01,FR,Writing,feminine,0.499
2024-08-01,FR,Writing,masculine,0.501
2024-08-01,GB,Multimedia,feminine,0.292
2024-08-01,GB,Multimedia,masculine,0.708
2024-08-01,GB,Other/Unknown,feminine,0.295
2024-08-01,GB,Other/Unknown,masculine,0.705
2024-08-01,GB,Practical Guidance,feminine,0.380
2024-08-01,GB,Practical Guidance,masculine,0.620
2024-08-01,GB,Seeking information,feminine,0.342
2024-08-01,GB,Seeking information,masculine,0.658
2024-08-01,GB,Self-expression,feminine,0.411
2024-08-01,GB,Self-expression,masculine,0.589
2024-08-01,GB,Technical help,feminine,0.200
2024-08-01,GB,Technical help,masculine,0.800
2024-08-01,GB,Writing,feminine,0.492
2024-08-01,GB,Writing,masculine,0.508
2024-08-01,GH,Practical Guidance,feminine,0.332
2024-08-01,GH,Practical Guidance,masculine,0.668
2024-08-01,GH,Writing,feminine,0.388
2024-08-01,GH,Writing,masculine,0.612
2024-08-01,GR,Practical Guidance,feminine,0.415
2024-08-01,GR,Practical Guidance,masculine,0.585
2024-08-01,GR,Writing,feminine,0.474
2024-08-01,GR,Writing,masculine,0.526
2024-08-01,GT,Practical Guidance,feminine,0.469
2024-08-01,GT,Practical Guidance,masculine,0.531
2024-08-01,GT,Seeking information,feminine,0.487
2024-08-01,GT,Seeking information,masculine,0.513
2024-08-01,GT,Writing,feminine,0.453
2024-08-01,GT,Writing,masculine,0.547
2024-08-01,HN,Practical Guidance,feminine,0.490
2024-08-01,HN,Practical Guidance,masculine,0.510
2024-08-01,HN,Writing,feminine,0.645
2024-08-01,HN,Writing,masculine,0.355
2024-08-01,HU,Practical Guidance,feminine,0.332
2024-08-01,HU,Practical Guidance,masculine,0.668
2024-08-01,HU,Writing,feminine,0.477
2024-08-01,HU,Writing,masculine,0.523
2024-08-01,ID,Other/Unknown,feminine,0.502
2024-08-01,ID,Other/Unknown,masculine,0.498
2024-08-01,ID,Practical Guidance,feminine,0.549
2024-08-01,ID,Practical Guidance,masculine,0.451
2024-08-01,ID,Seeking information,feminine,0.516
2024-08-01,ID,Seeking information,masculine,0.484
2024-08-01,ID,Self-expression,feminine,0.600
2024-08-01,ID,Self-expression,masculine,0.400
2024-08-01,ID,Technical help,feminine,0.371
2024-08-01,ID,Technical help,masculine,0.629
2024-08-01,ID,Writing,feminine,0.590
2024-08-01,ID,Writing,masculine,0.410
2024-08-01,IE,Practical Guidance,feminine,0.374
2024-08-01,IE,Practical Guidance,masculine,0.626
2024-08-01,IE,Writing,feminine,0.546
2024-08-01,IE,Writing,masculine,0.454
2024-08-01,IL,Practical Guidance,feminine,0.317
2024-08-01,IL,Practical Guidance,masculine,0.683
2024-08-01,IL,Seeking information,feminine,0.282
2024-08-01,IL,Seeking information,masculine,0.718
2024-08-01,IL,Technical help,feminine,0.276
2024-08-01,IL,Technical help,masculine,0.724
2024-08-01,IL,Writing,feminine,0.363
2024-08-01,IL,Writing,masculine,0.637
2024-08-01,IN,Multimedia,feminine,0.337
2024-08-01,IN,Multimedia,masculine,0.663
2024-08-01,IN,Other/Unknown,feminine,0.321
2024-08-01,IN,Other/Unknown,masculine,0.679
2024-08-01,IN,Practical Guidance,feminine,0.405
2024-08-01,IN,Practical Guidance,masculine,0.595
2024-08-01,IN,Seeking information,feminine,0.375
2024-08-01,IN,Seeking information,masculine,0.625
2024-08-01,IN,Self-expression,feminine,0.443
2024-08-01,IN,Self-expression,masculine,0.557
2024-08-01,IN,Technical help,feminine,0.302
2024-08-01,IN,Technical help,masculine,0.698
2024-08-01,IN,Writing,feminine,0.431
2024-08-01,IN,Writing,masculine,0.569
2024-08-01,IT,Other/Unknown,feminine,0.482
2024-08-01,IT,Other/Unknown,masculine,0.518
2024-08-01,IT,Practical Guidance,feminine,0.426
2024-08-01,IT,Practical Guidance,masculine,0.574
2024-08-01,IT,Seeking information,feminine,0.394
2024-08-01,IT,Seeking information,masculine,0.606
2024-08-01,IT,Self-expression,feminine,0.514
2024-08-01,IT,Self-expression,masculine,0.486
2024-08-01,IT,Technical help,feminine,0.271
2024-08-01,IT,Technical help,masculine,0.729
2024-08-01,IT,Writing,feminine,0.571
2024-08-01,IT,Writing,masculine,0.429
2024-08-01,JO,Practical Guidance,feminine,0.395
2024-08-01,JO,Practical Guidance,masculine,0.605
2024-08-01,JO,Writing,feminine,0.550
2024-08-01,JO,Writing,masculine,0.450
2024-08-01,JP,Practical Guidance,feminine,0.328
2024-08-01,JP,Practical Guidance,masculine,0.672
2024-08-01,JP,Seeking information,feminine,0.258
2024-08-01,JP,Seeking information,masculine,0.742
2024-08-01,JP,Technical help,feminine,0.253
2024-08-01,JP,Technical help,masculine,0.747
2024-08-01,JP,Writing,feminine,0.364
2024-08-01,JP,Writing,masculine,0.636
2024-08-01,KE,Practical Guidance,feminine,0.454
2024-08-01,KE,Practical Guidance,masculine,0.546
2024-08-01,KE,Seeking information,feminine,0.466
2024-08-01,KE,Seeking information,masculine,0.534
2024-08-01,KE,Technical help,feminine,0.266
2024-08-01,KE,Technical help,masculine,0.734
2024-08-01,KE,Writing,feminine,0.466
2024-08-01,KE,Writing,masculine,0.534
2024-08-01,KR,Practical Guidance,feminine,0.406
2024-08-01,KR,Practical Guidance,masculine,0.594
2024-08-01,KR,Seeking information,feminine,0.354
2024-08-01,KR,Seeking information,masculine,0.646
2024-08-01,KR,Technical help,feminine,0.333
2024-08-01,KR,Technical help,masculine,0.667
2024-08-01,KR,Writing,feminine,0.529
2024-08-01,KR,Writing,masculine,0.471
2024-08-01,KZ,Practical Guidance,feminine,0.427
2024-08-01,KZ,Practical Guidance,masculine,0.573
2024-08-01,KZ,Writing,feminine,0.479
2024-08-01,KZ,Writing,masculine,0.521
2024-08-01,LB,Writing,feminine,0.542
2024-08-01,LB,Writing,masculine,0.458
2024-08-01,LK,Practical Guidance,feminine,0.531
2024-08-01,LK,Practical Guidance,masculine,0.469
2024-08-01,LK,Writing,feminine,0.561
2024-08-01,LK,Writing,masculine,0.439
2024-08-01,MA,Practical Guidance,feminine,0.366
2024-08-01,MA,Practical Guidance,masculine,0.634
2024-08-01,MA,Seeking information,feminine,0.379
2024-08-01,MA,Seeking information,masculine,0.621
2024-08-01,MA,Technical help,feminine,0.318
2024-08-01,MA,Technical help,masculine,0.682
2024-08-01,MA,Writing,feminine,0.467
2024-08-01,MA,Writing,masculine,0.533
2024-08-01,MX,Multimedia,feminine,0.287
2024-08-01,MX,Multimedia,masculine,0.713
2024-08-01,MX,Other/Unknown,feminine,0.411
2024-08-01,MX,Other/Unknown,masculine,0.589
2024-08-01,MX,Practical Guidance,feminine,0.444
2024-08-01,MX,Practical Guidance,masculine,0.556
2024-08-01,MX,Seeking information,feminine,0.434
2024-08-01,MX,Seeking information,masculine,0.566
2024-08-01,MX,Self-expression,feminine,0.415
2024-08-01,MX,Self-expression,masculine,0.585
2024-08-01,MX,Technical help,feminine,0.275
2024-08-01,MX,Technical help,masculine,0.725
2024-08-01,MX,Writing,feminine,0.499
2024-08-01,MX,Writing,masculine,0.501
2024-08-01,MY,Practical Guidance,feminine,0.455
2024-08-01,MY,Practical Guidance,masculine,0.545
2024-08-01,MY,Seeking information,feminine,0.435
2024-08-01,MY,Seeking information,masculine,0.565
2024-08-01,MY,Self-expression,feminine,0.583
2024-08-01,MY,Self-expression,masculine,0.417
2024-08-01,MY,Technical help,feminine,0.243
2024-08-01,MY,Technical help,masculine,0.757
2024-08-01,MY,Writing,feminine,0.523
2024-08-01,MY,Writing,masculine,0.477
2024-08-01,NG,Practical Guidance,feminine,0.385
2024-08-01,NG,Practical Guidance,masculine,0.615
2024-08-01,NG,Seeking information,feminine,0.330
2024-08-01,NG,Seeking information,masculine,0.670
2024-08-01,NG,Technical help,feminine,0.190
2024-08-01,NG,Technical help,masculine,0.810
2024-08-01,NG,Writing,feminine,0.314
2024-08-01,NG,Writing,masculine,0.686
2024-08-01,NL,Practical Guidance,feminine,0.364
2024-08-01,NL,Practical Guidance,masculine,0.636
2024-08-01,NL,Seeking information,feminine,0.309
2024-08-01,NL,Seeking information,masculine,0.691
2024-08-01,NL,Technical help,feminine,0.242
2024-08-01,NL,Technical help,masculine,0.758
2024-08-01,NL,Writing,feminine,0.463
2024-08-01,NL,Writing,masculine,0.537
2024-08-01,NO,Practical Guidance,feminine,0.454
2024-08-01,NO,Practical Guidance,masculine,0.546
2024-08-01,NO,Seeking information,feminine,0.378
2024-08-01,NO,Seeking information,masculine,0.622
2024-08-01,NO,Writing,feminine,0.493
2024-08-01,NO,Writing,masculine,0.507
2024-08-01,NP,Practical Guidance,feminine,0.468
2024-08-01,NP,Practical Guidance,masculine,0.532
2024-08-01,NP,Seeking information,feminine,0.350
2024-08-01,NP,Seeking information,masculine,0.650
2024-08-01,NP,Writing,feminine,0.432
2024-08-01,NP,Writing,masculine,0.568
2024-08-01,NZ,Practical Guidance,feminine,0.494
2024-08-01,NZ,Practical Guidance,masculine,0.506
2024-08-01,NZ,Seeking information,feminine,0.458
2024-08-01,NZ,Seeking information,masculine,0.542
2024-08-01,NZ,Writing,feminine,0.581
2024-08-01,NZ,Writing,masculine,0.419
2024-08-01,PA,Practical Guidance,feminine,0.541
2024-08-01,PA,Practical Guidance,masculine,0.459
2024-08-01,PA,Writing,feminine,0.517
2024-08-01,PA,Writing,masculine,0.483
2024-08-01,PE,Practical Guidance,feminine,0.471
2024-08-01,PE,Practical Guidance,masculine,0.529
2024-08-01,PE,Seeking information,feminine,0.421
2024-08-01,PE,Seeking information,masculine,0.579
2024-08-01,PE,Technical help,feminine,0.270
2024-08-01,PE,Technical help,masculine,0.730
2024-08-01,PE,Writing,feminine,0.524
2024-08-01,PE,Writing,masculine,0.476
2024-08-01,PH,Multimedia,feminine,0.454
2024-08-01,PH,Multimedia,masculine,0.546
2024-08-01,PH,Other/Unknown,feminine,0.500
2024-08-01,PH,Other/Unknown,masculine,0.500
2024-08-01,PH,Practical Guidance,feminine,0.546
2024-08-01,PH,Practical Guidance,masculine,0.454
2024-08-01,PH,Seeking information,feminine,0.498
2024-08-01,PH,Seeking information,masculine,0.502
2024-08-01,PH,Self-expression,feminine,0.497
2024-08-01,PH,Self-expression,masculine,0.503
2024-08-01,PH,Technical help,feminine,0.306
2024-08-01,PH,Technical help,masculine,0.694
2024-08-01,PH,Writing,feminine,0.580
2024-08-01,PH,Writing,masculine,0.420
2024-08-01,PK,Other/Unknown,feminine,0.282
2024-08-01,PK,Other/Unknown,masculine,0.718
2024-08-01,PK,Practical Guidance,feminine,0.361
2024-08-01,PK,Practical Guidance,masculine,0.639
2024-08-01,PK,Seeking information,feminine,0.361
2024-08-01,PK,Seeking information,masculine,0.639
2024-08-01,PK,Technical help,feminine,0.189
2024-08-01,PK,Technical help,masculine,0.811
2024-08-01,PK,Writing,feminine,0.383
2024-08-01,PK,Writing,masculine,0.617
2024-08-01,PL,Practical Guidance,feminine,0.429
2024-08-01,PL,Practical Guidance,masculine,0.571
2024-08-01,PL,Seeking information,feminine,0.385
2024-08-01,PL,Seeking information,masculine,0.615
2024-08-01,PL,Self-expression,feminine,0.453
2024-08-01,PL,Self-expression,masculine,0.547
2024-08-01,PL,Technical help,feminine,0.213
2024-08-01,PL,Technical help,masculine,0.787
2024-08-01,PL,Writing,feminine,0.537
2024-08-01,PL,Writing,masculine,0.463
2024-08-01,PT,Practical Guidance,feminine,0.417
2024-08-01,PT,Practical Guidance,masculine,0.583
2024-08-01,PT,Seeking information,feminine,0.408
2024-08-01,PT,Seeking information,masculine,0.592
2024-08-01,PT,Technical help,feminine,0.217
2024-08-01,PT,Technical help,masculine,0.783
2024-08-01,PT,Writing,feminine,0.534
2024-08-01,PT,Writing,masculine,0.466
2024-08-01,PY,Practical Guidance,feminine,0.449
2024-08-01,PY,Practical Guidance,masculine,0.551
2024-08-01,RO,Practical Guidance,feminine,0.496
2024-08-01,RO,Practical Guidance,masculine,0.504
2024-08-01,RO,Seeking information,feminine,0.421
2024-08-01,RO,Seeking information,masculine,0.579
2024-08-01,RO,Technical help,feminine,0.341
2024-08-01,RO,Technical help,masculine,0.659
2024-08-01,RO,Writing,feminine,0.549
2024-08-01,RO,Writing,masculine,0.451
2024-08-01,RS,Writing,feminine,0.504
2024-08-01,RS,Writing,masculine,0.496
2024-08-01,SA,Practical Guidance,feminine,0.392
2024-08-01,SA,Practical Guidance,masculine,0.608
2024-08-01,SA,Seeking information,feminine,0.304
2024-08-01,SA,Seeking information,masculine,0.696
2024-08-01,SA,Writing,feminine,0.342
2024-08-01,SA,Writing,masculine,0.658
2024-08-01,SE,Practical Guidance,feminine,0.416
2024-08-01,SE,Practical Guidance,masculine,0.584
2024-08-01,SE,Seeking information,feminine,0.320
2024-08-01,SE,Seeking information,masculine,0.680
2024-08-01,SE,Technical help,feminine,0.184
2024-08-01,SE,Technical help,masculine,0.816
2024-08-01,SE,Writing,feminine,0.520
2024-08-01,SE,Writing,masculine,0.480
2024-08-01,SG,Practical Guidance,feminine,0.464
2024-08-01,SG,Practical Guidance,masculine,0.536
2024-08-01,SG,Seeking information,feminine,0.326
2024-08-01,SG,Seeking information,masculine,0.674
2024-08-01,SG,Technical help,feminine,0.287
2024-08-01,SG,Technical help,masculine,0.713
2024-08-01,SG,Writing,feminine,0.546
2024-08-01,SG,Writing,masculine,0.454
2024-08-01,SV,Practical Guidance,feminine,0.439
2024-08-01,SV,Practical Guidance,masculine,0.561
2024-08-01,SV,Writing,feminine,0.498
2024-08-01,SV,Writing,masculine,0.502
2024-08-01,TH,Practical Guidance,feminine,0.467
2024-08-01,TH,Practical Guidance,masculine,0.533
2024-08-01,TH,Seeking information,feminine,0.318
2024-08-01,TH,Seeking information,masculine,0.682
2024-08-01,TH,Writing,feminine,0.475
2024-08-01,TH,Writing,masculine,0.525
2024-08-01,TN,Writing,feminine,0.504
2024-08-01,TN,Writing,masculine,0.496
2024-08-01,TR,Multimedia,feminine,0.227
2024-08-01,TR,Multimedia,masculine,0.773
2024-08-01,TR,Practical Guidance,feminine,0.313
2024-08-01,TR,Practical Guidance,masculine,0.687
2024-08-01,TR,Seeking information,feminine,0.276
2024-08-01,TR,Seeking information,masculine,0.724
2024-08-01,TR,Self-expression,feminine,0.356
2024-08-01,TR,Self-expression,masculine,0.644
2024-08-01,TR,Technical help,feminine,0.192
2024-08-01,TR,Technical help,masculine,0.808
2024-08-01,TR,Writing,feminine,0.389
2024-08-01,TR,Writing,masculine,0.611
2024-08-01,TW,Practical Guidance,feminine,0.378
2024-08-01,TW,Practical Guidance,masculine,0.622
2024-08-01,TW,Seeking information,feminine,0.369
2024-08-01,TW,Seeking information,masculine,0.631
2024-08-01,TW,Technical help,feminine,0.233
2024-08-01,TW,Technical help,masculine,0.767
2024-08-01,TW,Writing,feminine,0.481
2024-08-01,TW,Writing,masculine,0.519
2024-08-01,UA,Practical Guidance,feminine,0.419
2024-08-01,UA,Practical Guidance,masculine,0.581
2024-08-01,UA,Seeking information,feminine,0.453
2024-08-01,UA,Seeking information,masculine,0.547
2024-08-01,UA,Technical help,feminine,0.153
2024-08-01,UA,Technical help,masculine,0.847
2024-08-01,UA,Writing,feminine,0.550
2024-08-01,UA,Writing,masculine,0.450
2024-08-01,US,Multimedia,feminine,0.319
2024-08-01,US,Multimedia,masculine,0.681
2024-08-01,US,Other/Unknown,feminine,0.337
2024-08-01,US,Other/Unknown,masculine,0.663
2024-08-01,US,Practical Guidance,feminine,0.413
2024-08-01,US,Practical Guidance,masculine,0.587
2024-08-01,US,Seeking information,feminine,0.346
2024-08-01,US,Seeking information,masculine,0.654
2024-08-01,US,Self-expression,feminine,0.415
2024-08-01,US,Self-expression,masculine,0.585
2024-08-01,US,Technical help,feminine,0.261
2024-08-01,US,Technical help,masculine,0.739
2024-08-01,US,Writing,feminine,0.515
2024-08-01,US,Writing,masculine,0.485
2024-08-01,UY,Practical Guidance,feminine,0.447
2024-08-01,UY,Practical Guidance,masculine,0.553
2024-08-01,UY,Writing,feminine,0.525
2024-08-01,UY,Writing,masculine,0.475
2024-08-01,VN,Practical Guidance,feminine,0.424
2024-08-01,VN,Practical Guidance,masculine,0.576
2024-08-01,VN,Seeking information,feminine,0.436
2024-08-01,VN,Seeking information,masculine,0.564
2024-08-01,VN,Self-expression,feminine,0.747
2024-08-01,VN,Self-expression,masculine,0.253
2024-08-01,VN,Technical help,feminine,0.301
2024-08-01,VN,Technical help,masculine,0.699
2024-08-01,VN,Writing,feminine,0.453
2024-08-01,VN,Writing,masculine,0.547
2024-08-01,ZA,Practical Guidance,feminine,0.524
2024-08-01,ZA,Practical Guidance,masculine,0.476
2024-08-01,ZA,Seeking information,feminine,0.468
2024-08-01,ZA,Seeking information,masculine,0.532
2024-08-01,ZA,Technical help,feminine,0.315
2024-08-01,ZA,Technical help,masculine,0.685
2024-08-01,ZA,Writing,feminine,0.526
2024-08-01,ZA,Writing,masculine,0.474
2024-09-01,AE,Practical Guidance,feminine,0.502
2024-09-01,AE,Practical Guidance,masculine,0.498
2024-09-01,AE,Seeking information,feminine,0.406
2024-09-01,AE,Seeking information,masculine,0.594
2024-09-01,AE,Technical help,feminine,0.412
2024-09-01,AE,Technical help,masculine,0.588
2024-09-01,AE,Writing,feminine,0.469
2024-09-01,AE,Writing,masculine,0.531
2024-09-01,AR,Other/Unknown,feminine,0.396
2024-09-01,AR,Other/Unknown,masculine,0.604
2024-09-01,AR,Practical Guidance,feminine,0.469
2024-09-01,AR,Practical Guidance,masculine,0.531
2024-09-01,AR,Seeking information,feminine,0.454
2024-09-01,AR,Seeking information,masculine,0.546
2024-09-01,AR,Self-expression,feminine,0.467
2024-09-01,AR,Self-expression,masculine,0.533
2024-09-01,AR,Technical help,feminine,0.294
2024-09-01,AR,Technical help,masculine,0.706
2024-09-01,AR,Writing,feminine,0.555
2024-09-01,AR,Writing,masculine,0.445
2024-09-01,AT,Practical Guidance,feminine,0.490
2024-09-01,AT,Practical Guidance,masculine,0.510
2024-09-01,AT,Seeking information,feminine,0.431
2024-09-01,AT,Seeking information,masculine,0.569
2024-09-01,AT,Writing,feminine,0.490
2024-09-01,AT,Writing,masculine,0.510
2024-09-01,AU,Other/Unknown,feminine,0.512
2024-09-01,AU,Other/Unknown,masculine,0.488
2024-09-01,AU,Practical Guidance,feminine,0.456
2024-09-01,AU,Practical Guidance,masculine,0.544
2024-09-01,AU,Seeking information,feminine,0.390
2024-09-01,AU,Seeking information,masculine,0.610
2024-09-01,AU,Self-expression,feminine,0.477
2024-09-01,AU,Self-expression,masculine,0.523
2024-09-01,AU,Technical help,feminine,0.276
2024-09-01,AU,Technical help,masculine,0.724
2024-09-01,AU,Writing,feminine,0.538
2024-09-01,AU,Writing,masculine,0.462
2024-09-01,BD,Practical Guidance,feminine,0.354
2024-09-01,BD,Practical Guidance,masculine,0.646
2024-09-01,BD,Seeking information,feminine,0.355
2024-09-01,BD,Seeking information,masculine,0.645
2024-09-01,BD,Self-expression,feminine,0.397
2024-09-01,BD,Self-expression,masculine,0.603
2024-09-01,BD,Technical help,feminine,0.297
2024-09-01,BD,Technical help,masculine,0.703
2024-09-01,BD,Writing,feminine,0.349
2024-09-01,BD,Writing,masculine,0.651
2024-09-01,BE,Practical Guidance,feminine,0.521
2024-09-01,BE,Practical Guidance,masculine,0.479
2024-09-01,BE,Seeking information,feminine,0.435
2024-09-01,BE,Seeking information,masculine,0.565
2024-09-01,BE,Writing,feminine,0.483
2024-09-01,BE,Writing,masculine,0.517
2024-09-01,BG,Practical Guidance,feminine,0.297
2024-09-01,BG,Practical Guidance,masculine,0.703
2024-09-01,BO,Practical Guidance,feminine,0.495
2024-09-01,BO,Practical Guidance,masculine,0.505
2024-09-01,BO,Seeking information,feminine,0.463
2024-09-01,BO,Seeking information,masculine,0.537
2024-09-01,BO,Writing,feminine,0.553
2024-09-01,BO,Writing,masculine,0.447
2024-09-01,BR,Multimedia,feminine,0.401
2024-09-01,BR,Multimedia,masculine,0.599
2024-09-01,BR,Other/Unknown,feminine,0.431
2024-09-01,BR,Other/Unknown,masculine,0.569
2024-09-01,BR,Practical Guidance,feminine,0.509
2024-09-01,BR,Practical Guidance,masculine,0.491
2024-09-01,BR,Seeking information,feminine,0.442
2024-09-01,BR,Seeking information,masculine,0.558
2024-09-01,BR,Self-expression,feminine,0.551
2024-09-01,BR,Self-expression,masculine,0.449
2024-09-01,BR,Technical help,feminine,0.269
2024-09-01,BR,Technical help,masculine,0.731
2024-09-01,BR,Writing,feminine,0.544
2024-09-01,BR,Writing,masculine,0.456
2024-09-01,CA,Multimedia,feminine,0.338
2024-09-01,CA,Multimedia,masculine,0.662
2024-09-01,CA,Other/Unknown,feminine,0.406
2024-09-01,CA,Other/Unknown,masculine,0.594
2024-09-01,CA,Practical Guidance,feminine,0.460
2024-09-01,CA,Practical Guidance,masculine,0.540
2024-09-01,CA,Seeking information,feminine,0.402
2024-09-01,CA,Seeking information,masculine,0.598
2024-09-01,CA,Self-expression,feminine,0.491
2024-09-01,CA,Self-expression,masculine,0.509
2024-09-01,CA,Technical help,feminine,0.316
2024-09-01,CA,Technical help,masculine,0.684
2024-09-01,CA,Writing,feminine,0.526
2024-09-01,CA,Writing,masculine,0.474
2024-09-01,CH,Practical Guidance,feminine,0.476
2024-09-01,CH,Practical Guidance,masculine,0.524
2024-09-01,CH,Seeking information,feminine,0.381
2024-09-01,CH,Seeking information,masculine,0.619
2024-09-01,CH,Technical help,feminine,0.168
2024-09-01,CH,Technical help,masculine,0.832
2024-09-01,CH,Writing,feminine,0.507
2024-09-01,CH,Writing,masculine,0.493
2024-09-01,CL,Practical Guidance,feminine,0.465
2024-09-01,CL,Practical Guidance,masculine,0.535
2024-09-01,CL,Seeking information,feminine,0.446
2024-09-01,CL,Seeking information,masculine,0.554
2024-09-01,CL,Technical help,feminine,0.257
2024-09-01,CL,Technical help,masculine,0.743
2024-09-01,CL,Writing,feminine,0.481
2024-09-01,CL,Writing,masculine,0.519
2024-09-01,CO,Multimedia,feminine,0.387
2024-09-01,CO,Multimedia,masculine,0.613
2024-09-01,CO,Other/Unknown,feminine,0.466
2024-09-01,CO,Other/Unknown,masculine,0.534
2024-09-01,CO,Practical Guidance,feminine,0.525
2024-09-01,CO,Practical Guidance,masculine,0.475
2024-09-01,CO,Seeking information,feminine,0.501
2024-09-01,CO,Seeking information,masculine,0.499
2024-09-01,CO,Self-expression,feminine,0.488
2024-09-01,CO,Self-expression,masculine,0.512
2024-09-01,CO,Technical help,feminine,0.297
2024-09-01,CO,Technical help,masculine,0.703
2024-09-01,CO,Writing,feminine,0.554
2024-09-01,CO,Writing,masculine,0.446
2024-09-01,CR,Practical Guidance,feminine,0.592
2024-09-01,CR,Practical Guidance,masculine,0.408
2024-09-01,CR,Writing,feminine,0.578
2024-09-01,CR,Writing,masculine,0.422
2024-09-01,CZ,Practical Guidance,feminine,0.424
2024-09-01,CZ,Practical Guidance,masculine,0.576
2024-09-01,CZ,Seeking information,feminine,0.394
2024-09-01,CZ,Seeking information,masculine,0.606
2024-09-01,CZ,Writing,feminine,0.578
2024-09-01,CZ,Writing,masculine,0.422
2024-09-01,DE,Multimedia,feminine,0.308
2024-09-01,DE,Multimedia,masculine,0.692
2024-09-01,DE,Other/Unknown,feminine,0.390
2024-09-01,DE,Other/Unknown,masculine,0.610
2024-09-01,DE,Practical Guidance,feminine,0.432
2024-09-01,DE,Practical Guidance,masculine,0.568
2024-09-01,DE,Seeking information,feminine,0.389
2024-09-01,DE,Seeking information,masculine,0.611
2024-09-01,DE,Self-expression,feminine,0.490
2024-09-01,DE,Self-expression,masculine,0.510
2024-09-01,DE,Technical help,feminine,0.274
2024-09-01,DE,Technical help,masculine,0.726
2024-09-01,DE,Writing,feminine,0.481
2024-09-01,DE,Writing,masculine,0.519
2024-09-01,DK,Practical Guidance,feminine,0.417
2024-09-01,DK,Practical Guidance,masculine,0.583
2024-09-01,DK,Seeking information,feminine,0.402
2024-09-01,DK,Seeking information,masculine,0.598
2024-09-01,DK,Technical help,feminine,0.285
2024-09-01,DK,Technical help,masculine,0.715
2024-09-01,DK,Writing,feminine,0.492
2024-09-01,DK,Writing,masculine,0.508
2024-09-01,DO,Practical Guidance,feminine,0.598
2024-09-01,DO,Practical Guidance,masculine,0.402
2024-09-01,DO,Seeking information,feminine,0.624
2024-09-01,DO,Seeking information,masculine,0.376
2024-09-01,DO,Writing,feminine,0.606
2024-09-01,DO,Writing,masculine,0.394
2024-09-01,DZ,Practical Guidance,feminine,0.436
2024-09-01,DZ,Practical Guidance,masculine,0.564
2024-09-01,DZ,Seeking information,feminine,0.421
2024-09-01,DZ,Seeking information,masculine,0.579
2024-09-01,DZ,Writing,feminine,0.455
2024-09-01,DZ,Writing,masculine,0.545
2024-09-01,EC,Practical Guidance,feminine,0.549
2024-09-01,EC,Practical Guidance,masculine,0.451
2024-09-01,EC,Seeking information,feminine,0.525
2024-09-01,EC,Seeking information,masculine,0.475
2024-09-01,EC,Technical help,feminine,0.294
2024-09-01,EC,Technical help,masculine,0.706
2024-09-01,EC,Writing,feminine,0.562
2024-09-01,EC,Writing,masculine,0.438
2024-09-01,EG,Practical Guidance,feminine,0.333
2024-09-01,EG,Practical Guidance,masculine,0.667
2024-09-01,EG,Seeking information,feminine,0.294
2024-09-01,EG,Seeking information,masculine,0.706
2024-09-01,EG,Self-expression,feminine,0.419
2024-09-01,EG,Self-expression,masculine,0.581
2024-09-01,EG,Technical help,feminine,0.196
2024-09-01,EG,Technical help,masculine,0.804
2024-09-01,EG,Writing,feminine,0.380
2024-09-01,EG,Writing,masculine,0.620
2024-09-01,ES,Multimedia,feminine,0.276
2024-09-01,ES,Multimedia,masculine,0.724
2024-09-01,ES,Other/Unknown,feminine,0.402
2024-09-01,ES,Other/Unknown,masculine,0.598
2024-09-01,ES,Practical Guidance,feminine,0.478
2024-09-01,ES,Practical Guidance,masculine,0.522
2024-09-01,ES,Seeking information,feminine,0.423
2024-09-01,ES,Seeking information,masculine,0.577
2024-09-01,ES,Self-expression,feminine,0.459
2024-09-01,ES,Self-expression,masculine,0.541
2024-09-01,ES,Technical help,feminine,0.260
2024-09-01,ES,Technical help,masculine,0.740
2024-09-01,ES,Writing,feminine,0.544
2024-09-01,ES,Writing,masculine,0.456
2024-09-01,FI,Practical Guidance,feminine,0.483
2024-09-01,FI,Practical Guidance,masculine,0.517
2024-09-01,FI,Seeking information,feminine,0.445
2024-09-01,FI,Seeking information,masculine,0.555
2024-09-01,FI,Writing,feminine,0.618
2024-09-01,FI,Writing,masculine,0.382
2024-09-01,FR,Multimedia,feminine,0.329
2024-09-01,FR,Multimedia,masculine,0.671
2024-09-01,FR,Other/Unknown,feminine,0.500
2024-09-01,FR,Other/Unknown,masculine,0.500
2024-09-01,FR,Practical Guidance,feminine,0.471
2024-09-01,FR,Practical Guidance,masculine,0.529
2024-09-01,FR,Seeking information,feminine,0.395
2024-09-01,FR,Seeking information,masculine,0.605
2024-09-01,FR,Self-expression,feminine,0.461
2024-09-01,FR,Self-expression,masculine,0.539
2024-09-01,FR,Technical help,feminine,0.246
2024-09-01,FR,Technical help,masculine,0.754
2024-09-01,FR,Writing,feminine,0.501
2024-09-01,FR,Writing,masculine,0.499
2024-09-01,GB,Multimedia,feminine,0.278
2024-09-01,GB,Multimedia,masculine,0.722
2024-09-01,GB,Other/Unknown,feminine,0.280
2024-09-01,GB,Other/Unknown,masculine,0.720
2024-09-01,GB,Practical Guidance,feminine,0.384
2024-09-01,GB,Practical Guidance,masculine,0.616
2024-09-01,GB,Seeking information,feminine,0.354
2024-09-01,GB,Seeking information,masculine,0.646
2024-09-01,GB,Self-expression,feminine,0.437
2024-09-01,GB,Self-expression,masculine,0.563
2024-09-01,GB,Technical help,feminine,0.209
2024-09-01,GB,Technical help,masculine,0.791
2024-09-01,GB,Writing,feminine,0.492
2024-09-01,GB,Writing,masculine,0.508
2024-09-01,GH,Practical Guidance,feminine,0.354
2024-09-01,GH,Practical Guidance,masculine,0.646
2024-09-01,GH,Writing,feminine,0.336
2024-09-01,GH,Writing,masculine,0.664
2024-09-01,GR,Practical Guidance,feminine,0.456
2024-09-01,GR,Practical Guidance,masculine,0.544
2024-09-01,GR,Writing,feminine,0.466
2024-09-01,GR,Writing,masculine,0.534
2024-09-01,GT,Practical Guidance,feminine,0.388
2024-09-01,GT,Practical Guidance,masculine,0.612
2024-09-01,GT,Seeking information,feminine,0.449
2024-09-01,GT,Seeking information,masculine,0.551
2024-09-01,GT,Writing,feminine,0.559
2024-09-01,GT,Writing,masculine,0.441
2024-09-01,HR,Writing,feminine,0.590
2024-09-01,HR,Writing,masculine,0.410
2024-09-01,HU,Practical Guidance,feminine,0.470
2024-09-01,HU,Practical Guidance,masculine,0.530
2024-09-01,HU,Writing,feminine,0.402
2024-09-01,HU,Writing,masculine,0.598
2024-09-01,ID,Multimedia,feminine,0.571
2024-09-01,ID,Multimedia,masculine,0.429
2024-09-01,ID,Other/Unknown,feminine,0.507
2024-09-01,ID,Other/Unknown,masculine,0.493
2024-09-01,ID,Practical Guidance,feminine,0.590
2024-09-01,ID,Practical Guidance,masculine,0.410
2024-09-01,ID,Seeking information,feminine,0.545
2024-09-01,ID,Seeking information,masculine,0.455
2024-09-01,ID,Self-expression,feminine,0.687
2024-09-01,ID,Self-expression,masculine,0.313
2024-09-01,ID,Technical help,feminine,0.403
2024-09-01,ID,Technical help,masculine,0.597
2024-09-01,ID,Writing,feminine,0.566
2024-09-01,ID,Writing,masculine,0.434
2024-09-01,IE,Practical Guidance,feminine,0.351
2024-09-01,IE,Practical Guidance,masculine,0.649
2024-09-01,IE,Seeking information,feminine,0.280
2024-09-01,IE,Seeking information,masculine,0.720
2024-09-01,IE,Writing,feminine,0.501
2024-09-01,IE,Writing,masculine,0.499
2024-09-01,IL,Practical Guidance,feminine,0.389
2024-09-01,IL,Practical Guidance,masculine,0.611
2024-09-01,IL,Seeking information,feminine,0.315
2024-09-01,IL,Seeking information,masculine,0.685
2024-09-01,IL,Technical help,feminine,0.242
2024-09-01,IL,Technical help,masculine,0.758
2024-09-01,IL,Writing,feminine,0.410
2024-09-01,IL,Writing,masculine,0.590
2024-09-01,IN,Multimedia,feminine,0.321
2024-09-01,IN,Multimedia,masculine,0.679
2024-09-01,IN,Other/Unknown,feminine,0.396
2024-09-01,IN,Other/Unknown,masculine,0.604
2024-09-01,IN,Practical Guidance,feminine,0.408
2024-09-01,IN,Practical Guidance,masculine,0.592
2024-09-01,IN,Seeking information,feminine,0.379
2024-09-01,IN,Seeking information,masculine,0.621
2024-09-01,IN,Self-expression,feminine,0.381
2024-09-01,IN,Self-expression,masculine,0.619
2024-09-01,IN,Technical help,feminine,0.292
2024-09-01,IN,Technical help,masculine,0.708
2024-09-01,IN,Writing,feminine,0.424
2024-09-01,IN,Writing,masculine,0.576
2024-09-01,IT,Multimedia,feminine,0.388
2024-09-01,IT,Multimedia,masculine,0.612
2024-09-01,IT,Other/Unknown,feminine,0.383
2024-09-01,IT,Other/Unknown,masculine,0.617
2024-09-01,IT,Practical Guidance,feminine,0.464
2024-09-01,IT,Practical Guidance,masculine,0.536
2024-09-01,IT,Seeking information,feminine,0.457
2024-09-01,IT,Seeking information,masculine,0.543
2024-09-01,IT,Self-expression,feminine,0.502
2024-09-01,IT,Self-expression,masculine,0.498
2024-09-01,IT,Technical help,feminine,0.301
2024-09-01,IT,Technical help,masculine,0.699
2024-09-01,IT,Writing,feminine,0.553
2024-09-01,IT,Writing,masculine,0.447
2024-09-01,JO,Writing,feminine,0.440
2024-09-01,JO,Writing,masculine,0.560
2024-09-01,JP,Practical Guidance,feminine,0.363
2024-09-01,JP,Practical Guidance,masculine,0.637
2024-09-01,JP,Seeking information,feminine,0.325
2024-09-01,JP,Seeking information,masculine,0.675
2024-09-01,JP,Technical help,feminine,0.235
2024-09-01,JP,Technical help,masculine,0.765
2024-09-01,JP,Writing,feminine,0.395
2024-09-01,JP,Writing,masculine,0.605
2024-09-01,KE,Practical Guidance,feminine,0.392
2024-09-01,KE,Practical Guidance,masculine,0.608
2024-09-01,KE,Seeking information,feminine,0.504
2024-09-01,KE,Seeking information,masculine,0.496
2024-09-01,KE,Writing,feminine,0.427
2024-09-01,KE,Writing,masculine,0.573
2024-09-01,KR,Practical Guidance,feminine,0.441
2024-09-01,KR,Practical Guidance,masculine,0.559
2024-09-01,KR,Seeking information,feminine,0.510
2024-09-01,KR,Seeking information,masculine,0.490
2024-09-01,KR,Technical help,feminine,0.430
2024-09-01,KR,Technical help,masculine,0.570
2024-09-01,KR,Writing,feminine,0.542
2024-09-01,KR,Writing,masculine,0.458
2024-09-01,KZ,Practical Guidance,feminine,0.481
2024-09-01,KZ,Practical Guidance,masculine,0.519
2024-09-01,KZ,Seeking information,feminine,0.375
2024-09-01,KZ,Seeking information,masculine,0.625
2024-09-01,KZ,Writing,feminine,0.478
2024-09-01,KZ,Writing,masculine,0.522
2024-09-01,LB,Writing,feminine,0.711
2024-09-01,LB,Writing,masculine,0.289
2024-09-01,LK,Practical Guidance,feminine,0.476
2024-09-01,LK,Practical Guidance,masculine,0.524
2024-09-01,LK,Writing,feminine,0.554
2024-09-01,LK,Writing,masculine,0.446
2024-09-01,MA,Practical Guidance,feminine,0.491
2024-09-01,MA,Practical Guidance,masculine,0.509
2024-09-01,MA,Seeking information,feminine,0.375
2024-09-01,MA,Seeking information,masculine,0.625
2024-09-01,MA,Technical help,feminine,0.297
2024-09-01,MA,Technical help,masculine,0.703
2024-09-01,MA,Writing,feminine,0.479
2024-09-01,MA,Writing,masculine,0.521
2024-09-01,MX,Multimedia,feminine,0.372
2024-09-01,MX,Multimedia,masculine,0.628
2024-09-01,MX,Other/Unknown,feminine,0.446
2024-09-01,MX,Other/Unknown,masculine,0.554
2024-09-01,MX,Practical Guidance,feminine,0.437
2024-09-01,MX,Practical Guidance,masculine,0.563
2024-09-01,MX,Seeking information,feminine,0.421
2024-09-01,MX,Seeking information,masculine,0.579
2024-09-01,MX,Self-expression,feminine,0.395
2024-09-01,MX,Self-expression,masculine,0.605
2024-09-01,MX,Technical help,feminine,0.320
2024-09-01,MX,Technical help,masculine,0.680
2024-09-01,MX,Writing,feminine,0.493
2024-09-01,MX,Writing,masculine,0.507
2024-09-01,MY,Practical Guidance,feminine,0.500
2024-09-01,MY,Practical Guidance,masculine,0.500
2024-09-01,MY,Seeking information,feminine,0.363
2024-09-01,MY,Seeking information,masculine,0.637
2024-09-01,MY,Self-expression,feminine,0.571
2024-09-01,MY,Self-expression,masculine,0.429
2024-09-01,MY,Technical help,feminine,0.340
2024-09-01,MY,Technical help,masculine,0.660
2024-09-01,MY,Writing,feminine,0.508
2024-09-01,MY,Writing,masculine,0.492
2024-09-01,NG,Practical Guidance,feminine,0.395
2024-09-01,NG,Practical Guidance,masculine,0.605
2024-09-01,NG,Seeking information,feminine,0.387
2024-09-01,NG,Seeking information,masculine,0.613
2024-09-01,NG,Technical help,feminine,0.310
2024-09-01,NG,Technical help,masculine,0.690
2024-09-01,NG,Writing,feminine,0.390
2024-09-01,NG,Writing,masculine,0.610
2024-09-01,NL,Practical Guidance,feminine,0.430
2024-09-01,NL,Practical Guidance,masculine,0.570
2024-09-01,NL,Seeking information,feminine,0.368
2024-09-01,NL,Seeking information,masculine,0.632
2024-09-01,NL,Self-expression,feminine,0.523
2024-09-01,NL,Self-expression,masculine,0.477
2024-09-01,NL,Technical help,feminine,0.269
2024-09-01,NL,Technical help,masculine,0.731
2024-09-01,NL,Writing,feminine,0.488
2024-09-01,NL,Writing,masculine,0.512
2024-09-01,NO,Practical Guidance,feminine,0.465
2024-09-01,NO,Practical Guidance,masculine,0.535
2024-09-01,NO,Seeking information,feminine,0.342
2024-09-01,NO,Seeking information,masculine,0.658
2024-09-01,NO,Writing,feminine,0.555
2024-09-01,NO,Writing,masculine,0.445
2024-09-01,NP,Practical Guidance,feminine,0.448
2024-09-01,NP,Practical Guidance,masculine,0.552
2024-09-01,NP,Writing,feminine,0.367
2024-09-01,NP,Writing,masculine,0.633
2024-09-01,NZ,Practical Guidance,feminine,0.394
2024-09-01,NZ,Practical Guidance,masculine,0.606
2024-09-01,NZ,Writing,feminine,0.614
2024-09-01,NZ,Writing,masculine,0.386
2024-09-01,PA,Writing,feminine,0.497
2024-09-01,PA,Writing,masculine,0.503
2024-09-01,PE,Other/Unknown,feminine,0.493
2024-09-01,PE,Other/Unknown,masculine,0.507
2024-09-01,PE,Practical Guidance,feminine,0.492
2024-09-01,PE,Practical Guidance,masculine,0.508
2024-09-01,PE,Seeking information,feminine,0.486
2024-09-01,PE,Seeking information,masculine,0.514
2024-09-01,PE,Technical help,feminine,0.303
2024-09-01,PE,Technical help,masculine,0.697
2024-09-01,PE,Writing,feminine,0.527
2024-09-01,PE,Writing,masculine,0.473
2024-09-01,PH,Multimedia,feminine,0.500
2024-09-01,PH,Multimedia,masculine,0.500
2024-09-01,PH,Other/Unknown,feminine,0.480
2024-09-01,PH,Other/Unknown,masculine,0.520
2024-09-01,PH,Practical Guidance,feminine,0.546
2024-09-01,PH,Practical Guidance,masculine,0.454
2024-09-01,PH,Seeking information,feminine,0.522
2024-09-01,PH,Seeking information,masculine,0.478
2024-09-01,PH,Self-expression,feminine,0.524
2024-09-01,PH,Self-expression,masculine,0.476
2024-09-01,PH,Technical help,feminine,0.379
2024-09-01,PH,Technical help,masculine,0.621
2024-09-01,PH,Writing,feminine,0.595
2024-09-01,PH,Writing,masculine,0.405
2024-09-01,PK,Practical Guidance,feminine,0.424
2024-09-01,PK,Practical Guidance,masculine,0.576
2024-09-01,PK,Seeking information,feminine,0.316
2024-09-01,PK,Seeking information,masculine,0.684
2024-09-01,PK,Technical help,feminine,0.231
2024-09-01,PK,Technical help,masculine,0.769
2024-09-01,PK,Writing,feminine,0.385
2024-09-01,PK,Writing,masculine,0.615
2024-09-01,PL,Practical Guidance,feminine,0.424
2024-09-01,PL,Practical Guidance,masculine,0.576
2024-09-01,PL,Seeking information,feminine,0.440
2024-09-01,PL,Seeking information,masculine,0.560
2024-09-01,PL,Technical help,feminine,0.217
2024-09-01,PL,Technical help,masculine,0.783
2024-09-01,PL,Writing,feminine,0.593
2024-09-01,PL,Writing,masculine,0.407
2024-09-01,PR,Practical Guidance,feminine,0.584
2024-09-01,PR,Practical Guidance,masculine,0.416
2024-09-01,PT,Practical Guidance,feminine,0.463
2024-09-01,PT,Practical Guidance,masculine,0.537
2024-09-01,PT,Seeking information,feminine,0.461
2024-09-01,PT,Seeking information,masculine,0.539
2024-09-01,PT,Technical help,feminine,0.165
2024-09-01,PT,Technical help,masculine,0.835
2024-09-01,PT,Writing,feminine,0.544
2024-09-01,PT,Writing,masculine,0.456
2024-09-01,QA,Writing,feminine,0.341
2024-09-01,QA,Writing,masculine,0.659
2024-09-01,RO,Practical Guidance,feminine,0.531
2024-09-01,RO,Practical Guidance,masculine,0.469
2024-09-01,RO,Seeking information,feminine,0.486
2024-09-01,RO,Seeking information,masculine,0.514
2024-09-01,RO,Writing,feminine,0.582
2024-09-01,RO,Writing,masculine,0.418
2024-09-01,RS,Writing,feminine,0.528
2024-09-01,RS,Writing,masculine,0.472
2024-09-01,SA,Practical Guidance,feminine,0.397
2024-09-01,SA,Practical Guidance,masculine,0.603
2024-09-01,SA,Seeking information,feminine,0.329
2024-09-01,SA,Seeking information,masculine,0.671
2024-09-01,SA,Writing,feminine,0.329
2024-09-01,SA,Writing,masculine,0.671
2024-09-01,SE,Practical Guidance,feminine,0.428
2024-09-01,SE,Practical Guidance,masculine,0.572
2024-09-01,SE,Seeking information,feminine,0.402
2024-09-01,SE,Seeking information,masculine,0.598
2024-09-01,SE,Technical help,feminine,0.291
2024-09-01,SE,Technical help,masculine,0.709
2024-09-01,SE,Writing,feminine,0.533
2024-09-01,SE,Writing,masculine,0.467
2024-09-01,SG,Practical Guidance,feminine,0.379
2024-09-01,SG,Practical Guidance,masculine,0.621
2024-09-01,SG,Seeking information,feminine,0.418
2024-09-01,SG,Seeking information,masculine,0.582
2024-09-01,SG,Technical help,feminine,0.303
2024-09-01,SG,Technical help,masculine,0.697
2024-09-01,SG,Writing,feminine,0.534
2024-09-01,SG,Writing,masculine,0.466
2024-09-01,SV,Practical Guidance,feminine,0.445
2024-09-01,SV,Practical Guidance,masculine,0.555
2024-09-01,TH,Practical Guidance,feminine,0.499
2024-09-01,TH,Practical Guidance,masculine,0.501
2024-09-01,TH,Seeking information,feminine,0.381
2024-09-01,TH,Seeking information,masculine,0.619
2024-09-01,TH,Writing,feminine,0.522
2024-09-01,TH,Writing,masculine,0.478
2024-09-01,TN,Practical Guidance,feminine,0.407
2024-09-01,TN,Practical Guidance,masculine,0.593
2024-09-01,TN,Writing,feminine,0.513
2024-09-01,TN,Writing,masculine,0.487
2024-09-01,TR,Multimedia,feminine,0.328
2024-09-01,TR,Multimedia,masculine,0.672
2024-09-01,TR,Practical Guidance,feminine,0.343
2024-09-01,TR,Practical Guidance,masculine,0.657
2024-09-01,TR,Seeking information,feminine,0.323
2024-09-01,TR,Seeking information,masculine,0.677
2024-09-01,TR,Self-expression,feminine,0.412
2024-09-01,TR,Self-expression,masculine,0.588
2024-09-01,TR,Technical help,feminine,0.167
2024-09-01,TR,Technical help,masculine,0.833
2024-09-01,TR,Writing,feminine,0.396
2024-09-01,TR,Writing,masculine,0.604
2024-09-01,TW,Practical Guidance,feminine,0.390
2024-09-01,TW,Practical Guidance,masculine,0.610
2024-09-01,TW,Technical help,feminine,0.374
2024-09-01,TW,Technical help,masculine,0.626
2024-09-01,TW,Writing,feminine,0.408
2024-09-01,TW,Writing,masculine,0.592
2024-09-01,UA,Practical Guidance,feminine,0.511
2024-09-01,UA,Practical Guidance,masculine,0.489
2024-09-01,UA,Seeking information,feminine,0.550
2024-09-01,UA,Seeking information,masculine,0.450
2024-09-01,UA,Technical help,feminine,0.263
2024-09-01,UA,Technical help,masculine,0.737
2024-09-01,UA,Writing,feminine,0.580
2024-09-01,UA,Writing,masculine,0.420
2024-09-01,US,Multimedia,feminine,0.303
2024-09-01,US,Multimedia,masculine,0.697
2024-09-01,US,Other/Unknown,feminine,0.380
2024-09-01,US,Other/Unknown,masculine,0.620
2024-09-01,US,Practical Guidance,feminine,0.441
2024-09-01,US,Practical Guidance,masculine,0.559
2024-09-01,US,Seeking information,feminine,0.380
2024-09-01,US,Seeking information,masculine,0.620
2024-09-01,US,Self-expression,feminine,0.441
2024-09-01,US,Self-expression,masculine,0.559
2024-09-01,US,Technical help,feminine,0.311
2024-09-01,US,Technical help,masculine,0.689
2024-09-01,US,Writing,feminine,0.513
2024-09-01,US,Writing,masculine,0.487
2024-09-01,VN,Practical Guidance,feminine,0.486
2024-09-01,VN,Practical Guidance,masculine,0.514
2024-09-01,VN,Seeking information,feminine,0.460
2024-09-01,VN,Seeking information,masculine,0.540
2024-09-01,VN,Technical help,feminine,0.272
2024-09-01,VN,Technical help,masculine,0.728
2024-09-01,VN,Writing,feminine,0.549
2024-09-01,VN,Writing,masculine,0.451
2024-09-01,ZA,Practical Guidance,feminine,0.515
2024-09-01,ZA,Practical Guidance,masculine,0.485
2024-09-01,ZA,Seeking information,feminine,0.418
2024-09-01,ZA,Seeking information,masculine,0.582
2024-09-01,ZA,Technical help,feminine,0.264
2024-09-01,ZA,Technical help,masculine,0.736
2024-09-01,ZA,Writing,feminine,0.554
2024-09-01,ZA,Writing,masculine,0.446
2024-10-01,AE,Practical Guidance,feminine,0.515
2024-10-01,AE,Practical Guidance,masculine,0.485
2024-10-01,AE,Seeking information,feminine,0.435
2024-10-01,AE,Seeking information,masculine,0.565
2024-10-01,AE,Technical help,feminine,0.343
2024-10-01,AE,Technical help,masculine,0.657
2024-10-01,AE,Writing,feminine,0.505
2024-10-01,AE,Writing,masculine,0.495
2024-10-01,AR,Multimedia,feminine,0.405
2024-10-01,AR,Multimedia,masculine,0.595
2024-10-01,AR,Other/Unknown,feminine,0.432
2024-10-01,AR,Other/Unknown,masculine,0.568
2024-10-01,AR,Practical Guidance,feminine,0.526
2024-10-01,AR,Practical Guidance,masculine,0.474
2024-10-01,AR,Seeking information,feminine,0.449
2024-10-01,AR,Seeking information,masculine,0.551
2024-10-01,AR,Self-expression,feminine,0.523
2024-10-01,AR,Self-expression,masculine,0.477
2024-10-01,AR,Technical help,feminine,0.217
2024-10-01,AR,Technical help,masculine,0.783
2024-10-01,AR,Writing,feminine,0.531
2024-10-01,AR,Writing,masculine,0.469
2024-10-01,AT,Practical Guidance,feminine,0.523
2024-10-01,AT,Practical Guidance,masculine,0.477
2024-10-01,AT,Seeking information,feminine,0.389
2024-10-01,AT,Seeking information,masculine,0.611
2024-10-01,AT,Writing,feminine,0.545
2024-10-01,AT,Writing,masculine,0.455
2024-10-01,AU,Multimedia,feminine,0.360
2024-10-01,AU,Multimedia,masculine,0.640
2024-10-01,AU,Practical Guidance,feminine,0.472
2024-10-01,AU,Practical Guidance,masculine,0.528
2024-10-01,AU,Seeking information,feminine,0.415
2024-10-01,AU,Seeking information,masculine,0.585
2024-10-01,AU,Technical help,feminine,0.281
2024-10-01,AU,Technical help,masculine,0.719
2024-10-01,AU,Writing,feminine,0.549
2024-10-01,AU,Writing,masculine,0.451
2024-10-01,BD,Practical Guidance,feminine,0.385
2024-10-01,BD,Practical Guidance,masculine,0.615
2024-10-01,BD,Seeking information,feminine,0.262
2024-10-01,BD,Seeking information,masculine,0.738
2024-10-01,BD,Self-expression,feminine,0.342
2024-10-01,BD,Self-expression,masculine,0.658
2024-10-01,BD,Technical help,feminine,0.232
2024-10-01,BD,Technical help,masculine,0.768
2024-10-01,BD,Writing,feminine,0.370
2024-10-01,BD,Writing,masculine,0.630
2024-10-01,BE,Practical Guidance,feminine,0.496
2024-10-01,BE,Practical Guidance,masculine,0.504
2024-10-01,BE,Seeking information,feminine,0.440
2024-10-01,BE,Seeking information,masculine,0.560
2024-10-01,BE,Technical help,feminine,0.220
2024-10-01,BE,Technical help,masculine,0.780
2024-10-01,BE,Writing,feminine,0.579
2024-10-01,BE,Writing,masculine,0.421
2024-10-01,BG,Practical Guidance,feminine,0.465
2024-10-01,BG,Practical Guidance,masculine,0.535
2024-10-01,BG,Writing,feminine,0.480
2024-10-01,BG,Writing,masculine,0.520
2024-10-01,BO,Practical Guidance,feminine,0.492
2024-10-01,BO,Practical Guidance,masculine,0.508
2024-10-01,BO,Seeking information,feminine,0.528
2024-10-01,BO,Seeking information,masculine,0.472
2024-10-01,BO,Writing,feminine,0.548
2024-10-01,BO,Writing,masculine,0.452
2024-10-01,BR,Multimedia,feminine,0.423
2024-10-01,BR,Multimedia,masculine,0.577
2024-10-01,BR,Other/Unknown,feminine,0.493
2024-10-01,BR,Other/Unknown,masculine,0.507
2024-10-01,BR,Practical Guidance,feminine,0.500
2024-10-01,BR,Practical Guidance,masculine,0.500
2024-10-01,BR,Seeking information,feminine,0.455
2024-10-01,BR,Seeking information,masculine,0.545
2024-10-01,BR,Self-expression,feminine,0.559
2024-10-01,BR,Self-expression,masculine,0.441
2024-10-01,BR,Technical help,feminine,0.238
2024-10-01,BR,Technical help,masculine,0.762
2024-10-01,BR,Writing,feminine,0.556
2024-10-01,BR,Writing,masculine,0.444
2024-10-01,CA,Multimedia,feminine,0.405
2024-10-01,CA,Multimedia,masculine,0.595
2024-10-01,CA,Other/Unknown,feminine,0.459
2024-10-01,CA,Other/Unknown,masculine,0.541
2024-10-01,CA,Practical Guidance,feminine,0.462
2024-10-01,CA,Practical Guidance,masculine,0.538
2024-10-01,CA,Seeking information,feminine,0.412
2024-10-01,CA,Seeking information,masculine,0.588
2024-10-01,CA,Self-expression,feminine,0.437
2024-10-01,CA,Self-expression,masculine,0.563
2024-10-01,CA,Technical help,feminine,0.357
2024-10-01,CA,Technical help,masculine,0.643
2024-10-01,CA,Writing,feminine,0.559
2024-10-01,CA,Writing,masculine,0.441
2024-10-01,CH,Practical Guidance,feminine,0.488
2024-10-01,CH,Practical Guidance,masculine,0.512
2024-10-01,CH,Seeking information,feminine,0.368
2024-10-01,CH,Seeking information,masculine,0.632
2024-10-01,CH,Technical help,feminine,0.288
2024-10-01,CH,Technical help,masculine,0.712
2024-10-01,CH,Writing,feminine,0.522
2024-10-01,CH,Writing,masculine,0.478
2024-10-01,CL,Practical Guidance,feminine,0.483
2024-10-01,CL,Practical Guidance,masculine,0.517
2024-10-01,CL,Seeking information,feminine,0.434
2024-10-01,CL,Seeking information,masculine,0.566
2024-10-01,CL,Technical help,feminine,0.194
2024-10-01,CL,Technical help,masculine,0.806
2024-10-01,CL,Writing,feminine,0.493
2024-10-01,CL,Writing,masculine,0.507
2024-10-01,CO,Multimedia,feminine,0.495
2024-10-01,CO,Multimedia,masculine,0.505
2024-10-01,CO,Other/Unknown,feminine,0.493
2024-10-01,CO,Other/Unknown,masculine,0.507
2024-10-01,CO,Practical Guidance,feminine,0.533
2024-10-01,CO,Practical Guidance,masculine,0.467
2024-10-01,CO,Seeking information,feminine,0.461
2024-10-01,CO,Seeking information,masculine,0.539
2024-10-01,CO,Self-expression,feminine,0.484
2024-10-01,CO,Self-expression,masculine,0.516
2024-10-01,CO,Technical help,feminine,0.281
2024-10-01,CO,Technical help,masculine,0.719
2024-10-01,CO,Writing,feminine,0.585
2024-10-01,CO,Writing,masculine,0.415
2024-10-01,CR,Practical Guidance,feminine,0.537
2024-10-01,CR,Practical Guidance,masculine,0.463
2024-10-01,CR,Writing,feminine,0.547
2024-10-01,CR,Writing,masculine,0.453
2024-10-01,CZ,Practical Guidance,feminine,0.464
2024-10-01,CZ,Practical Guidance,masculine,0.536
2024-10-01,CZ,Seeking information,feminine,0.471
2024-10-01,CZ,Seeking information,masculine,0.529
2024-10-01,CZ,Writing,feminine,0.514
2024-10-01,CZ,Writing,masculine,0.486
2024-10-01,DE,Multimedia,feminine,0.314
2024-10-01,DE,Multimedia,masculine,0.686
2024-10-01,DE,Other/Unknown,feminine,0.355
2024-10-01,DE,Other/Unknown,masculine,0.645
2024-10-01,DE,Practical Guidance,feminine,0.445
2024-10-01,DE,Practical Guidance,masculine,0.555
2024-10-01,DE,Seeking information,feminine,0.397
2024-10-01,DE,Seeking information,masculine,0.603
2024-10-01,DE,Self-expression,feminine,0.432
2024-10-01,DE,Self-expression,masculine,0.568
2024-10-01,DE,Technical help,feminine,0.226
2024-10-01,DE,Technical help,masculine,0.774
2024-10-01,DE,Writing,feminine,0.507
2024-10-01,DE,Writing,masculine,0.493
2024-10-01,DK,Practical Guidance,feminine,0.498
2024-10-01,DK,Practical Guidance,masculine,0.502
2024-10-01,DK,Seeking information,feminine,0.387
2024-10-01,DK,Seeking information,masculine,0.613
2024-10-01,DK,Writing,feminine,0.540
2024-10-01,DK,Writing,masculine,0.460
2024-10-01,DO,Practical Guidance,feminine,0.627
2024-10-01,DO,Practical Guidance,masculine,0.373
2024-10-01,DO,Seeking information,feminine,0.568
2024-10-01,DO,Seeking information,masculine,0.432
2024-10-01,DO,Writing,feminine,0.562
2024-10-01,DO,Writing,masculine,0.438
2024-10-01,DZ,Practical Guidance,feminine,0.558
2024-10-01,DZ,Practical Guidance,masculine,0.442
2024-10-01,DZ,Seeking information,feminine,0.415
2024-10-01,DZ,Seeking information,masculine,0.585
2024-10-01,DZ,Writing,feminine,0.504
2024-10-01,DZ,Writing,masculine,0.496
2024-10-01,EC,Practical Guidance,feminine,0.578
2024-10-01,EC,Practical Guidance,masculine,0.422
2024-10-01,EC,Seeking information,feminine,0.476
2024-10-01,EC,Seeking information,masculine,0.524
2024-10-01,EC,Technical help,feminine,0.398
2024-10-01,EC,Technical help,masculine,0.602
2024-10-01,EC,Writing,feminine,0.578
2024-10-01,EC,Writing,masculine,0.422
2024-10-01,EG,Multimedia,feminine,0.330
2024-10-01,EG,Multimedia,masculine,0.670
2024-10-01,EG,Other/Unknown,feminine,0.285
2024-10-01,EG,Other/Unknown,masculine,0.715
2024-10-01,EG,Practical Guidance,feminine,0.424
2024-10-01,EG,Practical Guidance,masculine,0.576
2024-10-01,EG,Seeking information,feminine,0.343
2024-10-01,EG,Seeking information,masculine,0.657
2024-10-01,EG,Self-expression,feminine,0.499
2024-10-01,EG,Self-expression,masculine,0.501
2024-10-01,EG,Technical help,feminine,0.237
2024-10-01,EG,Technical help,masculine,0.763
2024-10-01,EG,Writing,feminine,0.401
2024-10-01,EG,Writing,masculine,0.599
2024-10-01,ES,Multimedia,feminine,0.322
2024-10-01,ES,Multimedia,masculine,0.678
2024-10-01,ES,Other/Unknown,feminine,0.462
2024-10-01,ES,Other/Unknown,masculine,0.538
2024-10-01,ES,Practical Guidance,feminine,0.510
2024-10-01,ES,Practical Guidance,masculine,0.490
2024-10-01,ES,Seeking information,feminine,0.468
2024-10-01,ES,Seeking information,masculine,0.532
2024-10-01,ES,Self-expression,feminine,0.540
2024-10-01,ES,Self-expression,masculine,0.460
2024-10-01,ES,Technical help,feminine,0.268
2024-10-01,ES,Technical help,masculine,0.732
2024-10-01,ES,Writing,feminine,0.568
2024-10-01,ES,Writing,masculine,0.432
2024-10-01,FI,Practical Guidance,feminine,0.420
2024-10-01,FI,Practical Guidance,masculine,0.580
2024-10-01,FI,Writing,feminine,0.488
2024-10-01,FI,Writing,masculine,0.512
2024-10-01,FR,Multimedia,feminine,0.333
2024-10-01,FR,Multimedia,masculine,0.667
2024-10-01,FR,Other/Unknown,feminine,0.399
2024-10-01,FR,Other/Unknown,masculine,0.601
2024-10-01,FR,Practical Guidance,feminine,0.469
2024-10-01,FR,Practical Guidance,masculine,0.531
2024-10-01,FR,Seeking information,feminine,0.418
2024-10-01,FR,Seeking information,masculine,0.582
2024-10-01,FR,Self-expression,feminine,0.513
2024-10-01,FR,Self-expression,masculine,0.487
2024-10-01,FR,Technical help,feminine,0.273
2024-10-01,FR,Technical help,masculine,0.727
2024-10-01,FR,Writing,feminine,0.525
2024-10-01,FR,Writing,masculine,0.475
2024-10-01,GB,Multimedia,feminine,0.346
2024-10-01,GB,Multimedia,masculine,0.654
2024-10-01,GB,Other/Unknown,feminine,0.389
2024-10-01,GB,Other/Unknown,masculine,0.611
2024-10-01,GB,Practical Guidance,feminine,0.404
2024-10-01,GB,Practical Guidance,masculine,0.596
2024-10-01,GB,Seeking information,feminine,0.351
2024-10-01,GB,Seeking information,masculine,0.649
2024-10-01,GB,Self-expression,feminine,0.462
2024-10-01,GB,Self-expression,masculine,0.538
2024-10-01,GB,Technical help,feminine,0.223
2024-10-01,GB,Technical help,masculine,0.777
2024-10-01,GB,Writing,feminine,0.499
2024-10-01,GB,Writing,masculine,0.501
2024-10-01,GH,Writing,feminine,0.409
2024-10-01,GH,Writing,masculine,0.591
2024-10-01,GR,Practical Guidance,feminine,0.488
2024-10-01,GR,Practical Guidance,masculine,0.512
2024-10-01,GR,Seeking information,feminine,0.374
2024-10-01,GR,Seeking information,masculine,0.626
2024-10-01,GR,Writing,feminine,0.519
2024-10-01,GR,Writing,masculine,0.481
2024-10-01,GT,Practical Guidance,feminine,0.467
2024-10-01,GT,Practical Guidance,masculine,0.533
2024-10-01,GT,Writing,feminine,0.594
2024-10-01,GT,Writing,masculine,0.406
2024-10-01,HU,Practical Guidance,feminine,0.477
2024-10-01,HU,Practical Guidance,masculine,0.523
2024-10-01,HU,Technical help,feminine,0.153
2024-10-01,HU,Technical help,masculine,0.847
2024-10-01,HU,Writing,feminine,0.474
2024-10-01,HU,Writing,masculine,0.526
2024-10-01,ID,Multimedia,feminine,0.545
2024-10-01,ID,Multimedia,masculine,0.455
2024-10-01,ID,Other/Unknown,feminine,0.480
2024-10-01,ID,Other/Unknown,masculine,0.520
2024-10-01,ID,Practical Guidance,feminine,0.597
2024-10-01,ID,Practical Guidance,masculine,0.403
2024-10-01,ID,Seeking information,feminine,0.564
2024-10-01,ID,Seeking information,masculine,0.436
2024-10-01,ID,Self-expression,feminine,0.610
2024-10-01,ID,Self-expression,masculine,0.390
2024-10-01,ID,Technical help,feminine,0.454
2024-10-01,ID,Technical help,masculine,0.546
2024-10-01,ID,Writing,feminine,0.603
2024-10-01,ID,Writing,masculine,0.397
2024-10-01,IE,Practical Guidance,feminine,0.443
2024-10-01,IE,Practical Guidance,masculine,0.557
2024-10-01,IE,Seeking information,feminine,0.311
2024-10-01,IE,Seeking information,masculine,0.689
2024-10-01,IE,Writing,feminine,0.525
2024-10-01,IE,Writing,masculine,0.475
2024-10-01,IL,Practical Guidance,feminine,0.391
2024-10-01,IL,Practical Guidance,masculine,0.609
2024-10-01,IL,Seeking information,feminine,0.374
2024-10-01,IL,Seeking information,masculine,0.626
2024-10-01,IL,Writing,feminine,0.392
2024-10-01,IL,Writing,masculine,0.608
2024-10-01,IN,Multimedia,feminine,0.323
2024-10-01,IN,Multimedia,masculine,0.677
2024-10-01,IN,Other/Unknown,feminine,0.358
2024-10-01,IN,Other/Unknown,masculine,0.642
2024-10-01,IN,Practical Guidance,feminine,0.407
2024-10-01,IN,Practical Guidance,masculine,0.593
2024-10-01,IN,Seeking information,feminine,0.381
2024-10-01,IN,Seeking information,masculine,0.619
2024-10-01,IN,Self-expression,feminine,0.411
2024-10-01,IN,Self-expression,masculine,0.589
2024-10-01,IN,Technical help,feminine,0.287
2024-10-01,IN,Technical help,masculine,0.713
2024-10-01,IN,Writing,feminine,0.423
2024-10-01,IN,Writing,masculine,0.577
2024-10-01,IQ,Practical Guidance,feminine,0.345
2024-10-01,IQ,Practical Guidance,masculine,0.655
2024-10-01,IT,Multimedia,feminine,0.445
2024-10-01,IT,Multimedia,masculine,0.555
2024-10-01,IT,Other/Unknown,feminine,0.422
2024-10-01,IT,Other/Unknown,masculine,0.578
2024-10-01,IT,Practical Guidance,feminine,0.488
2024-10-01,IT,Practical Guidance,masculine,0.512
2024-10-01,IT,Seeking information,feminine,0.451
2024-10-01,IT,Seeking information,masculine,0.549
2024-10-01,IT,Self-expression,feminine,0.488
2024-10-01,IT,Self-expression,masculine,0.512
2024-10-01,IT,Technical help,feminine,0.325
2024-10-01,IT,Technical help,masculine,0.675
2024-10-01,IT,Writing,feminine,0.557
2024-10-01,IT,Writing,masculine,0.443
2024-10-01,JP,Practical Guidance,feminine,0.295
2024-10-01,JP,Practical Guidance,masculine,0.705
2024-10-01,JP,Seeking information,feminine,0.313
2024-10-01,JP,Seeking information,masculine,0.687
2024-10-01,JP,Technical help,feminine,0.235
2024-10-01,JP,Technical help,masculine,0.765
2024-10-01,JP,Writing,feminine,0.359
2024-10-01,JP,Writing,masculine,0.641
2024-10-01,KE,Practical Guidance,feminine,0.466
2024-10-01,KE,Practical Guidance,masculine,0.534
2024-10-01,KE,Seeking information,feminine,0.360
2024-10-01,KE,Seeking information,masculine,0.640
2024-10-01,KE,Writing,feminine,0.407
2024-10-01,KE,Writing,masculine,0.593
2024-10-01,KR,Practical Guidance,feminine,0.500
2024-10-01,KR,Practical Guidance,masculine,0.500
2024-10-01,KR,Seeking information,feminine,0.400
2024-10-01,KR,Seeking information,masculine,0.600
2024-10-01,KR,Technical help,feminine,0.286
2024-10-01,KR,Technical help,masculine,0.714
2024-10-01,KR,Writing,feminine,0.523
2024-10-01,KR,Writing,masculine,0.477
2024-10-01,KZ,Practical Guidance,feminine,0.415
2024-10-01,KZ,Practical Guidance,masculine,0.585
2024-10-01,KZ,Seeking information,feminine,0.441
2024-10-01,KZ,Seeking information,masculine,0.559
2024-10-01,KZ,Self-expression,feminine,0.434
2024-10-01,KZ,Self-expression,masculine,0.566
2024-10-01,KZ,Technical help,feminine,0.325
2024-10-01,KZ,Technical help,masculine,0.675
2024-10-01,KZ,Writing,feminine,0.558
2024-10-01,KZ,Writing,masculine,0.442
2024-10-01,LK,Writing,feminine,0.489
2024-10-01,LK,Writing,masculine,0.511
2024-10-01,LT,Writing,feminine,0.638
2024-10-01,LT,Writing,masculine,0.362
2024-10-01,MA,Other/Unknown,feminine,0.382
2024-10-01,MA,Other/Unknown,masculine,0.618
2024-10-01,MA,Practical Guidance,feminine,0.490
2024-10-01,MA,Practical Guidance,masculine,0.510
2024-10-01,MA,Seeking information,feminine,0.413
2024-10-01,MA,Seeking information,masculine,0.587
2024-10-01,MA,Self-expression,feminine,0.410
2024-10-01,MA,Self-expression,masculine,0.590
2024-10-01,MA,Technical help,feminine,0.432
2024-10-01,MA,Technical help,masculine,0.568
2024-10-01,MA,Writing,feminine,0.527
2024-10-01,MA,Writing,masculine,0.473
2024-10-01,MX,Multimedia,feminine,0.446
2024-10-01,MX,Multimedia,masculine,0.554
2024-10-01,MX,Other/Unknown,feminine,0.413
2024-10-01,MX,Other/Unknown,masculine,0.587
2024-10-01,MX,Practical Guidance,feminine,0.472
2024-10-01,MX,Practical Guidance,masculine,0.528
2024-10-01,MX,Seeking information,feminine,0.447
2024-10-01,MX,Seeking information,masculine,0.553
2024-10-01,MX,Self-expression,feminine,0.498
2024-10-01,MX,Self-expression,masculine,0.502
2024-10-01,MX,Technical help,feminine,0.328
2024-10-01,MX,Technical help,masculine,0.672
2024-10-01,MX,Writing,feminine,0.494
2024-10-01,MX,Writing,masculine,0.506
2024-10-01,MY,Practical Guidance,feminine,0.505
2024-10-01,MY,Practical Guidance,masculine,0.495
2024-10-01,MY,Seeking information,feminine,0.446
2024-10-01,MY,Seeking information,masculine,0.554
2024-10-01,MY,Technical help,feminine,0.367
2024-10-01,MY,Technical help,masculine,0.633
2024-10-01,MY,Writing,feminine,0.530
2024-10-01,MY,Writing,masculine,0.470
2024-10-01,NG,Practical Guidance,feminine,0.371
2024-10-01,NG,Practical Guidance,masculine,0.629
2024-10-01,NG,Seeking information,feminine,0.376
2024-10-01,NG,Seeking information,masculine,0.624
2024-10-01,NG,Technical help,feminine,0.215
2024-10-01,NG,Technical help,masculine,0.785
2024-10-01,NG,Writing,feminine,0.354
2024-10-01,NG,Writing,masculine,0.646
2024-10-01,NL,Multimedia,feminine,0.271
2024-10-01,NL,Multimedia,masculine,0.729
2024-10-01,NL,Practical Guidance,feminine,0.404
2024-10-01,NL,Practical Guidance,masculine,0.596
2024-10-01,NL,Seeking information,feminine,0.383
2024-10-01,NL,Seeking information,masculine,0.617
2024-10-01,NL,Self-expression,feminine,0.461
2024-10-01,NL,Self-expression,masculine,0.539
2024-10-01,NL,Technical help,feminine,0.239
2024-10-01,NL,Technical help,masculine,0.761
2024-10-01,NL,Writing,feminine,0.513
2024-10-01,NL,Writing,masculine,0.487
2024-10-01,NO,Practical Guidance,feminine,0.476
2024-10-01,NO,Practical Guidance,masculine,0.524
2024-10-01,NO,Seeking information,feminine,0.331
2024-10-01,NO,Seeking information,masculine,0.669
2024-10-01,NO,Technical help,feminine,0.266
2024-10-01,NO,Technical help,masculine,0.734
2024-10-01,NO,Writing,feminine,0.534
2024-10-01,NO,Writing,masculine,0.466
2024-10-01,NZ,Practical Guidance,feminine,0.538
2024-10-01,NZ,Practical Guidance,masculine,0.462
2024-10-01,NZ,Writing,feminine,0.540
2024-10-01,NZ,Writing,masculine,0.460
2024-10-01,PA,Practical Guidance,feminine,0.455
2024-10-01,PA,Practical Guidance,masculine,0.545
2024-10-01,PE,Multimedia,feminine,0.517
2024-10-01,PE,Multimedia,masculine,0.483
2024-10-01,PE,Other/Unknown,feminine,0.364
2024-10-01,PE,Other/Unknown,masculine,0.636
2024-10-01,PE,Practical Guidance,feminine,0.495
2024-10-01,PE,Practical Guidance,masculine,0.505
2024-10-01,PE,Seeking information,feminine,0.530
2024-10-01,PE,Seeking information,masculine,0.470
2024-10-01,PE,Self-expression,feminine,0.533
2024-10-01,PE,Self-expression,masculine,0.467
2024-10-01,PE,Technical help,feminine,0.293
2024-10-01,PE,Technical help,masculine,0.707
2024-10-01,PE,Writing,feminine,0.529
2024-10-01,PE,Writing,masculine,0.471
2024-10-01,PH,Multimedia,feminine,0.479
2024-10-01,PH,Multimedia,masculine,0.521
2024-10-01,PH,Other/Unknown,feminine,0.573
2024-10-01,PH,Other/Unknown,masculine,0.427
2024-10-01,PH,Practical Guidance,feminine,0.553
2024-10-01,PH,Practical Guidance,masculine,0.447
2024-10-01,PH,Seeking information,feminine,0.505
2024-10-01,PH,Seeking information,masculine,0.495
2024-10-01,PH,Self-expression,feminine,0.484
2024-10-01,PH,Self-expression,masculine,0.516
2024-10-01,PH,Technical help,feminine,0.399
2024-10-01,PH,Technical help,masculine,0.601
2024-10-01,PH,Writing,feminine,0.606
2024-10-01,PH,Writing,masculine,0.394
2024-10-01,PK,Multimedia,feminine,0.295
2024-10-01,PK,Multimedia,masculine,0.705
2024-10-01,PK,Practical Guidance,feminine,0.400
2024-10-01,PK,Practical Guidance,masculine,0.600
2024-10-01,PK,Seeking information,feminine,0.353
2024-10-01,PK,Seeking information,masculine,0.647
2024-10-01,PK,Self-expression,feminine,0.310
2024-10-01,PK,Self-expression,masculine,0.690
2024-10-01,PK,Technical help,feminine,0.230
2024-10-01,PK,Technical help,masculine,0.770
2024-10-01,PK,Writing,feminine,0.375
2024-10-01,PK,Writing,masculine,0.625
2024-10-01,PL,Multimedia,feminine,0.263
2024-10-01,PL,Multimedia,masculine,0.737
2024-10-01,PL,Practical Guidance,feminine,0.478
2024-10-01,PL,Practical Guidance,masculine,0.522
2024-10-01,PL,Seeking information,feminine,0.476
2024-10-01,PL,Seeking information,masculine,0.524
2024-10-01,PL,Self-expression,feminine,0.453
2024-10-01,PL,Self-expression,masculine,0.547
2024-10-01,PL,Technical help,feminine,0.200
2024-10-01,PL,Technical help,masculine,0.800
2024-10-01,PL,Writing,feminine,0.554
2024-10-01,PL,Writing,masculine,0.446
2024-10-01,PT,Practical Guidance,feminine,0.483
2024-10-01,PT,Practical Guidance,masculine,0.517
2024-10-01,PT,Seeking information,feminine,0.439
2024-10-01,PT,Seeking information,masculine,0.561
2024-10-01,PT,Technical help,feminine,0.333
2024-10-01,PT,Technical help,masculine,0.667
2024-10-01,PT,Writing,feminine,0.559
2024-10-01,PT,Writing,masculine,0.441
2024-10-01,RO,Practical Guidance,feminine,0.509
2024-10-01,RO,Practical Guidance,masculine,0.491
2024-10-01,RO,Seeking information,feminine,0.491
2024-10-01,RO,Seeking information,masculine,0.509
2024-10-01,RO,Technical help,feminine,0.359
2024-10-01,RO,Technical help,masculine,0.641
2024-10-01,RO,Writing,feminine,0.603
2024-10-01,RO,Writing,masculine,0.397
2024-10-01,RS,Writing,feminine,0.607
2024-10-01,RS,Writing,masculine,0.393
2024-10-01,SA,Practical Guidance,feminine,0.514
2024-10-01,SA,Practical Guidance,masculine,0.486
2024-10-01,SA,Seeking information,feminine,0.368
2024-10-01,SA,Seeking information,masculine,0.632
2024-10-01,SA,Self-expression,feminine,0.554
2024-10-01,SA,Self-expression,masculine,0.446
2024-10-01,SA,Writing,feminine,0.435
2024-10-01,SA,Writing,masculine,0.565
2024-10-01,SE,Practical Guidance,feminine,0.479
2024-10-01,SE,Practical Guidance,masculine,0.521
2024-10-01,SE,Seeking information,feminine,0.404
2024-10-01,SE,Seeking information,masculine,0.596
2024-10-01,SE,Technical help,feminine,0.266
2024-10-01,SE,Technical help,masculine,0.734
2024-10-01,SE,Writing,feminine,0.510
2024-10-01,SE,Writing,masculine,0.490
2024-10-01,SG,Practical Guidance,feminine,0.384
2024-10-01,SG,Practical Guidance,masculine,0.616
2024-10-01,SG,Seeking information,feminine,0.432
2024-10-01,SG,Seeking information,masculine,0.568
2024-10-01,SG,Technical help,feminine,0.284
2024-10-01,SG,Technical help,masculine,0.716
2024-10-01,SG,Writing,feminine,0.494
2024-10-01,SG,Writing,masculine,0.506
2024-10-01,SK,Practical Guidance,feminine,0.518
2024-10-01,SK,Practical Guidance,masculine,0.482
2024-10-01,SK,Writing,feminine,0.600
2024-10-01,SK,Writing,masculine,0.400
2024-10-01,SV,Practical Guidance,feminine,0.458
2024-10-01,SV,Practical Guidance,masculine,0.542
2024-10-01,TH,Practical Guidance,feminine,0.360
2024-10-01,TH,Practical Guidance,masculine,0.640
2024-10-01,TH,Writing,feminine,0.532
2024-10-01,TH,Writing,masculine,0.468
2024-10-01,TN,Practical Guidance,feminine,0.597
2024-10-01,TN,Practical Guidance,masculine,0.403
2024-10-01,TN,Writing,feminine,0.644
2024-10-01,TN,Writing,masculine,0.356
2024-10-01,TR,Multimedia,feminine,0.255
2024-10-01,TR,Multimedia,masculine,0.745
2024-10-01,TR,Other/Unknown,feminine,0.347
2024-10-01,TR,Other/Unknown,masculine,0.653
2024-10-01,TR,Practical Guidance,feminine,0.396
2024-10-01,TR,Practical Guidance,masculine,0.604
2024-10-01,TR,Seeking information,feminine,0.328
2024-10-01,TR,Seeking information,masculine,0.672
2024-10-01,TR,Self-expression,feminine,0.442
2024-10-01,TR,Self-expression,masculine,0.558
2024-10-01,TR,Technical help,feminine,0.280
2024-10-01,TR,Technical help,masculine,0.720
2024-10-01,TR,Writing,feminine,0.433
2024-10-01,TR,Writing,masculine,0.567
2024-10-01,TW,Practical Guidance,feminine,0.410
2024-10-01,TW,Practical Guidance,masculine,0.590
2024-10-01,TW,Technical help,feminine,0.250
2024-10-01,TW,Technical help,masculine,0.750
2024-10-01,TW,Writing,feminine,0.515
2024-10-01,TW,Writing,masculine,0.485
2024-10-01,UA,Practical Guidance,feminine,0.516
2024-10-01,UA,Practical Guidance,masculine,0.484
2024-10-01,UA,Seeking information,feminine,0.485
2024-10-01,UA,Seeking information,masculine,0.515
2024-10-01,UA,Self-expression,feminine,0.427
2024-10-01,UA,Self-expression,masculine,0.573
2024-10-01,UA,Technical help,feminine,0.300
2024-10-01,UA,Technical help,masculine,0.700
2024-10-01,UA,Writing,feminine,0.609
2024-10-01,UA,Writing,masculine,0.391
2024-10-01,US,Multimedia,feminine,0.316
2024-10-01,US,Multimedia,masculine,0.684
2024-10-01,US,Other/Unknown,feminine,0.397
2024-10-01,US,Other/Unknown,masculine,0.603
2024-10-01,US,Practical Guidance,feminine,0.442
2024-10-01,US,Practical Guidance,masculine,0.558
2024-10-01,US,Seeking information,feminine,0.404
2024-10-01,US,Seeking information,masculine,0.596
2024-10-01,US,Self-expression,feminine,0.467
2024-10-01,US,Self-expression,masculine,0.533
2024-10-01,US,Technical help,feminine,0.321
2024-10-01,US,Technical help,masculine,0.679
2024-10-01,US,Writing,feminine,0.514
2024-10-01,US,Writing,masculine,0.486
2024-10-01,UY,Practical Guidance,feminine,0.552
2024-10-01,UY,Practical Guidance,masculine,0.448
2024-10-01,UY,Writing,feminine,0.573
2024-10-01,UY,Writing,masculine,0.427
2024-10-01,VN,Practical Guidance,feminine,0.454
2024-10-01,VN,Practical Guidance,masculine,0.546
2024-10-01,VN,Seeking information,feminine,0.485
2024-10-01,VN,Seeking information,masculine,0.515
2024-10-01,VN,Technical help,feminine,0.373
2024-10-01,VN,Technical help,masculine,0.627
2024-10-01,VN,Writing,feminine,0.464
2024-10-01,VN,Writing,masculine,0.536
2024-10-01,ZA,Practical Guidance,feminine,0.496
2024-10-01,ZA,Practical Guidance,masculine,0.504
2024-10-01,ZA,Seeking information,feminine,0.454
2024-10-01,ZA,Seeking information,masculine,0.546
2024-10-01,ZA,Technical help,feminine,0.363
2024-10-01,ZA,Technical help,masculine,0.637
2024-10-01,ZA,Writing,feminine,0.626
2024-10-01,ZA,Writing,masculine,0.374
2024-11-01,AE,Practical Guidance,feminine,0.507
2024-11-01,AE,Practical Guidance,masculine,0.493
2024-11-01,AE,Seeking information,feminine,0.354
2024-11-01,AE,Seeking information,masculine,0.646
2024-11-01,AE,Technical help,feminine,0.344
2024-11-01,AE,Technical help,masculine,0.656
2024-11-01,AE,Writing,feminine,0.506
2024-11-01,AE,Writing,masculine,0.494
2024-11-01,AR,Multimedia,feminine,0.342
2024-11-01,AR,Multimedia,masculine,0.658
2024-11-01,AR,Other/Unknown,feminine,0.403
2024-11-01,AR,Other/Unknown,masculine,0.597
2024-11-01,AR,Practical Guidance,feminine,0.518
2024-11-01,AR,Practical Guidance,masculine,0.482
2024-11-01,AR,Seeking information,feminine,0.451
2024-11-01,AR,Seeking information,masculine,0.549
2024-11-01,AR,Self-expression,feminine,0.509
2024-11-01,AR,Self-expression,masculine,0.491
2024-11-01,AR,Technical help,feminine,0.285
2024-11-01,AR,Technical help,masculine,0.715
2024-11-01,AR,Writing,feminine,0.558
2024-11-01,AR,Writing,masculine,0.442
2024-11-01,AT,Practical Guidance,feminine,0.491
2024-11-01,AT,Practical Guidance,masculine,0.509
2024-11-01,AT,Seeking information,feminine,0.383
2024-11-01,AT,Seeking information,masculine,0.617
2024-11-01,AT,Technical help,feminine,0.296
2024-11-01,AT,Technical help,masculine,0.704
2024-11-01,AT,Writing,feminine,0.572
2024-11-01,AT,Writing,masculine,0.428
2024-11-01,AU,Practical Guidance,feminine,0.462
2024-11-01,AU,Practical Guidance,masculine,0.538
2024-11-01,AU,Seeking information,feminine,0.397
2024-11-01,AU,Seeking information,masculine,0.603
2024-11-01,AU,Self-expression,feminine,0.499
2024-11-01,AU,Self-expression,masculine,0.501
2024-11-01,AU,Technical help,feminine,0.257
2024-11-01,AU,Technical help,masculine,0.743
2024-11-01,AU,Writing,feminine,0.557
2024-11-01,AU,Writing,masculine,0.443
2024-11-01,BD,Practical Guidance,feminine,0.333
2024-11-01,BD,Practical Guidance,masculine,0.667
2024-11-01,BD,Seeking information,feminine,0.359
2024-11-01,BD,Seeking information,masculine,0.641
2024-11-01,BD,Self-expression,feminine,0.413
2024-11-01,BD,Self-expression,masculine,0.587
2024-11-01,BD,Technical help,feminine,0.329
2024-11-01,BD,Technical help,masculine,0.671
2024-11-01,BD,Writing,feminine,0.333
2024-11-01,BD,Writing,masculine,0.667
2024-11-01,BE,Practical Guidance,feminine,0.529
2024-11-01,BE,Practical Guidance,masculine,0.471
2024-11-01,BE,Seeking information,feminine,0.457
2024-11-01,BE,Seeking information,masculine,0.543
2024-11-01,BE,Technical help,feminine,0.261
2024-11-01,BE,Technical help,masculine,0.739
2024-11-01,BE,Writing,feminine,0.608
2024-11-01,BE,Writing,masculine,0.392
2024-11-01,BG,Practical Guidance,feminine,0.484
2024-11-01,BG,Practical Guidance,masculine,0.516
2024-11-01,BO,Practical Guidance,feminine,0.489
2024-11-01,BO,Practical Guidance,masculine,0.511
2024-11-01,BO,Seeking information,feminine,0.498
2024-11-01,BO,Seeking information,masculine,0.502
2024-11-01,BO,Writing,feminine,0.496
2024-11-01,BO,Writing,masculine,0.504
2024-11-01,BR,Multimedia,feminine,0.422
2024-11-01,BR,Multimedia,masculine,0.578
2024-11-01,BR,Other/Unknown,feminine,0.430
2024-11-01,BR,Other/Unknown,masculine,0.570
2024-11-01,BR,Practical Guidance,feminine,0.510
2024-11-01,BR,Practical Guidance,masculine,0.490
2024-11-01,BR,Seeking information,feminine,0.479
2024-11-01,BR,Seeking information,masculine,0.521
2024-11-01,BR,Self-expression,feminine,0.571
2024-11-01,BR,Self-expression,masculine,0.429
2024-11-01,BR,Technical help,feminine,0.280
2024-11-01,BR,Technical help,masculine,0.720
2024-11-01,BR,Writing,feminine,0.571
2024-11-01,BR,Writing,masculine,0.429
2024-11-01,CA,Multimedia,feminine,0.379
2024-11-01,CA,Multimedia,masculine,0.621
2024-11-01,CA,Other/Unknown,feminine,0.397
2024-11-01,CA,Other/Unknown,masculine,0.603
2024-11-01,CA,Practical Guidance,feminine,0.485
2024-11-01,CA,Practical Guidance,masculine,0.515
2024-11-01,CA,Seeking information,feminine,0.431
2024-11-01,CA,Seeking information,masculine,0.569
2024-11-01,CA,Self-expression,feminine,0.561
2024-11-01,CA,Self-expression,masculine,0.439
2024-11-01,CA,Technical help,feminine,0.334
2024-11-01,CA,Technical help,masculine,0.666
2024-11-01,CA,Writing,feminine,0.550
2024-11-01,CA,Writing,masculine,0.450
2024-11-01,CH,Practical Guidance,feminine,0.504
2024-11-01,CH,Practical Guidance,masculine,0.496
2024-11-01,CH,Seeking information,feminine,0.445
2024-11-01,CH,Seeking information,masculine,0.555
2024-11-01,CH,Technical help,feminine,0.302
2024-11-01,CH,Technical help,masculine,0.698
2024-11-01,CH,Writing,feminine,0.521
2024-11-01,CH,Writing,masculine,0.479
2024-11-01,CL,Practical Guidance,feminine,0.485
2024-11-01,CL,Practical Guidance,masculine,0.515
2024-11-01,CL,Seeking information,feminine,0.405
2024-11-01,CL,Seeking information,masculine,0.595
2024-11-01,CL,Technical help,feminine,0.208
2024-11-01,CL,Technical help,masculine,0.792
2024-11-01,CL,Writing,feminine,0.529
2024-11-01,CL,Writing,masculine,0.471
2024-11-01,CO,Multimedia,feminine,0.395
2024-11-01,CO,Multimedia,masculine,0.605
2024-11-01,CO,Other/Unknown,feminine,0.479
2024-11-01,CO,Other/Unknown,masculine,0.521
2024-11-01,CO,Practical Guidance,feminine,0.498
2024-11-01,CO,Practical Guidance,masculine,0.502
2024-11-01,CO,Seeking information,feminine,0.501
2024-11-01,CO,Seeking information,masculine,0.499
2024-11-01,CO,Self-expression,feminine,0.536
2024-11-01,CO,Self-expression,masculine,0.464
2024-11-01,CO,Technical help,feminine,0.362
2024-11-01,CO,Technical help,masculine,0.638
2024-11-01,CO,Writing,feminine,0.563
2024-11-01,CO,Writing,masculine,0.437
2024-11-01,CR,Practical Guidance,feminine,0.384
2024-11-01,CR,Practical Guidance,masculine,0.616
2024-11-01,CR,Writing,feminine,0.538
2024-11-01,CR,Writing,masculine,0.462
2024-11-01,CZ,Practical Guidance,feminine,0.449
2024-11-01,CZ,Practical Guidance,masculine,0.551
2024-11-01,CZ,Seeking information,feminine,0.415
2024-11-01,CZ,Seeking information,masculine,0.585
2024-11-01,CZ,Technical help,feminine,0.232
2024-11-01,CZ,Technical help,masculine,0.768
2024-11-01,CZ,Writing,feminine,0.520
2024-11-01,CZ,Writing,masculine,0.480
2024-11-01,DE,Multimedia,feminine,0.367
2024-11-01,DE,Multimedia,masculine,0.633
2024-11-01,DE,Other/Unknown,feminine,0.403
2024-11-01,DE,Other/Unknown,masculine,0.597
2024-11-01,DE,Practical Guidance,feminine,0.463
2024-11-01,DE,Practical Guidance,masculine,0.537
2024-11-01,DE,Seeking information,feminine,0.392
2024-11-01,DE,Seeking information,masculine,0.608
2024-11-01,DE,Self-expression,feminine,0.499
2024-11-01,DE,Self-expression,masculine,0.501
2024-11-01,DE,Technical help,feminine,0.282
2024-11-01,DE,Technical help,masculine,0.718
2024-11-01,DE,Writing,feminine,0.523
2024-11-01,DE,Writing,masculine,0.477
2024-11-01,DK,Practical Guidance,feminine,0.467
2024-11-01,DK,Practical Guidance,masculine,0.533
2024-11-01,DK,Seeking information,feminine,0.273
2024-11-01,DK,Seeking information,masculine,0.727
2024-11-01,DK,Technical help,feminine,0.242
2024-11-01,DK,Technical help,masculine,0.758
2024-11-01,DK,Writing,feminine,0.610
2024-11-01,DK,Writing,masculine,0.390
2024-11-01,DO,Practical Guidance,feminine,0.541
2024-11-01,DO,Practical Guidance,masculine,0.459
2024-11-01,DO,Seeking information,feminine,0.545
2024-11-01,DO,Seeking information,masculine,0.455
2024-11-01,DO,Writing,feminine,0.624
2024-11-01,DO,Writing,masculine,0.376
2024-11-01,DZ,Practical Guidance,feminine,0.569
2024-11-01,DZ,Practical Guidance,masculine,0.431
2024-11-01,DZ,Seeking information,feminine,0.465
2024-11-01,DZ,Seeking information,masculine,0.535
2024-11-01,DZ,Writing,feminine,0.596
2024-11-01,DZ,Writing,masculine,0.404
2024-11-01,EC,Practical Guidance,feminine,0.537
2024-11-01,EC,Practical Guidance,masculine,0.463
2024-11-01,EC,Seeking information,feminine,0.490
2024-11-01,EC,Seeking information,masculine,0.510
2024-11-01,EC,Technical help,feminine,0.383
2024-11-01,EC,Technical help,masculine,0.617
2024-11-01,EC,Writing,feminine,0.510
2024-11-01,EC,Writing,masculine,0.490
2024-11-01,EG,Multimedia,feminine,0.368
2024-11-01,EG,Multimedia,masculine,0.632
2024-11-01,EG,Other/Unknown,feminine,0.471
2024-11-01,EG,Other/Unknown,masculine,0.529
2024-11-01,EG,Practical Guidance,feminine,0.478
2024-11-01,EG,Practical Guidance,masculine,0.522
2024-11-01,EG,Seeking information,feminine,0.411
2024-11-01,EG,Seeking information,masculine,0.589
2024-11-01,EG,Self-expression,feminine,0.556
2024-11-01,EG,Self-expression,masculine,0.444
2024-11-01,EG,Technical help,feminine,0.287
2024-11-01,EG,Technical help,masculine,0.713
2024-11-01,EG,Writing,feminine,0.491
2024-11-01,EG,Writing,masculine,0.509
2024-11-01,ES,Multimedia,feminine,0.472
2024-11-01,ES,Multimedia,masculine,0.528
2024-11-01,ES,Other/Unknown,feminine,0.535
2024-11-01,ES,Other/Unknown,masculine,0.465
2024-11-01,ES,Practical Guidance,feminine,0.563
2024-11-01,ES,Practical Guidance,masculine,0.437
2024-11-01,ES,Seeking information,feminine,0.482
2024-11-01,ES,Seeking information,masculine,0.518
2024-11-01,ES,Self-expression,feminine,0.527
2024-11-01,ES,Self-expression,masculine,0.473
2024-11-01,ES,Technical help,feminine,0.303
2024-11-01,ES,Technical help,masculine,0.697
2024-11-01,ES,Writing,feminine,0.600
2024-11-01,ES,Writing,masculine,0.400
2024-11-01,FI,Practical Guidance,feminine,0.495
2024-11-01,FI,Practical Guidance,masculine,0.505
2024-11-01,FI,Seeking information,feminine,0.409
2024-11-01,FI,Seeking information,masculine,0.591
2024-11-01,FI,Writing,feminine,0.583
2024-11-01,FI,Writing,masculine,0.417
2024-11-01,FR,Multimedia,feminine,0.367
2024-11-01,FR,Multimedia,masculine,0.633
2024-11-01,FR,Other/Unknown,feminine,0.483
2024-11-01,FR,Other/Unknown,masculine,0.517
2024-11-01,FR,Practical Guidance,feminine,0.487
2024-11-01,FR,Practical Guidance,masculine,0.513
2024-11-01,FR,Seeking information,feminine,0.460
2024-11-01,FR,Seeking information,masculine,0.540
2024-11-01,FR,Self-expression,feminine,0.625
2024-11-01,FR,Self-expression,masculine,0.375
2024-11-01,FR,Technical help,feminine,0.302
2024-11-01,FR,Technical help,masculine,0.698
2024-11-01,FR,Writing,feminine,0.547
2024-11-01,FR,Writing,masculine,0.453
2024-11-01,GB,Multimedia,feminine,0.332
2024-11-01,GB,Multimedia,masculine,0.668
2024-11-01,GB,Other/Unknown,feminine,0.349
2024-11-01,GB,Other/Unknown,masculine,0.651
2024-11-01,GB,Practical Guidance,feminine,0.438
2024-11-01,GB,Practical Guidance,masculine,0.562
2024-11-01,GB,Seeking information,feminine,0.382
2024-11-01,GB,Seeking information,masculine,0.618
2024-11-01,GB,Self-expression,feminine,0.441
2024-11-01,GB,Self-expression,masculine,0.559
2024-11-01,GB,Technical help,feminine,0.226
2024-11-01,GB,Technical help,masculine,0.774
2024-11-01,GB,Writing,feminine,0.533
2024-11-01,GB,Writing,masculine,0.467
2024-11-01,GH,Practical Guidance,feminine,0.424
2024-11-01,GH,Practical Guidance,masculine,0.576
2024-11-01,GH,Writing,feminine,0.399
2024-11-01,GH,Writing,masculine,0.601
2024-11-01,GR,Practical Guidance,feminine,0.453
2024-11-01,GR,Practical Guidance,masculine,0.547
2024-11-01,GR,Writing,feminine,0.521
2024-11-01,GR,Writing,masculine,0.479
2024-11-01,GT,Practical Guidance,feminine,0.458
2024-11-01,GT,Practical Guidance,masculine,0.542
2024-11-01,HU,Practical Guidance,feminine,0.397
2024-11-01,HU,Practical Guidance,masculine,0.603
2024-11-01,HU,Seeking information,feminine,0.415
2024-11-01,HU,Seeking information,masculine,0.585
2024-11-01,HU,Writing,feminine,0.476
2024-11-01,HU,Writing,masculine,0.524
2024-11-01,ID,Multimedia,feminine,0.434
2024-11-01,ID,Multimedia,masculine,0.566
2024-11-01,ID,Other/Unknown,feminine,0.585
2024-11-01,ID,Other/Unknown,masculine,0.415
2024-11-01,ID,Practical Guidance,feminine,0.619
2024-11-01,ID,Practical Guidance,masculine,0.381
2024-11-01,ID,Seeking information,feminine,0.566
2024-11-01,ID,Seeking information,masculine,0.434
2024-11-01,ID,Self-expression,feminine,0.610
2024-11-01,ID,Self-expression,masculine,0.390
2024-11-01,ID,Technical help,feminine,0.507
2024-11-01,ID,Technical help,masculine,0.493
2024-11-01,ID,Writing,feminine,0.630
2024-11-01,ID,Writing,masculine,0.370
2024-11-01,IE,Practical Guidance,feminine,0.497
2024-11-01,IE,Practical Guidance,masculine,0.503
2024-11-01,IE,Seeking information,feminine,0.422
2024-11-01,IE,Seeking information,masculine,0.578
2024-11-01,IE,Writing,feminine,0.555
2024-11-01,IE,Writing,masculine,0.445
2024-11-01,IL,Practical Guidance,feminine,0.409
2024-11-01,IL,Practical Guidance,masculine,0.591
2024-11-01,IL,Seeking information,feminine,0.333
2024-11-01,IL,Seeking information,masculine,0.667
2024-11-01,IL,Technical help,feminine,0.227
2024-11-01,IL,Technical help,masculine,0.773
2024-11-01,IL,Writing,feminine,0.447
2024-11-01,IL,Writing,masculine,0.553
2024-11-01,IN,Multimedia,feminine,0.367
2024-11-01,IN,Multimedia,masculine,0.633
2024-11-01,IN,Other/Unknown,feminine,0.370
2024-11-01,IN,Other/Unknown,masculine,0.630
2024-11-01,IN,Practical Guidance,feminine,0.414
2024-11-01,IN,Practical Guidance,masculine,0.586
2024-11-01,IN,Seeking information,feminine,0.376
2024-11-01,IN,Seeking information,masculine,0.624
2024-11-01,IN,Self-expression,feminine,0.442
2024-11-01,IN,Self-expression,masculine,0.558
2024-11-01,IN,Technical help,feminine,0.300
2024-11-01,IN,Technical help,masculine,0.700
2024-11-01,IN,Writing,feminine,0.424
2024-11-01,IN,Writing,masculine,0.576
2024-11-01,IQ,Practical Guidance,feminine,0.397
2024-11-01,IQ,Practical Guidance,masculine,0.603
2024-11-01,IQ,Writing,feminine,0.436
2024-11-01,IQ,Writing,masculine,0.564
2024-11-01,IT,Multimedia,feminine,0.422
2024-11-01,IT,Multimedia,masculine,0.578
2024-11-01,IT,Other/Unknown,feminine,0.529
2024-11-01,IT,Other/Unknown,masculine,0.471
2024-11-01,IT,Practical Guidance,feminine,0.548
2024-11-01,IT,Practical Guidance,masculine,0.452
2024-11-01,IT,Seeking information,feminine,0.452
2024-11-01,IT,Seeking information,masculine,0.548
2024-11-01,IT,Self-expression,feminine,0.650
2024-11-01,IT,Self-expression,masculine,0.350
2024-11-01,IT,Technical help,feminine,0.331
2024-11-01,IT,Technical help,masculine,0.669
2024-11-01,IT,Writing,feminine,0.573
2024-11-01,IT,Writing,masculine,0.427
2024-11-01,JO,Practical Guidance,feminine,0.423
2024-11-01,JO,Practical Guidance,masculine,0.577
2024-11-01,JO,Writing,feminine,0.437
2024-11-01,JO,Writing,masculine,0.563
2024-11-01,JP,Practical Guidance,feminine,0.296
2024-11-01,JP,Practical Guidance,masculine,0.704
2024-11-01,JP,Seeking information,feminine,0.296
2024-11-01,JP,Seeking information,masculine,0.704
2024-11-01,JP,Technical help,feminine,0.269
2024-11-01,JP,Technical help,masculine,0.731
2024-11-01,JP,Writing,feminine,0.372
2024-11-01,JP,Writing,masculine,0.628
2024-11-01,KE,Practical Guidance,feminine,0.468
2024-11-01,KE,Practical Guidance,masculine,0.532
2024-11-01,KE,Seeking information,feminine,0.419
2024-11-01,KE,Seeking information,masculine,0.581
2024-11-01,KE,Writing,feminine,0.428
2024-11-01,KE,Writing,masculine,0.572
2024-11-01,KR,Practical Guidance,feminine,0.489
2024-11-01,KR,Practical Guidance,masculine,0.511
2024-11-01,KR,Seeking information,feminine,0.491
2024-11-01,KR,Seeking information,masculine,0.509
2024-11-01,KR,Technical help,feminine,0.373
2024-11-01,KR,Technical help,masculine,0.627
2024-11-01,KR,Writing,feminine,0.496
2024-11-01,KR,Writing,masculine,0.504
2024-11-01,KZ,Practical Guidance,feminine,0.480
2024-11-01,KZ,Practical Guidance,masculine,0.520
2024-11-01,KZ,Seeking information,feminine,0.391
2024-11-01,KZ,Seeking information,masculine,0.609
2024-11-01,KZ,Technical help,feminine,0.408
2024-11-01,KZ,Technical help,masculine,0.592
2024-11-01,KZ,Writing,feminine,0.488
2024-11-01,KZ,Writing,masculine,0.512
2024-11-01,LB,Practical Guidance,feminine,0.556
2024-11-01,LB,Practical Guidance,masculine,0.444
2024-11-01,LK,Writing,feminine,0.509
2024-11-01,LK,Writing,masculine,0.491
2024-11-01,LT,Practical Guidance,feminine,0.486
2024-11-01,LT,Practical Guidance,masculine,0.514
2024-11-01,LT,Writing,feminine,0.557
2024-11-01,LT,Writing,masculine,0.443
2024-11-01,MA,Other/Unknown,feminine,0.404
2024-11-01,MA,Other/Unknown,masculine,0.596
2024-11-01,MA,Practical Guidance,feminine,0.529
2024-11-01,MA,Practical Guidance,masculine,0.471
2024-11-01,MA,Seeking information,feminine,0.473
2024-11-01,MA,Seeking information,masculine,0.527
2024-11-01,MA,Self-expression,feminine,0.456
2024-11-01,MA,Self-expression,masculine,0.544
2024-11-01,MA,Technical help,feminine,0.399
2024-11-01,MA,Technical help,masculine,0.601
2024-11-01,MA,Writing,feminine,0.565
2024-11-01,MA,Writing,masculine,0.435
2024-11-01,MD,Writing,feminine,0.657
2024-11-01,MD,Writing,masculine,0.343
2024-11-01,MX,Multimedia,feminine,0.449
2024-11-01,MX,Multimedia,masculine,0.551
2024-11-01,MX,Other/Unknown,feminine,0.420
2024-11-01,MX,Other/Unknown,masculine,0.580
2024-11-01,MX,Practical Guidance,feminine,0.485
2024-11-01,MX,Practical Guidance,masculine,0.515
2024-11-01,MX,Seeking information,feminine,0.434
2024-11-01,MX,Seeking information,masculine,0.566
2024-11-01,MX,Self-expression,feminine,0.480
2024-11-01,MX,Self-expression,masculine,0.520
2024-11-01,MX,Technical help,feminine,0.361
2024-11-01,MX,Technical help,masculine,0.639
2024-11-01,MX,Writing,feminine,0.518
2024-11-01,MX,Writing,masculine,0.482
2024-11-01,MY,Practical Guidance,feminine,0.521
2024-11-01,MY,Practical Guidance,masculine,0.479
2024-11-01,MY,Seeking information,feminine,0.447
2024-11-01,MY,Seeking information,masculine,0.553
2024-11-01,MY,Technical help,feminine,0.319
2024-11-01,MY,Technical help,masculine,0.681
2024-11-01,MY,Writing,feminine,0.540
2024-11-01,MY,Writing,masculine,0.460
2024-11-01,NG,Practical Guidance,feminine,0.412
2024-11-01,NG,Practical Guidance,masculine,0.588
2024-11-01,NG,Seeking information,feminine,0.346
2024-11-01,NG,Seeking information,masculine,0.654
2024-11-01,NG,Writing,feminine,0.359
2024-11-01,NG,Writing,masculine,0.641
2024-11-01,NL,Multimedia,feminine,0.324
2024-11-01,NL,Multimedia,masculine,0.676
2024-11-01,NL,Practical Guidance,feminine,0.430
2024-11-01,NL,Practical Guidance,masculine,0.570
2024-11-01,NL,Seeking information,feminine,0.397
2024-11-01,NL,Seeking information,masculine,0.603
2024-11-01,NL,Self-expression,feminine,0.499
2024-11-01,NL,Self-expression,masculine,0.501
2024-11-01,NL,Technical help,feminine,0.215
2024-11-01,NL,Technical help,masculine,0.785
2024-11-01,NL,Writing,feminine,0.482
2024-11-01,NL,Writing,masculine,0.518
2024-11-01,NO,Practical Guidance,feminine,0.393
2024-11-01,NO,Practical Guidance,masculine,0.607
2024-11-01,NO,Seeking information,feminine,0.330
2024-11-01,NO,Seeking information,masculine,0.670
2024-11-01,NO,Technical help,feminine,0.224
2024-11-01,NO,Technical help,masculine,0.776
2024-11-01,NO,Writing,feminine,0.527
2024-11-01,NO,Writing,masculine,0.473
2024-11-01,NP,Practical Guidance,feminine,0.380
2024-11-01,NP,Practical Guidance,masculine,0.620
2024-11-01,NP,Writing,feminine,0.479
2024-11-01,NP,Writing,masculine,0.521
2024-11-01,NZ,Writing,feminine,0.518
2024-11-01,NZ,Writing,masculine,0.482
2024-11-01,PE,Multimedia,feminine,0.296
2024-11-01,PE,Multimedia,masculine,0.704
2024-11-01,PE,Practical Guidance,feminine,0.498
2024-11-01,PE,Practical Guidance,masculine,0.502
2024-11-01,PE,Seeking information,feminine,0.457
2024-11-01,PE,Seeking information,masculine,0.543
2024-11-01,PE,Self-expression,feminine,0.557
2024-11-01,PE,Self-expression,masculine,0.443
2024-11-01,PE,Technical help,feminine,0.340
2024-11-01,PE,Technical help,masculine,0.660
2024-11-01,PE,Writing,feminine,0.554
2024-11-01,PE,Writing,masculine,0.446
2024-11-01,PH,Multimedia,feminine,0.583
2024-11-01,PH,Multimedia,masculine,0.417
2024-11-01,PH,Other/Unknown,feminine,0.513
2024-11-01,PH,Other/Unknown,masculine,0.487
2024-11-01,PH,Practical Guidance,feminine,0.559
2024-11-01,PH,Practical Guidance,masculine,0.441
2024-11-01,PH,Seeking information,feminine,0.508
2024-11-01,PH,Seeking information,masculine,0.492
2024-11-01,PH,Self-expression,feminine,0.632
2024-11-01,PH,Self-expression,masculine,0.368
2024-11-01,PH,Technical help,feminine,0.319
2024-11-01,PH,Technical help,masculine,0.681
2024-11-01,PH,Writing,feminine,0.606
2024-11-01,PH,Writing,masculine,0.394
2024-11-01,PK,Other/Unknown,feminine,0.277
2024-11-01,PK,Other/Unknown,masculine,0.723
2024-11-01,PK,Practical Guidance,feminine,0.396
2024-11-01,PK,Practical Guidance,masculine,0.604
2024-11-01,PK,Seeking information,feminine,0.340
2024-11-01,PK,Seeking information,masculine,0.660
2024-11-01,PK,Self-expression,feminine,0.359
2024-11-01,PK,Self-expression,masculine,0.641
2024-11-01,PK,Technical help,feminine,0.230
2024-11-01,PK,Technical help,masculine,0.770
2024-11-01,PK,Writing,feminine,0.368
2024-11-01,PK,Writing,masculine,0.632
2024-11-01,PL,Multimedia,feminine,0.386
2024-11-01,PL,Multimedia,masculine,0.614
2024-11-01,PL,Practical Guidance,feminine,0.477
2024-11-01,PL,Practical Guidance,masculine,0.523
2024-11-01,PL,Seeking information,feminine,0.447
2024-11-01,PL,Seeking information,masculine,0.553
2024-11-01,PL,Self-expression,feminine,0.544
2024-11-01,PL,Self-expression,masculine,0.456
2024-11-01,PL,Technical help,feminine,0.277
2024-11-01,PL,Technical help,masculine,0.723
2024-11-01,PL,Writing,feminine,0.542
2024-11-01,PL,Writing,masculine,0.458
2024-11-01,PT,Practical Guidance,feminine,0.529
2024-11-01,PT,Practical Guidance,masculine,0.471
2024-11-01,PT,Seeking information,feminine,0.426
2024-11-01,PT,Seeking information,masculine,0.574
2024-11-01,PT,Technical help,feminine,0.279
2024-11-01,PT,Technical help,masculine,0.721
2024-11-01,PT,Writing,feminine,0.587
2024-11-01,PT,Writing,masculine,0.413
2024-11-01,RO,Practical Guidance,feminine,0.601
2024-11-01,RO,Practical Guidance,masculine,0.399
2024-11-01,RO,Seeking information,feminine,0.471
2024-11-01,RO,Seeking information,masculine,0.529
2024-11-01,RO,Technical help,feminine,0.393
2024-11-01,RO,Technical help,masculine,0.607
2024-11-01,RO,Writing,feminine,0.585
2024-11-01,RO,Writing,masculine,0.415
2024-11-01,SA,Practical Guidance,feminine,0.434
2024-11-01,SA,Practical Guidance,masculine,0.566
2024-11-01,SA,Seeking information,feminine,0.375
2024-11-01,SA,Seeking information,masculine,0.625
2024-11-01,SA,Self-expression,feminine,0.575
2024-11-01,SA,Self-expression,masculine,0.425
2024-11-01,SA,Writing,feminine,0.466
2024-11-01,SA,Writing,masculine,0.534
2024-11-01,SE,Practical Guidance,feminine,0.499
2024-11-01,SE,Practical Guidance,masculine,0.501
2024-11-01,SE,Seeking information,feminine,0.399
2024-11-01,SE,Seeking information,masculine,0.601
2024-11-01,SE,Technical help,feminine,0.249
2024-11-01,SE,Technical help,masculine,0.751
2024-11-01,SE,Writing,feminine,0.558
2024-11-01,SE,Writing,masculine,0.442
2024-11-01,SG,Practical Guidance,feminine,0.398
2024-11-01,SG,Practical Guidance,masculine,0.602
2024-11-01,SG,Seeking information,feminine,0.379
2024-11-01,SG,Seeking information,masculine,0.621
2024-11-01,SG,Technical help,feminine,0.303
2024-11-01,SG,Technical help,masculine,0.697
2024-11-01,SG,Writing,feminine,0.509
2024-11-01,SG,Writing,masculine,0.491
2024-11-01,SK,Practical Guidance,feminine,0.430
2024-11-01,SK,Practical Guidance,masculine,0.570
2024-11-01,SK,Writing,feminine,0.507
2024-11-01,SK,Writing,masculine,0.493
2024-11-01,TH,Practical Guidance,feminine,0.402
2024-11-01,TH,Practical Guidance,masculine,0.598
2024-11-01,TH,Seeking information,feminine,0.349
2024-11-01,TH,Seeking information,masculine,0.651
2024-11-01,TH,Writing,feminine,0.518
2024-11-01,TH,Writing,masculine,0.482
2024-11-01,TN,Practical Guidance,feminine,0.433
2024-11-01,TN,Practical Guidance,masculine,0.567
2024-11-01,TN,Writing,feminine,0.651
2024-11-01,TN,Writing,masculine,0.349
2024-11-01,TR,Multimedia,feminine,0.361
2024-11-01,TR,Multimedia,masculine,0.639
2024-11-01,TR,Other/Unknown,feminine,0.364
2024-11-01,TR,Other/Unknown,masculine,0.636
2024-11-01,TR,Practical Guidance,feminine,0.443
2024-11-01,TR,Practical Guidance,masculine,0.557
2024-11-01,TR,Seeking information,feminine,0.416
2024-11-01,TR,Seeking information,masculine,0.584
2024-11-01,TR,Self-expression,feminine,0.500
2024-11-01,TR,Self-expression,masculine,0.500
2024-11-01,TR,Technical help,feminine,0.252
2024-11-01,TR,Technical help,masculine,0.748
2024-11-01,TR,Writing,feminine,0.439
2024-11-01,TR,Writing,masculine,0.561
2024-11-01,TW,Practical Guidance,feminine,0.423
2024-11-01,TW,Practical Guidance,masculine,0.577
2024-11-01,TW,Seeking information,feminine,0.373
2024-11-01,TW,Seeking information,masculine,0.627
2024-11-01,TW,Technical help,feminine,0.325
2024-11-01,TW,Technical help,masculine,0.675
2024-11-01,TW,Writing,feminine,0.514
2024-11-01,TW,Writing,masculine,0.486
2024-11-01,UA,Practical Guidance,feminine,0.547
2024-11-01,UA,Practical Guidance,masculine,0.453
2024-11-01,UA,Seeking information,feminine,0.485
2024-11-01,UA,Seeking information,masculine,0.515
2024-11-01,UA,Self-expression,feminine,0.572
2024-11-01,UA,Self-expression,masculine,0.428
2024-11-01,UA,Technical help,feminine,0.272
2024-11-01,UA,Technical help,masculine,0.728
2024-11-01,UA,Writing,feminine,0.575
2024-11-01,UA,Writing,masculine,0.425
2024-11-01,US,Multimedia,feminine,0.351
2024-11-01,US,Multimedia,masculine,0.649
2024-11-01,US,Other/Unknown,feminine,0.367
2024-11-01,US,Other/Unknown,masculine,0.633
2024-11-01,US,Practical Guidance,feminine,0.453
2024-11-01,US,Practical Guidance,masculine,0.547
2024-11-01,US,Seeking information,feminine,0.400
2024-11-01,US,Seeking information,masculine,0.600
2024-11-01,US,Self-expression,feminine,0.476
2024-11-01,US,Self-expression,masculine,0.524
2024-11-01,US,Technical help,feminine,0.319
2024-11-01,US,Technical help,masculine,0.681
2024-11-01,US,Writing,feminine,0.514
2024-11-01,US,Writing,masculine,0.486
2024-11-01,UY,Practical Guidance,feminine,0.548
2024-11-01,UY,Practical Guidance,masculine,0.452
2024-11-01,UY,Writing,feminine,0.615
2024-11-01,UY,Writing,masculine,0.385
2024-11-01,UZ,Practical Guidance,feminine,0.480
2024-11-01,UZ,Practical Guidance,masculine,0.520
2024-11-01,UZ,Writing,feminine,0.383
2024-11-01,UZ,Writing,masculine,0.617
2024-11-01,VN,Practical Guidance,feminine,0.509
2024-11-01,VN,Practical Guidance,masculine,0.491
2024-11-01,VN,Seeking information,feminine,0.500
2024-11-01,VN,Seeking information,masculine,0.500
2024-11-01,VN,Technical help,feminine,0.322
2024-11-01,VN,Technical help,masculine,0.678
2024-11-01,VN,Writing,feminine,0.536
2024-11-01,VN,Writing,masculine,0.464
2024-11-01,ZA,Practical Guidance,feminine,0.485
2024-11-01,ZA,Practical Guidance,masculine,0.515
2024-11-01,ZA,Seeking information,feminine,0.454
2024-11-01,ZA,Seeking information,masculine,0.546
2024-11-01,ZA,Writing,feminine,0.543
2024-11-01,ZA,Writing,masculine,0.457
2024-12-01,AE,Practical Guidance,feminine,0.484
2024-12-01,AE,Practical Guidance,masculine,0.516
2024-12-01,AE,Seeking information,feminine,0.385
2024-12-01,AE,Seeking information,masculine,0.615
2024-12-01,AE,Writing,feminine,0.481
2024-12-01,AE,Writing,masculine,0.519
2024-12-01,AR,Practical Guidance,feminine,0.458
2024-12-01,AR,Practical Guidance,masculine,0.542
2024-12-01,AR,Seeking information,feminine,0.335
2024-12-01,AR,Seeking information,masculine,0.665
2024-12-01,AR,Self-expression,feminine,0.456
2024-12-01,AR,Self-expression,masculine,0.544
2024-12-01,AR,Technical help,feminine,0.249
2024-12-01,AR,Technical help,masculine,0.751
2024-12-01,AR,Writing,feminine,0.531
2024-12-01,AR,Writing,masculine,0.469
2024-12-01,AT,Practical Guidance,feminine,0.514
2024-12-01,AT,Practical Guidance,masculine,0.486
2024-12-01,AT,Seeking information,feminine,0.402
2024-12-01,AT,Seeking information,masculine,0.598
2024-12-01,AT,Writing,feminine,0.528
2024-12-01,AT,Writing,masculine,0.472
2024-12-01,AU,Practical Guidance,feminine,0.431
2024-12-01,AU,Practical Guidance,masculine,0.569
2024-12-01,AU,Seeking information,feminine,0.438
2024-12-01,AU,Seeking information,masculine,0.562
2024-12-01,AU,Self-expression,feminine,0.589
2024-12-01,AU,Self-expression,masculine,0.411
2024-12-01,AU,Technical help,feminine,0.221
2024-12-01,AU,Technical help,masculine,0.779
2024-12-01,AU,Writing,feminine,0.556
2024-12-01,AU,Writing,masculine,0.444
2024-12-01,AZ,Practical Guidance,feminine,0.480
2024-12-01,AZ,Practical Guidance,masculine,0.520
2024-12-01,BD,Practical Guidance,feminine,0.377
2024-12-01,BD,Practical Guidance,masculine,0.623
2024-12-01,BD,Seeking information,feminine,0.365
2024-12-01,BD,Seeking information,masculine,0.635
2024-12-01,BD,Self-expression,feminine,0.425
2024-12-01,BD,Self-expression,masculine,0.575
2024-12-01,BD,Technical help,feminine,0.305
2024-12-01,BD,Technical help,masculine,0.695
2024-12-01,BD,Writing,feminine,0.369
2024-12-01,BD,Writing,masculine,0.631
2024-12-01,BE,Practical Guidance,feminine,0.491
2024-12-01,BE,Practical Guidance,masculine,0.509
2024-12-01,BE,Seeking information,feminine,0.428
2024-12-01,BE,Seeking information,masculine,0.572
2024-12-01,BE,Technical help,feminine,0.244
2024-12-01,BE,Technical help,masculine,0.756
2024-12-01,BE,Writing,feminine,0.595
2024-12-01,BE,Writing,masculine,0.405
2024-12-01,BG,Practical Guidance,feminine,0.377
2024-12-01,BG,Practical Guidance,masculine,0.623
2024-12-01,BG,Seeking information,feminine,0.455
2024-12-01,BG,Seeking information,masculine,0.545
2024-12-01,BG,Writing,feminine,0.454
2024-12-01,BG,Writing,masculine,0.546
2024-12-01,BO,Practical Guidance,feminine,0.513
2024-12-01,BO,Practical Guidance,masculine,0.487
2024-12-01,BO,Writing,feminine,0.572
2024-12-01,BO,Writing,masculine,0.428
2024-12-01,BR,Multimedia,feminine,0.409
2024-12-01,BR,Multimedia,masculine,0.591
2024-12-01,BR,Other/Unknown,feminine,0.454
2024-12-01,BR,Other/Unknown,masculine,0.546
2024-12-01,BR,Practical Guidance,feminine,0.489
2024-12-01,BR,Practical Guidance,masculine,0.511
2024-12-01,BR,Seeking information,feminine,0.423
2024-12-01,BR,Seeking information,masculine,0.577
2024-12-01,BR,Self-expression,feminine,0.566
2024-12-01,BR,Self-expression,masculine,0.434
2024-12-01,BR,Technical help,feminine,0.263
2024-12-01,BR,Technical help,masculine,0.737
2024-12-01,BR,Writing,feminine,0.571
2024-12-01,BR,Writing,masculine,0.429
2024-12-01,CA,Multimedia,feminine,0.357
2024-12-01,CA,Multimedia,masculine,0.643
2024-12-01,CA,Other/Unknown,feminine,0.367
2024-12-01,CA,Other/Unknown,masculine,0.633
2024-12-01,CA,Practical Guidance,feminine,0.483
2024-12-01,CA,Practical Guidance,masculine,0.517
2024-12-01,CA,Seeking information,feminine,0.390
2024-12-01,CA,Seeking information,masculine,0.610
2024-12-01,CA,Self-expression,feminine,0.477
2024-12-01,CA,Self-expression,masculine,0.523
2024-12-01,CA,Technical help,feminine,0.277
2024-12-01,CA,Technical help,masculine,0.723
2024-12-01,CA,Writing,feminine,0.556
2024-12-01,CA,Writing,masculine,0.444
2024-12-01,CH,Practical Guidance,feminine,0.479
2024-12-01,CH,Practical Guidance,masculine,0.521
2024-12-01,CH,Seeking information,feminine,0.402
2024-12-01,CH,Seeking information,masculine,0.598
2024-12-01,CH,Technical help,feminine,0.240
2024-12-01,CH,Technical help,masculine,0.760
2024-12-01,CH,Writing,feminine,0.545
2024-12-01,CH,Writing,masculine,0.455
2024-12-01,CL,Practical Guidance,feminine,0.415
2024-12-01,CL,Practical Guidance,masculine,0.585
2024-12-01,CL,Seeking information,feminine,0.375
2024-12-01,CL,Seeking information,masculine,0.625
2024-12-01,CL,Self-expression,feminine,0.397
2024-12-01,CL,Self-expression,masculine,0.603
2024-12-01,CL,Technical help,feminine,0.257
2024-12-01,CL,Technical help,masculine,0.743
2024-12-01,CL,Writing,feminine,0.482
2024-12-01,CL,Writing,masculine,0.518
2024-12-01,CO,Practical Guidance,feminine,0.472
2024-12-01,CO,Practical Guidance,masculine,0.528
2024-12-01,CO,Seeking information,feminine,0.451
2024-12-01,CO,Seeking information,masculine,0.549
2024-12-01,CO,Self-expression,feminine,0.428
2024-12-01,CO,Self-expression,masculine,0.572
2024-12-01,CO,Technical help,feminine,0.210
2024-12-01,CO,Technical help,masculine,0.790
2024-12-01,CO,Writing,feminine,0.544
2024-12-01,CO,Writing,masculine,0.456
2024-12-01,CZ,Practical Guidance,feminine,0.460
2024-12-01,CZ,Practical Guidance,masculine,0.540
2024-12-01,CZ,Seeking information,feminine,0.395
2024-12-01,CZ,Seeking information,masculine,0.605
2024-12-01,CZ,Writing,feminine,0.579
2024-12-01,CZ,Writing,masculine,0.421
2024-12-01,DE,Multimedia,feminine,0.367
2024-12-01,DE,Multimedia,masculine,0.633
2024-12-01,DE,Other/Unknown,feminine,0.432
2024-12-01,DE,Other/Unknown,masculine,0.568
2024-12-01,DE,Practical Guidance,feminine,0.447
2024-12-01,DE,Practical Guidance,masculine,0.553
2024-12-01,DE,Seeking information,feminine,0.362
2024-12-01,DE,Seeking information,masculine,0.638
2024-12-01,DE,Self-expression,feminine,0.502
2024-12-01,DE,Self-expression,masculine,0.498
2024-12-01,DE,Technical help,feminine,0.260
2024-12-01,DE,Technical help,masculine,0.740
2024-12-01,DE,Writing,feminine,0.518
2024-12-01,DE,Writing,masculine,0.482
2024-12-01,DK,Practical Guidance,feminine,0.515
2024-12-01,DK,Practical Guidance,masculine,0.485
2024-12-01,DK,Seeking information,feminine,0.398
2024-12-01,DK,Seeking information,masculine,0.602
2024-12-01,DK,Writing,feminine,0.550
2024-12-01,DK,Writing,masculine,0.450
2024-12-01,DO,Practical Guidance,feminine,0.589
2024-12-01,DO,Practical Guidance,masculine,0.411
2024-12-01,DO,Seeking information,feminine,0.504
2024-12-01,DO,Seeking information,masculine,0.496
2024-12-01,DO,Writing,feminine,0.598
2024-12-01,DO,Writing,masculine,0.402
2024-12-01,DZ,Other/Unknown,feminine,0.498
2024-12-01,DZ,Other/Unknown,masculine,0.502
2024-12-01,DZ,Practical Guidance,feminine,0.604
2024-12-01,DZ,Practical Guidance,masculine,0.396
2024-12-01,DZ,Seeking information,feminine,0.508
2024-12-01,DZ,Seeking information,masculine,0.492
2024-12-01,DZ,Self-expression,feminine,0.679
2024-12-01,DZ,Self-expression,masculine,0.321
2024-12-01,DZ,Writing,feminine,0.652
2024-12-01,DZ,Writing,masculine,0.348
2024-12-01,EC,Practical Guidance,feminine,0.538
2024-12-01,EC,Practical Guidance,masculine,0.462
2024-12-01,EC,Seeking information,feminine,0.521
2024-12-01,EC,Seeking information,masculine,0.479
2024-12-01,EC,Writing,feminine,0.575
2024-12-01,EC,Writing,masculine,0.425
2024-12-01,EG,Multimedia,feminine,0.434
2024-12-01,EG,Multimedia,masculine,0.566
2024-12-01,EG,Other/Unknown,feminine,0.465
2024-12-01,EG,Other/Unknown,masculine,0.535
2024-12-01,EG,Practical Guidance,feminine,0.471
2024-12-01,EG,Practical Guidance,masculine,0.529
2024-12-01,EG,Seeking information,feminine,0.394
2024-12-01,EG,Seeking information,masculine,0.606
2024-12-01,EG,Self-expression,feminine,0.584
2024-12-01,EG,Self-expression,masculine,0.416
2024-12-01,EG,Technical help,feminine,0.267
2024-12-01,EG,Technical help,masculine,0.733
2024-12-01,EG,Writing,feminine,0.482
2024-12-01,EG,Writing,masculine,0.518
2024-12-01,ES,Multimedia,feminine,0.456
2024-12-01,ES,Multimedia,masculine,0.544
2024-12-01,ES,Other/Unknown,feminine,0.474
2024-12-01,ES,Other/Unknown,masculine,0.526
2024-12-01,ES,Practical Guidance,feminine,0.524
2024-12-01,ES,Practical Guidance,masculine,0.476
2024-12-01,ES,Seeking information,feminine,0.447
2024-12-01,ES,Seeking information,masculine,0.553
2024-12-01,ES,Self-expression,feminine,0.602
2024-12-01,ES,Self-expression,masculine,0.398
2024-12-01,ES,Technical help,feminine,0.314
2024-12-01,ES,Technical help,masculine,0.686
2024-12-01,ES,Writing,feminine,0.592
2024-12-01,ES,Writing,masculine,0.408
2024-12-01,FI,Practical Guidance,feminine,0.487
2024-12-01,FI,Practical Guidance,masculine,0.513
2024-12-01,FI,Seeking information,feminine,0.366
2024-12-01,FI,Seeking information,masculine,0.634
2024-12-01,FI,Writing,feminine,0.551
2024-12-01,FI,Writing,masculine,0.449
2024-12-01,FR,Multimedia,feminine,0.417
2024-12-01,FR,Multimedia,masculine,0.583
2024-12-01,FR,Other/Unknown,feminine,0.464
2024-12-01,FR,Other/Unknown,masculine,0.536
2024-12-01,FR,Practical Guidance,feminine,0.492
2024-12-01,FR,Practical Guidance,masculine,0.508
2024-12-01,FR,Seeking information,feminine,0.455
2024-12-01,FR,Seeking information,masculine,0.545
2024-12-01,FR,Self-expression,feminine,0.552
2024-12-01,FR,Self-expression,masculine,0.448
2024-12-01,FR,Technical help,feminine,0.255
2024-12-01,FR,Technical help,masculine,0.745
2024-12-01,FR,Writing,feminine,0.552
2024-12-01,FR,Writing,masculine,0.448
2024-12-01,GB,Multimedia,feminine,0.332
2024-12-01,GB,Multimedia,masculine,0.668
2024-12-01,GB,Other/Unknown,feminine,0.353
2024-12-01,GB,Other/Unknown,masculine,0.647
2024-12-01,GB,Practical Guidance,feminine,0.429
2024-12-01,GB,Practical Guidance,masculine,0.571
2024-12-01,GB,Seeking information,feminine,0.340
2024-12-01,GB,Seeking information,masculine,0.660
2024-12-01,GB,Self-expression,feminine,0.557
2024-12-01,GB,Self-expression,masculine,0.443
2024-12-01,GB,Technical help,feminine,0.261
2024-12-01,GB,Technical help,masculine,0.739
2024-12-01,GB,Writing,feminine,0.517
2024-12-01,GB,Writing,masculine,0.483
2024-12-01,GE,Writing,feminine,0.570
2024-12-01,GE,Writing,masculine,0.430
2024-12-01,GH,Writing,feminine,0.280
2024-12-01,GH,Writing,masculine,0.720
2024-12-01,GR,Practical Guidance,feminine,0.415
2024-12-01,GR,Practical Guidance,masculine,0.585
2024-12-01,GR,Seeking information,feminine,0.494
2024-12-01,GR,Seeking information,masculine,0.506
2024-12-01,GR,Writing,feminine,0.660
2024-12-01,GR,Writing,masculine,0.340
2024-12-01,HU,Practical Guidance,feminine,0.436
2024-12-01,HU,Practical Guidance,masculine,0.564
2024-12-01,HU,Seeking information,feminine,0.430
2024-12-01,HU,Seeking information,masculine,0.570
2024-12-01,HU,Writing,feminine,0.508
2024-12-01,HU,Writing,masculine,0.492
2024-12-01,ID,Multimedia,feminine,0.462
2024-12-01,ID,Multimedia,masculine,0.538
2024-12-01,ID,Other/Unknown,feminine,0.580
2024-12-01,ID,Other/Unknown,masculine,0.420
2024-12-01,ID,Practical Guidance,feminine,0.574
2024-12-01,ID,Practical Guidance,masculine,0.426
2024-12-01,ID,Seeking information,feminine,0.525
2024-12-01,ID,Seeking information,masculine,0.475
2024-12-01,ID,Self-expression,feminine,0.663
2024-12-01,ID,Self-expression,masculine,0.337
2024-12-01,ID,Technical help,feminine,0.443
2024-12-01,ID,Technical help,masculine,0.557
2024-12-01,ID,Writing,feminine,0.629
2024-12-01,ID,Writing,masculine,0.371
2024-12-01,IE,Practical Guidance,feminine,0.487
2024-12-01,IE,Practical Guidance,masculine,0.513
2024-12-01,IE,Seeking information,feminine,0.363
2024-12-01,IE,Seeking information,masculine,0.637
2024-12-01,IE,Writing,feminine,0.528
2024-12-01,IE,Writing,masculine,0.472
2024-12-01,IL,Practical Guidance,feminine,0.416
2024-12-01,IL,Practical Guidance,masculine,0.584
2024-12-01,IL,Seeking information,feminine,0.388
2024-12-01,IL,Seeking information,masculine,0.612
2024-12-01,IL,Technical help,feminine,0.335
2024-12-01,IL,Technical help,masculine,0.665
2024-12-01,IL,Writing,feminine,0.410
2024-12-01,IL,Writing,masculine,0.590
2024-12-01,IN,Multimedia,feminine,0.333
2024-12-01,IN,Multimedia,masculine,0.667
2024-12-01,IN,Other/Unknown,feminine,0.390
2024-12-01,IN,Other/Unknown,masculine,0.610
2024-12-01,IN,Practical Guidance,feminine,0.419
2024-12-01,IN,Practical Guidance,masculine,0.581
2024-12-01,IN,Seeking information,feminine,0.388
2024-12-01,IN,Seeking information,masculine,0.612
2024-12-01,IN,Self-expression,feminine,0.353
2024-12-01,IN,Self-expression,masculine,0.647
2024-12-01,IN,Technical help,feminine,0.303
2024-12-01,IN,Technical help,masculine,0.697
2024-12-01,IN,Writing,feminine,0.421
2024-12-01,IN,Writing,masculine,0.579
2024-12-01,IQ,Practical Guidance,feminine,0.476
2024-12-01,IQ,Practical Guidance,masculine,0.524
2024-12-01,IQ,Writing,feminine,0.416
2024-12-01,IQ,Writing,masculine,0.584
2024-12-01,IT,Multimedia,feminine,0.404
2024-12-01,IT,Multimedia,masculine,0.596
2024-12-01,IT,Other/Unknown,feminine,0.524
2024-12-01,IT,Other/Unknown,masculine,0.476
2024-12-01,IT,Practical Guidance,feminine,0.553
2024-12-01,IT,Practical Guidance,masculine,0.447
2024-12-01,IT,Seeking information,feminine,0.481
2024-12-01,IT,Seeking information,masculine,0.519
2024-12-01,IT,Self-expression,feminine,0.638
2024-12-01,IT,Self-expression,masculine,0.362
2024-12-01,IT,Technical help,feminine,0.375
2024-12-01,IT,Technical help,masculine,0.625
2024-12-01,IT,Writing,feminine,0.593
2024-12-01,IT,Writing,masculine,0.407
2024-12-01,JO,Practical Guidance,feminine,0.526
2024-12-01,JO,Practical Guidance,masculine,0.474
2024-12-01,JO,Writing,feminine,0.534
2024-12-01,JO,Writing,masculine,0.466
2024-12-01,JP,Practical Guidance,feminine,0.353
2024-12-01,JP,Practical Guidance,masculine,0.647
2024-12-01,JP,Seeking information,feminine,0.347
2024-12-01,JP,Seeking information,masculine,0.653
2024-12-01,JP,Technical help,feminine,0.272
2024-12-01,JP,Technical help,masculine,0.728
2024-12-01,JP,Writing,feminine,0.422
2024-12-01,JP,Writing,masculine,0.578
2024-12-01,KE,Practical Guidance,feminine,0.479
2024-12-01,KE,Practical Guidance,masculine,0.521
2024-12-01,KE,Seeking information,feminine,0.451
2024-12-01,KE,Seeking information,masculine,0.549
2024-12-01,KE,Writing,feminine,0.486
2024-12-01,KE,Writing,masculine,0.514
2024-12-01,KG,Practical Guidance,feminine,0.381
2024-12-01,KG,Practical Guidance,masculine,0.619
2024-12-01,KR,Practical Guidance,feminine,0.525
2024-12-01,KR,Practical Guidance,masculine,0.475
2024-12-01,KR,Seeking information,feminine,0.438
2024-12-01,KR,Seeking information,masculine,0.562
2024-12-01,KR,Technical help,feminine,0.353
2024-12-01,KR,Technical help,masculine,0.647
2024-12-01,KR,Writing,feminine,0.505
2024-12-01,KR,Writing,masculine,0.495
2024-12-01,KZ,Other/Unknown,feminine,0.398
2024-12-01,KZ,Other/Unknown,masculine,0.602
2024-12-01,KZ,Practical Guidance,feminine,0.448
2024-12-01,KZ,Practical Guidance,masculine,0.552
2024-12-01,KZ,Seeking information,feminine,0.386
2024-12-01,KZ,Seeking information,masculine,0.614
2024-12-01,KZ,Self-expression,feminine,0.491
2024-12-01,KZ,Self-expression,masculine,0.509
2024-12-01,KZ,Technical help,feminine,0.337
2024-12-01,KZ,Technical help,masculine,0.663
2024-12-01,KZ,Writing,feminine,0.543
2024-12-01,KZ,Writing,masculine,0.457
2024-12-01,LB,Writing,feminine,0.605
2024-12-01,LB,Writing,masculine,0.395
2024-12-01,LK,Practical Guidance,feminine,0.560
2024-12-01,LK,Practical Guidance,masculine,0.440
2024-12-01,MA,Multimedia,feminine,0.336
2024-12-01,MA,Multimedia,masculine,0.664
2024-12-01,MA,Other/Unknown,feminine,0.503
2024-12-01,MA,Other/Unknown,masculine,0.497
2024-12-01,MA,Practical Guidance,feminine,0.529
2024-12-01,MA,Practical Guidance,masculine,0.471
2024-12-01,MA,Seeking information,feminine,0.402
2024-12-01,MA,Seeking information,masculine,0.598
2024-12-01,MA,Self-expression,feminine,0.512
2024-12-01,MA,Self-expression,masculine,0.488
2024-12-01,MA,Technical help,feminine,0.413
2024-12-01,MA,Technical help,masculine,0.587
2024-12-01,MA,Writing,feminine,0.484
2024-12-01,MA,Writing,masculine,0.516
2024-12-01,MD,Practical Guidance,feminine,0.640
2024-12-01,MD,Practical Guidance,masculine,0.360
2024-12-01,MX,Multimedia,feminine,0.452
2024-12-01,MX,Multimedia,masculine,0.548
2024-12-01,MX,Other/Unknown,feminine,0.303
2024-12-01,MX,Other/Unknown,masculine,0.697
2024-12-01,MX,Practical Guidance,feminine,0.438
2024-12-01,MX,Practical Guidance,masculine,0.562
2024-12-01,MX,Seeking information,feminine,0.407
2024-12-01,MX,Seeking information,masculine,0.593
2024-12-01,MX,Self-expression,feminine,0.472
2024-12-01,MX,Self-expression,masculine,0.528
2024-12-01,MX,Technical help,feminine,0.311
2024-12-01,MX,Technical help,masculine,0.689
2024-12-01,MX,Writing,feminine,0.488
2024-12-01,MX,Writing,masculine,0.512
2024-12-01,MY,Practical Guidance,feminine,0.491
2024-12-01,MY,Practical Guidance,masculine,0.509
2024-12-01,MY,Seeking information,feminine,0.477
2024-12-01,MY,Seeking information,masculine,0.523
2024-12-01,MY,Self-expression,feminine,0.551
2024-12-01,MY,Self-expression,masculine,0.449
2024-12-01,MY,Technical help,feminine,0.282
2024-12-01,MY,Technical help,masculine,0.718
2024-12-01,MY,Writing,feminine,0.569
2024-12-01,MY,Writing,masculine,0.431
2024-12-01,NG,Practical Guidance,feminine,0.407
2024-12-01,NG,Practical Guidance,masculine,0.593
2024-12-01,NG,Seeking information,feminine,0.377
2024-12-01,NG,Seeking information,masculine,0.623
2024-12-01,NG,Writing,feminine,0.316
2024-12-01,NG,Writing,masculine,0.684
2024-12-01,NL,Practical Guidance,feminine,0.440
2024-12-01,NL,Practical Guidance,masculine,0.560
2024-12-01,NL,Seeking information,feminine,0.370
2024-12-01,NL,Seeking information,masculine,0.630
2024-12-01,NL,Self-expression,feminine,0.526
2024-12-01,NL,Self-expression,masculine,0.474
2024-12-01,NL,Technical help,feminine,0.253
2024-12-01,NL,Technical help,masculine,0.747
2024-12-01,NL,Writing,feminine,0.516
2024-12-01,NL,Writing,masculine,0.484
2024-12-01,NO,Practical Guidance,feminine,0.393
2024-12-01,NO,Practical Guidance,masculine,0.607
2024-12-01,NO,Seeking information,feminine,0.347
2024-12-01,NO,Seeking information,masculine,0.653
2024-12-01,NO,Writing,feminine,0.548
2024-12-01,NO,Writing,masculine,0.452
2024-12-01,NP,Practical Guidance,feminine,0.466
2024-12-01,NP,Practical Guidance,masculine,0.534
2024-12-01,NP,Writing,feminine,0.449
2024-12-01,NP,Writing,masculine,0.551
2024-12-01,NZ,Writing,feminine,0.510
2024-12-01,NZ,Writing,masculine,0.490
2024-12-01,PE,Practical Guidance,feminine,0.480
2024-12-01,PE,Practical Guidance,masculine,0.520
2024-12-01,PE,Seeking information,feminine,0.429
2024-12-01,PE,Seeking information,masculine,0.571
2024-12-01,PE,Self-expression,feminine,0.522
2024-12-01,PE,Self-expression,masculine,0.478
2024-12-01,PE,Technical help,feminine,0.304
2024-12-01,PE,Technical help,masculine,0.696
2024-12-01,PE,Writing,feminine,0.538
2024-12-01,PE,Writing,masculine,0.462
2024-12-01,PH,Multimedia,feminine,0.495
2024-12-01,PH,Multimedia,masculine,0.505
2024-12-01,PH,Other/Unknown,feminine,0.474
2024-12-01,PH,Other/Unknown,masculine,0.526
2024-12-01,PH,Practical Guidance,feminine,0.563
2024-12-01,PH,Practical Guidance,masculine,0.437
2024-12-01,PH,Seeking information,feminine,0.467
2024-12-01,PH,Seeking information,masculine,0.533
2024-12-01,PH,Self-expression,feminine,0.527
2024-12-01,PH,Self-expression,masculine,0.473
2024-12-01,PH,Technical help,feminine,0.381
2024-12-01,PH,Technical help,masculine,0.619
2024-12-01,PH,Writing,feminine,0.596
2024-12-01,PH,Writing,masculine,0.404
2024-12-01,PK,Multimedia,feminine,0.308
2024-12-01,PK,Multimedia,masculine,0.692
2024-12-01,PK,Other/Unknown,feminine,0.316
2024-12-01,PK,Other/Unknown,masculine,0.684
2024-12-01,PK,Practical Guidance,feminine,0.420
2024-12-01,PK,Practical Guidance,masculine,0.580
2024-12-01,PK,Seeking information,feminine,0.367
2024-12-01,PK,Seeking information,masculine,0.633
2024-12-01,PK,Self-expression,feminine,0.285
2024-12-01,PK,Self-expression,masculine,0.715
2024-12-01,PK,Technical help,feminine,0.264
2024-12-01,PK,Technical help,masculine,0.736
2024-12-01,PK,Writing,feminine,0.408
2024-12-01,PK,Writing,masculine,0.592
2024-12-01,PL,Multimedia,feminine,0.484
2024-12-01,PL,Multimedia,masculine,0.516
2024-12-01,PL,Other/Unknown,feminine,0.437
2024-12-01,PL,Other/Unknown,masculine,0.563
2024-12-01,PL,Practical Guidance,feminine,0.460
2024-12-01,PL,Practical Guidance,masculine,0.540
2024-12-01,PL,Seeking information,feminine,0.484
2024-12-01,PL,Seeking information,masculine,0.516
2024-12-01,PL,Self-expression,feminine,0.578
2024-12-01,PL,Self-expression,masculine,0.422
2024-12-01,PL,Technical help,feminine,0.280
2024-12-01,PL,Technical help,masculine,0.720
2024-12-01,PL,Writing,feminine,0.553
2024-12-01,PL,Writing,masculine,0.447
2024-12-01,PT,Practical Guidance,feminine,0.469
2024-12-01,PT,Practical Guidance,masculine,0.531
2024-12-01,PT,Seeking information,feminine,0.423
2024-12-01,PT,Seeking information,masculine,0.577
2024-12-01,PT,Technical help,feminine,0.242
2024-12-01,PT,Technical help,masculine,0.758
2024-12-01,PT,Writing,feminine,0.635
2024-12-01,PT,Writing,masculine,0.365
2024-12-01,RO,Practical Guidance,feminine,0.490
2024-12-01,RO,Practical Guidance,masculine,0.510
2024-12-01,RO,Seeking information,feminine,0.513
2024-12-01,RO,Seeking information,masculine,0.487
2024-12-01,RO,Technical help,feminine,0.493
2024-12-01,RO,Technical help,masculine,0.507
2024-12-01,RO,Writing,feminine,0.600
2024-12-01,RO,Writing,masculine,0.400
2024-12-01,RS,Practical Guidance,feminine,0.497
2024-12-01,RS,Practical Guidance,masculine,0.503
2024-12-01,RS,Seeking information,feminine,0.530
2024-12-01,RS,Seeking information,masculine,0.470
2024-12-01,RS,Writing,feminine,0.556
2024-12-01,RS,Writing,masculine,0.444
2024-12-01,SA,Practical Guidance,feminine,0.478
2024-12-01,SA,Practical Guidance,masculine,0.522
2024-12-01,SA,Seeking information,feminine,0.426
2024-12-01,SA,Seeking information,masculine,0.574
2024-12-01,SA,Self-expression,feminine,0.549
2024-12-01,SA,Self-expression,masculine,0.451
2024-12-01,SA,Technical help,feminine,0.361
2024-12-01,SA,Technical help,masculine,0.639
2024-12-01,SA,Writing,feminine,0.485
2024-12-01,SA,Writing,masculine,0.515
2024-12-01,SE,Practical Guidance,feminine,0.451
2024-12-01,SE,Practical Guidance,masculine,0.549
2024-12-01,SE,Seeking information,feminine,0.425
2024-12-01,SE,Seeking information,masculine,0.575
2024-12-01,SE,Technical help,feminine,0.272
2024-12-01,SE,Technical help,masculine,0.728
2024-12-01,SE,Writing,feminine,0.503
2024-12-01,SE,Writing,masculine,0.497
2024-12-01,SG,Practical Guidance,feminine,0.416
2024-12-01,SG,Practical Guidance,masculine,0.584
2024-12-01,SG,Seeking information,feminine,0.360
2024-12-01,SG,Seeking information,masculine,0.640
2024-12-01,SG,Technical help,feminine,0.287
2024-12-01,SG,Technical help,masculine,0.713
2024-12-01,SG,Writing,feminine,0.509
2024-12-01,SG,Writing,masculine,0.491
2024-12-01,SK,Practical Guidance,feminine,0.520
2024-12-01,SK,Practical Guidance,masculine,0.480
2024-12-01,SK,Writing,feminine,0.573
2024-12-01,SK,Writing,masculine,0.427
2024-12-01,TH,Practical Guidance,feminine,0.417
2024-12-01,TH,Practical Guidance,masculine,0.583
2024-12-01,TH,Seeking information,feminine,0.366
2024-12-01,TH,Seeking information,masculine,0.634
2024-12-01,TH,Writing,feminine,0.520
2024-12-01,TH,Writing,masculine,0.480
2024-12-01,TN,Practical Guidance,feminine,0.659
2024-12-01,TN,Practical Guidance,masculine,0.341
2024-12-01,TN,Writing,feminine,0.555
2024-12-01,TN,Writing,masculine,0.445
2024-12-01,TR,Multimedia,feminine,0.445
2024-12-01,TR,Multimedia,masculine,0.555
2024-12-01,TR,Other/Unknown,feminine,0.427
2024-12-01,TR,Other/Unknown,masculine,0.573
2024-12-01,TR,Practical Guidance,feminine,0.466
2024-12-01,TR,Practical Guidance,masculine,0.534
2024-12-01,TR,Seeking information,feminine,0.381
2024-12-01,TR,Seeking information,masculine,0.619
2024-12-01,TR,Self-expression,feminine,0.535
2024-12-01,TR,Self-expression,masculine,0.465
2024-12-01,TR,Technical help,feminine,0.292
2024-12-01,TR,Technical help,masculine,0.708
2024-12-01,TR,Writing,feminine,0.485
2024-12-01,TR,Writing,masculine,0.515
2024-12-01,TW,Practical Guidance,feminine,0.388
2024-12-01,TW,Practical Guidance,masculine,0.612
2024-12-01,TW,Seeking information,feminine,0.350
2024-12-01,TW,Seeking information,masculine,0.650
2024-12-01,TW,Technical help,feminine,0.282
2024-12-01,TW,Technical help,masculine,0.718
2024-12-01,TW,Writing,feminine,0.451
2024-12-01,TW,Writing,masculine,0.549
2024-12-01,UA,Multimedia,feminine,0.466
2024-12-01,UA,Multimedia,masculine,0.534
2024-12-01,UA,Other/Unknown,feminine,0.424
2024-12-01,UA,Other/Unknown,masculine,0.576
2024-12-01,UA,Practical Guidance,feminine,0.528
2024-12-01,UA,Practical Guidance,masculine,0.472
2024-12-01,UA,Seeking information,feminine,0.470
2024-12-01,UA,Seeking information,masculine,0.530
2024-12-01,UA,Self-expression,feminine,0.515
2024-12-01,UA,Self-expression,masculine,0.485
2024-12-01,UA,Technical help,feminine,0.317
2024-12-01,UA,Technical help,masculine,0.683
2024-12-01,UA,Writing,feminine,0.554
2024-12-01,UA,Writing,masculine,0.446
2024-12-01,US,Multimedia,feminine,0.346
2024-12-01,US,Multimedia,masculine,0.654
2024-12-01,US,Other/Unknown,feminine,0.357
2024-12-01,US,Other/Unknown,masculine,0.643
2024-12-01,US,Practical Guidance,feminine,0.440
2024-12-01,US,Practical Guidance,masculine,0.560
2024-12-01,US,Seeking information,feminine,0.386
2024-12-01,US,Seeking information,masculine,0.614
2024-12-01,US,Self-expression,feminine,0.487
2024-12-01,US,Self-expression,masculine,0.513
2024-12-01,US,Technical help,feminine,0.312
2024-12-01,US,Technical help,masculine,0.688
2024-12-01,US,Writing,feminine,0.509
2024-12-01,US,Writing,masculine,0.491
2024-12-01,UZ,Practical Guidance,feminine,0.494
2024-12-01,UZ,Practical Guidance,masculine,0.506
2024-12-01,UZ,Seeking information,feminine,0.469
2024-12-01,UZ,Seeking information,masculine,0.531
2024-12-01,UZ,Writing,feminine,0.573
2024-12-01,UZ,Writing,masculine,0.427
2024-12-01,VN,Practical Guidance,feminine,0.483
2024-12-01,VN,Practical Guidance,masculine,0.517
2024-12-01,VN,Seeking information,feminine,0.458
2024-12-01,VN,Seeking information,masculine,0.542
2024-12-01,VN,Self-expression,feminine,0.542
2024-12-01,VN,Self-expression,masculine,0.458
2024-12-01,VN,Technical help,feminine,0.329
2024-12-01,VN,Technical help,masculine,0.671
2024-12-01,VN,Writing,feminine,0.535
2024-12-01,VN,Writing,masculine,0.465
2024-12-01,ZA,Practical Guidance,feminine,0.404
2024-12-01,ZA,Practical Guidance,masculine,0.596
2024-12-01,ZA,Writing,feminine,0.491
2024-12-01,ZA,Writing,masculine,0.509
2025-01-01,AE,Practical Guidance,feminine,0.513
2025-01-01,AE,Practical Guidance,masculine,0.487
2025-01-01,AE,Seeking information,feminine,0.472
2025-01-01,AE,Seeking information,masculine,0.528
2025-01-01,AE,Writing,feminine,0.484
2025-01-01,AE,Writing,masculine,0.516
2025-01-01,AR,Practical Guidance,feminine,0.465
2025-01-01,AR,Practical Guidance,masculine,0.535
2025-01-01,AR,Seeking information,feminine,0.357
2025-01-01,AR,Seeking information,masculine,0.643
2025-01-01,AR,Self-expression,feminine,0.473
2025-01-01,AR,Self-expression,masculine,0.527
2025-01-01,AR,Technical help,feminine,0.227
2025-01-01,AR,Technical help,masculine,0.773
2025-01-01,AR,Writing,feminine,0.488
2025-01-01,AR,Writing,masculine,0.512
2025-01-01,AT,Practical Guidance,feminine,0.496
2025-01-01,AT,Practical Guidance,masculine,0.504
2025-01-01,AT,Seeking information,feminine,0.500
2025-01-01,AT,Seeking information,masculine,0.500
2025-01-01,AT,Technical help,feminine,0.230
2025-01-01,AT,Technical help,masculine,0.770
2025-01-01,AT,Writing,feminine,0.554
2025-01-01,AT,Writing,masculine,0.446
2025-01-01,AU,Practical Guidance,feminine,0.450
2025-01-01,AU,Practical Guidance,masculine,0.550
2025-01-01,AU,Seeking information,feminine,0.378
2025-01-01,AU,Seeking information,masculine,0.622
2025-01-01,AU,Self-expression,feminine,0.457
2025-01-01,AU,Self-expression,masculine,0.543
2025-01-01,AU,Technical help,feminine,0.270
2025-01-01,AU,Technical help,masculine,0.730
2025-01-01,AU,Writing,feminine,0.530
2025-01-01,AU,Writing,masculine,0.470
2025-01-01,AZ,Practical Guidance,feminine,0.552
2025-01-01,AZ,Practical Guidance,masculine,0.448
2025-01-01,BD,Other/Unknown,feminine,0.284
2025-01-01,BD,Other/Unknown,masculine,0.716
2025-01-01,BD,Practical Guidance,feminine,0.363
2025-01-01,BD,Practical Guidance,masculine,0.637
2025-01-01,BD,Seeking information,feminine,0.334
2025-01-01,BD,Seeking information,masculine,0.666
2025-01-01,BD,Self-expression,feminine,0.299
2025-01-01,BD,Self-expression,masculine,0.701
2025-01-01,BD,Technical help,feminine,0.321
2025-01-01,BD,Technical help,masculine,0.679
2025-01-01,BD,Writing,feminine,0.328
2025-01-01,BD,Writing,masculine,0.672
2025-01-01,BE,Practical Guidance,feminine,0.526
2025-01-01,BE,Practical Guidance,masculine,0.474
2025-01-01,BE,Seeking information,feminine,0.501
2025-01-01,BE,Seeking information,masculine,0.499
2025-01-01,BE,Technical help,feminine,0.297
2025-01-01,BE,Technical help,masculine,0.703
2025-01-01,BE,Writing,feminine,0.556
2025-01-01,BE,Writing,masculine,0.444
2025-01-01,BG,Practical Guidance,feminine,0.491
2025-01-01,BG,Practical Guidance,masculine,0.509
2025-01-01,BG,Seeking information,feminine,0.454
2025-01-01,BG,Seeking information,masculine,0.546
2025-01-01,BG,Writing,feminine,0.543
2025-01-01,BG,Writing,masculine,0.457
2025-01-01,BO,Practical Guidance,feminine,0.475
2025-01-01,BO,Practical Guidance,masculine,0.525
2025-01-01,BO,Writing,feminine,0.493
2025-01-01,BO,Writing,masculine,0.507
2025-01-01,BR,Multimedia,feminine,0.433
2025-01-01,BR,Multimedia,masculine,0.567
2025-01-01,BR,Other/Unknown,feminine,0.416
2025-01-01,BR,Other/Unknown,masculine,0.584
2025-01-01,BR,Practical Guidance,feminine,0.478
2025-01-01,BR,Practical Guidance,masculine,0.522
2025-01-01,BR,Seeking information,feminine,0.388
2025-01-01,BR,Seeking information,masculine,0.612
2025-01-01,BR,Self-expression,feminine,0.560
2025-01-01,BR,Self-expression,masculine,0.440
2025-01-01,BR,Technical help,feminine,0.228
2025-01-01,BR,Technical help,masculine,0.772
2025-01-01,BR,Writing,feminine,0.560
2025-01-01,BR,Writing,masculine,0.440
2025-01-01,CA,Multimedia,feminine,0.464
2025-01-01,CA,Multimedia,masculine,0.536
2025-01-01,CA,Other/Unknown,feminine,0.436
2025-01-01,CA,Other/Unknown,masculine,0.564
2025-01-01,CA,Practical Guidance,feminine,0.490
2025-01-01,CA,Practical Guidance,masculine,0.510
2025-01-01,CA,Seeking information,feminine,0.417
2025-01-01,CA,Seeking information,masculine,0.583
2025-01-01,CA,Self-expression,feminine,0.548
2025-01-01,CA,Self-expression,masculine,0.452
2025-01-01,CA,Technical help,feminine,0.323
2025-01-01,CA,Technical help,masculine,0.677
2025-01-01,CA,Writing,feminine,0.532
2025-01-01,CA,Writing,masculine,0.468
2025-01-01,CH,Practical Guidance,feminine,0.479
2025-01-01,CH,Practical Guidance,masculine,0.521
2025-01-01,CH,Seeking information,feminine,0.338
2025-01-01,CH,Seeking information,masculine,0.662
2025-01-01,CH,Technical help,feminine,0.162
2025-01-01,CH,Technical help,masculine,0.838
2025-01-01,CH,Writing,feminine,0.545
2025-01-01,CH,Writing,masculine,0.455
2025-01-01,CL,Practical Guidance,feminine,0.387
2025-01-01,CL,Practical Guidance,masculine,0.613
2025-01-01,CL,Seeking information,feminine,0.386
2025-01-01,CL,Seeking information,masculine,0.614
2025-01-01,CL,Technical help,feminine,0.176
2025-01-01,CL,Technical help,masculine,0.824
2025-01-01,CL,Writing,feminine,0.470
2025-01-01,CL,Writing,masculine,0.530
2025-01-01,CO,Practical Guidance,feminine,0.509
2025-01-01,CO,Practical Guidance,masculine,0.491
2025-01-01,CO,Seeking information,feminine,0.397
2025-01-01,CO,Seeking information,masculine,0.603
2025-01-01,CO,Self-expression,feminine,0.634
2025-01-01,CO,Self-expression,masculine,0.366
2025-01-01,CO,Technical help,feminine,0.271
2025-01-01,CO,Technical help,masculine,0.729
2025-01-01,CO,Writing,feminine,0.559
2025-01-01,CO,Writing,masculine,0.441
2025-01-01,CR,Writing,feminine,0.526
2025-01-01,CR,Writing,masculine,0.474
2025-01-01,CZ,Practical Guidance,feminine,0.518
2025-01-01,CZ,Practical Guidance,masculine,0.482
2025-01-01,CZ,Seeking information,feminine,0.502
2025-01-01,CZ,Seeking information,masculine,0.498
2025-01-01,CZ,Writing,feminine,0.590
2025-01-01,CZ,Writing,masculine,0.410
2025-01-01,DE,Multimedia,feminine,0.363
2025-01-01,DE,Multimedia,masculine,0.637
2025-01-01,DE,Other/Unknown,feminine,0.399
2025-01-01,DE,Other/Unknown,masculine,0.601
2025-01-01,DE,Practical Guidance,feminine,0.466
2025-01-01,DE,Practical Guidance,masculine,0.534
2025-01-01,DE,Seeking information,feminine,0.407
2025-01-01,DE,Seeking information,masculine,0.593
2025-01-01,DE,Self-expression,feminine,0.504
2025-01-01,DE,Self-expression,masculine,0.496
2025-01-01,DE,Technical help,feminine,0.282
2025-01-01,DE,Technical help,masculine,0.718
2025-01-01,DE,Writing,feminine,0.533
2025-01-01,DE,Writing,masculine,0.467
2025-01-01,DK,Practical Guidance,feminine,0.594
2025-01-01,DK,Practical Guidance,masculine,0.406
2025-01-01,DK,Seeking information,feminine,0.408
2025-01-01,DK,Seeking information,masculine,0.592
2025-01-01,DK,Writing,feminine,0.528
2025-01-01,DK,Writing,masculine,0.472
2025-01-01,DO,Practical Guidance,feminine,0.566
2025-01-01,DO,Practical Guidance,masculine,0.434
2025-01-01,DO,Seeking information,feminine,0.450
2025-01-01,DO,Seeking information,masculine,0.550
2025-01-01,DO,Writing,feminine,0.640
2025-01-01,DO,Writing,masculine,0.360
2025-01-01,DZ,Practical Guidance,feminine,0.650
2025-01-01,DZ,Practical Guidance,masculine,0.350
2025-01-01,DZ,Seeking information,feminine,0.552
2025-01-01,DZ,Seeking information,masculine,0.448
2025-01-01,DZ,Self-expression,feminine,0.630
2025-01-01,DZ,Self-expression,masculine,0.370
2025-01-01,DZ,Writing,feminine,0.615
2025-01-01,DZ,Writing,masculine,0.385
2025-01-01,EC,Practical Guidance,feminine,0.566
2025-01-01,EC,Practical Guidance,masculine,0.434
2025-01-01,EC,Seeking information,feminine,0.543
2025-01-01,EC,Seeking information,masculine,0.457
2025-01-01,EC,Technical help,feminine,0.295
2025-01-01,EC,Technical help,masculine,0.705
2025-01-01,EC,Writing,feminine,0.583
2025-01-01,EC,Writing,masculine,0.417
2025-01-01,EG,Multimedia,feminine,0.284
2025-01-01,EG,Multimedia,masculine,0.716
2025-01-01,EG,Other/Unknown,feminine,0.517
2025-01-01,EG,Other/Unknown,masculine,0.483
2025-01-01,EG,Practical Guidance,feminine,0.493
2025-01-01,EG,Practical Guidance,masculine,0.507
2025-01-01,EG,Seeking information,feminine,0.402
2025-01-01,EG,Seeking information,masculine,0.598
2025-01-01,EG,Self-expression,feminine,0.567
2025-01-01,EG,Self-expression,masculine,0.433
2025-01-01,EG,Technical help,feminine,0.292
2025-01-01,EG,Technical help,masculine,0.708
2025-01-01,EG,Writing,feminine,0.461
2025-01-01,EG,Writing,masculine,0.539
2025-01-01,ES,Multimedia,feminine,0.438
2025-01-01,ES,Multimedia,masculine,0.562
2025-01-01,ES,Other/Unknown,feminine,0.481
2025-01-01,ES,Other/Unknown,masculine,0.519
2025-01-01,ES,Practical Guidance,feminine,0.532
2025-01-01,ES,Practical Guidance,masculine,0.468
2025-01-01,ES,Seeking information,feminine,0.452
2025-01-01,ES,Seeking information,masculine,0.548
2025-01-01,ES,Self-expression,feminine,0.522
2025-01-01,ES,Self-expression,masculine,0.478
2025-01-01,ES,Technical help,feminine,0.306
2025-01-01,ES,Technical help,masculine,0.694
2025-01-01,ES,Writing,feminine,0.589
2025-01-01,ES,Writing,masculine,0.411
2025-01-01,FI,Practical Guidance,feminine,0.510
2025-01-01,FI,Practical Guidance,masculine,0.490
2025-01-01,FI,Seeking information,feminine,0.432
2025-01-01,FI,Seeking information,masculine,0.568
2025-01-01,FI,Writing,feminine,0.533
2025-01-01,FI,Writing,masculine,0.467
2025-01-01,FR,Multimedia,feminine,0.388
2025-01-01,FR,Multimedia,masculine,0.612
2025-01-01,FR,Other/Unknown,feminine,0.416
2025-01-01,FR,Other/Unknown,masculine,0.584
2025-01-01,FR,Practical Guidance,feminine,0.495
2025-01-01,FR,Practical Guidance,masculine,0.505
2025-01-01,FR,Seeking information,feminine,0.448
2025-01-01,FR,Seeking information,masculine,0.552
2025-01-01,FR,Self-expression,feminine,0.630
2025-01-01,FR,Self-expression,masculine,0.370
2025-01-01,FR,Technical help,feminine,0.310
2025-01-01,FR,Technical help,masculine,0.690
2025-01-01,FR,Writing,feminine,0.542
2025-01-01,FR,Writing,masculine,0.458
2025-01-01,GB,Multimedia,feminine,0.345
2025-01-01,GB,Multimedia,masculine,0.655
2025-01-01,GB,Other/Unknown,feminine,0.360
2025-01-01,GB,Other/Unknown,masculine,0.640
2025-01-01,GB,Practical Guidance,feminine,0.458
2025-01-01,GB,Practical Guidance,masculine,0.542
2025-01-01,GB,Seeking information,feminine,0.371
2025-01-01,GB,Seeking information,masculine,0.629
2025-01-01,GB,Self-expression,feminine,0.563
2025-01-01,GB,Self-expression,masculine,0.437
2025-01-01,GB,Technical help,feminine,0.261
2025-01-01,GB,Technical help,masculine,0.739
2025-01-01,GB,Writing,feminine,0.515
2025-01-01,GB,Writing,masculine,0.485
2025-01-01,GH,Writing,feminine,0.304
2025-01-01,GH,Writing,masculine,0.696
2025-01-01,GR,Practical Guidance,feminine,0.595
2025-01-01,GR,Practical Guidance,masculine,0.405
2025-01-01,GR,Seeking information,feminine,0.503
2025-01-01,GR,Seeking information,masculine,0.497
2025-01-01,GR,Writing,feminine,0.560
2025-01-01,GR,Writing,masculine,0.440
2025-01-01,HR,Practical Guidance,feminine,0.629
2025-01-01,HR,Practical Guidance,masculine,0.371
2025-01-01,HU,Practical Guidance,feminine,0.412
2025-01-01,HU,Practical Guidance,masculine,0.588
2025-01-01,HU,Seeking information,feminine,0.400
2025-01-01,HU,Seeking information,masculine,0.600
2025-01-01,HU,Writing,feminine,0.556
2025-01-01,HU,Writing,masculine,0.444
2025-01-01,ID,Other/Unknown,feminine,0.466
2025-01-01,ID,Other/Unknown,masculine,0.534
2025-01-01,ID,Practical Guidance,feminine,0.602
2025-01-01,ID,Practical Guidance,masculine,0.398
2025-01-01,ID,Seeking information,feminine,0.550
2025-01-01,ID,Seeking information,masculine,0.450
2025-01-01,ID,Self-expression,feminine,0.605
2025-01-01,ID,Self-expression,masculine,0.395
2025-01-01,ID,Technical help,feminine,0.443
2025-01-01,ID,Technical help,masculine,0.557
2025-01-01,ID,Writing,feminine,0.605
2025-01-01,ID,Writing,masculine,0.395
2025-01-01,IE,Practical Guidance,feminine,0.511
2025-01-01,IE,Practical Guidance,masculine,0.489
2025-01-01,IE,Seeking information,feminine,0.319
2025-01-01,IE,Seeking information,masculine,0.681
2025-01-01,IE,Writing,feminine,0.589
2025-01-01,IE,Writing,masculine,0.411
2025-01-01,IL,Practical Guidance,feminine,0.415
2025-01-01,IL,Practical Guidance,masculine,0.585
2025-01-01,IL,Seeking information,feminine,0.370
2025-01-01,IL,Seeking information,masculine,0.630
2025-01-01,IL,Technical help,feminine,0.262
2025-01-01,IL,Technical help,masculine,0.738
2025-01-01,IL,Writing,feminine,0.447
2025-01-01,IL,Writing,masculine,0.553
2025-01-01,IN,Multimedia,feminine,0.359
2025-01-01,IN,Multimedia,masculine,0.641
2025-01-01,IN,Other/Unknown,feminine,0.376
2025-01-01,IN,Other/Unknown,masculine,0.624
2025-01-01,IN,Practical Guidance,feminine,0.401
2025-01-01,IN,Practical Guidance,masculine,0.599
2025-01-01,IN,Seeking information,feminine,0.372
2025-01-01,IN,Seeking information,masculine,0.628
2025-01-01,IN,Self-expression,feminine,0.454
2025-01-01,IN,Self-expression,masculine,0.546
2025-01-01,IN,Technical help,feminine,0.302
2025-01-01,IN,Technical help,masculine,0.698
2025-01-01,IN,Writing,feminine,0.430
2025-01-01,IN,Writing,masculine,0.570
2025-01-01,IQ,Practical Guidance,feminine,0.426
2025-01-01,IQ,Practical Guidance,masculine,0.574
2025-01-01,IQ,Writing,feminine,0.441
2025-01-01,IQ,Writing,masculine,0.559
2025-01-01,IT,Multimedia,feminine,0.434
2025-01-01,IT,Multimedia,masculine,0.566
2025-01-01,IT,Other/Unknown,feminine,0.523
2025-01-01,IT,Other/Unknown,masculine,0.477
2025-01-01,IT,Practical Guidance,feminine,0.558
2025-01-01,IT,Practical Guidance,masculine,0.442
2025-01-01,IT,Seeking information,feminine,0.489
2025-01-01,IT,Seeking information,masculine,0.511
2025-01-01,IT,Self-expression,feminine,0.613
2025-01-01,IT,Self-expression,masculine,0.387
2025-01-01,IT,Technical help,feminine,0.410
2025-01-01,IT,Technical help,masculine,0.590
2025-01-01,IT,Writing,feminine,0.599
2025-01-01,IT,Writing,masculine,0.401
2025-01-01,JO,Practical Guidance,feminine,0.506
2025-01-01,JO,Practical Guidance,masculine,0.494
2025-01-01,JO,Writing,feminine,0.548
2025-01-01,JO,Writing,masculine,0.452
2025-01-01,JP,Practical Guidance,feminine,0.383
2025-01-01,JP,Practical Guidance,masculine,0.617
2025-01-01,JP,Seeking information,feminine,0.359
2025-01-01,JP,Seeking information,masculine,0.641
2025-01-01,JP,Self-expression,feminine,0.508
2025-01-01,JP,Self-expression,masculine,0.492
2025-01-01,JP,Technical help,feminine,0.266
2025-01-01,JP,Technical help,masculine,0.734
2025-01-01,JP,Writing,feminine,0.447
2025-01-01,JP,Writing,masculine,0.553
2025-01-01,KE,Practical Guidance,feminine,0.458
2025-01-01,KE,Practical Guidance,masculine,0.542
2025-01-01,KE,Seeking information,feminine,0.469
2025-01-01,KE,Seeking information,masculine,0.531
2025-01-01,KE,Writing,feminine,0.409
2025-01-01,KE,Writing,masculine,0.591
2025-01-01,KR,Practical Guidance,feminine,0.425
2025-01-01,KR,Practical Guidance,masculine,0.575
2025-01-01,KR,Seeking information,feminine,0.466
2025-01-01,KR,Seeking information,masculine,0.534
2025-01-01,KR,Writing,feminine,0.502
2025-01-01,KR,Writing,masculine,0.498
2025-01-01,KZ,Practical Guidance,feminine,0.475
2025-01-01,KZ,Practical Guidance,masculine,0.525
2025-01-01,KZ,Seeking information,feminine,0.390
2025-01-01,KZ,Seeking information,masculine,0.610
2025-01-01,KZ,Technical help,feminine,0.352
2025-01-01,KZ,Technical help,masculine,0.648
2025-01-01,KZ,Writing,feminine,0.512
2025-01-01,KZ,Writing,masculine,0.488
2025-01-01,LB,Practical Guidance,feminine,0.583
2025-01-01,LB,Practical Guidance,masculine,0.417
2025-01-01,LB,Writing,feminine,0.697
2025-01-01,LB,Writing,masculine,0.303
2025-01-01,LK,Writing,feminine,0.525
2025-01-01,LK,Writing,masculine,0.475
2025-01-01,LT,Practical Guidance,feminine,0.540
2025-01-01,LT,Practical Guidance,masculine,0.460
2025-01-01,LT,Seeking information,feminine,0.446
2025-01-01,LT,Seeking information,masculine,0.554
2025-01-01,LT,Writing,feminine,0.511
2025-01-01,LT,Writing,masculine,0.489
2025-01-01,MA,Other/Unknown,feminine,0.467
2025-01-01,MA,Other/Unknown,masculine,0.533
2025-01-01,MA,Practical Guidance,feminine,0.528
2025-01-01,MA,Practical Guidance,masculine,0.472
2025-01-01,MA,Seeking information,feminine,0.459
2025-01-01,MA,Seeking information,masculine,0.541
2025-01-01,MA,Self-expression,feminine,0.590
2025-01-01,MA,Self-expression,masculine,0.410
2025-01-01,MA,Technical help,feminine,0.397
2025-01-01,MA,Technical help,masculine,0.603
2025-01-01,MA,Writing,feminine,0.520
2025-01-01,MA,Writing,masculine,0.480
2025-01-01,MD,Practical Guidance,feminine,0.609
2025-01-01,MD,Practical Guidance,masculine,0.391
2025-01-01,MX,Multimedia,feminine,0.391
2025-01-01,MX,Multimedia,masculine,0.609
2025-01-01,MX,Other/Unknown,feminine,0.394
2025-01-01,MX,Other/Unknown,masculine,0.606
2025-01-01,MX,Practical Guidance,feminine,0.464
2025-01-01,MX,Practical Guidance,masculine,0.536
2025-01-01,MX,Seeking information,feminine,0.411
2025-01-01,MX,Seeking information,masculine,0.589
2025-01-01,MX,Self-expression,feminine,0.462
2025-01-01,MX,Self-expression,masculine,0.538
2025-01-01,MX,Technical help,feminine,0.338
2025-01-01,MX,Technical help,masculine,0.662
2025-01-01,MX,Writing,feminine,0.495
2025-01-01,MX,Writing,masculine,0.505
2025-01-01,MY,Practical Guidance,feminine,0.525
2025-01-01,MY,Practical Guidance,masculine,0.475
2025-01-01,MY,Seeking information,feminine,0.437
2025-01-01,MY,Seeking information,masculine,0.563
2025-01-01,MY,Technical help,feminine,0.449
2025-01-01,MY,Technical help,masculine,0.551
2025-01-01,MY,Writing,feminine,0.576
2025-01-01,MY,Writing,masculine,0.424
2025-01-01,NG,Practical Guidance,feminine,0.415
2025-01-01,NG,Practical Guidance,masculine,0.585
2025-01-01,NG,Seeking information,feminine,0.400
2025-01-01,NG,Seeking information,masculine,0.600
2025-01-01,NG,Writing,feminine,0.404
2025-01-01,NG,Writing,masculine,0.596
2025-01-01,NL,Multimedia,feminine,0.438
2025-01-01,NL,Multimedia,masculine,0.562
2025-01-01,NL,Practical Guidance,feminine,0.470
2025-01-01,NL,Practical Guidance,masculine,0.530
2025-01-01,NL,Seeking information,feminine,0.378
2025-01-01,NL,Seeking information,masculine,0.622
2025-01-01,NL,Self-expression,feminine,0.551
2025-01-01,NL,Self-expression,masculine,0.449
2025-01-01,NL,Technical help,feminine,0.256
2025-01-01,NL,Technical help,masculine,0.744
2025-01-01,NL,Writing,feminine,0.494
2025-01-01,NL,Writing,masculine,0.506
2025-01-01,NO,Practical Guidance,feminine,0.449
2025-01-01,NO,Practical Guidance,masculine,0.551
2025-01-01,NO,Seeking information,feminine,0.424
2025-01-01,NO,Seeking information,masculine,0.576
2025-01-01,NO,Writing,feminine,0.495
2025-01-01,NO,Writing,masculine,0.505
2025-01-01,NP,Practical Guidance,feminine,0.395
2025-01-01,NP,Practical Guidance,masculine,0.605
2025-01-01,NP,Writing,feminine,0.440
2025-01-01,NP,Writing,masculine,0.560
2025-01-01,NZ,Writing,feminine,0.575
2025-01-01,NZ,Writing,masculine,0.425
2025-01-01,PE,Practical Guidance,feminine,0.490
2025-01-01,PE,Practical Guidance,masculine,0.510
2025-01-01,PE,Seeking information,feminine,0.407
2025-01-01,PE,Seeking information,masculine,0.593
2025-01-01,PE,Self-expression,feminine,0.523
2025-01-01,PE,Self-expression,masculine,0.477
2025-01-01,PE,Technical help,feminine,0.308
2025-01-01,PE,Technical help,masculine,0.692
2025-01-01,PE,Writing,feminine,0.548
2025-01-01,PE,Writing,masculine,0.452
2025-01-01,PH,Multimedia,feminine,0.597
2025-01-01,PH,Multimedia,masculine,0.403
2025-01-01,PH,Other/Unknown,feminine,0.523
2025-01-01,PH,Other/Unknown,masculine,0.477
2025-01-01,PH,Practical Guidance,feminine,0.552
2025-01-01,PH,Practical Guidance,masculine,0.448
2025-01-01,PH,Seeking information,feminine,0.463
2025-01-01,PH,Seeking information,masculine,0.537
2025-01-01,PH,Self-expression,feminine,0.539
2025-01-01,PH,Self-expression,masculine,0.461
2025-01-01,PH,Technical help,feminine,0.347
2025-01-01,PH,Technical help,masculine,0.653
2025-01-01,PH,Writing,feminine,0.593
2025-01-01,PH,Writing,masculine,0.407
2025-01-01,PK,Multimedia,feminine,0.247
2025-01-01,PK,Multimedia,masculine,0.753
2025-01-01,PK,Other/Unknown,feminine,0.282
2025-01-01,PK,Other/Unknown,masculine,0.718
2025-01-01,PK,Practical Guidance,feminine,0.414
2025-01-01,PK,Practical Guidance,masculine,0.586
2025-01-01,PK,Seeking information,feminine,0.345
2025-01-01,PK,Seeking information,masculine,0.655
2025-01-01,PK,Self-expression,feminine,0.322
2025-01-01,PK,Self-expression,masculine,0.678
2025-01-01,PK,Technical help,feminine,0.244
2025-01-01,PK,Technical help,masculine,0.756
2025-01-01,PK,Writing,feminine,0.380
2025-01-01,PK,Writing,masculine,0.620
2025-01-01,PL,Multimedia,feminine,0.455
2025-01-01,PL,Multimedia,masculine,0.545
2025-01-01,PL,Other/Unknown,feminine,0.435
2025-01-01,PL,Other/Unknown,masculine,0.565
2025-01-01,PL,Practical Guidance,feminine,0.537
2025-01-01,PL,Practical Guidance,masculine,0.463
2025-01-01,PL,Seeking information,feminine,0.459
2025-01-01,PL,Seeking information,masculine,0.541
2025-01-01,PL,Self-expression,feminine,0.466
2025-01-01,PL,Self-expression,masculine,0.534
2025-01-01,PL,Technical help,feminine,0.310
2025-01-01,PL,Technical help,masculine,0.690
2025-01-01,PL,Writing,feminine,0.620
2025-01-01,PL,Writing,masculine,0.380
2025-01-01,PT,Practical Guidance,feminine,0.538
2025-01-01,PT,Practical Guidance,masculine,0.462
2025-01-01,PT,Seeking information,feminine,0.472
2025-01-01,PT,Seeking information,masculine,0.528
2025-01-01,PT,Technical help,feminine,0.275
2025-01-01,PT,Technical help,masculine,0.725
2025-01-01,PT,Writing,feminine,0.612
2025-01-01,PT,Writing,masculine,0.388
2025-01-01,RO,Practical Guidance,feminine,0.557
2025-01-01,RO,Practical Guidance,masculine,0.443
2025-01-01,RO,Seeking information,feminine,0.462
2025-01-01,RO,Seeking information,masculine,0.538
2025-01-01,RO,Self-expression,feminine,0.604
2025-01-01,RO,Self-expression,masculine,0.396
2025-01-01,RO,Technical help,feminine,0.372
2025-01-01,RO,Technical help,masculine,0.628
2025-01-01,RO,Writing,feminine,0.619
2025-01-01,RO,Writing,masculine,0.381
2025-01-01,RS,Practical Guidance,feminine,0.551
2025-01-01,RS,Practical Guidance,masculine,0.449
2025-01-01,RS,Writing,feminine,0.561
2025-01-01,RS,Writing,masculine,0.439
2025-01-01,SA,Practical Guidance,feminine,0.473
2025-01-01,SA,Practical Guidance,masculine,0.527
2025-01-01,SA,Seeking information,feminine,0.348
2025-01-01,SA,Seeking information,masculine,0.652
2025-01-01,SA,Self-expression,feminine,0.540
2025-01-01,SA,Self-expression,masculine,0.460
2025-01-01,SA,Writing,feminine,0.424
2025-01-01,SA,Writing,masculine,0.576
2025-01-01,SE,Practical Guidance,feminine,0.477
2025-01-01,SE,Practical Guidance,masculine,0.523
2025-01-01,SE,Seeking information,feminine,0.365
2025-01-01,SE,Seeking information,masculine,0.635
2025-01-01,SE,Technical help,feminine,0.267
2025-01-01,SE,Technical help,masculine,0.733
2025-01-01,SE,Writing,feminine,0.492
2025-01-01,SE,Writing,masculine,0.508
2025-01-01,SG,Practical Guidance,feminine,0.406
2025-01-01,SG,Practical Guidance,masculine,0.594
2025-01-01,SG,Seeking information,feminine,0.397
2025-01-01,SG,Seeking information,masculine,0.603
2025-01-01,SG,Technical help,feminine,0.199
2025-01-01,SG,Technical help,masculine,0.801
2025-01-01,SG,Writing,feminine,0.478
2025-01-01,SG,Writing,masculine,0.522
2025-01-01,SK,Practical Guidance,feminine,0.475
2025-01-01,SK,Practical Guidance,masculine,0.525
2025-01-01,SK,Writing,feminine,0.636
2025-01-01,SK,Writing,masculine,0.364
2025-01-01,TH,Practical Guidance,feminine,0.447
2025-01-01,TH,Practical Guidance,masculine,0.553
2025-01-01,TH,Seeking information,feminine,0.391
2025-01-01,TH,Seeking information,masculine,0.609
2025-01-01,TH,Writing,feminine,0.524
2025-01-01,TH,Writing,masculine,0.476
2025-01-01,TN,Practical Guidance,feminine,0.582
2025-01-01,TN,Practical Guidance,masculine,0.418
2025-01-01,TN,Writing,feminine,0.654
2025-01-01,TN,Writing,masculine,0.346
2025-01-01,TR,Multimedia,feminine,0.401
2025-01-01,TR,Multimedia,masculine,0.599
2025-01-01,TR,Other/Unknown,feminine,0.477
2025-01-01,TR,Other/Unknown,masculine,0.523
2025-01-01,TR,Practical Guidance,feminine,0.430
2025-01-01,TR,Practical Guidance,masculine,0.570
2025-01-01,TR,Seeking information,feminine,0.385
2025-01-01,TR,Seeking information,masculine,0.615
2025-01-01,TR,Self-expression,feminine,0.491
2025-01-01,TR,Self-expression,masculine,0.509
2025-01-01,TR,Technical help,feminine,0.215
2025-01-01,TR,Technical help,masculine,0.785
2025-01-01,TR,Writing,feminine,0.451
2025-01-01,TR,Writing,masculine,0.549
2025-01-01,TW,Practical Guidance,feminine,0.372
2025-01-01,TW,Practical Guidance,masculine,0.628
2025-01-01,TW,Seeking information,feminine,0.367
2025-01-01,TW,Seeking information,masculine,0.633
2025-01-01,TW,Writing,feminine,0.497
2025-01-01,TW,Writing,masculine,0.503
2025-01-01,UA,Multimedia,feminine,0.433
2025-01-01,UA,Multimedia,masculine,0.567
2025-01-01,UA,Practical Guidance,feminine,0.507
2025-01-01,UA,Practical Guidance,masculine,0.493
2025-01-01,UA,Seeking information,feminine,0.417
2025-01-01,UA,Seeking information,masculine,0.583
2025-01-01,UA,Self-expression,feminine,0.588
2025-01-01,UA,Self-expression,masculine,0.412
2025-01-01,UA,Technical help,feminine,0.272
2025-01-01,UA,Technical help,masculine,0.728
2025-01-01,UA,Writing,feminine,0.607
2025-01-01,UA,Writing,masculine,0.393
2025-01-01,US,Multimedia,feminine,0.351
2025-01-01,US,Multimedia,masculine,0.649
2025-01-01,US,Other/Unknown,feminine,0.407
2025-01-01,US,Other/Unknown,masculine,0.593
2025-01-01,US,Practical Guidance,feminine,0.456
2025-01-01,US,Practical Guidance,masculine,0.544
2025-01-01,US,Seeking information,feminine,0.385
2025-01-01,US,Seeking information,masculine,0.615
2025-01-01,US,Self-expression,feminine,0.503
2025-01-01,US,Self-expression,masculine,0.497
2025-01-01,US,Technical help,feminine,0.320
2025-01-01,US,Technical help,masculine,0.680
2025-01-01,US,Writing,feminine,0.524
2025-01-01,US,Writing,masculine,0.476
2025-01-01,UZ,Practical Guidance,feminine,0.476
2025-01-01,UZ,Practical Guidance,masculine,0.524
2025-01-01,UZ,Seeking information,feminine,0.374
2025-01-01,UZ,Seeking information,masculine,0.626
2025-01-01,UZ,Writing,feminine,0.491
2025-01-01,UZ,Writing,masculine,0.509
2025-01-01,VN,Practical Guidance,feminine,0.446
2025-01-01,VN,Practical Guidance,masculine,0.554
2025-01-01,VN,Seeking information,feminine,0.337
2025-01-01,VN,Seeking information,masculine,0.663
2025-01-01,VN,Writing,feminine,0.472
2025-01-01,VN,Writing,masculine,0.528
2025-01-01,ZA,Practical Guidance,feminine,0.412
2025-01-01,ZA,Practical Guidance,masculine,0.588
2025-01-01,ZA,Seeking information,feminine,0.423
2025-01-01,ZA,Seeking information,masculine,0.577
2025-01-01,ZA,Writing,feminine,0.507
2025-01-01,ZA,Writing,masculine,0.493
2025-02-01,AE,Practical Guidance,feminine,0.542
2025-02-01,AE,Practical Guidance,masculine,0.458
2025-02-01,AE,Seeking information,feminine,0.382
2025-02-01,AE,Seeking information,masculine,0.618
2025-02-01,AE,Writing,feminine,0.533
2025-02-01,AE,Writing,masculine,0.467
2025-02-01,AR,Practical Guidance,feminine,0.462
2025-02-01,AR,Practical Guidance,masculine,0.538
2025-02-01,AR,Seeking information,feminine,0.363
2025-02-01,AR,Seeking information,masculine,0.637
2025-02-01,AR,Self-expression,feminine,0.448
2025-02-01,AR,Self-expression,masculine,0.552
2025-02-01,AR,Technical help,feminine,0.236
2025-02-01,AR,Technical help,masculine,0.764
2025-02-01,AR,Writing,feminine,0.496
2025-02-01,AR,Writing,masculine,0.504
2025-02-01,AT,Practical Guidance,feminine,0.522
2025-02-01,AT,Practical Guidance,masculine,0.478
2025-02-01,AT,Seeking information,feminine,0.436
2025-02-01,AT,Seeking information,masculine,0.564
2025-02-01,AT,Writing,feminine,0.598
2025-02-01,AT,Writing,masculine,0.402
2025-02-01,AU,Practical Guidance,feminine,0.484
2025-02-01,AU,Practical Guidance,masculine,0.516
2025-02-01,AU,Seeking information,feminine,0.322
2025-02-01,AU,Seeking information,masculine,0.678
2025-02-01,AU,Self-expression,feminine,0.504
2025-02-01,AU,Self-expression,masculine,0.496
2025-02-01,AU,Technical help,feminine,0.267
2025-02-01,AU,Technical help,masculine,0.733
2025-02-01,AU,Writing,feminine,0.554
2025-02-01,AU,Writing,masculine,0.446
2025-02-01,BD,Practical Guidance,feminine,0.357
2025-02-01,BD,Practical Guidance,masculine,0.643
2025-02-01,BD,Seeking information,feminine,0.329
2025-02-01,BD,Seeking information,masculine,0.671
2025-02-01,BD,Self-expression,feminine,0.384
2025-02-01,BD,Self-expression,masculine,0.616
2025-02-01,BD,Technical help,feminine,0.405
2025-02-01,BD,Technical help,masculine,0.595
2025-02-01,BD,Writing,feminine,0.328
2025-02-01,BD,Writing,masculine,0.672
2025-02-01,BE,Practical Guidance,feminine,0.515
2025-02-01,BE,Practical Guidance,masculine,0.485
2025-02-01,BE,Seeking information,feminine,0.418
2025-02-01,BE,Seeking information,masculine,0.582
2025-02-01,BE,Technical help,feminine,0.229
2025-02-01,BE,Technical help,masculine,0.771
2025-02-01,BE,Writing,feminine,0.559
2025-02-01,BE,Writing,masculine,0.441
2025-02-01,BG,Practical Guidance,feminine,0.475
2025-02-01,BG,Practical Guidance,masculine,0.525
2025-02-01,BG,Seeking information,feminine,0.401
2025-02-01,BG,Seeking information,masculine,0.599
2025-02-01,BG,Writing,feminine,0.498
2025-02-01,BG,Writing,masculine,0.502
2025-02-01,BO,Practical Guidance,feminine,0.519
2025-02-01,BO,Practical Guidance,masculine,0.481
2025-02-01,BO,Seeking information,feminine,0.426
2025-02-01,BO,Seeking information,masculine,0.574
2025-02-01,BO,Writing,feminine,0.525
2025-02-01,BO,Writing,masculine,0.475
2025-02-01,BR,Multimedia,feminine,0.469
2025-02-01,BR,Multimedia,masculine,0.531
2025-02-01,BR,Other/Unknown,feminine,0.491
2025-02-01,BR,Other/Unknown,masculine,0.509
2025-02-01,BR,Practical Guidance,feminine,0.500
2025-02-01,BR,Practical Guidance,masculine,0.500
2025-02-01,BR,Seeking information,feminine,0.418
2025-02-01,BR,Seeking information,masculine,0.582
2025-02-01,BR,Self-expression,feminine,0.565
2025-02-01,BR,Self-expression,masculine,0.435
2025-02-01,BR,Technical help,feminine,0.241
2025-02-01,BR,Technical help,masculine,0.759
2025-02-01,BR,Writing,feminine,0.574
2025-02-01,BR,Writing,masculine,0.426
2025-02-01,CA,Multimedia,feminine,0.407
2025-02-01,CA,Multimedia,masculine,0.593
2025-02-01,CA,Other/Unknown,feminine,0.441
2025-02-01,CA,Other/Unknown,masculine,0.559
2025-02-01,CA,Practical Guidance,feminine,0.481
2025-02-01,CA,Practical Guidance,masculine,0.519
2025-02-01,CA,Seeking information,feminine,0.431
2025-02-01,CA,Seeking information,masculine,0.569
2025-02-01,CA,Self-expression,feminine,0.504
2025-02-01,CA,Self-expression,masculine,0.496
2025-02-01,CA,Technical help,feminine,0.342
2025-02-01,CA,Technical help,masculine,0.658
2025-02-01,CA,Writing,feminine,0.534
2025-02-01,CA,Writing,masculine,0.466
2025-02-01,CH,Practical Guidance,feminine,0.476
2025-02-01,CH,Practical Guidance,masculine,0.524
2025-02-01,CH,Seeking information,feminine,0.412
2025-02-01,CH,Seeking information,masculine,0.588
2025-02-01,CH,Writing,feminine,0.511
2025-02-01,CH,Writing,masculine,0.489
2025-02-01,CL,Practical Guidance,feminine,0.432
2025-02-01,CL,Practical Guidance,masculine,0.568
2025-02-01,CL,Seeking information,feminine,0.358
2025-02-01,CL,Seeking information,masculine,0.642
2025-02-01,CL,Writing,feminine,0.437
2025-02-01,CL,Writing,masculine,0.563
2025-02-01,CO,Multimedia,feminine,0.428
2025-02-01,CO,Multimedia,masculine,0.572
2025-02-01,CO,Other/Unknown,feminine,0.373
2025-02-01,CO,Other/Unknown,masculine,0.627
2025-02-01,CO,Practical Guidance,feminine,0.500
2025-02-01,CO,Practical Guidance,masculine,0.500
2025-02-01,CO,Seeking information,feminine,0.517
2025-02-01,CO,Seeking information,masculine,0.483
2025-02-01,CO,Self-expression,feminine,0.541
2025-02-01,CO,Self-expression,masculine,0.459
2025-02-01,CO,Technical help,feminine,0.322
2025-02-01,CO,Technical help,masculine,0.678
2025-02-01,CO,Writing,feminine,0.580
2025-02-01,CO,Writing,masculine,0.420
2025-02-01,CR,Practical Guidance,feminine,0.466
2025-02-01,CR,Practical Guidance,masculine,0.534
2025-02-01,CZ,Practical Guidance,feminine,0.515
2025-02-01,CZ,Practical Guidance,masculine,0.485
2025-02-01,CZ,Seeking information,feminine,0.507
2025-02-01,CZ,Seeking information,masculine,0.493
2025-02-01,CZ,Writing,feminine,0.574
2025-02-01,CZ,Writing,masculine,0.426
2025-02-01,DE,Multimedia,feminine,0.349
2025-02-01,DE,Multimedia,masculine,0.651
2025-02-01,DE,Other/Unknown,feminine,0.454
2025-02-01,DE,Other/Unknown,masculine,0.546
2025-02-01,DE,Practical Guidance,feminine,0.475
2025-02-01,DE,Practical Guidance,masculine,0.525
2025-02-01,DE,Seeking information,feminine,0.412
2025-02-01,DE,Seeking information,masculine,0.588
2025-02-01,DE,Self-expression,feminine,0.551
2025-02-01,DE,Self-expression,masculine,0.449
2025-02-01,DE,Technical help,feminine,0.260
2025-02-01,DE,Technical help,masculine,0.740
2025-02-01,DE,Writing,feminine,0.535
2025-02-01,DE,Writing,masculine,0.465
2025-02-01,DK,Practical Guidance,feminine,0.465
2025-02-01,DK,Practical Guidance,masculine,0.535
2025-02-01,DK,Seeking information,feminine,0.331
2025-02-01,DK,Seeking information,masculine,0.669
2025-02-01,DK,Writing,feminine,0.554
2025-02-01,DK,Writing,masculine,0.446
2025-02-01,DO,Practical Guidance,feminine,0.601
2025-02-01,DO,Practical Guidance,masculine,0.399
2025-02-01,DO,Seeking information,feminine,0.546
2025-02-01,DO,Seeking information,masculine,0.454
2025-02-01,DO,Writing,feminine,0.644
2025-02-01,DO,Writing,masculine,0.356
2025-02-01,DZ,Practical Guidance,feminine,0.543
2025-02-01,DZ,Practical Guidance,masculine,0.457
2025-02-01,DZ,Seeking information,feminine,0.487
2025-02-01,DZ,Seeking information,masculine,0.513
2025-02-01,DZ,Self-expression,feminine,0.678
2025-02-01,DZ,Self-expression,masculine,0.322
2025-02-01,DZ,Writing,feminine,0.619
2025-02-01,DZ,Writing,masculine,0.381
2025-02-01,EC,Practical Guidance,feminine,0.595
2025-02-01,EC,Practical Guidance,masculine,0.405
2025-02-01,EC,Seeking information,feminine,0.480
2025-02-01,EC,Seeking information,masculine,0.520
2025-02-01,EC,Writing,feminine,0.592
2025-02-01,EC,Writing,masculine,0.408
2025-02-01,EG,Multimedia,feminine,0.302
2025-02-01,EG,Multimedia,masculine,0.698
2025-02-01,EG,Other/Unknown,feminine,0.438
2025-02-01,EG,Other/Unknown,masculine,0.562
2025-02-01,EG,Practical Guidance,feminine,0.449
2025-02-01,EG,Practical Guidance,masculine,0.551
2025-02-01,EG,Seeking information,feminine,0.344
2025-02-01,EG,Seeking information,masculine,0.656
2025-02-01,EG,Self-expression,feminine,0.561
2025-02-01,EG,Self-expression,masculine,0.439
2025-02-01,EG,Technical help,feminine,0.268
2025-02-01,EG,Technical help,masculine,0.732
2025-02-01,EG,Writing,feminine,0.483
2025-02-01,EG,Writing,masculine,0.517
2025-02-01,ES,Multimedia,feminine,0.379
2025-02-01,ES,Multimedia,masculine,0.621
2025-02-01,ES,Other/Unknown,feminine,0.485
2025-02-01,ES,Other/Unknown,masculine,0.515
2025-02-01,ES,Practical Guidance,feminine,0.525
2025-02-01,ES,Practical Guidance,masculine,0.475
2025-02-01,ES,Seeking information,feminine,0.465
2025-02-01,ES,Seeking information,masculine,0.535
2025-02-01,ES,Self-expression,feminine,0.558
2025-02-01,ES,Self-expression,masculine,0.442
2025-02-01,ES,Technical help,feminine,0.297
2025-02-01,ES,Technical help,masculine,0.703
2025-02-01,ES,Writing,feminine,0.577
2025-02-01,ES,Writing,masculine,0.423
2025-02-01,FI,Practical Guidance,feminine,0.475
2025-02-01,FI,Practical Guidance,masculine,0.525
2025-02-01,FI,Seeking information,feminine,0.460
2025-02-01,FI,Seeking information,masculine,0.540
2025-02-01,FI,Writing,feminine,0.521
2025-02-01,FI,Writing,masculine,0.479
2025-02-01,FR,Multimedia,feminine,0.382
2025-02-01,FR,Multimedia,masculine,0.618
2025-02-01,FR,Other/Unknown,feminine,0.423
2025-02-01,FR,Other/Unknown,masculine,0.577
2025-02-01,FR,Practical Guidance,feminine,0.500
2025-02-01,FR,Practical Guidance,masculine,0.500
2025-02-01,FR,Seeking information,feminine,0.462
2025-02-01,FR,Seeking information,masculine,0.538
2025-02-01,FR,Self-expression,feminine,0.605
2025-02-01,FR,Self-expression,masculine,0.395
2025-02-01,FR,Technical help,feminine,0.277
2025-02-01,FR,Technical help,masculine,0.723
2025-02-01,FR,Writing,feminine,0.560
2025-02-01,FR,Writing,masculine,0.440
2025-02-01,GB,Multimedia,feminine,0.331
2025-02-01,GB,Multimedia,masculine,0.669
2025-02-01,GB,Other/Unknown,feminine,0.398
2025-02-01,GB,Other/Unknown,masculine,0.602
2025-02-01,GB,Practical Guidance,feminine,0.421
2025-02-01,GB,Practical Guidance,masculine,0.579
2025-02-01,GB,Seeking information,feminine,0.365
2025-02-01,GB,Seeking information,masculine,0.635
2025-02-01,GB,Self-expression,feminine,0.534
2025-02-01,GB,Self-expression,masculine,0.466
2025-02-01,GB,Technical help,feminine,0.247
2025-02-01,GB,Technical help,masculine,0.753
2025-02-01,GB,Writing,feminine,0.523
2025-02-01,GB,Writing,masculine,0.477
2025-02-01,GH,Practical Guidance,feminine,0.397
2025-02-01,GH,Practical Guidance,masculine,0.603
2025-02-01,GH,Writing,feminine,0.387
2025-02-01,GH,Writing,masculine,0.613
2025-02-01,GR,Practical Guidance,feminine,0.466
2025-02-01,GR,Practical Guidance,masculine,0.534
2025-02-01,GR,Seeking information,feminine,0.367
2025-02-01,GR,Seeking information,masculine,0.633
2025-02-01,GR,Writing,feminine,0.486
2025-02-01,GR,Writing,masculine,0.514
2025-02-01,GT,Practical Guidance,feminine,0.420
2025-02-01,GT,Practical Guidance,masculine,0.580
2025-02-01,GT,Writing,feminine,0.509
2025-02-01,GT,Writing,masculine,0.491
2025-02-01,HN,Practical Guidance,feminine,0.445
2025-02-01,HN,Practical Guidance,masculine,0.555
2025-02-01,HU,Practical Guidance,feminine,0.492
2025-02-01,HU,Practical Guidance,masculine,0.508
2025-02-01,HU,Seeking information,feminine,0.414
2025-02-01,HU,Seeking information,masculine,0.586
2025-02-01,HU,Writing,feminine,0.578
2025-02-01,HU,Writing,masculine,0.422
2025-02-01,ID,Multimedia,feminine,0.478
2025-02-01,ID,Multimedia,masculine,0.522
2025-02-01,ID,Other/Unknown,feminine,0.547
2025-02-01,ID,Other/Unknown,masculine,0.453
2025-02-01,ID,Practical Guidance,feminine,0.572
2025-02-01,ID,Practical Guidance,masculine,0.428
2025-02-01,ID,Seeking information,feminine,0.536
2025-02-01,ID,Seeking information,masculine,0.464
2025-02-01,ID,Self-expression,feminine,0.621
2025-02-01,ID,Self-expression,masculine,0.379
2025-02-01,ID,Technical help,feminine,0.417
2025-02-01,ID,Technical help,masculine,0.583
2025-02-01,ID,Writing,feminine,0.629
2025-02-01,ID,Writing,masculine,0.371
2025-02-01,IE,Practical Guidance,feminine,0.529
2025-02-01,IE,Practical Guidance,masculine,0.471
2025-02-01,IE,Seeking information,feminine,0.365
2025-02-01,IE,Seeking information,masculine,0.635
2025-02-01,IE,Writing,feminine,0.564
2025-02-01,IE,Writing,masculine,0.436
2025-02-01,IL,Practical Guidance,feminine,0.456
2025-02-01,IL,Practical Guidance,masculine,0.544
2025-02-01,IL,Seeking information,feminine,0.405
2025-02-01,IL,Seeking information,masculine,0.595
2025-02-01,IL,Technical help,feminine,0.204
2025-02-01,IL,Technical help,masculine,0.796
2025-02-01,IL,Writing,feminine,0.487
2025-02-01,IL,Writing,masculine,0.513
2025-02-01,IN,Multimedia,feminine,0.322
2025-02-01,IN,Multimedia,masculine,0.678
2025-02-01,IN,Other/Unknown,feminine,0.348
2025-02-01,IN,Other/Unknown,masculine,0.652
2025-02-01,IN,Practical Guidance,feminine,0.419
2025-02-01,IN,Practical Guidance,masculine,0.581
2025-02-01,IN,Seeking information,feminine,0.369
2025-02-01,IN,Seeking information,masculine,0.631
2025-02-01,IN,Self-expression,feminine,0.455
2025-02-01,IN,Self-expression,masculine,0.545
2025-02-01,IN,Technical help,feminine,0.306
2025-02-01,IN,Technical help,masculine,0.694
2025-02-01,IN,Writing,feminine,0.424
2025-02-01,IN,Writing,masculine,0.576
2025-02-01,IQ,Practical Guidance,feminine,0.449
2025-02-01,IQ,Practical Guidance,masculine,0.551
2025-02-01,IQ,Seeking information,feminine,0.343
2025-02-01,IQ,Seeking information,masculine,0.657
2025-02-01,IQ,Writing,feminine,0.501
2025-02-01,IQ,Writing,masculine,0.499
2025-02-01,IT,Multimedia,feminine,0.433
2025-02-01,IT,Multimedia,masculine,0.567
2025-02-01,IT,Other/Unknown,feminine,0.547
2025-02-01,IT,Other/Unknown,masculine,0.453
2025-02-01,IT,Practical Guidance,feminine,0.539
2025-02-01,IT,Practical Guidance,masculine,0.461
2025-02-01,IT,Seeking information,feminine,0.492
2025-02-01,IT,Seeking information,masculine,0.508
2025-02-01,IT,Self-expression,feminine,0.634
2025-02-01,IT,Self-expression,masculine,0.366
2025-02-01,IT,Technical help,feminine,0.356
2025-02-01,IT,Technical help,masculine,0.644
2025-02-01,IT,Writing,feminine,0.576
2025-02-01,IT,Writing,masculine,0.424
2025-02-01,JO,Practical Guidance,feminine,0.609
2025-02-01,JO,Practical Guidance,masculine,0.391
2025-02-01,JP,Practical Guidance,feminine,0.358
2025-02-01,JP,Practical Guidance,masculine,0.642
2025-02-01,JP,Seeking information,feminine,0.272
2025-02-01,JP,Seeking information,masculine,0.728
2025-02-01,JP,Self-expression,feminine,0.530
2025-02-01,JP,Self-expression,masculine,0.470
2025-02-01,JP,Technical help,feminine,0.271
2025-02-01,JP,Technical help,masculine,0.729
2025-02-01,JP,Writing,feminine,0.478
2025-02-01,JP,Writing,masculine,0.522
2025-02-01,KE,Practical Guidance,feminine,0.475
2025-02-01,KE,Practical Guidance,masculine,0.525
2025-02-01,KE,Seeking information,feminine,0.432
2025-02-01,KE,Seeking information,masculine,0.568
2025-02-01,KE,Writing,feminine,0.513
2025-02-01,KE,Writing,masculine,0.487
2025-02-01,KG,Practical Guidance,feminine,0.467
2025-02-01,KG,Practical Guidance,masculine,0.533
2025-02-01,KR,Practical Guidance,feminine,0.465
2025-02-01,KR,Practical Guidance,masculine,0.535
2025-02-01,KR,Seeking information,feminine,0.510
2025-02-01,KR,Seeking information,masculine,0.490
2025-02-01,KR,Technical help,feminine,0.342
2025-02-01,KR,Technical help,masculine,0.658
2025-02-01,KR,Writing,feminine,0.495
2025-02-01,KR,Writing,masculine,0.505
2025-02-01,KZ,Practical Guidance,feminine,0.427
2025-02-01,KZ,Practical Guidance,masculine,0.573
2025-02-01,KZ,Seeking information,feminine,0.390
2025-02-01,KZ,Seeking information,masculine,0.610
2025-02-01,KZ,Self-expression,feminine,0.427
2025-02-01,KZ,Self-expression,masculine,0.573
2025-02-01,KZ,Technical help,feminine,0.404
2025-02-01,KZ,Technical help,masculine,0.596
2025-02-01,KZ,Writing,feminine,0.460
2025-02-01,KZ,Writing,masculine,0.540
2025-02-01,LB,Practical Guidance,feminine,0.602
2025-02-01,LB,Practical Guidance,masculine,0.398
2025-02-01,LB,Writing,feminine,0.685
2025-02-01,LB,Writing,masculine,0.315
2025-02-01,LK,Writing,feminine,0.587
2025-02-01,LK,Writing,masculine,0.413
2025-02-01,LT,Practical Guidance,feminine,0.447
2025-02-01,LT,Practical Guidance,masculine,0.553
2025-02-01,MA,Practical Guidance,feminine,0.497
2025-02-01,MA,Practical Guidance,masculine,0.503
2025-02-01,MA,Seeking information,feminine,0.372
2025-02-01,MA,Seeking information,masculine,0.628
2025-02-01,MA,Self-expression,feminine,0.583
2025-02-01,MA,Self-expression,masculine,0.417
2025-02-01,MA,Writing,feminine,0.513
2025-02-01,MA,Writing,masculine,0.487
2025-02-01,MD,Writing,feminine,0.761
2025-02-01,MD,Writing,masculine,0.239
2025-02-01,MX,Multimedia,feminine,0.433
2025-02-01,MX,Multimedia,masculine,0.567
2025-02-01,MX,Other/Unknown,feminine,0.452
2025-02-01,MX,Other/Unknown,masculine,0.548
2025-02-01,MX,Practical Guidance,feminine,0.467
2025-02-01,MX,Practical Guidance,masculine,0.533
2025-02-01,MX,Seeking information,feminine,0.455
2025-02-01,MX,Seeking information,masculine,0.545
2025-02-01,MX,Self-expression,feminine,0.501
2025-02-01,MX,Self-expression,masculine,0.499
2025-02-01,MX,Technical help,feminine,0.330
2025-02-01,MX,Technical help,masculine,0.670
2025-02-01,MX,Writing,feminine,0.536
2025-02-01,MX,Writing,masculine,0.464
2025-02-01,MY,Practical Guidance,feminine,0.479
2025-02-01,MY,Practical Guidance,masculine,0.521
2025-02-01,MY,Seeking information,feminine,0.369
2025-02-01,MY,Seeking information,masculine,0.631
2025-02-01,MY,Self-expression,feminine,0.606
2025-02-01,MY,Self-expression,masculine,0.394
2025-02-01,MY,Writing,feminine,0.537
2025-02-01,MY,Writing,masculine,0.463
2025-02-01,NG,Practical Guidance,feminine,0.397
2025-02-01,NG,Practical Guidance,masculine,0.603
2025-02-01,NG,Seeking information,feminine,0.360
2025-02-01,NG,Seeking information,masculine,0.640
2025-02-01,NG,Writing,feminine,0.346
2025-02-01,NG,Writing,masculine,0.654
2025-02-01,NL,Practical Guidance,feminine,0.479
2025-02-01,NL,Practical Guidance,masculine,0.521
2025-02-01,NL,Seeking information,feminine,0.415
2025-02-01,NL,Seeking information,masculine,0.585
2025-02-01,NL,Self-expression,feminine,0.498
2025-02-01,NL,Self-expression,masculine,0.502
2025-02-01,NL,Technical help,feminine,0.289
2025-02-01,NL,Technical help,masculine,0.711
2025-02-01,NL,Writing,feminine,0.513
2025-02-01,NL,Writing,masculine,0.487
2025-02-01,NO,Practical Guidance,feminine,0.435
2025-02-01,NO,Practical Guidance,masculine,0.565
2025-02-01,NO,Seeking information,feminine,0.364
2025-02-01,NO,Seeking information,masculine,0.636
2025-02-01,NO,Writing,feminine,0.487
2025-02-01,NO,Writing,masculine,0.513
2025-02-01,NP,Practical Guidance,feminine,0.422
2025-02-01,NP,Practical Guidance,masculine,0.578
2025-02-01,NP,Writing,feminine,0.467
2025-02-01,NP,Writing,masculine,0.533
2025-02-01,NZ,Practical Guidance,feminine,0.428
2025-02-01,NZ,Practical Guidance,masculine,0.572
2025-02-01,NZ,Writing,feminine,0.545
2025-02-01,NZ,Writing,masculine,0.455
2025-02-01,PE,Practical Guidance,feminine,0.444
2025-02-01,PE,Practical Guidance,masculine,0.556
2025-02-01,PE,Seeking information,feminine,0.413
2025-02-01,PE,Seeking information,masculine,0.587
2025-02-01,PE,Technical help,feminine,0.208
2025-02-01,PE,Technical help,masculine,0.792
2025-02-01,PE,Writing,feminine,0.585
2025-02-01,PE,Writing,masculine,0.415
2025-02-01,PH,Multimedia,feminine,0.559
2025-02-01,PH,Multimedia,masculine,0.441
2025-02-01,PH,Other/Unknown,feminine,0.538
2025-02-01,PH,Other/Unknown,masculine,0.462
2025-02-01,PH,Practical Guidance,feminine,0.548
2025-02-01,PH,Practical Guidance,masculine,0.452
2025-02-01,PH,Seeking information,feminine,0.477
2025-02-01,PH,Seeking information,masculine,0.523
2025-02-01,PH,Self-expression,feminine,0.501
2025-02-01,PH,Self-expression,masculine,0.499
2025-02-01,PH,Technical help,feminine,0.364
2025-02-01,PH,Technical help,masculine,0.636
2025-02-01,PH,Writing,feminine,0.601
2025-02-01,PH,Writing,masculine,0.399
2025-02-01,PK,Multimedia,feminine,0.221
2025-02-01,PK,Multimedia,masculine,0.779
2025-02-01,PK,Other/Unknown,feminine,0.328
2025-02-01,PK,Other/Unknown,masculine,0.672
2025-02-01,PK,Practical Guidance,feminine,0.373
2025-02-01,PK,Practical Guidance,masculine,0.627
2025-02-01,PK,Seeking information,feminine,0.317
2025-02-01,PK,Seeking information,masculine,0.683
2025-02-01,PK,Self-expression,feminine,0.318
2025-02-01,PK,Self-expression,masculine,0.682
2025-02-01,PK,Technical help,feminine,0.281
2025-02-01,PK,Technical help,masculine,0.719
2025-02-01,PK,Writing,feminine,0.362
2025-02-01,PK,Writing,masculine,0.638
2025-02-01,PL,Multimedia,feminine,0.426
2025-02-01,PL,Multimedia,masculine,0.574
2025-02-01,PL,Other/Unknown,feminine,0.440
2025-02-01,PL,Other/Unknown,masculine,0.560
2025-02-01,PL,Practical Guidance,feminine,0.507
2025-02-01,PL,Practical Guidance,masculine,0.493
2025-02-01,PL,Seeking information,feminine,0.455
2025-02-01,PL,Seeking information,masculine,0.545
2025-02-01,PL,Self-expression,feminine,0.613
2025-02-01,PL,Self-expression,masculine,0.387
2025-02-01,PL,Technical help,feminine,0.251
2025-02-01,PL,Technical help,masculine,0.749
2025-02-01,PL,Writing,feminine,0.623
2025-02-01,PL,Writing,masculine,0.377
2025-02-01,PT,Practical Guidance,feminine,0.513
2025-02-01,PT,Practical Guidance,masculine,0.487
2025-02-01,PT,Seeking information,feminine,0.401
2025-02-01,PT,Seeking information,masculine,0.599
2025-02-01,PT,Technical help,feminine,0.231
2025-02-01,PT,Technical help,masculine,0.769
2025-02-01,PT,Writing,feminine,0.628
2025-02-01,PT,Writing,masculine,0.372
2025-02-01,RO,Practical Guidance,feminine,0.542
2025-02-01,RO,Practical Guidance,masculine,0.458
2025-02-01,RO,Seeking information,feminine,0.475
2025-02-01,RO,Seeking information,masculine,0.525
2025-02-01,RO,Self-expression,feminine,0.537
2025-02-01,RO,Self-expression,masculine,0.463
2025-02-01,RO,Technical help,feminine,0.285
2025-02-01,RO,Technical help,masculine,0.715
2025-02-01,RO,Writing,feminine,0.652
2025-02-01,RO,Writing,masculine,0.348
2025-02-01,RS,Practical Guidance,feminine,0.519
2025-02-01,RS,Practical Guidance,masculine,0.481
2025-02-01,RS,Seeking information,feminine,0.411
2025-02-01,RS,Seeking information,masculine,0.589
2025-02-01,RS,Writing,feminine,0.616
2025-02-01,RS,Writing,masculine,0.384
2025-02-01,SA,Practical Guidance,feminine,0.478
2025-02-01,SA,Practical Guidance,masculine,0.522
2025-02-01,SA,Seeking information,feminine,0.391
2025-02-01,SA,Seeking information,masculine,0.609
2025-02-01,SA,Self-expression,feminine,0.608
2025-02-01,SA,Self-expression,masculine,0.392
2025-02-01,SA,Writing,feminine,0.423
2025-02-01,SA,Writing,masculine,0.577
2025-02-01,SE,Practical Guidance,feminine,0.461
2025-02-01,SE,Practical Guidance,masculine,0.539
2025-02-01,SE,Seeking information,feminine,0.390
2025-02-01,SE,Seeking information,masculine,0.610
2025-02-01,SE,Technical help,feminine,0.237
2025-02-01,SE,Technical help,masculine,0.763
2025-02-01,SE,Writing,feminine,0.594
2025-02-01,SE,Writing,masculine,0.406
2025-02-01,SG,Practical Guidance,feminine,0.410
2025-02-01,SG,Practical Guidance,masculine,0.590
2025-02-01,SG,Seeking information,feminine,0.356
2025-02-01,SG,Seeking information,masculine,0.644
2025-02-01,SG,Technical help,feminine,0.284
2025-02-01,SG,Technical help,masculine,0.716
2025-02-01,SG,Writing,feminine,0.526
2025-02-01,SG,Writing,masculine,0.474
2025-02-01,SK,Practical Guidance,feminine,0.565
2025-02-01,SK,Practical Guidance,masculine,0.435
2025-02-01,SK,Seeking information,feminine,0.419
2025-02-01,SK,Seeking information,masculine,0.581
2025-02-01,SK,Writing,feminine,0.496
2025-02-01,SK,Writing,masculine,0.504
2025-02-01,SV,Practical Guidance,feminine,0.546
2025-02-01,SV,Practical Guidance,masculine,0.454
2025-02-01,TH,Practical Guidance,feminine,0.357
2025-02-01,TH,Practical Guidance,masculine,0.643
2025-02-01,TH,Seeking information,feminine,0.454
2025-02-01,TH,Seeking information,masculine,0.546
2025-02-01,TH,Writing,feminine,0.563
2025-02-01,TH,Writing,masculine,0.437
2025-02-01,TN,Practical Guidance,feminine,0.609
2025-02-01,TN,Practical Guidance,masculine,0.391
2025-02-01,TN,Writing,feminine,0.617
2025-02-01,TN,Writing,masculine,0.383
2025-02-01,TR,Multimedia,feminine,0.408
2025-02-01,TR,Multimedia,masculine,0.592
2025-02-01,TR,Other/Unknown,feminine,0.338
2025-02-01,TR,Other/Unknown,masculine,0.662
2025-02-01,TR,Practical Guidance,feminine,0.441
2025-02-01,TR,Practical Guidance,masculine,0.559
2025-02-01,TR,Seeking information,feminine,0.357
2025-02-01,TR,Seeking information,masculine,0.643
2025-02-01,TR,Self-expression,feminine,0.483
2025-02-01,TR,Self-expression,masculine,0.517
2025-02-01,TR,Technical help,feminine,0.219
2025-02-01,TR,Technical help,masculine,0.781
2025-02-01,TR,Writing,feminine,0.451
2025-02-01,TR,Writing,masculine,0.549
2025-02-01,TW,Practical Guidance,feminine,0.391
2025-02-01,TW,Practical Guidance,masculine,0.609
2025-02-01,TW,Seeking information,feminine,0.369
2025-02-01,TW,Seeking information,masculine,0.631
2025-02-01,TW,Writing,feminine,0.464
2025-02-01,TW,Writing,masculine,0.536
2025-02-01,UA,Practical Guidance,feminine,0.561
2025-02-01,UA,Practical Guidance,masculine,0.439
2025-02-01,UA,Seeking information,feminine,0.454
2025-02-01,UA,Seeking information,masculine,0.546
2025-02-01,UA,Self-expression,feminine,0.551
2025-02-01,UA,Self-expression,masculine,0.449
2025-02-01,UA,Technical help,feminine,0.326
2025-02-01,UA,Technical help,masculine,0.674
2025-02-01,UA,Writing,feminine,0.595
2025-02-01,UA,Writing,masculine,0.405
2025-02-01,US,Multimedia,feminine,0.379
2025-02-01,US,Multimedia,masculine,0.621
2025-02-01,US,Other/Unknown,feminine,0.387
2025-02-01,US,Other/Unknown,masculine,0.613
2025-02-01,US,Practical Guidance,feminine,0.479
2025-02-01,US,Practical Guidance,masculine,0.521
2025-02-01,US,Seeking information,feminine,0.411
2025-02-01,US,Seeking information,masculine,0.589
2025-02-01,US,Self-expression,feminine,0.500
2025-02-01,US,Self-expression,masculine,0.500
2025-02-01,US,Technical help,feminine,0.334
2025-02-01,US,Technical help,masculine,0.666
2025-02-01,US,Writing,feminine,0.530
2025-02-01,US,Writing,masculine,0.470
2025-02-01,UZ,Practical Guidance,feminine,0.495
2025-02-01,UZ,Practical Guidance,masculine,0.505
2025-02-01,UZ,Seeking information,feminine,0.489
2025-02-01,UZ,Seeking information,masculine,0.511
2025-02-01,UZ,Writing,feminine,0.517
2025-02-01,UZ,Writing,masculine,0.483
2025-02-01,VN,Practical Guidance,feminine,0.460
2025-02-01,VN,Practical Guidance,masculine,0.540
2025-02-01,VN,Seeking information,feminine,0.489
2025-02-01,VN,Seeking information,masculine,0.511
2025-02-01,VN,Technical help,feminine,0.359
2025-02-01,VN,Technical help,masculine,0.641
2025-02-01,VN,Writing,feminine,0.503
2025-02-01,VN,Writing,masculine,0.497
2025-02-01,ZA,Practical Guidance,feminine,0.550
2025-02-01,ZA,Practical Guidance,masculine,0.450
2025-02-01,ZA,Seeking information,feminine,0.445
2025-02-01,ZA,Seeking information,masculine,0.555
2025-02-01,ZA,Writing,feminine,0.523
2025-02-01,ZA,Writing,masculine,0.477
2025-03-01,AE,Practical Guidance,feminine,0.520
2025-03-01,AE,Practical Guidance,masculine,0.480
2025-03-01,AE,Seeking information,feminine,0.446
2025-03-01,AE,Seeking information,masculine,0.554
2025-03-01,AE,Writing,feminine,0.482
2025-03-01,AE,Writing,masculine,0.518
2025-03-01,AR,Multimedia,feminine,0.456
2025-03-01,AR,Multimedia,masculine,0.544
2025-03-01,AR,Practical Guidance,feminine,0.471
2025-03-01,AR,Practical Guidance,masculine,0.529
2025-03-01,AR,Seeking information,feminine,0.421
2025-03-01,AR,Seeking information,masculine,0.579
2025-03-01,AR,Self-expression,feminine,0.559
2025-03-01,AR,Self-expression,masculine,0.441
2025-03-01,AR,Technical help,feminine,0.285
2025-03-01,AR,Technical help,masculine,0.715
2025-03-01,AR,Writing,feminine,0.585
2025-03-01,AR,Writing,masculine,0.415
2025-03-01,AT,Practical Guidance,feminine,0.540
2025-03-01,AT,Practical Guidance,masculine,0.460
2025-03-01,AT,Seeking information,feminine,0.446
2025-03-01,AT,Seeking information,masculine,0.554
2025-03-01,AT,Writing,feminine,0.568
2025-03-01,AT,Writing,masculine,0.432
2025-03-01,AU,Multimedia,feminine,0.405
2025-03-01,AU,Multimedia,masculine,0.595
2025-03-01,AU,Practical Guidance,feminine,0.471
2025-03-01,AU,Practical Guidance,masculine,0.529
2025-03-01,AU,Seeking information,feminine,0.413
2025-03-01,AU,Seeking information,masculine,0.587
2025-03-01,AU,Self-expression,feminine,0.644
2025-03-01,AU,Self-expression,masculine,0.356
2025-03-01,AU,Technical help,feminine,0.283
2025-03-01,AU,Technical help,masculine,0.717
2025-03-01,AU,Writing,feminine,0.574
2025-03-01,AU,Writing,masculine,0.426
2025-03-01,BD,Practical Guidance,feminine,0.399
2025-03-01,BD,Practical Guidance,masculine,0.601
2025-03-01,BD,Seeking information,feminine,0.306
2025-03-01,BD,Seeking information,masculine,0.694
2025-03-01,BD,Self-expression,feminine,0.491
2025-03-01,BD,Self-expression,masculine,0.509
2025-03-01,BD,Writing,feminine,0.332
2025-03-01,BD,Writing,masculine,0.668
2025-03-01,BE,Practical Guidance,feminine,0.520
2025-03-01,BE,Practical Guidance,masculine,0.480
2025-03-01,BE,Seeking information,feminine,0.453
2025-03-01,BE,Seeking information,masculine,0.547
2025-03-01,BE,Writing,feminine,0.541
2025-03-01,BE,Writing,masculine,0.459
2025-03-01,BG,Practical Guidance,feminine,0.451
2025-03-01,BG,Practical Guidance,masculine,0.549
2025-03-01,BG,Writing,feminine,0.534
2025-03-01,BG,Writing,masculine,0.466
2025-03-01,BO,Practical Guidance,feminine,0.497
2025-03-01,BO,Practical Guidance,masculine,0.503
2025-03-01,BO,Seeking information,feminine,0.510
2025-03-01,BO,Seeking information,masculine,0.490
2025-03-01,BO,Writing,feminine,0.575
2025-03-01,BO,Writing,masculine,0.425
2025-03-01,BR,Multimedia,feminine,0.428
2025-03-01,BR,Multimedia,masculine,0.572
2025-03-01,BR,Other/Unknown,feminine,0.493
2025-03-01,BR,Other/Unknown,masculine,0.507
2025-03-01,BR,Practical Guidance,feminine,0.536
2025-03-01,BR,Practical Guidance,masculine,0.464
2025-03-01,BR,Seeking information,feminine,0.455
2025-03-01,BR,Seeking information,masculine,0.545
2025-03-01,BR,Self-expression,feminine,0.614
2025-03-01,BR,Self-expression,masculine,0.386
2025-03-01,BR,Technical help,feminine,0.319
2025-03-01,BR,Technical help,masculine,0.681
2025-03-01,BR,Writing,feminine,0.599
2025-03-01,BR,Writing,masculine,0.401
2025-03-01,CA,Multimedia,feminine,0.359
2025-03-01,CA,Multimedia,masculine,0.641
2025-03-01,CA,Other/Unknown,feminine,0.411
2025-03-01,CA,Other/Unknown,masculine,0.589
2025-03-01,CA,Practical Guidance,feminine,0.500
2025-03-01,CA,Practical Guidance,masculine,0.500
2025-03-01,CA,Seeking information,feminine,0.430
2025-03-01,CA,Seeking information,masculine,0.570
2025-03-01,CA,Self-expression,feminine,0.522
2025-03-01,CA,Self-expression,masculine,0.478
2025-03-01,CA,Technical help,feminine,0.309
2025-03-01,CA,Technical help,masculine,0.691
2025-03-01,CA,Writing,feminine,0.564
2025-03-01,CA,Writing,masculine,0.436
2025-03-01,CH,Practical Guidance,feminine,0.484
2025-03-01,CH,Practical Guidance,masculine,0.516
2025-03-01,CH,Seeking information,feminine,0.455
2025-03-01,CH,Seeking information,masculine,0.545
2025-03-01,CH,Writing,feminine,0.492
2025-03-01,CH,Writing,masculine,0.508
2025-03-01,CL,Practical Guidance,feminine,0.435
2025-03-01,CL,Practical Guidance,masculine,0.565
2025-03-01,CL,Seeking information,feminine,0.420
2025-03-01,CL,Seeking information,masculine,0.580
2025-03-01,CL,Self-expression,feminine,0.513
2025-03-01,CL,Self-expression,masculine,0.487
2025-03-01,CL,Writing,feminine,0.530
2025-03-01,CL,Writing,masculine,0.470
2025-03-01,CO,Multimedia,feminine,0.491
2025-03-01,CO,Multimedia,masculine,0.509
2025-03-01,CO,Other/Unknown,feminine,0.498
2025-03-01,CO,Other/Unknown,masculine,0.502
2025-03-01,CO,Practical Guidance,feminine,0.543
2025-03-01,CO,Practical Guidance,masculine,0.457
2025-03-01,CO,Seeking information,feminine,0.543
2025-03-01,CO,Seeking information,masculine,0.457
2025-03-01,CO,Self-expression,feminine,0.532
2025-03-01,CO,Self-expression,masculine,0.468
2025-03-01,CO,Technical help,feminine,0.360
2025-03-01,CO,Technical help,masculine,0.640
2025-03-01,CO,Writing,feminine,0.566
2025-03-01,CO,Writing,masculine,0.434
2025-03-01,CR,Practical Guidance,feminine,0.598
2025-03-01,CR,Practical Guidance,masculine,0.402
2025-03-01,CR,Writing,feminine,0.595
2025-03-01,CR,Writing,masculine,0.405
2025-03-01,CZ,Practical Guidance,feminine,0.563
2025-03-01,CZ,Practical Guidance,masculine,0.437
2025-03-01,CZ,Seeking information,feminine,0.403
2025-03-01,CZ,Seeking information,masculine,0.597
2025-03-01,CZ,Writing,feminine,0.575
2025-03-01,CZ,Writing,masculine,0.425
2025-03-01,DE,Multimedia,feminine,0.361
2025-03-01,DE,Multimedia,masculine,0.639
2025-03-01,DE,Other/Unknown,feminine,0.399
2025-03-01,DE,Other/Unknown,masculine,0.601
2025-03-01,DE,Practical Guidance,feminine,0.504
2025-03-01,DE,Practical Guidance,masculine,0.496
2025-03-01,DE,Seeking information,feminine,0.404
2025-03-01,DE,Seeking information,masculine,0.596
2025-03-01,DE,Self-expression,feminine,0.544
2025-03-01,DE,Self-expression,masculine,0.456
2025-03-01,DE,Technical help,feminine,0.256
2025-03-01,DE,Technical help,masculine,0.744
2025-03-01,DE,Writing,feminine,0.550
2025-03-01,DE,Writing,masculine,0.450
2025-03-01,DK,Practical Guidance,feminine,0.589
2025-03-01,DK,Practical Guidance,masculine,0.411
2025-03-01,DK,Seeking information,feminine,0.404
2025-03-01,DK,Seeking information,masculine,0.596
2025-03-01,DK,Writing,feminine,0.560
2025-03-01,DK,Writing,masculine,0.440
2025-03-01,DO,Practical Guidance,feminine,0.566
2025-03-01,DO,Practical Guidance,masculine,0.434
2025-03-01,DO,Seeking information,feminine,0.501
2025-03-01,DO,Seeking information,masculine,0.499
2025-03-01,DO,Writing,feminine,0.641
2025-03-01,DO,Writing,masculine,0.359
2025-03-01,DZ,Practical Guidance,feminine,0.584
2025-03-01,DZ,Practical Guidance,masculine,0.416
2025-03-01,DZ,Seeking information,feminine,0.545
2025-03-01,DZ,Seeking information,masculine,0.455
2025-03-01,DZ,Self-expression,feminine,0.633
2025-03-01,DZ,Self-expression,masculine,0.367
2025-03-01,DZ,Writing,feminine,0.622
2025-03-01,DZ,Writing,masculine,0.378
2025-03-01,EC,Practical Guidance,feminine,0.542
2025-03-01,EC,Practical Guidance,masculine,0.458
2025-03-01,EC,Seeking information,feminine,0.480
2025-03-01,EC,Seeking information,masculine,0.520
2025-03-01,EC,Writing,feminine,0.517
2025-03-01,EC,Writing,masculine,0.483
2025-03-01,EG,Multimedia,feminine,0.366
2025-03-01,EG,Multimedia,masculine,0.634
2025-03-01,EG,Other/Unknown,feminine,0.447
2025-03-01,EG,Other/Unknown,masculine,0.553
2025-03-01,EG,Practical Guidance,feminine,0.477
2025-03-01,EG,Practical Guidance,masculine,0.523
2025-03-01,EG,Seeking information,feminine,0.385
2025-03-01,EG,Seeking information,masculine,0.615
2025-03-01,EG,Self-expression,feminine,0.551
2025-03-01,EG,Self-expression,masculine,0.449
2025-03-01,EG,Technical help,feminine,0.280
2025-03-01,EG,Technical help,masculine,0.720
2025-03-01,EG,Writing,feminine,0.479
2025-03-01,EG,Writing,masculine,0.521
2025-03-01,ES,Multimedia,feminine,0.415
2025-03-01,ES,Multimedia,masculine,0.585
2025-03-01,ES,Other/Unknown,feminine,0.529
2025-03-01,ES,Other/Unknown,masculine,0.471
2025-03-01,ES,Practical Guidance,feminine,0.533
2025-03-01,ES,Practical Guidance,masculine,0.467
2025-03-01,ES,Seeking information,feminine,0.473
2025-03-01,ES,Seeking information,masculine,0.527
2025-03-01,ES,Self-expression,feminine,0.587
2025-03-01,ES,Self-expression,masculine,0.413
2025-03-01,ES,Technical help,feminine,0.313
2025-03-01,ES,Technical help,masculine,0.687
2025-03-01,ES,Writing,feminine,0.626
2025-03-01,ES,Writing,masculine,0.374
2025-03-01,FI,Practical Guidance,feminine,0.550
2025-03-01,FI,Practical Guidance,masculine,0.450
2025-03-01,FI,Seeking information,feminine,0.394
2025-03-01,FI,Seeking information,masculine,0.606
2025-03-01,FI,Writing,feminine,0.515
2025-03-01,FI,Writing,masculine,0.485
2025-03-01,FR,Multimedia,feminine,0.421
2025-03-01,FR,Multimedia,masculine,0.579
2025-03-01,FR,Other/Unknown,feminine,0.490
2025-03-01,FR,Other/Unknown,masculine,0.510
2025-03-01,FR,Practical Guidance,feminine,0.510
2025-03-01,FR,Practical Guidance,masculine,0.490
2025-03-01,FR,Seeking information,feminine,0.502
2025-03-01,FR,Seeking information,masculine,0.498
2025-03-01,FR,Self-expression,feminine,0.635
2025-03-01,FR,Self-expression,masculine,0.365
2025-03-01,FR,Technical help,feminine,0.333
2025-03-01,FR,Technical help,masculine,0.667
2025-03-01,FR,Writing,feminine,0.565
2025-03-01,FR,Writing,masculine,0.435
2025-03-01,GB,Multimedia,feminine,0.352
2025-03-01,GB,Multimedia,masculine,0.648
2025-03-01,GB,Other/Unknown,feminine,0.439
2025-03-01,GB,Other/Unknown,masculine,0.561
2025-03-01,GB,Practical Guidance,feminine,0.440
2025-03-01,GB,Practical Guidance,masculine,0.560
2025-03-01,GB,Seeking information,feminine,0.390
2025-03-01,GB,Seeking information,masculine,0.610
2025-03-01,GB,Self-expression,feminine,0.541
2025-03-01,GB,Self-expression,masculine,0.459
2025-03-01,GB,Technical help,feminine,0.254
2025-03-01,GB,Technical help,masculine,0.746
2025-03-01,GB,Writing,feminine,0.535
2025-03-01,GB,Writing,masculine,0.465
2025-03-01,GH,Practical Guidance,feminine,0.478
2025-03-01,GH,Practical Guidance,masculine,0.522
2025-03-01,GR,Practical Guidance,feminine,0.384
2025-03-01,GR,Practical Guidance,masculine,0.616
2025-03-01,GR,Seeking information,feminine,0.418
2025-03-01,GR,Seeking information,masculine,0.582
2025-03-01,GR,Writing,feminine,0.571
2025-03-01,GR,Writing,masculine,0.429
2025-03-01,GT,Practical Guidance,feminine,0.490
2025-03-01,GT,Practical Guidance,masculine,0.510
2025-03-01,GT,Writing,feminine,0.582
2025-03-01,GT,Writing,masculine,0.418
2025-03-01,HU,Practical Guidance,feminine,0.509
2025-03-01,HU,Practical Guidance,masculine,0.491
2025-03-01,HU,Seeking information,feminine,0.463
2025-03-01,HU,Seeking information,masculine,0.537
2025-03-01,HU,Writing,feminine,0.672
2025-03-01,HU,Writing,masculine,0.328
2025-03-01,ID,Multimedia,feminine,0.495
2025-03-01,ID,Multimedia,masculine,0.505
2025-03-01,ID,Other/Unknown,feminine,0.517
2025-03-01,ID,Other/Unknown,masculine,0.483
2025-03-01,ID,Practical Guidance,feminine,0.590
2025-03-01,ID,Practical Guidance,masculine,0.410
2025-03-01,ID,Seeking information,feminine,0.492
2025-03-01,ID,Seeking information,masculine,0.508
2025-03-01,ID,Self-expression,feminine,0.611
2025-03-01,ID,Self-expression,masculine,0.389
2025-03-01,ID,Technical help,feminine,0.415
2025-03-01,ID,Technical help,masculine,0.585
2025-03-01,ID,Writing,feminine,0.622
2025-03-01,ID,Writing,masculine,0.378
2025-03-01,IE,Practical Guidance,feminine,0.419
2025-03-01,IE,Practical Guidance,masculine,0.581
2025-03-01,IE,Writing,feminine,0.515
2025-03-01,IE,Writing,masculine,0.485
2025-03-01,IL,Practical Guidance,feminine,0.444
2025-03-01,IL,Practical Guidance,masculine,0.556
2025-03-01,IL,Seeking information,feminine,0.393
2025-03-01,IL,Seeking information,masculine,0.607
2025-03-01,IL,Writing,feminine,0.496
2025-03-01,IL,Writing,masculine,0.504
2025-03-01,IN,Multimedia,feminine,0.410
2025-03-01,IN,Multimedia,masculine,0.590
2025-03-01,IN,Other/Unknown,feminine,0.381
2025-03-01,IN,Other/Unknown,masculine,0.619
2025-03-01,IN,Practical Guidance,feminine,0.427
2025-03-01,IN,Practical Guidance,masculine,0.573
2025-03-01,IN,Seeking information,feminine,0.368
2025-03-01,IN,Seeking information,masculine,0.632
2025-03-01,IN,Self-expression,feminine,0.510
2025-03-01,IN,Self-expression,masculine,0.490
2025-03-01,IN,Technical help,feminine,0.314
2025-03-01,IN,Technical help,masculine,0.686
2025-03-01,IN,Writing,feminine,0.448
2025-03-01,IN,Writing,masculine,0.552
2025-03-01,IQ,Practical Guidance,feminine,0.433
2025-03-01,IQ,Practical Guidance,masculine,0.567
2025-03-01,IQ,Seeking information,feminine,0.363
2025-03-01,IQ,Seeking information,masculine,0.637
2025-03-01,IQ,Writing,feminine,0.445
2025-03-01,IQ,Writing,masculine,0.555
2025-03-01,IT,Multimedia,feminine,0.467
2025-03-01,IT,Multimedia,masculine,0.533
2025-03-01,IT,Other/Unknown,feminine,0.525
2025-03-01,IT,Other/Unknown,masculine,0.475
2025-03-01,IT,Practical Guidance,feminine,0.547
2025-03-01,IT,Practical Guidance,masculine,0.453
2025-03-01,IT,Seeking information,feminine,0.484
2025-03-01,IT,Seeking information,masculine,0.516
2025-03-01,IT,Self-expression,feminine,0.641
2025-03-01,IT,Self-expression,masculine,0.359
2025-03-01,IT,Technical help,feminine,0.301
2025-03-01,IT,Technical help,masculine,0.699
2025-03-01,IT,Writing,feminine,0.613
2025-03-01,IT,Writing,masculine,0.387
2025-03-01,JP,Practical Guidance,feminine,0.358
2025-03-01,JP,Practical Guidance,masculine,0.642
2025-03-01,JP,Seeking information,feminine,0.331
2025-03-01,JP,Seeking information,masculine,0.669
2025-03-01,JP,Self-expression,feminine,0.496
2025-03-01,JP,Self-expression,masculine,0.504
2025-03-01,JP,Technical help,feminine,0.264
2025-03-01,JP,Technical help,masculine,0.736
2025-03-01,JP,Writing,feminine,0.436
2025-03-01,JP,Writing,masculine,0.564
2025-03-01,KE,Practical Guidance,feminine,0.497
2025-03-01,KE,Practical Guidance,masculine,0.503
2025-03-01,KE,Seeking information,feminine,0.465
2025-03-01,KE,Seeking information,masculine,0.535
2025-03-01,KE,Writing,feminine,0.436
2025-03-01,KE,Writing,masculine,0.564
2025-03-01,KR,Practical Guidance,feminine,0.521
2025-03-01,KR,Practical Guidance,masculine,0.479
2025-03-01,KR,Seeking information,feminine,0.475
2025-03-01,KR,Seeking information,masculine,0.525
2025-03-01,KR,Writing,feminine,0.577
2025-03-01,KR,Writing,masculine,0.423
2025-03-01,KZ,Other/Unknown,feminine,0.413
2025-03-01,KZ,Other/Unknown,masculine,0.587
2025-03-01,KZ,Practical Guidance,feminine,0.437
2025-03-01,KZ,Practical Guidance,masculine,0.563
2025-03-01,KZ,Seeking information,feminine,0.433
2025-03-01,KZ,Seeking information,masculine,0.567
2025-03-01,KZ,Self-expression,feminine,0.472
2025-03-01,KZ,Self-expression,masculine,0.528
2025-03-01,KZ,Writing,feminine,0.520
2025-03-01,KZ,Writing,masculine,0.480
2025-03-01,LB,Practical Guidance,feminine,0.577
2025-03-01,LB,Practical Guidance,masculine,0.423
2025-03-01,LT,Practical Guidance,feminine,0.415
2025-03-01,LT,Practical Guidance,masculine,0.585
2025-03-01,MA,Practical Guidance,feminine,0.483
2025-03-01,MA,Practical Guidance,masculine,0.517
2025-03-01,MA,Seeking information,feminine,0.461
2025-03-01,MA,Seeking information,masculine,0.539
2025-03-01,MA,Self-expression,feminine,0.586
2025-03-01,MA,Self-expression,masculine,0.414
2025-03-01,MA,Writing,feminine,0.555
2025-03-01,MA,Writing,masculine,0.445
2025-03-01,MX,Multimedia,feminine,0.432
2025-03-01,MX,Multimedia,masculine,0.568
2025-03-01,MX,Other/Unknown,feminine,0.436
2025-03-01,MX,Other/Unknown,masculine,0.564
2025-03-01,MX,Practical Guidance,feminine,0.494
2025-03-01,MX,Practical Guidance,masculine,0.506
2025-03-01,MX,Seeking information,feminine,0.459
2025-03-01,MX,Seeking information,masculine,0.541
2025-03-01,MX,Self-expression,feminine,0.510
2025-03-01,MX,Self-expression,masculine,0.490
2025-03-01,MX,Technical help,feminine,0.349
2025-03-01,MX,Technical help,masculine,0.651
2025-03-01,MX,Writing,feminine,0.541
2025-03-01,MX,Writing,masculine,0.459
2025-03-01,MY,Practical Guidance,feminine,0.528
2025-03-01,MY,Practical Guidance,masculine,0.472
2025-03-01,MY,Seeking information,feminine,0.383
2025-03-01,MY,Seeking information,masculine,0.617
2025-03-01,MY,Self-expression,feminine,0.559
2025-03-01,MY,Self-expression,masculine,0.441
2025-03-01,MY,Writing,feminine,0.517
2025-03-01,MY,Writing,masculine,0.483
2025-03-01,NG,Practical Guidance,feminine,0.484
2025-03-01,NG,Practical Guidance,masculine,0.516
2025-03-01,NG,Seeking information,feminine,0.390
2025-03-01,NG,Seeking information,masculine,0.610
2025-03-01,NG,Self-expression,feminine,0.387
2025-03-01,NG,Self-expression,masculine,0.613
2025-03-01,NG,Writing,feminine,0.361
2025-03-01,NG,Writing,masculine,0.639
2025-03-01,NL,Multimedia,feminine,0.340
2025-03-01,NL,Multimedia,masculine,0.660
2025-03-01,NL,Practical Guidance,feminine,0.453
2025-03-01,NL,Practical Guidance,masculine,0.547
2025-03-01,NL,Seeking information,feminine,0.436
2025-03-01,NL,Seeking information,masculine,0.564
2025-03-01,NL,Self-expression,feminine,0.601
2025-03-01,NL,Self-expression,masculine,0.399
2025-03-01,NL,Technical help,feminine,0.194
2025-03-01,NL,Technical help,masculine,0.806
2025-03-01,NL,Writing,feminine,0.541
2025-03-01,NL,Writing,masculine,0.459
2025-03-01,NO,Practical Guidance,feminine,0.503
2025-03-01,NO,Practical Guidance,masculine,0.497
2025-03-01,NO,Seeking information,feminine,0.363
2025-03-01,NO,Seeking information,masculine,0.637
2025-03-01,NO,Writing,feminine,0.581
2025-03-01,NO,Writing,masculine,0.419
2025-03-01,NP,Practical Guidance,feminine,0.438
2025-03-01,NP,Practical Guidance,masculine,0.562
2025-03-01,NP,Seeking information,feminine,0.388
2025-03-01,NP,Seeking information,masculine,0.612
2025-03-01,NP,Writing,feminine,0.536
2025-03-01,NP,Writing,masculine,0.464
2025-03-01,NZ,Practical Guidance,feminine,0.469
2025-03-01,NZ,Practical Guidance,masculine,0.531
2025-03-01,NZ,Writing,feminine,0.556
2025-03-01,NZ,Writing,masculine,0.444
2025-03-01,PE,Multimedia,feminine,0.448
2025-03-01,PE,Multimedia,masculine,0.552
2025-03-01,PE,Practical Guidance,feminine,0.510
2025-03-01,PE,Practical Guidance,masculine,0.490
2025-03-01,PE,Seeking information,feminine,0.486
2025-03-01,PE,Seeking information,masculine,0.514
2025-03-01,PE,Self-expression,feminine,0.529
2025-03-01,PE,Self-expression,masculine,0.471
2025-03-01,PE,Technical help,feminine,0.336
2025-03-01,PE,Technical help,masculine,0.664
2025-03-01,PE,Writing,feminine,0.586
2025-03-01,PE,Writing,masculine,0.414
2025-03-01,PH,Multimedia,feminine,0.411
2025-03-01,PH,Multimedia,masculine,0.589
2025-03-01,PH,Other/Unknown,feminine,0.564
2025-03-01,PH,Other/Unknown,masculine,0.436
2025-03-01,PH,Practical Guidance,feminine,0.546
2025-03-01,PH,Practical Guidance,masculine,0.454
2025-03-01,PH,Seeking information,feminine,0.524
2025-03-01,PH,Seeking information,masculine,0.476
2025-03-01,PH,Self-expression,feminine,0.541
2025-03-01,PH,Self-expression,masculine,0.459
2025-03-01,PH,Technical help,feminine,0.393
2025-03-01,PH,Technical help,masculine,0.607
2025-03-01,PH,Writing,feminine,0.594
2025-03-01,PH,Writing,masculine,0.406
2025-03-01,PK,Multimedia,feminine,0.279
2025-03-01,PK,Multimedia,masculine,0.721
2025-03-01,PK,Other/Unknown,feminine,0.348
2025-03-01,PK,Other/Unknown,masculine,0.652
2025-03-01,PK,Practical Guidance,feminine,0.389
2025-03-01,PK,Practical Guidance,masculine,0.611
2025-03-01,PK,Seeking information,feminine,0.246
2025-03-01,PK,Seeking information,masculine,0.754
2025-03-01,PK,Self-expression,feminine,0.375
2025-03-01,PK,Self-expression,masculine,0.625
2025-03-01,PK,Technical help,feminine,0.237
2025-03-01,PK,Technical help,masculine,0.763
2025-03-01,PK,Writing,feminine,0.362
2025-03-01,PK,Writing,masculine,0.638
2025-03-01,PL,Multimedia,feminine,0.494
2025-03-01,PL,Multimedia,masculine,0.506
2025-03-01,PL,Other/Unknown,feminine,0.412
2025-03-01,PL,Other/Unknown,masculine,0.588
2025-03-01,PL,Practical Guidance,feminine,0.551
2025-03-01,PL,Practical Guidance,masculine,0.449
2025-03-01,PL,Seeking information,feminine,0.471
2025-03-01,PL,Seeking information,masculine,0.529
2025-03-01,PL,Self-expression,feminine,0.668
2025-03-01,PL,Self-expression,masculine,0.332
2025-03-01,PL,Technical help,feminine,0.267
2025-03-01,PL,Technical help,masculine,0.733
2025-03-01,PL,Writing,feminine,0.602
2025-03-01,PL,Writing,masculine,0.398
2025-03-01,PT,Practical Guidance,feminine,0.546
2025-03-01,PT,Practical Guidance,masculine,0.454
2025-03-01,PT,Seeking information,feminine,0.482
2025-03-01,PT,Seeking information,masculine,0.518
2025-03-01,PT,Technical help,feminine,0.275
2025-03-01,PT,Technical help,masculine,0.725
2025-03-01,PT,Writing,feminine,0.601
2025-03-01,PT,Writing,masculine,0.399
2025-03-01,RO,Practical Guidance,feminine,0.534
2025-03-01,RO,Practical Guidance,masculine,0.466
2025-03-01,RO,Seeking information,feminine,0.521
2025-03-01,RO,Seeking information,masculine,0.479
2025-03-01,RO,Self-expression,feminine,0.589
2025-03-01,RO,Self-expression,masculine,0.411
2025-03-01,RO,Technical help,feminine,0.495
2025-03-01,RO,Technical help,masculine,0.505
2025-03-01,RO,Writing,feminine,0.649
2025-03-01,RO,Writing,masculine,0.351
2025-03-01,RS,Practical Guidance,feminine,0.528
2025-03-01,RS,Practical Guidance,masculine,0.472
2025-03-01,RS,Writing,feminine,0.552
2025-03-01,RS,Writing,masculine,0.448
2025-03-01,SA,Practical Guidance,feminine,0.510
2025-03-01,SA,Practical Guidance,masculine,0.490
2025-03-01,SA,Seeking information,feminine,0.372
2025-03-01,SA,Seeking information,masculine,0.628
2025-03-01,SA,Self-expression,feminine,0.629
2025-03-01,SA,Self-expression,masculine,0.371
2025-03-01,SA,Writing,feminine,0.440
2025-03-01,SA,Writing,masculine,0.560
2025-03-01,SE,Practical Guidance,feminine,0.499
2025-03-01,SE,Practical Guidance,masculine,0.501
2025-03-01,SE,Seeking information,feminine,0.415
2025-03-01,SE,Seeking information,masculine,0.585
2025-03-01,SE,Technical help,feminine,0.256
2025-03-01,SE,Technical help,masculine,0.744
2025-03-01,SE,Writing,feminine,0.538
2025-03-01,SE,Writing,masculine,0.462
2025-03-01,SG,Practical Guidance,feminine,0.352
2025-03-01,SG,Practical Guidance,masculine,0.648
2025-03-01,SG,Seeking information,feminine,0.414
2025-03-01,SG,Seeking information,masculine,0.586
2025-03-01,SG,Writing,feminine,0.455
2025-03-01,SG,Writing,masculine,0.545
2025-03-01,SK,Practical Guidance,feminine,0.489
2025-03-01,SK,Practical Guidance,masculine,0.511
2025-03-01,SK,Seeking information,feminine,0.527
2025-03-01,SK,Seeking information,masculine,0.473
2025-03-01,TH,Practical Guidance,feminine,0.509
2025-03-01,TH,Practical Guidance,masculine,0.491
2025-03-01,TH,Seeking information,feminine,0.506
2025-03-01,TH,Seeking information,masculine,0.494
2025-03-01,TH,Writing,feminine,0.524
2025-03-01,TH,Writing,masculine,0.476
2025-03-01,TN,Practical Guidance,feminine,0.503
2025-03-01,TN,Practical Guidance,masculine,0.497
2025-03-01,TN,Writing,feminine,0.594
2025-03-01,TN,Writing,masculine,0.406
2025-03-01,TR,Multimedia,feminine,0.402
2025-03-01,TR,Multimedia,masculine,0.598
2025-03-01,TR,Other/Unknown,feminine,0.435
2025-03-01,TR,Other/Unknown,masculine,0.565
2025-03-01,TR,Practical Guidance,feminine,0.439
2025-03-01,TR,Practical Guidance,masculine,0.561
2025-03-01,TR,Seeking information,feminine,0.415
2025-03-01,TR,Seeking information,masculine,0.585
2025-03-01,TR,Self-expression,feminine,0.603
2025-03-01,TR,Self-expression,masculine,0.397
2025-03-01,TR,Technical help,feminine,0.301
2025-03-01,TR,Technical help,masculine,0.699
2025-03-01,TR,Writing,feminine,0.493
2025-03-01,TR,Writing,masculine,0.507
2025-03-01,TW,Practical Guidance,feminine,0.454
2025-03-01,TW,Practical Guidance,masculine,0.546
2025-03-01,TW,Writing,feminine,0.441
2025-03-01,TW,Writing,masculine,0.559
2025-03-01,UA,Multimedia,feminine,0.485
2025-03-01,UA,Multimedia,masculine,0.515
2025-03-01,UA,Other/Unknown,feminine,0.448
2025-03-01,UA,Other/Unknown,masculine,0.552
2025-03-01,UA,Practical Guidance,feminine,0.536
2025-03-01,UA,Practical Guidance,masculine,0.464
2025-03-01,UA,Seeking information,feminine,0.488
2025-03-01,UA,Seeking information,masculine,0.512
2025-03-01,UA,Self-expression,feminine,0.573
2025-03-01,UA,Self-expression,masculine,0.427
2025-03-01,UA,Technical help,feminine,0.367
2025-03-01,UA,Technical help,masculine,0.633
2025-03-01,UA,Writing,feminine,0.621
2025-03-01,UA,Writing,masculine,0.379
2025-03-01,US,Multimedia,feminine,0.413
2025-03-01,US,Multimedia,masculine,0.587
2025-03-01,US,Other/Unknown,feminine,0.420
2025-03-01,US,Other/Unknown,masculine,0.580
2025-03-01,US,Practical Guidance,feminine,0.466
2025-03-01,US,Practical Guidance,masculine,0.534
2025-03-01,US,Seeking information,feminine,0.416
2025-03-01,US,Seeking information,masculine,0.584
2025-03-01,US,Self-expression,feminine,0.535
2025-03-01,US,Self-expression,masculine,0.465
2025-03-01,US,Technical help,feminine,0.343
2025-03-01,US,Technical help,masculine,0.657
2025-03-01,US,Writing,feminine,0.532
2025-03-01,US,Writing,masculine,0.468
2025-03-01,UZ,Practical Guidance,feminine,0.485
2025-03-01,UZ,Practical Guidance,masculine,0.515
2025-03-01,UZ,Seeking information,feminine,0.342
2025-03-01,UZ,Seeking information,masculine,0.658
2025-03-01,UZ,Self-expression,feminine,0.534
2025-03-01,UZ,Self-expression,masculine,0.466
2025-03-01,UZ,Writing,feminine,0.437
2025-03-01,UZ,Writing,masculine,0.563
2025-03-01,VN,Practical Guidance,feminine,0.493
2025-03-01,VN,Practical Guidance,masculine,0.507
2025-03-01,VN,Seeking information,feminine,0.474
2025-03-01,VN,Seeking information,masculine,0.526
2025-03-01,VN,Self-expression,feminine,0.530
2025-03-01,VN,Self-expression,masculine,0.470
2025-03-01,VN,Writing,feminine,0.573
2025-03-01,VN,Writing,masculine,0.427
2025-03-01,ZA,Practical Guidance,feminine,0.547
2025-03-01,ZA,Practical Guidance,masculine,0.453
2025-03-01,ZA,Seeking information,feminine,0.445
2025-03-01,ZA,Seeking information,masculine,0.555
2025-03-01,ZA,Writing,feminine,0.579
2025-03-01,ZA,Writing,masculine,0.421
2025-04-01,AE,Practical Guidance,feminine,0.495
2025-04-01,AE,Practical Guidance,masculine,0.505
2025-04-01,AE,Seeking information,feminine,0.393
2025-04-01,AE,Seeking information,masculine,0.607
2025-04-01,AE,Writing,feminine,0.469
2025-04-01,AE,Writing,masculine,0.531
2025-04-01,AR,Multimedia,feminine,0.539
2025-04-01,AR,Multimedia,masculine,0.461
2025-04-01,AR,Other/Unknown,feminine,0.511
2025-04-01,AR,Other/Unknown,masculine,0.489
2025-04-01,AR,Practical Guidance,feminine,0.546
2025-04-01,AR,Practical Guidance,masculine,0.454
2025-04-01,AR,Seeking information,feminine,0.482
2025-04-01,AR,Seeking information,masculine,0.518
2025-04-01,AR,Self-expression,feminine,0.684
2025-04-01,AR,Self-expression,masculine,0.316
2025-04-01,AR,Technical help,feminine,0.270
2025-04-01,AR,Technical help,masculine,0.730
2025-04-01,AR,Writing,feminine,0.580
2025-04-01,AR,Writing,masculine,0.420
2025-04-01,AT,Practical Guidance,feminine,0.519
2025-04-01,AT,Practical Guidance,masculine,0.481
2025-04-01,AT,Seeking information,feminine,0.403
2025-04-01,AT,Seeking information,masculine,0.597
2025-04-01,AT,Writing,feminine,0.623
2025-04-01,AT,Writing,masculine,0.377
2025-04-01,AU,Multimedia,feminine,0.414
2025-04-01,AU,Multimedia,masculine,0.586
2025-04-01,AU,Other/Unknown,feminine,0.473
2025-04-01,AU,Other/Unknown,masculine,0.527
2025-04-01,AU,Practical Guidance,feminine,0.472
2025-04-01,AU,Practical Guidance,masculine,0.528
2025-04-01,AU,Seeking information,feminine,0.399
2025-04-01,AU,Seeking information,masculine,0.601
2025-04-01,AU,Self-expression,feminine,0.547
2025-04-01,AU,Self-expression,masculine,0.453
2025-04-01,AU,Technical help,feminine,0.269
2025-04-01,AU,Technical help,masculine,0.731
2025-04-01,AU,Writing,feminine,0.551
2025-04-01,AU,Writing,masculine,0.449
2025-04-01,AZ,Practical Guidance,feminine,0.488
2025-04-01,AZ,Practical Guidance,masculine,0.512
2025-04-01,BD,Multimedia,feminine,0.312
2025-04-01,BD,Multimedia,masculine,0.688
2025-04-01,BD,Other/Unknown,feminine,0.400
2025-04-01,BD,Other/Unknown,masculine,0.600
2025-04-01,BD,Practical Guidance,feminine,0.373
2025-04-01,BD,Practical Guidance,masculine,0.627
2025-04-01,BD,Seeking information,feminine,0.334
2025-04-01,BD,Seeking information,masculine,0.666
2025-04-01,BD,Self-expression,feminine,0.445
2025-04-01,BD,Self-expression,masculine,0.555
2025-04-01,BD,Writing,feminine,0.339
2025-04-01,BD,Writing,masculine,0.661
2025-04-01,BE,Multimedia,feminine,0.505
2025-04-01,BE,Multimedia,masculine,0.495
2025-04-01,BE,Practical Guidance,feminine,0.527
2025-04-01,BE,Practical Guidance,masculine,0.473
2025-04-01,BE,Seeking information,feminine,0.468
2025-04-01,BE,Seeking information,masculine,0.532
2025-04-01,BE,Writing,feminine,0.579
2025-04-01,BE,Writing,masculine,0.421
2025-04-01,BG,Practical Guidance,feminine,0.490
2025-04-01,BG,Practical Guidance,masculine,0.510
2025-04-01,BG,Writing,feminine,0.478
2025-04-01,BG,Writing,masculine,0.522
2025-04-01,BO,Practical Guidance,feminine,0.545
2025-04-01,BO,Practical Guidance,masculine,0.455
2025-04-01,BO,Seeking information,feminine,0.443
2025-04-01,BO,Seeking information,masculine,0.557
2025-04-01,BO,Writing,feminine,0.568
2025-04-01,BO,Writing,masculine,0.432
2025-04-01,BR,Multimedia,feminine,0.511
2025-04-01,BR,Multimedia,masculine,0.489
2025-04-01,BR,Other/Unknown,feminine,0.515
2025-04-01,BR,Other/Unknown,masculine,0.485
2025-04-01,BR,Practical Guidance,feminine,0.550
2025-04-01,BR,Practical Guidance,masculine,0.450
2025-04-01,BR,Seeking information,feminine,0.455
2025-04-01,BR,Seeking information,masculine,0.545
2025-04-01,BR,Self-expression,feminine,0.618
2025-04-01,BR,Self-expression,masculine,0.382
2025-04-01,BR,Technical help,feminine,0.278
2025-04-01,BR,Technical help,masculine,0.722
2025-04-01,BR,Writing,feminine,0.604
2025-04-01,BR,Writing,masculine,0.396
2025-04-01,CA,Multimedia,feminine,0.483
2025-04-01,CA,Multimedia,masculine,0.517
2025-04-01,CA,Other/Unknown,feminine,0.466
2025-04-01,CA,Other/Unknown,masculine,0.534
2025-04-01,CA,Practical Guidance,feminine,0.510
2025-04-01,CA,Practical Guidance,masculine,0.490
2025-04-01,CA,Seeking information,feminine,0.420
2025-04-01,CA,Seeking information,masculine,0.580
2025-04-01,CA,Self-expression,feminine,0.599
2025-04-01,CA,Self-expression,masculine,0.401
2025-04-01,CA,Technical help,feminine,0.299
2025-04-01,CA,Technical help,masculine,0.701
2025-04-01,CA,Writing,feminine,0.589
2025-04-01,CA,Writing,masculine,0.411
2025-04-01,CH,Practical Guidance,feminine,0.502
2025-04-01,CH,Practical Guidance,masculine,0.498
2025-04-01,CH,Seeking information,feminine,0.415
2025-04-01,CH,Seeking information,masculine,0.585
2025-04-01,CH,Writing,feminine,0.523
2025-04-01,CH,Writing,masculine,0.477
2025-04-01,CL,Multimedia,feminine,0.477
2025-04-01,CL,Multimedia,masculine,0.523
2025-04-01,CL,Practical Guidance,feminine,0.472
2025-04-01,CL,Practical Guidance,masculine,0.528
2025-04-01,CL,Seeking information,feminine,0.411
2025-04-01,CL,Seeking information,masculine,0.589
2025-04-01,CL,Self-expression,feminine,0.631
2025-04-01,CL,Self-expression,masculine,0.369
2025-04-01,CL,Technical help,feminine,0.272
2025-04-01,CL,Technical help,masculine,0.728
2025-04-01,CL,Writing,feminine,0.525
2025-04-01,CL,Writing,masculine,0.475
2025-04-01,CO,Multimedia,feminine,0.498
2025-04-01,CO,Multimedia,masculine,0.502
2025-04-01,CO,Other/Unknown,feminine,0.450
2025-04-01,CO,Other/Unknown,masculine,0.550
2025-04-01,CO,Practical Guidance,feminine,0.518
2025-04-01,CO,Practical Guidance,masculine,0.482
2025-04-01,CO,Seeking information,feminine,0.485
2025-04-01,CO,Seeking information,masculine,0.515
2025-04-01,CO,Self-expression,feminine,0.638
2025-04-01,CO,Self-expression,masculine,0.362
2025-04-01,CO,Technical help,feminine,0.349
2025-04-01,CO,Technical help,masculine,0.651
2025-04-01,CO,Writing,feminine,0.600
2025-04-01,CO,Writing,masculine,0.400
2025-04-01,CR,Practical Guidance,feminine,0.486
2025-04-01,CR,Practical Guidance,masculine,0.514
2025-04-01,CR,Writing,feminine,0.574
2025-04-01,CR,Writing,masculine,0.426
2025-04-01,CZ,Practical Guidance,feminine,0.520
2025-04-01,CZ,Practical Guidance,masculine,0.480
2025-04-01,CZ,Seeking information,feminine,0.545
2025-04-01,CZ,Seeking information,masculine,0.455
2025-04-01,CZ,Self-expression,feminine,0.667
2025-04-01,CZ,Self-expression,masculine,0.333
2025-04-01,CZ,Writing,feminine,0.591
2025-04-01,CZ,Writing,masculine,0.409
2025-04-01,DE,Multimedia,feminine,0.430
2025-04-01,DE,Multimedia,masculine,0.570
2025-04-01,DE,Other/Unknown,feminine,0.443
2025-04-01,DE,Other/Unknown,masculine,0.557
2025-04-01,DE,Practical Guidance,feminine,0.479
2025-04-01,DE,Practical Guidance,masculine,0.521
2025-04-01,DE,Seeking information,feminine,0.435
2025-04-01,DE,Seeking information,masculine,0.565
2025-04-01,DE,Self-expression,feminine,0.597
2025-04-01,DE,Self-expression,masculine,0.403
2025-04-01,DE,Technical help,feminine,0.275
2025-04-01,DE,Technical help,masculine,0.725
2025-04-01,DE,Writing,feminine,0.534
2025-04-01,DE,Writing,masculine,0.466
2025-04-01,DK,Practical Guidance,feminine,0.507
2025-04-01,DK,Practical Guidance,masculine,0.493
2025-04-01,DK,Seeking information,feminine,0.503
2025-04-01,DK,Seeking information,masculine,0.497
2025-04-01,DK,Writing,feminine,0.558
2025-04-01,DK,Writing,masculine,0.442
2025-04-01,DO,Practical Guidance,feminine,0.588
2025-04-01,DO,Practical Guidance,masculine,0.412
2025-04-01,DO,Seeking information,feminine,0.493
2025-04-01,DO,Seeking information,masculine,0.507
2025-04-01,DO,Writing,feminine,0.657
2025-04-01,DO,Writing,masculine,0.343
2025-04-01,DZ,Multimedia,feminine,0.503
2025-04-01,DZ,Multimedia,masculine,0.497
2025-04-01,DZ,Other/Unknown,feminine,0.582
2025-04-01,DZ,Other/Unknown,masculine,0.418
2025-04-01,DZ,Practical Guidance,feminine,0.583
2025-04-01,DZ,Practical Guidance,masculine,0.417
2025-04-01,DZ,Seeking information,feminine,0.512
2025-04-01,DZ,Seeking information,masculine,0.488
2025-04-01,DZ,Self-expression,feminine,0.622
2025-04-01,DZ,Self-expression,masculine,0.378
2025-04-01,DZ,Writing,feminine,0.625
2025-04-01,DZ,Writing,masculine,0.375
2025-04-01,EC,Multimedia,feminine,0.401
2025-04-01,EC,Multimedia,masculine,0.599
2025-04-01,EC,Practical Guidance,feminine,0.584
2025-04-01,EC,Practical Guidance,masculine,0.416
2025-04-01,EC,Seeking information,feminine,0.399
2025-04-01,EC,Seeking information,masculine,0.601
2025-04-01,EC,Writing,feminine,0.568
2025-04-01,EC,Writing,masculine,0.432
2025-04-01,EG,Multimedia,feminine,0.413
2025-04-01,EG,Multimedia,masculine,0.587
2025-04-01,EG,Other/Unknown,feminine,0.448
2025-04-01,EG,Other/Unknown,masculine,0.552
2025-04-01,EG,Practical Guidance,feminine,0.477
2025-04-01,EG,Practical Guidance,masculine,0.523
2025-04-01,EG,Seeking information,feminine,0.365
2025-04-01,EG,Seeking information,masculine,0.635
2025-04-01,EG,Self-expression,feminine,0.623
2025-04-01,EG,Self-expression,masculine,0.377
2025-04-01,EG,Technical help,feminine,0.264
2025-04-01,EG,Technical help,masculine,0.736
2025-04-01,EG,Writing,feminine,0.500
2025-04-01,EG,Writing,masculine,0.500
2025-04-01,ES,Multimedia,feminine,0.480
2025-04-01,ES,Multimedia,masculine,0.520
2025-04-01,ES,Other/Unknown,feminine,0.552
2025-04-01,ES,Other/Unknown,masculine,0.448
2025-04-01,ES,Practical Guidance,feminine,0.553
2025-04-01,ES,Practical Guidance,masculine,0.447
2025-04-01,ES,Seeking information,feminine,0.480
2025-04-01,ES,Seeking information,masculine,0.520
2025-04-01,ES,Self-expression,feminine,0.625
2025-04-01,ES,Self-expression,masculine,0.375
2025-04-01,ES,Technical help,feminine,0.307
2025-04-01,ES,Technical help,masculine,0.693
2025-04-01,ES,Writing,feminine,0.596
2025-04-01,ES,Writing,masculine,0.404
2025-04-01,FI,Practical Guidance,feminine,0.526
2025-04-01,FI,Practical Guidance,masculine,0.474
2025-04-01,FI,Seeking information,feminine,0.444
2025-04-01,FI,Seeking information,masculine,0.556
2025-04-01,FI,Writing,feminine,0.595
2025-04-01,FI,Writing,masculine,0.405
2025-04-01,FR,Multimedia,feminine,0.491
2025-04-01,FR,Multimedia,masculine,0.509
2025-04-01,FR,Other/Unknown,feminine,0.559
2025-04-01,FR,Other/Unknown,masculine,0.441
2025-04-01,FR,Practical Guidance,feminine,0.526
2025-04-01,FR,Practical Guidance,masculine,0.474
2025-04-01,FR,Seeking information,feminine,0.458
2025-04-01,FR,Seeking information,masculine,0.542
2025-04-01,FR,Self-expression,feminine,0.653
2025-04-01,FR,Self-expression,masculine,0.347
2025-04-01,FR,Technical help,feminine,0.323
2025-04-01,FR,Technical help,masculine,0.677
2025-04-01,FR,Writing,feminine,0.583
2025-04-01,FR,Writing,masculine,0.417
2025-04-01,GB,Multimedia,feminine,0.419
2025-04-01,GB,Multimedia,masculine,0.581
2025-04-01,GB,Other/Unknown,feminine,0.382
2025-04-01,GB,Other/Unknown,masculine,0.618
2025-04-01,GB,Practical Guidance,feminine,0.495
2025-04-01,GB,Practical Guidance,masculine,0.505
2025-04-01,GB,Seeking information,feminine,0.388
2025-04-01,GB,Seeking information,masculine,0.612
2025-04-01,GB,Self-expression,feminine,0.568
2025-04-01,GB,Self-expression,masculine,0.432
2025-04-01,GB,Technical help,feminine,0.241
2025-04-01,GB,Technical help,masculine,0.759
2025-04-01,GB,Writing,feminine,0.525
2025-04-01,GB,Writing,masculine,0.475
2025-04-01,GR,Practical Guidance,feminine,0.542
2025-04-01,GR,Practical Guidance,masculine,0.458
2025-04-01,GR,Seeking information,feminine,0.422
2025-04-01,GR,Seeking information,masculine,0.578
2025-04-01,GR,Writing,feminine,0.614
2025-04-01,GR,Writing,masculine,0.386
2025-04-01,GT,Practical Guidance,feminine,0.599
2025-04-01,GT,Practical Guidance,masculine,0.401
2025-04-01,HU,Practical Guidance,feminine,0.495
2025-04-01,HU,Practical Guidance,masculine,0.505
2025-04-01,HU,Seeking information,feminine,0.412
2025-04-01,HU,Seeking information,masculine,0.588
2025-04-01,HU,Writing,feminine,0.502
2025-04-01,HU,Writing,masculine,0.498
2025-04-01,ID,Multimedia,feminine,0.551
2025-04-01,ID,Multimedia,masculine,0.449
2025-04-01,ID,Other/Unknown,feminine,0.518
2025-04-01,ID,Other/Unknown,masculine,0.482
2025-04-01,ID,Practical Guidance,feminine,0.603
2025-04-01,ID,Practical Guidance,masculine,0.397
2025-04-01,ID,Seeking information,feminine,0.534
2025-04-01,ID,Seeking information,masculine,0.466
2025-04-01,ID,Self-expression,feminine,0.644
2025-04-01,ID,Self-expression,masculine,0.356
2025-04-01,ID,Technical help,feminine,0.486
2025-04-01,ID,Technical help,masculine,0.514
2025-04-01,ID,Writing,feminine,0.641
2025-04-01,ID,Writing,masculine,0.359
2025-04-01,IE,Practical Guidance,feminine,0.459
2025-04-01,IE,Practical Guidance,masculine,0.541
2025-04-01,IE,Seeking information,feminine,0.412
2025-04-01,IE,Seeking information,masculine,0.588
2025-04-01,IE,Writing,feminine,0.589
2025-04-01,IE,Writing,masculine,0.411
2025-04-01,IL,Practical Guidance,feminine,0.417
2025-04-01,IL,Practical Guidance,masculine,0.583
2025-04-01,IL,Seeking information,feminine,0.404
2025-04-01,IL,Seeking information,masculine,0.596
2025-04-01,IL,Writing,feminine,0.562
2025-04-01,IL,Writing,masculine,0.438
2025-04-01,IN,Multimedia,feminine,0.379
2025-04-01,IN,Multimedia,masculine,0.621
2025-04-01,IN,Other/Unknown,feminine,0.396
2025-04-01,IN,Other/Unknown,masculine,0.604
2025-04-01,IN,Practical Guidance,feminine,0.414
2025-04-01,IN,Practical Guidance,masculine,0.586
2025-04-01,IN,Seeking information,feminine,0.405
2025-04-01,IN,Seeking information,masculine,0.595
2025-04-01,IN,Self-expression,feminine,0.501
2025-04-01,IN,Self-expression,masculine,0.499
2025-04-01,IN,Technical help,feminine,0.312
2025-04-01,IN,Technical help,masculine,0.688
2025-04-01,IN,Writing,feminine,0.448
2025-04-01,IN,Writing,masculine,0.552
2025-04-01,IQ,Practical Guidance,feminine,0.528
2025-04-01,IQ,Practical Guidance,masculine,0.472
2025-04-01,IQ,Self-expression,feminine,0.607
2025-04-01,IQ,Self-expression,masculine,0.393
2025-04-01,IQ,Writing,feminine,0.539
2025-04-01,IQ,Writing,masculine,0.461
2025-04-01,IT,Multimedia,feminine,0.496
2025-04-01,IT,Multimedia,masculine,0.504
2025-04-01,IT,Other/Unknown,feminine,0.467
2025-04-01,IT,Other/Unknown,masculine,0.533
2025-04-01,IT,Practical Guidance,feminine,0.536
2025-04-01,IT,Practical Guidance,masculine,0.464
2025-04-01,IT,Seeking information,feminine,0.478
2025-04-01,IT,Seeking information,masculine,0.522
2025-04-01,IT,Self-expression,feminine,0.618
2025-04-01,IT,Self-expression,masculine,0.382
2025-04-01,IT,Technical help,feminine,0.388
2025-04-01,IT,Technical help,masculine,0.612
2025-04-01,IT,Writing,feminine,0.586
2025-04-01,IT,Writing,masculine,0.414
2025-04-01,JO,Practical Guidance,feminine,0.564
2025-04-01,JO,Practical Guidance,masculine,0.436
2025-04-01,JO,Writing,feminine,0.559
2025-04-01,JO,Writing,masculine,0.441
2025-04-01,JP,Multimedia,feminine,0.370
2025-04-01,JP,Multimedia,masculine,0.630
2025-04-01,JP,Practical Guidance,feminine,0.379
2025-04-01,JP,Practical Guidance,masculine,0.621
2025-04-01,JP,Seeking information,feminine,0.382
2025-04-01,JP,Seeking information,masculine,0.618
2025-04-01,JP,Self-expression,feminine,0.516
2025-04-01,JP,Self-expression,masculine,0.484
2025-04-01,JP,Technical help,feminine,0.214
2025-04-01,JP,Technical help,masculine,0.786
2025-04-01,JP,Writing,feminine,0.452
2025-04-01,JP,Writing,masculine,0.548
2025-04-01,KE,Practical Guidance,feminine,0.476
2025-04-01,KE,Practical Guidance,masculine,0.524
2025-04-01,KE,Seeking information,feminine,0.391
2025-04-01,KE,Seeking information,masculine,0.609
2025-04-01,KE,Writing,feminine,0.487
2025-04-01,KE,Writing,masculine,0.513
2025-04-01,KR,Multimedia,feminine,0.604
2025-04-01,KR,Multimedia,masculine,0.396
2025-04-01,KR,Practical Guidance,feminine,0.547
2025-04-01,KR,Practical Guidance,masculine,0.453
2025-04-01,KR,Seeking information,feminine,0.510
2025-04-01,KR,Seeking information,masculine,0.490
2025-04-01,KR,Self-expression,feminine,0.678
2025-04-01,KR,Self-expression,masculine,0.322
2025-04-01,KR,Technical help,feminine,0.248
2025-04-01,KR,Technical help,masculine,0.752
2025-04-01,KR,Writing,feminine,0.609
2025-04-01,KR,Writing,masculine,0.391
2025-04-01,KZ,Multimedia,feminine,0.586
2025-04-01,KZ,Multimedia,masculine,0.414
2025-04-01,KZ,Practical Guidance,feminine,0.539
2025-04-01,KZ,Practical Guidance,masculine,0.461
2025-04-01,KZ,Seeking information,feminine,0.442
2025-04-01,KZ,Seeking information,masculine,0.558
2025-04-01,KZ,Self-expression,feminine,0.489
2025-04-01,KZ,Self-expression,masculine,0.511
2025-04-01,KZ,Writing,feminine,0.504
2025-04-01,KZ,Writing,masculine,0.496
2025-04-01,LB,Practical Guidance,feminine,0.673
2025-04-01,LB,Practical Guidance,masculine,0.327
2025-04-01,LT,Practical Guidance,feminine,0.467
2025-04-01,LT,Practical Guidance,masculine,0.533
2025-04-01,MA,Practical Guidance,feminine,0.497
2025-04-01,MA,Practical Guidance,masculine,0.503
2025-04-01,MA,Seeking information,feminine,0.422
2025-04-01,MA,Seeking information,masculine,0.578
2025-04-01,MA,Self-expression,feminine,0.564
2025-04-01,MA,Self-expression,masculine,0.436
2025-04-01,MA,Writing,feminine,0.543
2025-04-01,MA,Writing,masculine,0.457
2025-04-01,MX,Multimedia,feminine,0.434
2025-04-01,MX,Multimedia,masculine,0.566
2025-04-01,MX,Other/Unknown,feminine,0.415
2025-04-01,MX,Other/Unknown,masculine,0.585
2025-04-01,MX,Practical Guidance,feminine,0.493
2025-04-01,MX,Practical Guidance,masculine,0.507
2025-04-01,MX,Seeking information,feminine,0.441
2025-04-01,MX,Seeking information,masculine,0.559
2025-04-01,MX,Self-expression,feminine,0.585
2025-04-01,MX,Self-expression,masculine,0.415
2025-04-01,MX,Technical help,feminine,0.318
2025-04-01,MX,Technical help,masculine,0.682
2025-04-01,MX,Writing,feminine,0.531
2025-04-01,MX,Writing,masculine,0.469
2025-04-01,MY,Multimedia,feminine,0.482
2025-04-01,MY,Multimedia,masculine,0.518
2025-04-01,MY,Other/Unknown,feminine,0.486
2025-04-01,MY,Other/Unknown,masculine,0.514
2025-04-01,MY,Practical Guidance,feminine,0.504
2025-04-01,MY,Practical Guidance,masculine,0.496
2025-04-01,MY,Seeking information,feminine,0.370
2025-04-01,MY,Seeking information,masculine,0.630
2025-04-01,MY,Self-expression,feminine,0.546
2025-04-01,MY,Self-expression,masculine,0.454
2025-04-01,MY,Writing,feminine,0.548
2025-04-01,MY,Writing,masculine,0.452
2025-04-01,NG,Practical Guidance,feminine,0.435
2025-04-01,NG,Practical Guidance,masculine,0.565
2025-04-01,NG,Seeking information,feminine,0.362
2025-04-01,NG,Seeking information,masculine,0.638
2025-04-01,NG,Writing,feminine,0.339
2025-04-01,NG,Writing,masculine,0.661
2025-04-01,NL,Multimedia,feminine,0.490
2025-04-01,NL,Multimedia,masculine,0.510
2025-04-01,NL,Practical Guidance,feminine,0.460
2025-04-01,NL,Practical Guidance,masculine,0.540
2025-04-01,NL,Seeking information,feminine,0.409
2025-04-01,NL,Seeking information,masculine,0.591
2025-04-01,NL,Self-expression,feminine,0.568
2025-04-01,NL,Self-expression,masculine,0.432
2025-04-01,NL,Technical help,feminine,0.279
2025-04-01,NL,Technical help,masculine,0.721
2025-04-01,NL,Writing,feminine,0.546
2025-04-01,NL,Writing,masculine,0.454
2025-04-01,NO,Practical Guidance,feminine,0.535
2025-04-01,NO,Practical Guidance,masculine,0.465
2025-04-01,NO,Seeking information,feminine,0.421
2025-04-01,NO,Seeking information,masculine,0.579
2025-04-01,NO,Writing,feminine,0.512
2025-04-01,NO,Writing,masculine,0.488
2025-04-01,NP,Practical Guidance,feminine,0.418
2025-04-01,NP,Practical Guidance,masculine,0.582
2025-04-01,NP,Writing,feminine,0.485
2025-04-01,NP,Writing,masculine,0.515
2025-04-01,NZ,Practical Guidance,feminine,0.458
2025-04-01,NZ,Practical Guidance,masculine,0.542
2025-04-01,NZ,Writing,feminine,0.619
2025-04-01,NZ,Writing,masculine,0.381
2025-04-01,PE,Multimedia,feminine,0.560
2025-04-01,PE,Multimedia,masculine,0.440
2025-04-01,PE,Practical Guidance,feminine,0.516
2025-04-01,PE,Practical Guidance,masculine,0.484
2025-04-01,PE,Seeking information,feminine,0.516
2025-04-01,PE,Seeking information,masculine,0.484
2025-04-01,PE,Self-expression,feminine,0.680
2025-04-01,PE,Self-expression,masculine,0.320
2025-04-01,PE,Technical help,feminine,0.302
2025-04-01,PE,Technical help,masculine,0.698
2025-04-01,PE,Writing,feminine,0.577
2025-04-01,PE,Writing,masculine,0.423
2025-04-01,PH,Multimedia,feminine,0.497
2025-04-01,PH,Multimedia,masculine,0.503
2025-04-01,PH,Other/Unknown,feminine,0.433
2025-04-01,PH,Other/Unknown,masculine,0.567
2025-04-01,PH,Practical Guidance,feminine,0.565
2025-04-01,PH,Practical Guidance,masculine,0.435
2025-04-01,PH,Seeking information,feminine,0.486
2025-04-01,PH,Seeking information,masculine,0.514
2025-04-01,PH,Self-expression,feminine,0.553
2025-04-01,PH,Self-expression,masculine,0.447
2025-04-01,PH,Technical help,feminine,0.359
2025-04-01,PH,Technical help,masculine,0.641
2025-04-01,PH,Writing,feminine,0.615
2025-04-01,PH,Writing,masculine,0.385
2025-04-01,PK,Multimedia,feminine,0.292
2025-04-01,PK,Multimedia,masculine,0.708
2025-04-01,PK,Other/Unknown,feminine,0.347
2025-04-01,PK,Other/Unknown,masculine,0.653
2025-04-01,PK,Practical Guidance,feminine,0.411
2025-04-01,PK,Practical Guidance,masculine,0.589
2025-04-01,PK,Seeking information,feminine,0.361
2025-04-01,PK,Seeking information,masculine,0.639
2025-04-01,PK,Self-expression,feminine,0.330
2025-04-01,PK,Self-expression,masculine,0.670
2025-04-01,PK,Technical help,feminine,0.263
2025-04-01,PK,Technical help,masculine,0.737
2025-04-01,PK,Writing,feminine,0.404
2025-04-01,PK,Writing,masculine,0.596
2025-04-01,PL,Multimedia,feminine,0.526
2025-04-01,PL,Multimedia,masculine,0.474
2025-04-01,PL,Other/Unknown,feminine,0.511
2025-04-01,PL,Other/Unknown,masculine,0.489
2025-04-01,PL,Practical Guidance,feminine,0.576
2025-04-01,PL,Practical Guidance,masculine,0.424
2025-04-01,PL,Seeking information,feminine,0.493
2025-04-01,PL,Seeking information,masculine,0.507
2025-04-01,PL,Self-expression,feminine,0.631
2025-04-01,PL,Self-expression,masculine,0.369
2025-04-01,PL,Technical help,feminine,0.310
2025-04-01,PL,Technical help,masculine,0.690
2025-04-01,PL,Writing,feminine,0.628
2025-04-01,PL,Writing,masculine,0.372
2025-04-01,PT,Multimedia,feminine,0.496
2025-04-01,PT,Multimedia,masculine,0.504
2025-04-01,PT,Practical Guidance,feminine,0.537
2025-04-01,PT,Practical Guidance,masculine,0.463
2025-04-01,PT,Seeking information,feminine,0.423
2025-04-01,PT,Seeking information,masculine,0.577
2025-04-01,PT,Self-expression,feminine,0.663
2025-04-01,PT,Self-expression,masculine,0.337
2025-04-01,PT,Technical help,feminine,0.283
2025-04-01,PT,Technical help,masculine,0.717
2025-04-01,PT,Writing,feminine,0.602
2025-04-01,PT,Writing,masculine,0.398
2025-04-01,RO,Multimedia,feminine,0.573
2025-04-01,RO,Multimedia,masculine,0.427
2025-04-01,RO,Practical Guidance,feminine,0.514
2025-04-01,RO,Practical Guidance,masculine,0.486
2025-04-01,RO,Seeking information,feminine,0.489
2025-04-01,RO,Seeking information,masculine,0.511
2025-04-01,RO,Self-expression,feminine,0.658
2025-04-01,RO,Self-expression,masculine,0.342
2025-04-01,RO,Technical help,feminine,0.338
2025-04-01,RO,Technical help,masculine,0.662
2025-04-01,RO,Writing,feminine,0.642
2025-04-01,RO,Writing,masculine,0.358
2025-04-01,RS,Practical Guidance,feminine,0.586
2025-04-01,RS,Practical Guidance,masculine,0.414
2025-04-01,SA,Multimedia,feminine,0.416
2025-04-01,SA,Multimedia,masculine,0.584
2025-04-01,SA,Other/Unknown,feminine,0.480
2025-04-01,SA,Other/Unknown,masculine,0.520
2025-04-01,SA,Practical Guidance,feminine,0.475
2025-04-01,SA,Practical Guidance,masculine,0.525
2025-04-01,SA,Seeking information,feminine,0.453
2025-04-01,SA,Seeking information,masculine,0.547
2025-04-01,SA,Self-expression,feminine,0.673
2025-04-01,SA,Self-expression,masculine,0.327
2025-04-01,SA,Writing,feminine,0.453
2025-04-01,SA,Writing,masculine,0.547
2025-04-01,SE,Practical Guidance,feminine,0.544
2025-04-01,SE,Practical Guidance,masculine,0.456
2025-04-01,SE,Seeking information,feminine,0.414
2025-04-01,SE,Seeking information,masculine,0.586
2025-04-01,SE,Writing,feminine,0.570
2025-04-01,SE,Writing,masculine,0.430
2025-04-01,SG,Practical Guidance,feminine,0.487
2025-04-01,SG,Practical Guidance,masculine,0.513
2025-04-01,SG,Seeking information,feminine,0.395
2025-04-01,SG,Seeking information,masculine,0.605
2025-04-01,SG,Writing,feminine,0.550
2025-04-01,SG,Writing,masculine,0.450
2025-04-01,SK,Practical Guidance,feminine,0.545
2025-04-01,SK,Practical Guidance,masculine,0.455
2025-04-01,SK,Seeking information,feminine,0.497
2025-04-01,SK,Seeking information,masculine,0.503
2025-04-01,SK,Writing,feminine,0.600
2025-04-01,SK,Writing,masculine,0.400
2025-04-01,TH,Practical Guidance,feminine,0.431
2025-04-01,TH,Practical Guidance,masculine,0.569
2025-04-01,TH,Writing,feminine,0.494
2025-04-01,TH,Writing,masculine,0.506
2025-04-01,TN,Practical Guidance,feminine,0.621
2025-04-01,TN,Practical Guidance,masculine,0.379
2025-04-01,TN,Writing,feminine,0.656
2025-04-01,TN,Writing,masculine,0.344
2025-04-01,TR,Multimedia,feminine,0.466
2025-04-01,TR,Multimedia,masculine,0.534
2025-04-01,TR,Other/Unknown,feminine,0.445
2025-04-01,TR,Other/Unknown,masculine,0.555
2025-04-01,TR,Practical Guidance,feminine,0.485
2025-04-01,TR,Practical Guidance,masculine,0.515
2025-04-01,TR,Seeking information,feminine,0.406
2025-04-01,TR,Seeking information,masculine,0.594
2025-04-01,TR,Self-expression,feminine,0.583
2025-04-01,TR,Self-expression,masculine,0.417
2025-04-01,TR,Technical help,feminine,0.267
2025-04-01,TR,Technical help,masculine,0.733
2025-04-01,TR,Writing,feminine,0.516
2025-04-01,TR,Writing,masculine,0.484
2025-04-01,TW,Practical Guidance,feminine,0.529
2025-04-01,TW,Practical Guidance,masculine,0.471
2025-04-01,TW,Seeking information,feminine,0.344
2025-04-01,TW,Seeking information,masculine,0.656
2025-04-01,TW,Writing,feminine,0.534
2025-04-01,TW,Writing,masculine,0.466
2025-04-01,UA,Multimedia,feminine,0.518
2025-04-01,UA,Multimedia,masculine,0.482
2025-04-01,UA,Other/Unknown,feminine,0.448
2025-04-01,UA,Other/Unknown,masculine,0.552
2025-04-01,UA,Practical Guidance,feminine,0.569
2025-04-01,UA,Practical Guidance,masculine,0.431
2025-04-01,UA,Seeking information,feminine,0.487
2025-04-01,UA,Seeking information,masculine,0.513
2025-04-01,UA,Self-expression,feminine,0.556
2025-04-01,UA,Self-expression,masculine,0.444
2025-04-01,UA,Technical help,feminine,0.360
2025-04-01,UA,Technical help,masculine,0.640
2025-04-01,UA,Writing,feminine,0.609
2025-04-01,UA,Writing,masculine,0.391
2025-04-01,US,Multimedia,feminine,0.468
2025-04-01,US,Multimedia,masculine,0.532
2025-04-01,US,Other/Unknown,feminine,0.440
2025-04-01,US,Other/Unknown,masculine,0.560
2025-04-01,US,Practical Guidance,feminine,0.474
2025-04-01,US,Practical Guidance,masculine,0.526
2025-04-01,US,Seeking information,feminine,0.435
2025-04-01,US,Seeking information,masculine,0.565
2025-04-01,US,Self-expression,feminine,0.571
2025-04-01,US,Self-expression,masculine,0.429
2025-04-01,US,Technical help,feminine,0.342
2025-04-01,US,Technical help,masculine,0.658
2025-04-01,US,Writing,feminine,0.553
2025-04-01,US,Writing,masculine,0.447
2025-04-01,UY,Practical Guidance,feminine,0.721
2025-04-01,UY,Practical Guidance,masculine,0.279
2025-04-01,UZ,Practical Guidance,feminine,0.495
2025-04-01,UZ,Practical Guidance,masculine,0.505
2025-04-01,UZ,Seeking information,feminine,0.419
2025-04-01,UZ,Seeking information,masculine,0.581
2025-04-01,UZ,Writing,feminine,0.529
2025-04-01,UZ,Writing,masculine,0.471
2025-04-01,VN,Practical Guidance,feminine,0.493
2025-04-01,VN,Practical Guidance,masculine,0.507
2025-04-01,VN,Seeking information,feminine,0.502
2025-04-01,VN,Seeking information,masculine,0.498
2025-04-01,VN,Self-expression,feminine,0.561
2025-04-01,VN,Self-expression,masculine,0.439
2025-04-01,VN,Writing,feminine,0.554
2025-04-01,VN,Writing,masculine,0.446
2025-04-01,ZA,Practical Guidance,feminine,0.501
2025-04-01,ZA,Practical Guidance,masculine,0.499
2025-04-01,ZA,Seeking information,feminine,0.493
2025-04-01,ZA,Seeking information,masculine,0.507
2025-04-01,ZA,Writing,feminine,0.624
2025-04-01,ZA,Writing,masculine,0.376
2025-05-01,AE,Practical Guidance,feminine,0.564
2025-05-01,AE,Practical Guidance,masculine,0.436
2025-05-01,AE,Seeking information,feminine,0.413
2025-05-01,AE,Seeking information,masculine,0.587
2025-05-01,AE,Writing,feminine,0.522
2025-05-01,AE,Writing,masculine,0.478
2025-05-01,AR,Multimedia,feminine,0.562
2025-05-01,AR,Multimedia,masculine,0.438
2025-05-01,AR,Other/Unknown,feminine,0.688
2025-05-01,AR,Other/Unknown,masculine,0.312
2025-05-01,AR,Practical Guidance,feminine,0.559
2025-05-01,AR,Practical Guidance,masculine,0.441
2025-05-01,AR,Seeking information,feminine,0.470
2025-05-01,AR,Seeking information,masculine,0.530
2025-05-01,AR,Self-expression,feminine,0.639
2025-05-01,AR,Self-expression,masculine,0.361
2025-05-01,AR,Technical help,feminine,0.267
2025-05-01,AR,Technical help,masculine,0.733
2025-05-01,AR,Writing,feminine,0.589
2025-05-01,AR,Writing,masculine,0.411
2025-05-01,AT,Practical Guidance,feminine,0.492
2025-05-01,AT,Practical Guidance,masculine,0.508
2025-05-01,AT,Seeking information,feminine,0.436
2025-05-01,AT,Seeking information,masculine,0.564
2025-05-01,AT,Writing,feminine,0.579
2025-05-01,AT,Writing,masculine,0.421
2025-05-01,AU,Multimedia,feminine,0.441
2025-05-01,AU,Multimedia,masculine,0.559
2025-05-01,AU,Practical Guidance,feminine,0.505
2025-05-01,AU,Practical Guidance,masculine,0.495
2025-05-01,AU,Seeking information,feminine,0.447
2025-05-01,AU,Seeking information,masculine,0.553
2025-05-01,AU,Self-expression,feminine,0.537
2025-05-01,AU,Self-expression,masculine,0.463
2025-05-01,AU,Technical help,feminine,0.283
2025-05-01,AU,Technical help,masculine,0.717
2025-05-01,AU,Writing,feminine,0.599
2025-05-01,AU,Writing,masculine,0.401
2025-05-01,AZ,Practical Guidance,feminine,0.449
2025-05-01,AZ,Practical Guidance,masculine,0.551
2025-05-01,AZ,Seeking information,feminine,0.502
2025-05-01,AZ,Seeking information,masculine,0.498
2025-05-01,AZ,Self-expression,feminine,0.584
2025-05-01,AZ,Self-expression,masculine,0.416
2025-05-01,AZ,Writing,feminine,0.513
2025-05-01,AZ,Writing,masculine,0.487
2025-05-01,BD,Multimedia,feminine,0.266
2025-05-01,BD,Multimedia,masculine,0.734
2025-05-01,BD,Other/Unknown,feminine,0.251
2025-05-01,BD,Other/Unknown,masculine,0.749
2025-05-01,BD,Practical Guidance,feminine,0.353
2025-05-01,BD,Practical Guidance,masculine,0.647
2025-05-01,BD,Seeking information,feminine,0.322
2025-05-01,BD,Seeking information,masculine,0.678
2025-05-01,BD,Self-expression,feminine,0.433
2025-05-01,BD,Self-expression,masculine,0.567
2025-05-01,BD,Writing,feminine,0.403
2025-05-01,BD,Writing,masculine,0.597
2025-05-01,BE,Practical Guidance,feminine,0.513
2025-05-01,BE,Practical Guidance,masculine,0.487
2025-05-01,BE,Seeking information,feminine,0.468
2025-05-01,BE,Seeking information,masculine,0.532
2025-05-01,BE,Writing,feminine,0.596
2025-05-01,BE,Writing,masculine,0.404
2025-05-01,BG,Practical Guidance,feminine,0.512
2025-05-01,BG,Practical Guidance,masculine,0.488
2025-05-01,BG,Seeking information,feminine,0.404
2025-05-01,BG,Seeking information,masculine,0.596
2025-05-01,BO,Practical Guidance,feminine,0.558
2025-05-01,BO,Practical Guidance,masculine,0.442
2025-05-01,BO,Seeking information,feminine,0.556
2025-05-01,BO,Seeking information,masculine,0.444
2025-05-01,BO,Writing,feminine,0.626
2025-05-01,BO,Writing,masculine,0.374
2025-05-01,BR,Multimedia,feminine,0.530
2025-05-01,BR,Multimedia,masculine,0.470
2025-05-01,BR,Other/Unknown,feminine,0.550
2025-05-01,BR,Other/Unknown,masculine,0.450
2025-05-01,BR,Practical Guidance,feminine,0.556
2025-05-01,BR,Practical Guidance,masculine,0.444
2025-05-01,BR,Seeking information,feminine,0.474
2025-05-01,BR,Seeking information,masculine,0.526
2025-05-01,BR,Self-expression,feminine,0.644
2025-05-01,BR,Self-expression,masculine,0.356
2025-05-01,BR,Technical help,feminine,0.309
2025-05-01,BR,Technical help,masculine,0.691
2025-05-01,BR,Writing,feminine,0.618
2025-05-01,BR,Writing,masculine,0.382
2025-05-01,CA,Multimedia,feminine,0.461
2025-05-01,CA,Multimedia,masculine,0.539
2025-05-01,CA,Other/Unknown,feminine,0.394
2025-05-01,CA,Other/Unknown,masculine,0.606
2025-05-01,CA,Practical Guidance,feminine,0.503
2025-05-01,CA,Practical Guidance,masculine,0.497
2025-05-01,CA,Seeking information,feminine,0.444
2025-05-01,CA,Seeking information,masculine,0.556
2025-05-01,CA,Self-expression,feminine,0.642
2025-05-01,CA,Self-expression,masculine,0.358
2025-05-01,CA,Technical help,feminine,0.266
2025-05-01,CA,Technical help,masculine,0.734
2025-05-01,CA,Writing,feminine,0.549
2025-05-01,CA,Writing,masculine,0.451
2025-05-01,CH,Practical Guidance,feminine,0.516
2025-05-01,CH,Practical Guidance,masculine,0.484
2025-05-01,CH,Seeking information,feminine,0.452
2025-05-01,CH,Seeking information,masculine,0.548
2025-05-01,CH,Writing,feminine,0.618
2025-05-01,CH,Writing,masculine,0.382
2025-05-01,CL,Multimedia,feminine,0.460
2025-05-01,CL,Multimedia,masculine,0.540
2025-05-01,CL,Practical Guidance,feminine,0.545
2025-05-01,CL,Practical Guidance,masculine,0.455
2025-05-01,CL,Seeking information,feminine,0.470
2025-05-01,CL,Seeking information,masculine,0.530
2025-05-01,CL,Self-expression,feminine,0.576
2025-05-01,CL,Self-expression,masculine,0.424
2025-05-01,CL,Technical help,feminine,0.255
2025-05-01,CL,Technical help,masculine,0.745
2025-05-01,CL,Writing,feminine,0.550
2025-05-01,CL,Writing,masculine,0.450
2025-05-01,CO,Multimedia,feminine,0.478
2025-05-01,CO,Multimedia,masculine,0.522
2025-05-01,CO,Other/Unknown,feminine,0.553
2025-05-01,CO,Other/Unknown,masculine,0.447
2025-05-01,CO,Practical Guidance,feminine,0.520
2025-05-01,CO,Practical Guidance,masculine,0.480
2025-05-01,CO,Seeking information,feminine,0.477
2025-05-01,CO,Seeking information,masculine,0.523
2025-05-01,CO,Self-expression,feminine,0.601
2025-05-01,CO,Self-expression,masculine,0.399
2025-05-01,CO,Technical help,feminine,0.384
2025-05-01,CO,Technical help,masculine,0.616
2025-05-01,CO,Writing,feminine,0.594
2025-05-01,CO,Writing,masculine,0.406
2025-05-01,CR,Practical Guidance,feminine,0.545
2025-05-01,CR,Practical Guidance,masculine,0.455
2025-05-01,CR,Writing,feminine,0.511
2025-05-01,CR,Writing,masculine,0.489
2025-05-01,CZ,Practical Guidance,feminine,0.552
2025-05-01,CZ,Practical Guidance,masculine,0.448
2025-05-01,CZ,Seeking information,feminine,0.540
2025-05-01,CZ,Seeking information,masculine,0.460
2025-05-01,CZ,Self-expression,feminine,0.571
2025-05-01,CZ,Self-expression,masculine,0.429
2025-05-01,CZ,Writing,feminine,0.666
2025-05-01,CZ,Writing,masculine,0.334
2025-05-01,DE,Multimedia,feminine,0.446
2025-05-01,DE,Multimedia,masculine,0.554
2025-05-01,DE,Other/Unknown,feminine,0.479
2025-05-01,DE,Other/Unknown,masculine,0.521
2025-05-01,DE,Practical Guidance,feminine,0.501
2025-05-01,DE,Practical Guidance,masculine,0.499
2025-05-01,DE,Seeking information,feminine,0.451
2025-05-01,DE,Seeking information,masculine,0.549
2025-05-01,DE,Self-expression,feminine,0.574
2025-05-01,DE,Self-expression,masculine,0.426
2025-05-01,DE,Technical help,feminine,0.296
2025-05-01,DE,Technical help,masculine,0.704
2025-05-01,DE,Writing,feminine,0.543
2025-05-01,DE,Writing,masculine,0.457
2025-05-01,DK,Practical Guidance,feminine,0.493
2025-05-01,DK,Practical Guidance,masculine,0.507
2025-05-01,DK,Seeking information,feminine,0.343
2025-05-01,DK,Seeking information,masculine,0.657
2025-05-01,DK,Writing,feminine,0.538
2025-05-01,DK,Writing,masculine,0.462
2025-05-01,DO,Practical Guidance,feminine,0.595
2025-05-01,DO,Practical Guidance,masculine,0.405
2025-05-01,DO,Writing,feminine,0.569
2025-05-01,DO,Writing,masculine,0.431
2025-05-01,DZ,Other/Unknown,feminine,0.565
2025-05-01,DZ,Other/Unknown,masculine,0.435
2025-05-01,DZ,Practical Guidance,feminine,0.616
2025-05-01,DZ,Practical Guidance,masculine,0.384
2025-05-01,DZ,Seeking information,feminine,0.562
2025-05-01,DZ,Seeking information,masculine,0.438
2025-05-01,DZ,Self-expression,feminine,0.558
2025-05-01,DZ,Self-expression,masculine,0.442
2025-05-01,DZ,Writing,feminine,0.640
2025-05-01,DZ,Writing,masculine,0.360
2025-05-01,EC,Practical Guidance,feminine,0.528
2025-05-01,EC,Practical Guidance,masculine,0.472
2025-05-01,EC,Seeking information,feminine,0.419
2025-05-01,EC,Seeking information,masculine,0.581
2025-05-01,EC,Writing,feminine,0.588
2025-05-01,EC,Writing,masculine,0.412
2025-05-01,EG,Multimedia,feminine,0.494
2025-05-01,EG,Multimedia,masculine,0.506
2025-05-01,EG,Other/Unknown,feminine,0.346
2025-05-01,EG,Other/Unknown,masculine,0.654
2025-05-01,EG,Practical Guidance,feminine,0.508
2025-05-01,EG,Practical Guidance,masculine,0.492
2025-05-01,EG,Seeking information,feminine,0.442
2025-05-01,EG,Seeking information,masculine,0.558
2025-05-01,EG,Self-expression,feminine,0.602
2025-05-01,EG,Self-expression,masculine,0.398
2025-05-01,EG,Technical help,feminine,0.270
2025-05-01,EG,Technical help,masculine,0.730
2025-05-01,EG,Writing,feminine,0.495
2025-05-01,EG,Writing,masculine,0.505
2025-05-01,ES,Multimedia,feminine,0.475
2025-05-01,ES,Multimedia,masculine,0.525
2025-05-01,ES,Other/Unknown,feminine,0.548
2025-05-01,ES,Other/Unknown,masculine,0.452
2025-05-01,ES,Practical Guidance,feminine,0.568
2025-05-01,ES,Practical Guidance,masculine,0.432
2025-05-01,ES,Seeking information,feminine,0.497
2025-05-01,ES,Seeking information,masculine,0.503
2025-05-01,ES,Self-expression,feminine,0.647
2025-05-01,ES,Self-expression,masculine,0.353
2025-05-01,ES,Technical help,feminine,0.351
2025-05-01,ES,Technical help,masculine,0.649
2025-05-01,ES,Writing,feminine,0.584
2025-05-01,ES,Writing,masculine,0.416
2025-05-01,FI,Practical Guidance,feminine,0.450
2025-05-01,FI,Practical Guidance,masculine,0.550
2025-05-01,FI,Seeking information,feminine,0.466
2025-05-01,FI,Seeking information,masculine,0.534
2025-05-01,FI,Writing,feminine,0.526
2025-05-01,FI,Writing,masculine,0.474
2025-05-01,FR,Multimedia,feminine,0.456
2025-05-01,FR,Multimedia,masculine,0.544
2025-05-01,FR,Other/Unknown,feminine,0.395
2025-05-01,FR,Other/Unknown,masculine,0.605
2025-05-01,FR,Practical Guidance,feminine,0.519
2025-05-01,FR,Practical Guidance,masculine,0.481
2025-05-01,FR,Seeking information,feminine,0.482
2025-05-01,FR,Seeking information,masculine,0.518
2025-05-01,FR,Self-expression,feminine,0.638
2025-05-01,FR,Self-expression,masculine,0.362
2025-05-01,FR,Technical help,feminine,0.314
2025-05-01,FR,Technical help,masculine,0.686
2025-05-01,FR,Writing,feminine,0.585
2025-05-01,FR,Writing,masculine,0.415
2025-05-01,GB,Multimedia,feminine,0.448
2025-05-01,GB,Multimedia,masculine,0.552
2025-05-01,GB,Other/Unknown,feminine,0.463
2025-05-01,GB,Other/Unknown,masculine,0.537
2025-05-01,GB,Practical Guidance,feminine,0.453
2025-05-01,GB,Practical Guidance,masculine,0.547
2025-05-01,GB,Seeking information,feminine,0.444
2025-05-01,GB,Seeking information,masculine,0.556
2025-05-01,GB,Self-expression,feminine,0.594
2025-05-01,GB,Self-expression,masculine,0.406
2025-05-01,GB,Technical help,feminine,0.294
2025-05-01,GB,Technical help,masculine,0.706
2025-05-01,GB,Writing,feminine,0.543
2025-05-01,GB,Writing,masculine,0.457
2025-05-01,GR,Practical Guidance,feminine,0.447
2025-05-01,GR,Practical Guidance,masculine,0.553
2025-05-01,GR,Seeking information,feminine,0.445
2025-05-01,GR,Seeking information,masculine,0.555
2025-05-01,GR,Writing,feminine,0.533
2025-05-01,GR,Writing,masculine,0.467
2025-05-01,GT,Practical Guidance,feminine,0.501
2025-05-01,GT,Practical Guidance,masculine,0.499
2025-05-01,GT,Writing,feminine,0.573
2025-05-01,GT,Writing,masculine,0.427
2025-05-01,HR,Practical Guidance,feminine,0.483
2025-05-01,HR,Practical Guidance,masculine,0.517
2025-05-01,HU,Practical Guidance,feminine,0.506
2025-05-01,HU,Practical Guidance,masculine,0.494
2025-05-01,HU,Seeking information,feminine,0.410
2025-05-01,HU,Seeking information,masculine,0.590
2025-05-01,HU,Writing,feminine,0.541
2025-05-01,HU,Writing,masculine,0.459
2025-05-01,ID,Multimedia,feminine,0.554
2025-05-01,ID,Multimedia,masculine,0.446
2025-05-01,ID,Other/Unknown,feminine,0.565
2025-05-01,ID,Other/Unknown,masculine,0.435
2025-05-01,ID,Practical Guidance,feminine,0.565
2025-05-01,ID,Practical Guidance,masculine,0.435
2025-05-01,ID,Seeking information,feminine,0.547
2025-05-01,ID,Seeking information,masculine,0.453
2025-05-01,ID,Self-expression,feminine,0.629
2025-05-01,ID,Self-expression,masculine,0.371
2025-05-01,ID,Technical help,feminine,0.388
2025-05-01,ID,Technical help,masculine,0.612
2025-05-01,ID,Writing,feminine,0.659
2025-05-01,ID,Writing,masculine,0.341
2025-05-01,IE,Practical Guidance,feminine,0.512
2025-05-01,IE,Practical Guidance,masculine,0.488
2025-05-01,IE,Seeking information,feminine,0.433
2025-05-01,IE,Seeking information,masculine,0.567
2025-05-01,IE,Writing,feminine,0.609
2025-05-01,IE,Writing,masculine,0.391
2025-05-01,IL,Practical Guidance,feminine,0.453
2025-05-01,IL,Practical Guidance,masculine,0.547
2025-05-01,IL,Seeking information,feminine,0.388
2025-05-01,IL,Seeking information,masculine,0.612
2025-05-01,IL,Writing,feminine,0.542
2025-05-01,IL,Writing,masculine,0.458
2025-05-01,IN,Multimedia,feminine,0.351
2025-05-01,IN,Multimedia,masculine,0.649
2025-05-01,IN,Other/Unknown,feminine,0.402
2025-05-01,IN,Other/Unknown,masculine,0.598
2025-05-01,IN,Practical Guidance,feminine,0.433
2025-05-01,IN,Practical Guidance,masculine,0.567
2025-05-01,IN,Seeking information,feminine,0.379
2025-05-01,IN,Seeking information,masculine,0.621
2025-05-01,IN,Self-expression,feminine,0.536
2025-05-01,IN,Self-expression,masculine,0.464
2025-05-01,IN,Technical help,feminine,0.308
2025-05-01,IN,Technical help,masculine,0.692
2025-05-01,IN,Writing,feminine,0.447
2025-05-01,IN,Writing,masculine,0.553
2025-05-01,IQ,Practical Guidance,feminine,0.522
2025-05-01,IQ,Practical Guidance,masculine,0.478
2025-05-01,IQ,Seeking information,feminine,0.418
2025-05-01,IQ,Seeking information,masculine,0.582
2025-05-01,IQ,Writing,feminine,0.519
2025-05-01,IQ,Writing,masculine,0.481
2025-05-01,IT,Multimedia,feminine,0.520
2025-05-01,IT,Multimedia,masculine,0.480
2025-05-01,IT,Other/Unknown,feminine,0.532
2025-05-01,IT,Other/Unknown,masculine,0.468
2025-05-01,IT,Practical Guidance,feminine,0.540
2025-05-01,IT,Practical Guidance,masculine,0.460
2025-05-01,IT,Seeking information,feminine,0.479
2025-05-01,IT,Seeking information,masculine,0.521
2025-05-01,IT,Self-expression,feminine,0.616
2025-05-01,IT,Self-expression,masculine,0.384
2025-05-01,IT,Technical help,feminine,0.411
2025-05-01,IT,Technical help,masculine,0.589
2025-05-01,IT,Writing,feminine,0.633
2025-05-01,IT,Writing,masculine,0.367
2025-05-01,JO,Practical Guidance,feminine,0.576
2025-05-01,JO,Practical Guidance,masculine,0.424
2025-05-01,JO,Writing,feminine,0.508
2025-05-01,JO,Writing,masculine,0.492
2025-05-01,JP,Multimedia,feminine,0.298
2025-05-01,JP,Multimedia,masculine,0.702
2025-05-01,JP,Practical Guidance,feminine,0.422
2025-05-01,JP,Practical Guidance,masculine,0.578
2025-05-01,JP,Seeking information,feminine,0.323
2025-05-01,JP,Seeking information,masculine,0.677
2025-05-01,JP,Self-expression,feminine,0.568
2025-05-01,JP,Self-expression,masculine,0.432
2025-05-01,JP,Technical help,feminine,0.339
2025-05-01,JP,Technical help,masculine,0.661
2025-05-01,JP,Writing,feminine,0.464
2025-05-01,JP,Writing,masculine,0.536
2025-05-01,KE,Practical Guidance,feminine,0.538
2025-05-01,KE,Practical Guidance,masculine,0.462
2025-05-01,KE,Seeking information,feminine,0.568
2025-05-01,KE,Seeking information,masculine,0.432
2025-05-01,KE,Writing,feminine,0.445
2025-05-01,KE,Writing,masculine,0.555
2025-05-01,KR,Practical Guidance,feminine,0.527
2025-05-01,KR,Practical Guidance,masculine,0.473
2025-05-01,KR,Seeking information,feminine,0.484
2025-05-01,KR,Seeking information,masculine,0.516
2025-05-01,KR,Self-expression,feminine,0.650
2025-05-01,KR,Self-expression,masculine,0.350
2025-05-01,KR,Writing,feminine,0.565
2025-05-01,KR,Writing,masculine,0.435
2025-05-01,KZ,Practical Guidance,feminine,0.440
2025-05-01,KZ,Practical Guidance,masculine,0.560
2025-05-01,KZ,Seeking information,feminine,0.414
2025-05-01,KZ,Seeking information,masculine,0.586
2025-05-01,KZ,Self-expression,feminine,0.644
2025-05-01,KZ,Self-expression,masculine,0.356
2025-05-01,KZ,Writing,feminine,0.546
2025-05-01,KZ,Writing,masculine,0.454
2025-05-01,LB,Practical Guidance,feminine,0.639
2025-05-01,LB,Practical Guidance,masculine,0.361
2025-05-01,LB,Writing,feminine,0.642
2025-05-01,LB,Writing,masculine,0.358
2025-05-01,LT,Practical Guidance,feminine,0.591
2025-05-01,LT,Practical Guidance,masculine,0.409
2025-05-01,LT,Seeking information,feminine,0.377
2025-05-01,LT,Seeking information,masculine,0.623
2025-05-01,MA,Practical Guidance,feminine,0.529
2025-05-01,MA,Practical Guidance,masculine,0.471
2025-05-01,MA,Seeking information,feminine,0.473
2025-05-01,MA,Seeking information,masculine,0.527
2025-05-01,MA,Self-expression,feminine,0.594
2025-05-01,MA,Self-expression,masculine,0.406
2025-05-01,MA,Writing,feminine,0.551
2025-05-01,MA,Writing,masculine,0.449
2025-05-01,MX,Multimedia,feminine,0.446
2025-05-01,MX,Multimedia,masculine,0.554
2025-05-01,MX,Other/Unknown,feminine,0.491
2025-05-01,MX,Other/Unknown,masculine,0.509
2025-05-01,MX,Practical Guidance,feminine,0.501
2025-05-01,MX,Practical Guidance,masculine,0.499
2025-05-01,MX,Seeking information,feminine,0.431
2025-05-01,MX,Seeking information,masculine,0.569
2025-05-01,MX,Self-expression,feminine,0.602
2025-05-01,MX,Self-expression,masculine,0.398
2025-05-01,MX,Technical help,feminine,0.352
2025-05-01,MX,Technical help,masculine,0.648
2025-05-01,MX,Writing,feminine,0.541
2025-05-01,MX,Writing,masculine,0.459
2025-05-01,MY,Multimedia,feminine,0.447
2025-05-01,MY,Multimedia,masculine,0.553
2025-05-01,MY,Practical Guidance,feminine,0.503
2025-05-01,MY,Practical Guidance,masculine,0.497
2025-05-01,MY,Seeking information,feminine,0.487
2025-05-01,MY,Seeking information,masculine,0.513
2025-05-01,MY,Self-expression,feminine,0.571
2025-05-01,MY,Self-expression,masculine,0.429
2025-05-01,MY,Writing,feminine,0.542
2025-05-01,MY,Writing,masculine,0.458
2025-05-01,NG,Practical Guidance,feminine,0.447
2025-05-01,NG,Practical Guidance,masculine,0.553
2025-05-01,NG,Seeking information,feminine,0.415
2025-05-01,NG,Seeking information,masculine,0.585
2025-05-01,NG,Writing,feminine,0.342
2025-05-01,NG,Writing,masculine,0.658
2025-05-01,NL,Multimedia,feminine,0.458
2025-05-01,NL,Multimedia,masculine,0.542
2025-05-01,NL,Practical Guidance,feminine,0.473
2025-05-01,NL,Practical Guidance,masculine,0.527
2025-05-01,NL,Seeking information,feminine,0.397
2025-05-01,NL,Seeking information,masculine,0.603
2025-05-01,NL,Self-expression,feminine,0.591
2025-05-01,NL,Self-expression,masculine,0.409
2025-05-01,NL,Technical help,feminine,0.248
2025-05-01,NL,Technical help,masculine,0.752
2025-05-01,NL,Writing,feminine,0.529
2025-05-01,NL,Writing,masculine,0.471
2025-05-01,NO,Practical Guidance,feminine,0.486
2025-05-01,NO,Practical Guidance,masculine,0.514
2025-05-01,NO,Seeking information,feminine,0.355
2025-05-01,NO,Seeking information,masculine,0.645
2025-05-01,NO,Writing,feminine,0.526
2025-05-01,NO,Writing,masculine,0.474
2025-05-01,NP,Practical Guidance,feminine,0.455
2025-05-01,NP,Practical Guidance,masculine,0.545
2025-05-01,NP,Writing,feminine,0.534
2025-05-01,NP,Writing,masculine,0.466
2025-05-01,NZ,Practical Guidance,feminine,0.534
2025-05-01,NZ,Practical Guidance,masculine,0.466
2025-05-01,NZ,Writing,feminine,0.605
2025-05-01,NZ,Writing,masculine,0.395
2025-05-01,PE,Multimedia,feminine,0.622
2025-05-01,PE,Multimedia,masculine,0.378
2025-05-01,PE,Other/Unknown,feminine,0.413
2025-05-01,PE,Other/Unknown,masculine,0.587
2025-05-01,PE,Practical Guidance,feminine,0.550
2025-05-01,PE,Practical Guidance,masculine,0.450
2025-05-01,PE,Seeking information,feminine,0.475
2025-05-01,PE,Seeking information,masculine,0.525
2025-05-01,PE,Self-expression,feminine,0.652
2025-05-01,PE,Self-expression,masculine,0.348
2025-05-01,PE,Technical help,feminine,0.276
2025-05-01,PE,Technical help,masculine,0.724
2025-05-01,PE,Writing,feminine,0.584
2025-05-01,PE,Writing,masculine,0.416
2025-05-01,PH,Multimedia,feminine,0.514
2025-05-01,PH,Multimedia,masculine,0.486
2025-05-01,PH,Other/Unknown,feminine,0.420
2025-05-01,PH,Other/Unknown,masculine,0.580
2025-05-01,PH,Practical Guidance,feminine,0.534
2025-05-01,PH,Practical Guidance,masculine,0.466
2025-05-01,PH,Seeking information,feminine,0.482
2025-05-01,PH,Seeking information,masculine,0.518
2025-05-01,PH,Self-expression,feminine,0.446
2025-05-01,PH,Self-expression,masculine,0.554
2025-05-01,PH,Technical help,feminine,0.380
2025-05-01,PH,Technical help,masculine,0.620
2025-05-01,PH,Writing,feminine,0.601
2025-05-01,PH,Writing,masculine,0.399
2025-05-01,PK,Multimedia,feminine,0.326
2025-05-01,PK,Multimedia,masculine,0.674
2025-05-01,PK,Other/Unknown,feminine,0.414
2025-05-01,PK,Other/Unknown,masculine,0.586
2025-05-01,PK,Practical Guidance,feminine,0.403
2025-05-01,PK,Practical Guidance,masculine,0.597
2025-05-01,PK,Seeking information,feminine,0.322
2025-05-01,PK,Seeking information,masculine,0.678
2025-05-01,PK,Self-expression,feminine,0.426
2025-05-01,PK,Self-expression,masculine,0.574
2025-05-01,PK,Technical help,feminine,0.287
2025-05-01,PK,Technical help,masculine,0.713
2025-05-01,PK,Writing,feminine,0.409
2025-05-01,PK,Writing,masculine,0.591
2025-05-01,PL,Multimedia,feminine,0.513
2025-05-01,PL,Multimedia,masculine,0.487
2025-05-01,PL,Other/Unknown,feminine,0.527
2025-05-01,PL,Other/Unknown,masculine,0.473
2025-05-01,PL,Practical Guidance,feminine,0.599
2025-05-01,PL,Practical Guidance,masculine,0.401
2025-05-01,PL,Seeking information,feminine,0.496
2025-05-01,PL,Seeking information,masculine,0.504
2025-05-01,PL,Self-expression,feminine,0.686
2025-05-01,PL,Self-expression,masculine,0.314
2025-05-01,PL,Technical help,feminine,0.262
2025-05-01,PL,Technical help,masculine,0.738
2025-05-01,PL,Writing,feminine,0.627
2025-05-01,PL,Writing,masculine,0.373
2025-05-01,PT,Practical Guidance,feminine,0.591
2025-05-01,PT,Practical Guidance,masculine,0.409
2025-05-01,PT,Seeking information,feminine,0.415
2025-05-01,PT,Seeking information,masculine,0.585
2025-05-01,PT,Writing,feminine,0.651
2025-05-01,PT,Writing,masculine,0.349
2025-05-01,QA,Practical Guidance,feminine,0.470
2025-05-01,QA,Practical Guidance,masculine,0.530
2025-05-01,RO,Practical Guidance,feminine,0.559
2025-05-01,RO,Practical Guidance,masculine,0.441
2025-05-01,RO,Seeking information,feminine,0.515
2025-05-01,RO,Seeking information,masculine,0.485
2025-05-01,RO,Self-expression,feminine,0.609
2025-05-01,RO,Self-expression,masculine,0.391
2025-05-01,RO,Writing,feminine,0.623
2025-05-01,RO,Writing,masculine,0.377
2025-05-01,RS,Practical Guidance,feminine,0.580
2025-05-01,RS,Practical Guidance,masculine,0.420
2025-05-01,RS,Writing,feminine,0.604
2025-05-01,RS,Writing,masculine,0.396
2025-05-01,SA,Multimedia,feminine,0.409
2025-05-01,SA,Multimedia,masculine,0.591
2025-05-01,SA,Other/Unknown,feminine,0.466
2025-05-01,SA,Other/Unknown,masculine,0.534
2025-05-01,SA,Practical Guidance,feminine,0.478
2025-05-01,SA,Practical Guidance,masculine,0.522
2025-05-01,SA,Seeking information,feminine,0.357
2025-05-01,SA,Seeking information,masculine,0.643
2025-05-01,SA,Self-expression,feminine,0.630
2025-05-01,SA,Self-expression,masculine,0.370
2025-05-01,SA,Writing,feminine,0.553
2025-05-01,SA,Writing,masculine,0.447
2025-05-01,SE,Practical Guidance,feminine,0.497
2025-05-01,SE,Practical Guidance,masculine,0.503
2025-05-01,SE,Seeking information,feminine,0.405
2025-05-01,SE,Seeking information,masculine,0.595
2025-05-01,SE,Technical help,feminine,0.355
2025-05-01,SE,Technical help,masculine,0.645
2025-05-01,SE,Writing,feminine,0.556
2025-05-01,SE,Writing,masculine,0.444
2025-05-01,SG,Practical Guidance,feminine,0.475
2025-05-01,SG,Practical Guidance,masculine,0.525
2025-05-01,SG,Seeking information,feminine,0.350
2025-05-01,SG,Seeking information,masculine,0.650
2025-05-01,SG,Writing,feminine,0.550
2025-05-01,SG,Writing,masculine,0.450
2025-05-01,SK,Practical Guidance,feminine,0.582
2025-05-01,SK,Practical Guidance,masculine,0.418
2025-05-01,SK,Seeking information,feminine,0.428
2025-05-01,SK,Seeking information,masculine,0.572
2025-05-01,SK,Writing,feminine,0.635
2025-05-01,SK,Writing,masculine,0.365
2025-05-01,TH,Practical Guidance,feminine,0.424
2025-05-01,TH,Practical Guidance,masculine,0.576
2025-05-01,TH,Writing,feminine,0.496
2025-05-01,TH,Writing,masculine,0.504
2025-05-01,TN,Practical Guidance,feminine,0.650
2025-05-01,TN,Practical Guidance,masculine,0.350
2025-05-01,TN,Writing,feminine,0.644
2025-05-01,TN,Writing,masculine,0.356
2025-05-01,TR,Multimedia,feminine,0.431
2025-05-01,TR,Multimedia,masculine,0.569
2025-05-01,TR,Other/Unknown,feminine,0.473
2025-05-01,TR,Other/Unknown,masculine,0.527
2025-05-01,TR,Practical Guidance,feminine,0.509
2025-05-01,TR,Practical Guidance,masculine,0.491
2025-05-01,TR,Seeking information,feminine,0.387
2025-05-01,TR,Seeking information,masculine,0.613
2025-05-01,TR,Self-expression,feminine,0.604
2025-05-01,TR,Self-expression,masculine,0.396
2025-05-01,TR,Technical help,feminine,0.334
2025-05-01,TR,Technical help,masculine,0.666
2025-05-01,TR,Writing,feminine,0.558
2025-05-01,TR,Writing,masculine,0.442
2025-05-01,TW,Practical Guidance,feminine,0.375
2025-05-01,TW,Practical Guidance,masculine,0.625
2025-05-01,TW,Seeking information,feminine,0.494
2025-05-01,TW,Seeking information,masculine,0.506
2025-05-01,TW,Writing,feminine,0.532
2025-05-01,TW,Writing,masculine,0.468
2025-05-01,UA,Multimedia,feminine,0.495
2025-05-01,UA,Multimedia,masculine,0.505
2025-05-01,UA,Practical Guidance,feminine,0.543
2025-05-01,UA,Practical Guidance,masculine,0.457
2025-05-01,UA,Seeking information,feminine,0.504
2025-05-01,UA,Seeking information,masculine,0.496
2025-05-01,UA,Self-expression,feminine,0.632
2025-05-01,UA,Self-expression,masculine,0.368
2025-05-01,UA,Technical help,feminine,0.397
2025-05-01,UA,Technical help,masculine,0.603
2025-05-01,UA,Writing,feminine,0.629
2025-05-01,UA,Writing,masculine,0.371
2025-05-01,US,Multimedia,feminine,0.450
2025-05-01,US,Multimedia,masculine,0.550
2025-05-01,US,Other/Unknown,feminine,0.422
2025-05-01,US,Other/Unknown,masculine,0.578
2025-05-01,US,Practical Guidance,feminine,0.480
2025-05-01,US,Practical Guidance,masculine,0.520
2025-05-01,US,Seeking information,feminine,0.428
2025-05-01,US,Seeking information,masculine,0.572
2025-05-01,US,Self-expression,feminine,0.542
2025-05-01,US,Self-expression,masculine,0.458
2025-05-01,US,Technical help,feminine,0.321
2025-05-01,US,Technical help,masculine,0.679
2025-05-01,US,Writing,feminine,0.557
2025-05-01,US,Writing,masculine,0.443
2025-05-01,UY,Practical Guidance,feminine,0.534
2025-05-01,UY,Practical Guidance,masculine,0.466
2025-05-01,UZ,Practical Guidance,feminine,0.527
2025-05-01,UZ,Practical Guidance,masculine,0.473
2025-05-01,UZ,Writing,feminine,0.463
2025-05-01,UZ,Writing,masculine,0.537
2025-05-01,VN,Practical Guidance,feminine,0.490
2025-05-01,VN,Practical Guidance,masculine,0.510
2025-05-01,VN,Seeking information,feminine,0.474
2025-05-01,VN,Seeking information,masculine,0.526
2025-05-01,VN,Writing,feminine,0.566
2025-05-01,VN,Writing,masculine,0.434
2025-05-01,ZA,Practical Guidance,feminine,0.582
2025-05-01,ZA,Practical Guidance,masculine,0.418
2025-05-01,ZA,Seeking information,feminine,0.484
2025-05-01,ZA,Seeking information,masculine,0.516
2025-05-01,ZA,Writing,feminine,0.613
2025-05-01,ZA,Writing,masculine,0.387
2025-06-01,AE,Practical Guidance,feminine,0.492
2025-06-01,AE,Practical Guidance,masculine,0.508
2025-06-01,AE,Seeking information,feminine,0.417
2025-06-01,AE,Seeking information,masculine,0.583
2025-06-01,AE,Writing,feminine,0.539
2025-06-01,AE,Writing,masculine,0.461
2025-06-01,AR,Multimedia,feminine,0.546
2025-06-01,AR,Multimedia,masculine,0.454
2025-06-01,AR,Other/Unknown,feminine,0.601
2025-06-01,AR,Other/Unknown,masculine,0.399
2025-06-01,AR,Practical Guidance,feminine,0.562
2025-06-01,AR,Practical Guidance,masculine,0.438
2025-06-01,AR,Seeking information,feminine,0.485
2025-06-01,AR,Seeking information,masculine,0.515
2025-06-01,AR,Self-expression,feminine,0.651
2025-06-01,AR,Self-expression,masculine,0.349
2025-06-01,AR,Technical help,feminine,0.234
2025-06-01,AR,Technical help,masculine,0.766
2025-06-01,AR,Writing,feminine,0.612
2025-06-01,AR,Writing,masculine,0.388
2025-06-01,AT,Practical Guidance,feminine,0.482
2025-06-01,AT,Practical Guidance,masculine,0.518
2025-06-01,AT,Seeking information,feminine,0.394
2025-06-01,AT,Seeking information,masculine,0.606
2025-06-01,AT,Writing,feminine,0.545
2025-06-01,AT,Writing,masculine,0.455
2025-06-01,AU,Multimedia,feminine,0.441
2025-06-01,AU,Multimedia,masculine,0.559
2025-06-01,AU,Other/Unknown,feminine,0.403
2025-06-01,AU,Other/Unknown,masculine,0.597
2025-06-01,AU,Practical Guidance,feminine,0.496
2025-06-01,AU,Practical Guidance,masculine,0.504
2025-06-01,AU,Seeking information,feminine,0.403
2025-06-01,AU,Seeking information,masculine,0.597
2025-06-01,AU,Self-expression,feminine,0.631
2025-06-01,AU,Self-expression,masculine,0.369
2025-06-01,AU,Technical help,feminine,0.333
2025-06-01,AU,Technical help,masculine,0.667
2025-06-01,AU,Writing,feminine,0.604
2025-06-01,AU,Writing,masculine,0.396
2025-06-01,AZ,Practical Guidance,feminine,0.576
2025-06-01,AZ,Practical Guidance,masculine,0.424
2025-06-01,AZ,Seeking information,feminine,0.385
2025-06-01,AZ,Seeking information,masculine,0.615
2025-06-01,AZ,Self-expression,feminine,0.423
2025-06-01,AZ,Self-expression,masculine,0.577
2025-06-01,AZ,Writing,feminine,0.569
2025-06-01,AZ,Writing,masculine,0.431
2025-06-01,BD,Multimedia,feminine,0.197
2025-06-01,BD,Multimedia,masculine,0.803
2025-06-01,BD,Other/Unknown,feminine,0.290
2025-06-01,BD,Other/Unknown,masculine,0.710
2025-06-01,BD,Practical Guidance,feminine,0.374
2025-06-01,BD,Practical Guidance,masculine,0.626
2025-06-01,BD,Seeking information,feminine,0.225
2025-06-01,BD,Seeking information,masculine,0.775
2025-06-01,BD,Self-expression,feminine,0.380
2025-06-01,BD,Self-expression,masculine,0.620
2025-06-01,BD,Writing,feminine,0.368
2025-06-01,BD,Writing,masculine,0.632
2025-06-01,BE,Practical Guidance,feminine,0.534
2025-06-01,BE,Practical Guidance,masculine,0.466
2025-06-01,BE,Seeking information,feminine,0.462
2025-06-01,BE,Seeking information,masculine,0.538
2025-06-01,BE,Writing,feminine,0.567
2025-06-01,BE,Writing,masculine,0.433
2025-06-01,BG,Practical Guidance,feminine,0.448
2025-06-01,BG,Practical Guidance,masculine,0.552
2025-06-01,BG,Seeking information,feminine,0.434
2025-06-01,BG,Seeking information,masculine,0.566
2025-06-01,BG,Writing,feminine,0.542
2025-06-01,BG,Writing,masculine,0.458
2025-06-01,BO,Practical Guidance,feminine,0.556
2025-06-01,BO,Practical Guidance,masculine,0.444
2025-06-01,BO,Writing,feminine,0.578
2025-06-01,BO,Writing,masculine,0.422
2025-06-01,BR,Multimedia,feminine,0.571
2025-06-01,BR,Multimedia,masculine,0.429
2025-06-01,BR,Other/Unknown,feminine,0.554
2025-06-01,BR,Other/Unknown,masculine,0.446
2025-06-01,BR,Practical Guidance,feminine,0.572
2025-06-01,BR,Practical Guidance,masculine,0.428
2025-06-01,BR,Seeking information,feminine,0.484
2025-06-01,BR,Seeking information,masculine,0.516
2025-06-01,BR,Self-expression,feminine,0.613
2025-06-01,BR,Self-expression,masculine,0.387
2025-06-01,BR,Technical help,feminine,0.337
2025-06-01,BR,Technical help,masculine,0.663
2025-06-01,BR,Writing,feminine,0.634
2025-06-01,BR,Writing,masculine,0.366
2025-06-01,CA,Multimedia,feminine,0.475
2025-06-01,CA,Multimedia,masculine,0.525
2025-06-01,CA,Other/Unknown,feminine,0.480
2025-06-01,CA,Other/Unknown,masculine,0.520
2025-06-01,CA,Practical Guidance,feminine,0.494
2025-06-01,CA,Practical Guidance,masculine,0.506
2025-06-01,CA,Seeking information,feminine,0.423
2025-06-01,CA,Seeking information,masculine,0.577
2025-06-01,CA,Self-expression,feminine,0.623
2025-06-01,CA,Self-expression,masculine,0.377
2025-06-01,CA,Technical help,feminine,0.326
2025-06-01,CA,Technical help,masculine,0.674
2025-06-01,CA,Writing,feminine,0.554
2025-06-01,CA,Writing,masculine,0.446
2025-06-01,CH,Practical Guidance,feminine,0.466
2025-06-01,CH,Practical Guidance,masculine,0.534
2025-06-01,CH,Seeking information,feminine,0.478
2025-06-01,CH,Seeking information,masculine,0.522
2025-06-01,CH,Writing,feminine,0.540
2025-06-01,CH,Writing,masculine,0.460
2025-06-01,CL,Multimedia,feminine,0.511
2025-06-01,CL,Multimedia,masculine,0.489
2025-06-01,CL,Practical Guidance,feminine,0.546
2025-06-01,CL,Practical Guidance,masculine,0.454
2025-06-01,CL,Seeking information,feminine,0.472
2025-06-01,CL,Seeking information,masculine,0.528
2025-06-01,CL,Self-expression,feminine,0.666
2025-06-01,CL,Self-expression,masculine,0.334
2025-06-01,CL,Technical help,feminine,0.373
2025-06-01,CL,Technical help,masculine,0.627
2025-06-01,CL,Writing,feminine,0.515
2025-06-01,CL,Writing,masculine,0.485
2025-06-01,CO,Multimedia,feminine,0.569
2025-06-01,CO,Multimedia,masculine,0.431
2025-06-01,CO,Other/Unknown,feminine,0.514
2025-06-01,CO,Other/Unknown,masculine,0.486
2025-06-01,CO,Practical Guidance,feminine,0.555
2025-06-01,CO,Practical Guidance,masculine,0.445
2025-06-01,CO,Seeking information,feminine,0.489
2025-06-01,CO,Seeking information,masculine,0.511
2025-06-01,CO,Self-expression,feminine,0.586
2025-06-01,CO,Self-expression,masculine,0.414
2025-06-01,CO,Technical help,feminine,0.313
2025-06-01,CO,Technical help,masculine,0.687
2025-06-01,CO,Writing,feminine,0.601
2025-06-01,CO,Writing,masculine,0.399
2025-06-01,CR,Practical Guidance,feminine,0.519
2025-06-01,CR,Practical Guidance,masculine,0.481
2025-06-01,CR,Writing,feminine,0.646
2025-06-01,CR,Writing,masculine,0.354
2025-06-01,CZ,Practical Guidance,feminine,0.558
2025-06-01,CZ,Practical Guidance,masculine,0.442
2025-06-01,CZ,Seeking information,feminine,0.507
2025-06-01,CZ,Seeking information,masculine,0.493
2025-06-01,CZ,Self-expression,feminine,0.669
2025-06-01,CZ,Self-expression,masculine,0.331
2025-06-01,CZ,Writing,feminine,0.590
2025-06-01,CZ,Writing,masculine,0.410
2025-06-01,DE,Multimedia,feminine,0.443
2025-06-01,DE,Multimedia,masculine,0.557
2025-06-01,DE,Other/Unknown,feminine,0.498
2025-06-01,DE,Other/Unknown,masculine,0.502
2025-06-01,DE,Practical Guidance,feminine,0.496
2025-06-01,DE,Practical Guidance,masculine,0.504
2025-06-01,DE,Seeking information,feminine,0.434
2025-06-01,DE,Seeking information,masculine,0.566
2025-06-01,DE,Self-expression,feminine,0.601
2025-06-01,DE,Self-expression,masculine,0.399
2025-06-01,DE,Technical help,feminine,0.261
2025-06-01,DE,Technical help,masculine,0.739
2025-06-01,DE,Writing,feminine,0.553
2025-06-01,DE,Writing,masculine,0.447
2025-06-01,DK,Practical Guidance,feminine,0.490
2025-06-01,DK,Practical Guidance,masculine,0.510
2025-06-01,DK,Seeking information,feminine,0.414
2025-06-01,DK,Seeking information,masculine,0.586
2025-06-01,DK,Writing,feminine,0.564
2025-06-01,DK,Writing,masculine,0.436
2025-06-01,DO,Practical Guidance,feminine,0.611
2025-06-01,DO,Practical Guidance,masculine,0.389
2025-06-01,DO,Writing,feminine,0.637
2025-06-01,DO,Writing,masculine,0.363
2025-06-01,DZ,Other/Unknown,feminine,0.497
2025-06-01,DZ,Other/Unknown,masculine,0.503
2025-06-01,DZ,Practical Guidance,feminine,0.573
2025-06-01,DZ,Practical Guidance,masculine,0.427
2025-06-01,DZ,Seeking information,feminine,0.474
2025-06-01,DZ,Seeking information,masculine,0.526
2025-06-01,DZ,Self-expression,feminine,0.648
2025-06-01,DZ,Self-expression,masculine,0.352
2025-06-01,DZ,Writing,feminine,0.653
2025-06-01,DZ,Writing,masculine,0.347
2025-06-01,EC,Practical Guidance,feminine,0.584
2025-06-01,EC,Practical Guidance,masculine,0.416
2025-06-01,EC,Seeking information,feminine,0.512
2025-06-01,EC,Seeking information,masculine,0.488
2025-06-01,EC,Writing,feminine,0.617
2025-06-01,EC,Writing,masculine,0.383
2025-06-01,EG,Multimedia,feminine,0.376
2025-06-01,EG,Multimedia,masculine,0.624
2025-06-01,EG,Other/Unknown,feminine,0.471
2025-06-01,EG,Other/Unknown,masculine,0.529
2025-06-01,EG,Practical Guidance,feminine,0.482
2025-06-01,EG,Practical Guidance,masculine,0.518
2025-06-01,EG,Seeking information,feminine,0.432
2025-06-01,EG,Seeking information,masculine,0.568
2025-06-01,EG,Self-expression,feminine,0.540
2025-06-01,EG,Self-expression,masculine,0.460
2025-06-01,EG,Technical help,feminine,0.333
2025-06-01,EG,Technical help,masculine,0.667
2025-06-01,EG,Writing,feminine,0.490
2025-06-01,EG,Writing,masculine,0.510
2025-06-01,ES,Multimedia,feminine,0.489
2025-06-01,ES,Multimedia,masculine,0.511
2025-06-01,ES,Other/Unknown,feminine,0.555
2025-06-01,ES,Other/Unknown,masculine,0.445
2025-06-01,ES,Practical Guidance,feminine,0.529
2025-06-01,ES,Practical Guidance,masculine,0.471
2025-06-01,ES,Seeking information,feminine,0.472
2025-06-01,ES,Seeking information,masculine,0.528
2025-06-01,ES,Self-expression,feminine,0.638
2025-06-01,ES,Self-expression,masculine,0.362
2025-06-01,ES,Technical help,feminine,0.277
2025-06-01,ES,Technical help,masculine,0.723
2025-06-01,ES,Writing,feminine,0.582
2025-06-01,ES,Writing,masculine,0.418
2025-06-01,FI,Practical Guidance,feminine,0.551
2025-06-01,FI,Practical Guidance,masculine,0.449
2025-06-01,FI,Seeking information,feminine,0.481
2025-06-01,FI,Seeking information,masculine,0.519
2025-06-01,FI,Writing,feminine,0.604
2025-06-01,FI,Writing,masculine,0.396
2025-06-01,FR,Multimedia,feminine,0.544
2025-06-01,FR,Multimedia,masculine,0.456
2025-06-01,FR,Other/Unknown,feminine,0.484
2025-06-01,FR,Other/Unknown,masculine,0.516
2025-06-01,FR,Practical Guidance,feminine,0.507
2025-06-01,FR,Practical Guidance,masculine,0.493
2025-06-01,FR,Seeking information,feminine,0.488
2025-06-01,FR,Seeking information,masculine,0.512
2025-06-01,FR,Self-expression,feminine,0.645
2025-06-01,FR,Self-expression,masculine,0.355
2025-06-01,FR,Technical help,feminine,0.317
2025-06-01,FR,Technical help,masculine,0.683
2025-06-01,FR,Writing,feminine,0.562
2025-06-01,FR,Writing,masculine,0.438
2025-06-01,GB,Multimedia,feminine,0.421
2025-06-01,GB,Multimedia,masculine,0.579
2025-06-01,GB,Other/Unknown,feminine,0.419
2025-06-01,GB,Other/Unknown,masculine,0.581
2025-06-01,GB,Practical Guidance,feminine,0.459
2025-06-01,GB,Practical Guidance,masculine,0.541
2025-06-01,GB,Seeking information,feminine,0.437
2025-06-01,GB,Seeking information,masculine,0.563
2025-06-01,GB,Self-expression,feminine,0.515
2025-06-01,GB,Self-expression,masculine,0.485
2025-06-01,GB,Technical help,feminine,0.261
2025-06-01,GB,Technical help,masculine,0.739
2025-06-01,GB,Writing,feminine,0.538
2025-06-01,GB,Writing,masculine,0.462
2025-06-01,GR,Practical Guidance,feminine,0.494
2025-06-01,GR,Practical Guidance,masculine,0.506
2025-06-01,GR,Seeking information,feminine,0.444
2025-06-01,GR,Seeking information,masculine,0.556
2025-06-01,GR,Writing,feminine,0.593
2025-06-01,GR,Writing,masculine,0.407
2025-06-01,GT,Practical Guidance,feminine,0.446
2025-06-01,GT,Practical Guidance,masculine,0.554
2025-06-01,HR,Practical Guidance,feminine,0.504
2025-06-01,HR,Practical Guidance,masculine,0.496
2025-06-01,HR,Seeking information,feminine,0.650
2025-06-01,HR,Seeking information,masculine,0.350
2025-06-01,HU,Practical Guidance,feminine,0.528
2025-06-01,HU,Practical Guidance,masculine,0.472
2025-06-01,HU,Seeking information,feminine,0.487
2025-06-01,HU,Seeking information,masculine,0.513
2025-06-01,HU,Writing,feminine,0.529
2025-06-01,HU,Writing,masculine,0.471
2025-06-01,ID,Multimedia,feminine,0.534
2025-06-01,ID,Multimedia,masculine,0.466
2025-06-01,ID,Other/Unknown,feminine,0.555
2025-06-01,ID,Other/Unknown,masculine,0.445
2025-06-01,ID,Practical Guidance,feminine,0.549
2025-06-01,ID,Practical Guidance,masculine,0.451
2025-06-01,ID,Seeking information,feminine,0.513
2025-06-01,ID,Seeking information,masculine,0.487
2025-06-01,ID,Self-expression,feminine,0.573
2025-06-01,ID,Self-expression,masculine,0.427
2025-06-01,ID,Technical help,feminine,0.480
2025-06-01,ID,Technical help,masculine,0.520
2025-06-01,ID,Writing,feminine,0.654
2025-06-01,ID,Writing,masculine,0.346
2025-06-01,IE,Practical Guidance,feminine,0.490
2025-06-01,IE,Practical Guidance,masculine,0.510
2025-06-01,IE,Seeking information,feminine,0.477
2025-06-01,IE,Seeking information,masculine,0.523
2025-06-01,IE,Writing,feminine,0.533
2025-06-01,IE,Writing,masculine,0.467
2025-06-01,IL,Practical Guidance,feminine,0.517
2025-06-01,IL,Practical Guidance,masculine,0.483
2025-06-01,IL,Seeking information,feminine,0.381
2025-06-01,IL,Seeking information,masculine,0.619
2025-06-01,IL,Writing,feminine,0.474
2025-06-01,IL,Writing,masculine,0.526
2025-06-01,IN,Multimedia,feminine,0.379
2025-06-01,IN,Multimedia,masculine,0.621
2025-06-01,IN,Other/Unknown,feminine,0.427
2025-06-01,IN,Other/Unknown,masculine,0.573
2025-06-01,IN,Practical Guidance,feminine,0.429
2025-06-01,IN,Practical Guidance,masculine,0.571
2025-06-01,IN,Seeking information,feminine,0.376
2025-06-01,IN,Seeking information,masculine,0.624
2025-06-01,IN,Self-expression,feminine,0.520
2025-06-01,IN,Self-expression,masculine,0.480
2025-06-01,IN,Technical help,feminine,0.302
2025-06-01,IN,Technical help,masculine,0.698
2025-06-01,IN,Writing,feminine,0.451
2025-06-01,IN,Writing,masculine,0.549
2025-06-01,IQ,Practical Guidance,feminine,0.508
2025-06-01,IQ,Practical Guidance,masculine,0.492
2025-06-01,IQ,Seeking information,feminine,0.405
2025-06-01,IQ,Seeking information,masculine,0.595
2025-06-01,IQ,Self-expression,feminine,0.539
2025-06-01,IQ,Self-expression,masculine,0.461
2025-06-01,IQ,Writing,feminine,0.423
2025-06-01,IQ,Writing,masculine,0.577
2025-06-01,IT,Multimedia,feminine,0.540
2025-06-01,IT,Multimedia,masculine,0.460
2025-06-01,IT,Other/Unknown,feminine,0.511
2025-06-01,IT,Other/Unknown,masculine,0.489
2025-06-01,IT,Practical Guidance,feminine,0.542
2025-06-01,IT,Practical Guidance,masculine,0.458
2025-06-01,IT,Seeking information,feminine,0.505
2025-06-01,IT,Seeking information,masculine,0.495
2025-06-01,IT,Self-expression,feminine,0.643
2025-06-01,IT,Self-expression,masculine,0.357
2025-06-01,IT,Technical help,feminine,0.348
2025-06-01,IT,Technical help,masculine,0.652
2025-06-01,IT,Writing,feminine,0.595
2025-06-01,IT,Writing,masculine,0.405
2025-06-01,JO,Practical Guidance,feminine,0.550
2025-06-01,JO,Practical Guidance,masculine,0.450
2025-06-01,JP,Practical Guidance,feminine,0.409
2025-06-01,JP,Practical Guidance,masculine,0.591
2025-06-01,JP,Seeking information,feminine,0.358
2025-06-01,JP,Seeking information,masculine,0.642
2025-06-01,JP,Self-expression,feminine,0.483
2025-06-01,JP,Self-expression,masculine,0.517
2025-06-01,JP,Technical help,feminine,0.341
2025-06-01,JP,Technical help,masculine,0.659
2025-06-01,JP,Writing,feminine,0.436
2025-06-01,JP,Writing,masculine,0.564
2025-06-01,KE,Practical Guidance,feminine,0.534
2025-06-01,KE,Practical Guidance,masculine,0.466
2025-06-01,KE,Seeking information,feminine,0.456
2025-06-01,KE,Seeking information,masculine,0.544
2025-06-01,KE,Writing,feminine,0.469
2025-06-01,KE,Writing,masculine,0.531
2025-06-01,KR,Practical Guidance,feminine,0.535
2025-06-01,KR,Practical Guidance,masculine,0.465
2025-06-01,KR,Seeking information,feminine,0.504
2025-06-01,KR,Seeking information,masculine,0.496
2025-06-01,KR,Self-expression,feminine,0.712
2025-06-01,KR,Self-expression,masculine,0.288
2025-06-01,KR,Writing,feminine,0.656
2025-06-01,KR,Writing,masculine,0.344
2025-06-01,KZ,Practical Guidance,feminine,0.470
2025-06-01,KZ,Practical Guidance,masculine,0.530
2025-06-01,KZ,Seeking information,feminine,0.464
2025-06-01,KZ,Seeking information,masculine,0.536
2025-06-01,KZ,Self-expression,feminine,0.542
2025-06-01,KZ,Self-expression,masculine,0.458
2025-06-01,KZ,Writing,feminine,0.532
2025-06-01,KZ,Writing,masculine,0.468
2025-06-01,LB,Practical Guidance,feminine,0.597
2025-06-01,LB,Practical Guidance,masculine,0.403
2025-06-01,LT,Practical Guidance,feminine,0.428
2025-06-01,LT,Practical Guidance,masculine,0.572
2025-06-01,MA,Practical Guidance,feminine,0.543
2025-06-01,MA,Practical Guidance,masculine,0.457
2025-06-01,MA,Seeking information,feminine,0.384
2025-06-01,MA,Seeking information,masculine,0.616
2025-06-01,MA,Self-expression,feminine,0.646
2025-06-01,MA,Self-expression,masculine,0.354
2025-06-01,MA,Writing,feminine,0.497
2025-06-01,MA,Writing,masculine,0.503
2025-06-01,MX,Multimedia,feminine,0.530
2025-06-01,MX,Multimedia,masculine,0.470
2025-06-01,MX,Other/Unknown,feminine,0.453
2025-06-01,MX,Other/Unknown,masculine,0.547
2025-06-01,MX,Practical Guidance,feminine,0.497
2025-06-01,MX,Practical Guidance,masculine,0.503
2025-06-01,MX,Seeking information,feminine,0.455
2025-06-01,MX,Seeking information,masculine,0.545
2025-06-01,MX,Self-expression,feminine,0.607
2025-06-01,MX,Self-expression,masculine,0.393
2025-06-01,MX,Technical help,feminine,0.358
2025-06-01,MX,Technical help,masculine,0.642
2025-06-01,MX,Writing,feminine,0.574
2025-06-01,MX,Writing,masculine,0.426
2025-06-01,MY,Multimedia,feminine,0.498
2025-06-01,MY,Multimedia,masculine,0.502
2025-06-01,MY,Practical Guidance,feminine,0.452
2025-06-01,MY,Practical Guidance,masculine,0.548
2025-06-01,MY,Seeking information,feminine,0.515
2025-06-01,MY,Seeking information,masculine,0.485
2025-06-01,MY,Self-expression,feminine,0.583
2025-06-01,MY,Self-expression,masculine,0.417
2025-06-01,MY,Writing,feminine,0.588
2025-06-01,MY,Writing,masculine,0.412
2025-06-01,NG,Practical Guidance,feminine,0.409
2025-06-01,NG,Practical Guidance,masculine,0.591
2025-06-01,NG,Seeking information,feminine,0.446
2025-06-01,NG,Seeking information,masculine,0.554
2025-06-01,NG,Writing,feminine,0.364
2025-06-01,NG,Writing,masculine,0.636
2025-06-01,NL,Multimedia,feminine,0.431
2025-06-01,NL,Multimedia,masculine,0.569
2025-06-01,NL,Other/Unknown,feminine,0.393
2025-06-01,NL,Other/Unknown,masculine,0.607
2025-06-01,NL,Practical Guidance,feminine,0.503
2025-06-01,NL,Practical Guidance,masculine,0.497
2025-06-01,NL,Seeking information,feminine,0.412
2025-06-01,NL,Seeking information,masculine,0.588
2025-06-01,NL,Self-expression,feminine,0.604
2025-06-01,NL,Self-expression,masculine,0.396
2025-06-01,NL,Technical help,feminine,0.283
2025-06-01,NL,Technical help,masculine,0.717
2025-06-01,NL,Writing,feminine,0.520
2025-06-01,NL,Writing,masculine,0.480
2025-06-01,NO,Practical Guidance,feminine,0.543
2025-06-01,NO,Practical Guidance,masculine,0.457
2025-06-01,NO,Seeking information,feminine,0.415
2025-06-01,NO,Seeking information,masculine,0.585
2025-06-01,NO,Writing,feminine,0.520
2025-06-01,NO,Writing,masculine,0.480
2025-06-01,NP,Practical Guidance,feminine,0.486
2025-06-01,NP,Practical Guidance,masculine,0.514
2025-06-01,NP,Writing,feminine,0.527
2025-06-01,NP,Writing,masculine,0.473
2025-06-01,NZ,Writing,feminine,0.551
2025-06-01,NZ,Writing,masculine,0.449
2025-06-01,PE,Multimedia,feminine,0.597
2025-06-01,PE,Multimedia,masculine,0.403
2025-06-01,PE,Other/Unknown,feminine,0.540
2025-06-01,PE,Other/Unknown,masculine,0.460
2025-06-01,PE,Practical Guidance,feminine,0.538
2025-06-01,PE,Practical Guidance,masculine,0.462
2025-06-01,PE,Seeking information,feminine,0.474
2025-06-01,PE,Seeking information,masculine,0.526
2025-06-01,PE,Self-expression,feminine,0.626
2025-06-01,PE,Self-expression,masculine,0.374
2025-06-01,PE,Technical help,feminine,0.399
2025-06-01,PE,Technical help,masculine,0.601
2025-06-01,PE,Writing,feminine,0.581
2025-06-01,PE,Writing,masculine,0.419
2025-06-01,PH,Multimedia,feminine,0.501
2025-06-01,PH,Multimedia,masculine,0.499
2025-06-01,PH,Other/Unknown,feminine,0.457
2025-06-01,PH,Other/Unknown,masculine,0.543
2025-06-01,PH,Practical Guidance,feminine,0.545
2025-06-01,PH,Practical Guidance,masculine,0.455
2025-06-01,PH,Seeking information,feminine,0.473
2025-06-01,PH,Seeking information,masculine,0.527
2025-06-01,PH,Self-expression,feminine,0.505
2025-06-01,PH,Self-expression,masculine,0.495
2025-06-01,PH,Technical help,feminine,0.316
2025-06-01,PH,Technical help,masculine,0.684
2025-06-01,PH,Writing,feminine,0.600
2025-06-01,PH,Writing,masculine,0.400
2025-06-01,PK,Multimedia,feminine,0.257
2025-06-01,PK,Multimedia,masculine,0.743
2025-06-01,PK,Other/Unknown,feminine,0.337
2025-06-01,PK,Other/Unknown,masculine,0.663
2025-06-01,PK,Practical Guidance,feminine,0.401
2025-06-01,PK,Practical Guidance,masculine,0.599
2025-06-01,PK,Seeking information,feminine,0.371
2025-06-01,PK,Seeking information,masculine,0.629
2025-06-01,PK,Self-expression,feminine,0.351
2025-06-01,PK,Self-expression,masculine,0.649
2025-06-01,PK,Technical help,feminine,0.227
2025-06-01,PK,Technical help,masculine,0.773
2025-06-01,PK,Writing,feminine,0.396
2025-06-01,PK,Writing,masculine,0.604
2025-06-01,PL,Multimedia,feminine,0.553
2025-06-01,PL,Multimedia,masculine,0.447
2025-06-01,PL,Other/Unknown,feminine,0.479
2025-06-01,PL,Other/Unknown,masculine,0.521
2025-06-01,PL,Practical Guidance,feminine,0.561
2025-06-01,PL,Practical Guidance,masculine,0.439
2025-06-01,PL,Seeking information,feminine,0.535
2025-06-01,PL,Seeking information,masculine,0.465
2025-06-01,PL,Self-expression,feminine,0.644
2025-06-01,PL,Self-expression,masculine,0.356
2025-06-01,PL,Technical help,feminine,0.308
2025-06-01,PL,Technical help,masculine,0.692
2025-06-01,PL,Writing,feminine,0.645
2025-06-01,PL,Writing,masculine,0.355
2025-06-01,PT,Practical Guidance,feminine,0.521
2025-06-01,PT,Practical Guidance,masculine,0.479
2025-06-01,PT,Seeking information,feminine,0.509
2025-06-01,PT,Seeking information,masculine,0.491
2025-06-01,PT,Writing,feminine,0.646
2025-06-01,PT,Writing,masculine,0.354
2025-06-01,RO,Multimedia,feminine,0.480
2025-06-01,RO,Multimedia,masculine,0.520
2025-06-01,RO,Practical Guidance,feminine,0.568
2025-06-01,RO,Practical Guidance,masculine,0.432
2025-06-01,RO,Seeking information,feminine,0.499
2025-06-01,RO,Seeking information,masculine,0.501
2025-06-01,RO,Self-expression,feminine,0.542
2025-06-01,RO,Self-expression,masculine,0.458
2025-06-01,RO,Writing,feminine,0.654
2025-06-01,RO,Writing,masculine,0.346
2025-06-01,RS,Practical Guidance,feminine,0.626
2025-06-01,RS,Practical Guidance,masculine,0.374
2025-06-01,RS,Seeking information,feminine,0.566
2025-06-01,RS,Seeking information,masculine,0.434
2025-06-01,RS,Writing,feminine,0.586
2025-06-01,RS,Writing,masculine,0.414
2025-06-01,SA,Multimedia,feminine,0.509
2025-06-01,SA,Multimedia,masculine,0.491
2025-06-01,SA,Other/Unknown,feminine,0.351
2025-06-01,SA,Other/Unknown,masculine,0.649
2025-06-01,SA,Practical Guidance,feminine,0.497
2025-06-01,SA,Practical Guidance,masculine,0.503
2025-06-01,SA,Seeking information,feminine,0.392
2025-06-01,SA,Seeking information,masculine,0.608
2025-06-01,SA,Self-expression,feminine,0.598
2025-06-01,SA,Self-expression,masculine,0.402
2025-06-01,SA,Writing,feminine,0.412
2025-06-01,SA,Writing,masculine,0.588
2025-06-01,SE,Practical Guidance,feminine,0.483
2025-06-01,SE,Practical Guidance,masculine,0.517
2025-06-01,SE,Seeking information,feminine,0.404
2025-06-01,SE,Seeking information,masculine,0.596
2025-06-01,SE,Writing,feminine,0.516
2025-06-01,SE,Writing,masculine,0.484
2025-06-01,SG,Practical Guidance,feminine,0.429
2025-06-01,SG,Practical Guidance,masculine,0.571
2025-06-01,SG,Seeking information,feminine,0.394
2025-06-01,SG,Seeking information,masculine,0.606
2025-06-01,SG,Writing,feminine,0.502
2025-06-01,SG,Writing,masculine,0.498
2025-06-01,SK,Practical Guidance,feminine,0.552
2025-06-01,SK,Practical Guidance,masculine,0.448
2025-06-01,SK,Seeking information,feminine,0.552
2025-06-01,SK,Seeking information,masculine,0.448
2025-06-01,TH,Practical Guidance,feminine,0.477
2025-06-01,TH,Practical Guidance,masculine,0.523
2025-06-01,TH,Seeking information,feminine,0.423
2025-06-01,TH,Seeking information,masculine,0.577
2025-06-01,TH,Writing,feminine,0.563
2025-06-01,TH,Writing,masculine,0.437
2025-06-01,TN,Practical Guidance,feminine,0.554
2025-06-01,TN,Practical Guidance,masculine,0.446
2025-06-01,TN,Writing,feminine,0.524
2025-06-01,TN,Writing,masculine,0.476
2025-06-01,TR,Multimedia,feminine,0.438
2025-06-01,TR,Multimedia,masculine,0.562
2025-06-01,TR,Other/Unknown,feminine,0.506
2025-06-01,TR,Other/Unknown,masculine,0.494
2025-06-01,TR,Practical Guidance,feminine,0.478
2025-06-01,TR,Practical Guidance,masculine,0.522
2025-06-01,TR,Seeking information,feminine,0.445
2025-06-01,TR,Seeking information,masculine,0.555
2025-06-01,TR,Self-expression,feminine,0.645
2025-06-01,TR,Self-expression,masculine,0.355
2025-06-01,TR,Technical help,feminine,0.305
2025-06-01,TR,Technical help,masculine,0.695
2025-06-01,TR,Writing,feminine,0.500
2025-06-01,TR,Writing,masculine,0.500
2025-06-01,TW,Practical Guidance,feminine,0.465
2025-06-01,TW,Practical Guidance,masculine,0.535
2025-06-01,TW,Seeking information,feminine,0.554
2025-06-01,TW,Seeking information,masculine,0.446
2025-06-01,TW,Writing,feminine,0.498
2025-06-01,TW,Writing,masculine,0.502
2025-06-01,UA,Multimedia,feminine,0.468
2025-06-01,UA,Multimedia,masculine,0.532
2025-06-01,UA,Other/Unknown,feminine,0.551
2025-06-01,UA,Other/Unknown,masculine,0.449
2025-06-01,UA,Practical Guidance,feminine,0.604
2025-06-01,UA,Practical Guidance,masculine,0.396
2025-06-01,UA,Seeking information,feminine,0.510
2025-06-01,UA,Seeking information,masculine,0.490
2025-06-01,UA,Self-expression,feminine,0.626
2025-06-01,UA,Self-expression,masculine,0.374
2025-06-01,UA,Technical help,feminine,0.334
2025-06-01,UA,Technical help,masculine,0.666
2025-06-01,UA,Writing,feminine,0.610
2025-06-01,UA,Writing,masculine,0.390
2025-06-01,US,Multimedia,feminine,0.499
2025-06-01,US,Multimedia,masculine,0.501
2025-06-01,US,Other/Unknown,feminine,0.437
2025-06-01,US,Other/Unknown,masculine,0.563
2025-06-01,US,Practical Guidance,feminine,0.496
2025-06-01,US,Practical Guidance,masculine,0.504
2025-06-01,US,Seeking information,feminine,0.437
2025-06-01,US,Seeking information,masculine,0.563
2025-06-01,US,Self-expression,feminine,0.574
2025-06-01,US,Self-expression,masculine,0.426
2025-06-01,US,Technical help,feminine,0.312
2025-06-01,US,Technical help,masculine,0.688
2025-06-01,US,Writing,feminine,0.555
2025-06-01,US,Writing,masculine,0.445
2025-06-01,UY,Practical Guidance,feminine,0.486
2025-06-01,UY,Practical Guidance,masculine,0.514
2025-06-01,UZ,Practical Guidance,feminine,0.470
2025-06-01,UZ,Practical Guidance,masculine,0.530
2025-06-01,UZ,Seeking information,feminine,0.371
2025-06-01,UZ,Seeking information,masculine,0.629
2025-06-01,VN,Practical Guidance,feminine,0.527
2025-06-01,VN,Practical Guidance,masculine,0.473
2025-06-01,VN,Seeking information,feminine,0.470
2025-06-01,VN,Seeking information,masculine,0.530
2025-06-01,VN,Self-expression,feminine,0.634
2025-06-01,VN,Self-expression,masculine,0.366
2025-06-01,VN,Writing,feminine,0.557
2025-06-01,VN,Writing,masculine,0.443
2025-06-01,ZA,Practical Guidance,feminine,0.517
2025-06-01,ZA,Practical Guidance,masculine,0.483
2025-06-01,ZA,Seeking information,feminine,0.497
2025-06-01,ZA,Seeking information,masculine,0.503
2025-06-01,ZA,Writing,feminine,0.567
2025-06-01,ZA,Writing,masculine,0.433
2025-07-01,AE,Practical Guidance,feminine,0.437
2025-07-01,AE,Practical Guidance,masculine,0.563
2025-07-01,AE,Seeking information,feminine,0.400
2025-07-01,AE,Seeking information,masculine,0.600
2025-07-01,AE,Writing,feminine,0.514
2025-07-01,AE,Writing,masculine,0.486
2025-07-01,AR,Multimedia,feminine,0.524
2025-07-01,AR,Multimedia,masculine,0.476
2025-07-01,AR,Other/Unknown,feminine,0.596
2025-07-01,AR,Other/Unknown,masculine,0.404
2025-07-01,AR,Practical Guidance,feminine,0.562
2025-07-01,AR,Practical Guidance,masculine,0.438
2025-07-01,AR,Seeking information,feminine,0.510
2025-07-01,AR,Seeking information,masculine,0.490
2025-07-01,AR,Self-expression,feminine,0.708
2025-07-01,AR,Self-expression,masculine,0.292
2025-07-01,AR,Technical help,feminine,0.315
2025-07-01,AR,Technical help,masculine,0.685
2025-07-01,AR,Writing,feminine,0.610
2025-07-01,AR,Writing,masculine,0.390
2025-07-01,AT,Practical Guidance,feminine,0.517
2025-07-01,AT,Practical Guidance,masculine,0.483
2025-07-01,AT,Seeking information,feminine,0.451
2025-07-01,AT,Seeking information,masculine,0.549
2025-07-01,AT,Writing,feminine,0.605
2025-07-01,AT,Writing,masculine,0.395
2025-07-01,AU,Multimedia,feminine,0.507
2025-07-01,AU,Multimedia,masculine,0.493
2025-07-01,AU,Practical Guidance,feminine,0.490
2025-07-01,AU,Practical Guidance,masculine,0.510
2025-07-01,AU,Seeking information,feminine,0.429
2025-07-01,AU,Seeking information,masculine,0.571
2025-07-01,AU,Self-expression,feminine,0.559
2025-07-01,AU,Self-expression,masculine,0.441
2025-07-01,AU,Technical help,feminine,0.360
2025-07-01,AU,Technical help,masculine,0.640
2025-07-01,AU,Writing,feminine,0.560
2025-07-01,AU,Writing,masculine,0.440
2025-07-01,AZ,Practical Guidance,feminine,0.547
2025-07-01,AZ,Practical Guidance,masculine,0.453
2025-07-01,AZ,Seeking information,feminine,0.457
2025-07-01,AZ,Seeking information,masculine,0.543
2025-07-01,AZ,Self-expression,feminine,0.558
2025-07-01,AZ,Self-expression,masculine,0.442
2025-07-01,AZ,Writing,feminine,0.554
2025-07-01,AZ,Writing,masculine,0.446
2025-07-01,BD,Multimedia,feminine,0.262
2025-07-01,BD,Multimedia,masculine,0.738
2025-07-01,BD,Other/Unknown,feminine,0.314
2025-07-01,BD,Other/Unknown,masculine,0.686
2025-07-01,BD,Practical Guidance,feminine,0.344
2025-07-01,BD,Practical Guidance,masculine,0.656
2025-07-01,BD,Seeking information,feminine,0.259
2025-07-01,BD,Seeking information,masculine,0.741
2025-07-01,BD,Self-expression,feminine,0.456
2025-07-01,BD,Self-expression,masculine,0.544
2025-07-01,BD,Writing,feminine,0.407
2025-07-01,BD,Writing,masculine,0.593
2025-07-01,BE,Practical Guidance,feminine,0.544
2025-07-01,BE,Practical Guidance,masculine,0.456
2025-07-01,BE,Seeking information,feminine,0.496
2025-07-01,BE,Seeking information,masculine,0.504
2025-07-01,BE,Writing,feminine,0.531
2025-07-01,BE,Writing,masculine,0.469
2025-07-01,BG,Practical Guidance,feminine,0.440
2025-07-01,BG,Practical Guidance,masculine,0.560
2025-07-01,BG,Seeking information,feminine,0.410
2025-07-01,BG,Seeking information,masculine,0.590
2025-07-01,BG,Writing,feminine,0.539
2025-07-01,BG,Writing,masculine,0.461
2025-07-01,BO,Practical Guidance,feminine,0.499
2025-07-01,BO,Practical Guidance,masculine,0.501
2025-07-01,BO,Writing,feminine,0.498
2025-07-01,BO,Writing,masculine,0.502
2025-07-01,BR,Multimedia,feminine,0.554
2025-07-01,BR,Multimedia,masculine,0.446
2025-07-01,BR,Other/Unknown,feminine,0.540
2025-07-01,BR,Other/Unknown,masculine,0.460
2025-07-01,BR,Practical Guidance,feminine,0.561
2025-07-01,BR,Practical Guidance,masculine,0.439
2025-07-01,BR,Seeking information,feminine,0.484
2025-07-01,BR,Seeking information,masculine,0.516
2025-07-01,BR,Self-expression,feminine,0.727
2025-07-01,BR,Self-expression,masculine,0.273
2025-07-01,BR,Technical help,feminine,0.300
2025-07-01,BR,Technical help,masculine,0.700
2025-07-01,BR,Writing,feminine,0.651
2025-07-01,BR,Writing,masculine,0.349
2025-07-01,CA,Multimedia,feminine,0.502
2025-07-01,CA,Multimedia,masculine,0.498
2025-07-01,CA,Other/Unknown,feminine,0.422
2025-07-01,CA,Other/Unknown,masculine,0.578
2025-07-01,CA,Practical Guidance,feminine,0.488
2025-07-01,CA,Practical Guidance,masculine,0.512
2025-07-01,CA,Seeking information,feminine,0.434
2025-07-01,CA,Seeking information,masculine,0.566
2025-07-01,CA,Self-expression,feminine,0.545
2025-07-01,CA,Self-expression,masculine,0.455
2025-07-01,CA,Technical help,feminine,0.299
2025-07-01,CA,Technical help,masculine,0.701
2025-07-01,CA,Writing,feminine,0.547
2025-07-01,CA,Writing,masculine,0.453
2025-07-01,CH,Practical Guidance,feminine,0.459
2025-07-01,CH,Practical Guidance,masculine,0.541
2025-07-01,CH,Seeking information,feminine,0.484
2025-07-01,CH,Seeking information,masculine,0.516
2025-07-01,CH,Writing,feminine,0.500
2025-07-01,CH,Writing,masculine,0.500
2025-07-01,CL,Multimedia,feminine,0.486
2025-07-01,CL,Multimedia,masculine,0.514
2025-07-01,CL,Practical Guidance,feminine,0.506
2025-07-01,CL,Practical Guidance,masculine,0.494
2025-07-01,CL,Seeking information,feminine,0.451
2025-07-01,CL,Seeking information,masculine,0.549
2025-07-01,CL,Self-expression,feminine,0.647
2025-07-01,CL,Self-expression,masculine,0.353
2025-07-01,CL,Technical help,feminine,0.323
2025-07-01,CL,Technical help,masculine,0.677
2025-07-01,CL,Writing,feminine,0.589
2025-07-01,CL,Writing,masculine,0.411
2025-07-01,CO,Multimedia,feminine,0.529
2025-07-01,CO,Multimedia,masculine,0.471
2025-07-01,CO,Other/Unknown,feminine,0.554
2025-07-01,CO,Other/Unknown,masculine,0.446
2025-07-01,CO,Practical Guidance,feminine,0.545
2025-07-01,CO,Practical Guidance,masculine,0.455
2025-07-01,CO,Seeking information,feminine,0.469
2025-07-01,CO,Seeking information,masculine,0.531
2025-07-01,CO,Self-expression,feminine,0.604
2025-07-01,CO,Self-expression,masculine,0.396
2025-07-01,CO,Technical help,feminine,0.309
2025-07-01,CO,Technical help,masculine,0.691
2025-07-01,CO,Writing,feminine,0.615
2025-07-01,CO,Writing,masculine,0.385
2025-07-01,CR,Writing,feminine,0.517
2025-07-01,CR,Writing,masculine,0.483
2025-07-01,CZ,Practical Guidance,feminine,0.636
2025-07-01,CZ,Practical Guidance,masculine,0.364
2025-07-01,CZ,Seeking information,feminine,0.481
2025-07-01,CZ,Seeking information,masculine,0.519
2025-07-01,CZ,Self-expression,feminine,0.654
2025-07-01,CZ,Self-expression,masculine,0.346
2025-07-01,CZ,Writing,feminine,0.647
2025-07-01,CZ,Writing,masculine,0.353
2025-07-01,DE,Multimedia,feminine,0.471
2025-07-01,DE,Multimedia,masculine,0.529
2025-07-01,DE,Other/Unknown,feminine,0.409
2025-07-01,DE,Other/Unknown,masculine,0.591
2025-07-01,DE,Practical Guidance,feminine,0.494
2025-07-01,DE,Practical Guidance,masculine,0.506
2025-07-01,DE,Seeking information,feminine,0.457
2025-07-01,DE,Seeking information,masculine,0.543
2025-07-01,DE,Self-expression,feminine,0.617
2025-07-01,DE,Self-expression,masculine,0.383
2025-07-01,DE,Technical help,feminine,0.297
2025-07-01,DE,Technical help,masculine,0.703
2025-07-01,DE,Writing,feminine,0.557
2025-07-01,DE,Writing,masculine,0.443
2025-07-01,DK,Practical Guidance,feminine,0.456
2025-07-01,DK,Practical Guidance,masculine,0.544
2025-07-01,DK,Seeking information,feminine,0.392
2025-07-01,DK,Seeking information,masculine,0.608
2025-07-01,DK,Writing,feminine,0.481
2025-07-01,DK,Writing,masculine,0.519
2025-07-01,DO,Practical Guidance,feminine,0.582
2025-07-01,DO,Practical Guidance,masculine,0.418
2025-07-01,DO,Writing,feminine,0.557
2025-07-01,DO,Writing,masculine,0.443
2025-07-01,DZ,Practical Guidance,feminine,0.604
2025-07-01,DZ,Practical Guidance,masculine,0.396
2025-07-01,DZ,Seeking information,feminine,0.558
2025-07-01,DZ,Seeking information,masculine,0.442
2025-07-01,DZ,Self-expression,feminine,0.694
2025-07-01,DZ,Self-expression,masculine,0.306
2025-07-01,DZ,Writing,feminine,0.673
2025-07-01,DZ,Writing,masculine,0.327
2025-07-01,EC,Practical Guidance,feminine,0.586
2025-07-01,EC,Practical Guidance,masculine,0.414
2025-07-01,EC,Seeking information,feminine,0.504
2025-07-01,EC,Seeking information,masculine,0.496
2025-07-01,EC,Writing,feminine,0.617
2025-07-01,EC,Writing,masculine,0.383
2025-07-01,EG,Multimedia,feminine,0.396
2025-07-01,EG,Multimedia,masculine,0.604
2025-07-01,EG,Other/Unknown,feminine,0.425
2025-07-01,EG,Other/Unknown,masculine,0.575
2025-07-01,EG,Practical Guidance,feminine,0.474
2025-07-01,EG,Practical Guidance,masculine,0.526
2025-07-01,EG,Seeking information,feminine,0.416
2025-07-01,EG,Seeking information,masculine,0.584
2025-07-01,EG,Self-expression,feminine,0.570
2025-07-01,EG,Self-expression,masculine,0.430
2025-07-01,EG,Technical help,feminine,0.286
2025-07-01,EG,Technical help,masculine,0.714
2025-07-01,EG,Writing,feminine,0.518
2025-07-01,EG,Writing,masculine,0.482
2025-07-01,ES,Multimedia,feminine,0.467
2025-07-01,ES,Multimedia,masculine,0.533
2025-07-01,ES,Other/Unknown,feminine,0.469
2025-07-01,ES,Other/Unknown,masculine,0.531
2025-07-01,ES,Practical Guidance,feminine,0.509
2025-07-01,ES,Practical Guidance,masculine,0.491
2025-07-01,ES,Seeking information,feminine,0.464
2025-07-01,ES,Seeking information,masculine,0.536
2025-07-01,ES,Self-expression,feminine,0.654
2025-07-01,ES,Self-expression,masculine,0.346
2025-07-01,ES,Technical help,feminine,0.297
2025-07-01,ES,Technical help,masculine,0.703
2025-07-01,ES,Writing,feminine,0.561
2025-07-01,ES,Writing,masculine,0.439
2025-07-01,FI,Practical Guidance,feminine,0.483
2025-07-01,FI,Practical Guidance,masculine,0.517
2025-07-01,FI,Seeking information,feminine,0.401
2025-07-01,FI,Seeking information,masculine,0.599
2025-07-01,FI,Writing,feminine,0.540
2025-07-01,FI,Writing,masculine,0.460
2025-07-01,FR,Multimedia,feminine,0.440
2025-07-01,FR,Multimedia,masculine,0.560
2025-07-01,FR,Other/Unknown,feminine,0.515
2025-07-01,FR,Other/Unknown,masculine,0.485
2025-07-01,FR,Practical Guidance,feminine,0.526
2025-07-01,FR,Practical Guidance,masculine,0.474
2025-07-01,FR,Seeking information,feminine,0.449
2025-07-01,FR,Seeking information,masculine,0.551
2025-07-01,FR,Self-expression,feminine,0.661
2025-07-01,FR,Self-expression,masculine,0.339
2025-07-01,FR,Technical help,feminine,0.286
2025-07-01,FR,Technical help,masculine,0.714
2025-07-01,FR,Writing,feminine,0.565
2025-07-01,FR,Writing,masculine,0.435
2025-07-01,GB,Multimedia,feminine,0.491
2025-07-01,GB,Multimedia,masculine,0.509
2025-07-01,GB,Other/Unknown,feminine,0.396
2025-07-01,GB,Other/Unknown,masculine,0.604
2025-07-01,GB,Practical Guidance,feminine,0.454
2025-07-01,GB,Practical Guidance,masculine,0.546
2025-07-01,GB,Seeking information,feminine,0.402
2025-07-01,GB,Seeking information,masculine,0.598
2025-07-01,GB,Self-expression,feminine,0.605
2025-07-01,GB,Self-expression,masculine,0.395
2025-07-01,GB,Technical help,feminine,0.223
2025-07-01,GB,Technical help,masculine,0.777
2025-07-01,GB,Writing,feminine,0.533
2025-07-01,GB,Writing,masculine,0.467
2025-07-01,GE,Practical Guidance,feminine,0.519
2025-07-01,GE,Practical Guidance,masculine,0.481
2025-07-01,GH,Practical Guidance,feminine,0.468
2025-07-01,GH,Practical Guidance,masculine,0.532
2025-07-01,GH,Writing,feminine,0.346
2025-07-01,GH,Writing,masculine,0.654
2025-07-01,GR,Practical Guidance,feminine,0.483
2025-07-01,GR,Practical Guidance,masculine,0.517
2025-07-01,GR,Seeking information,feminine,0.412
2025-07-01,GR,Seeking information,masculine,0.588
2025-07-01,GR,Writing,feminine,0.562
2025-07-01,GR,Writing,masculine,0.438
2025-07-01,GT,Practical Guidance,feminine,0.467
2025-07-01,GT,Practical Guidance,masculine,0.533
2025-07-01,GT,Writing,feminine,0.630
2025-07-01,GT,Writing,masculine,0.370
2025-07-01,HR,Practical Guidance,feminine,0.561
2025-07-01,HR,Practical Guidance,masculine,0.439
2025-07-01,HR,Seeking information,feminine,0.450
2025-07-01,HR,Seeking information,masculine,0.550
2025-07-01,HU,Practical Guidance,feminine,0.498
2025-07-01,HU,Practical Guidance,masculine,0.502
2025-07-01,HU,Seeking information,feminine,0.383
2025-07-01,HU,Seeking information,masculine,0.617
2025-07-01,HU,Writing,feminine,0.550
2025-07-01,HU,Writing,masculine,0.450
2025-07-01,ID,Multimedia,feminine,0.516
2025-07-01,ID,Multimedia,masculine,0.484
2025-07-01,ID,Other/Unknown,feminine,0.511
2025-07-01,ID,Other/Unknown,masculine,0.489
2025-07-01,ID,Practical Guidance,feminine,0.560
2025-07-01,ID,Practical Guidance,masculine,0.440
2025-07-01,ID,Seeking information,feminine,0.490
2025-07-01,ID,Seeking information,masculine,0.510
2025-07-01,ID,Self-expression,feminine,0.633
2025-07-01,ID,Self-expression,masculine,0.367
2025-07-01,ID,Technical help,feminine,0.434
2025-07-01,ID,Technical help,masculine,0.566
2025-07-01,ID,Writing,feminine,0.642
2025-07-01,ID,Writing,masculine,0.358
2025-07-01,IE,Practical Guidance,feminine,0.519
2025-07-01,IE,Practical Guidance,masculine,0.481
2025-07-01,IE,Seeking information,feminine,0.488
2025-07-01,IE,Seeking information,masculine,0.512
2025-07-01,IE,Writing,feminine,0.536
2025-07-01,IE,Writing,masculine,0.464
2025-07-01,IL,Practical Guidance,feminine,0.451
2025-07-01,IL,Practical Guidance,masculine,0.549
2025-07-01,IL,Seeking information,feminine,0.431
2025-07-01,IL,Seeking information,masculine,0.569
2025-07-01,IL,Writing,feminine,0.517
2025-07-01,IL,Writing,masculine,0.483
2025-07-01,IN,Multimedia,feminine,0.359
2025-07-01,IN,Multimedia,masculine,0.641
2025-07-01,IN,Other/Unknown,feminine,0.405
2025-07-01,IN,Other/Unknown,masculine,0.595
2025-07-01,IN,Practical Guidance,feminine,0.435
2025-07-01,IN,Practical Guidance,masculine,0.565
2025-07-01,IN,Seeking information,feminine,0.373
2025-07-01,IN,Seeking information,masculine,0.627
2025-07-01,IN,Self-expression,feminine,0.530
2025-07-01,IN,Self-expression,masculine,0.470
2025-07-01,IN,Technical help,feminine,0.303
2025-07-01,IN,Technical help,masculine,0.697
2025-07-01,IN,Writing,feminine,0.444
2025-07-01,IN,Writing,masculine,0.556
2025-07-01,IQ,Practical Guidance,feminine,0.449
2025-07-01,IQ,Practical Guidance,masculine,0.551
2025-07-01,IQ,Seeking information,feminine,0.411
2025-07-01,IQ,Seeking information,masculine,0.589
2025-07-01,IQ,Self-expression,feminine,0.633
2025-07-01,IQ,Self-expression,masculine,0.367
2025-07-01,IQ,Writing,feminine,0.497
2025-07-01,IQ,Writing,masculine,0.503
2025-07-01,IT,Multimedia,feminine,0.541
2025-07-01,IT,Multimedia,masculine,0.459
2025-07-01,IT,Other/Unknown,feminine,0.490
2025-07-01,IT,Other/Unknown,masculine,0.510
2025-07-01,IT,Practical Guidance,feminine,0.542
2025-07-01,IT,Practical Guidance,masculine,0.458
2025-07-01,IT,Seeking information,feminine,0.490
2025-07-01,IT,Seeking information,masculine,0.510
2025-07-01,IT,Self-expression,feminine,0.628
2025-07-01,IT,Self-expression,masculine,0.372
2025-07-01,IT,Technical help,feminine,0.363
2025-07-01,IT,Technical help,masculine,0.637
2025-07-01,IT,Writing,feminine,0.600
2025-07-01,IT,Writing,masculine,0.400
2025-07-01,JO,Practical Guidance,feminine,0.547
2025-07-01,JO,Practical Guidance,masculine,0.453
2025-07-01,JO,Writing,feminine,0.492
2025-07-01,JO,Writing,masculine,0.508
2025-07-01,JP,Practical Guidance,feminine,0.448
2025-07-01,JP,Practical Guidance,masculine,0.552
2025-07-01,JP,Seeking information,feminine,0.415
2025-07-01,JP,Seeking information,masculine,0.585
2025-07-01,JP,Self-expression,feminine,0.572
2025-07-01,JP,Self-expression,masculine,0.428
2025-07-01,JP,Technical help,feminine,0.310
2025-07-01,JP,Technical help,masculine,0.690
2025-07-01,JP,Writing,feminine,0.471
2025-07-01,JP,Writing,masculine,0.529
2025-07-01,KE,Practical Guidance,feminine,0.543
2025-07-01,KE,Practical Guidance,masculine,0.457
2025-07-01,KE,Seeking information,feminine,0.455
2025-07-01,KE,Seeking information,masculine,0.545
2025-07-01,KE,Writing,feminine,0.478
2025-07-01,KE,Writing,masculine,0.522
2025-07-01,KR,Practical Guidance,feminine,0.570
2025-07-01,KR,Practical Guidance,masculine,0.430
2025-07-01,KR,Seeking information,feminine,0.517
2025-07-01,KR,Seeking information,masculine,0.483
2025-07-01,KR,Self-expression,feminine,0.629
2025-07-01,KR,Self-expression,masculine,0.371
2025-07-01,KR,Writing,feminine,0.547
2025-07-01,KR,Writing,masculine,0.453
2025-07-01,KZ,Practical Guidance,feminine,0.433
2025-07-01,KZ,Practical Guidance,masculine,0.567
2025-07-01,KZ,Seeking information,feminine,0.472
2025-07-01,KZ,Seeking information,masculine,0.528
2025-07-01,KZ,Self-expression,feminine,0.582
2025-07-01,KZ,Self-expression,masculine,0.418
2025-07-01,KZ,Writing,feminine,0.509
2025-07-01,KZ,Writing,masculine,0.491
2025-07-01,LB,Practical Guidance,feminine,0.594
2025-07-01,LB,Practical Guidance,masculine,0.406
2025-07-01,MA,Practical Guidance,feminine,0.493
2025-07-01,MA,Practical Guidance,masculine,0.507
2025-07-01,MA,Seeking information,feminine,0.510
2025-07-01,MA,Seeking information,masculine,0.490
2025-07-01,MA,Self-expression,feminine,0.578
2025-07-01,MA,Self-expression,masculine,0.422
2025-07-01,MA,Writing,feminine,0.522
2025-07-01,MA,Writing,masculine,0.478
2025-07-01,MX,Multimedia,feminine,0.491
2025-07-01,MX,Multimedia,masculine,0.509
2025-07-01,MX,Other/Unknown,feminine,0.417
2025-07-01,MX,Other/Unknown,masculine,0.583
2025-07-01,MX,Practical Guidance,feminine,0.504
2025-07-01,MX,Practical Guidance,masculine,0.496
2025-07-01,MX,Seeking information,feminine,0.393
2025-07-01,MX,Seeking information,masculine,0.607
2025-07-01,MX,Self-expression,feminine,0.602
2025-07-01,MX,Self-expression,masculine,0.398
2025-07-01,MX,Technical help,feminine,0.322
2025-07-01,MX,Technical help,masculine,0.678
2025-07-01,MX,Writing,feminine,0.555
2025-07-01,MX,Writing,masculine,0.445
2025-07-01,MY,Multimedia,feminine,0.490
2025-07-01,MY,Multimedia,masculine,0.510
2025-07-01,MY,Other/Unknown,feminine,0.566
2025-07-01,MY,Other/Unknown,masculine,0.434
2025-07-01,MY,Practical Guidance,feminine,0.503
2025-07-01,MY,Practical Guidance,masculine,0.497
2025-07-01,MY,Seeking information,feminine,0.438
2025-07-01,MY,Seeking information,masculine,0.562
2025-07-01,MY,Self-expression,feminine,0.607
2025-07-01,MY,Self-expression,masculine,0.393
2025-07-01,MY,Writing,feminine,0.580
2025-07-01,MY,Writing,masculine,0.420
2025-07-01,NG,Practical Guidance,feminine,0.447
2025-07-01,NG,Practical Guidance,masculine,0.553
2025-07-01,NG,Seeking information,feminine,0.418
2025-07-01,NG,Seeking information,masculine,0.582
2025-07-01,NG,Self-expression,feminine,0.499
2025-07-01,NG,Self-expression,masculine,0.501
2025-07-01,NG,Writing,feminine,0.336
2025-07-01,NG,Writing,masculine,0.664
2025-07-01,NL,Multimedia,feminine,0.472
2025-07-01,NL,Multimedia,masculine,0.528
2025-07-01,NL,Other/Unknown,feminine,0.454
2025-07-01,NL,Other/Unknown,masculine,0.546
2025-07-01,NL,Practical Guidance,feminine,0.468
2025-07-01,NL,Practical Guidance,masculine,0.532
2025-07-01,NL,Seeking information,feminine,0.437
2025-07-01,NL,Seeking information,masculine,0.563
2025-07-01,NL,Self-expression,feminine,0.574
2025-07-01,NL,Self-expression,masculine,0.426
2025-07-01,NL,Technical help,feminine,0.273
2025-07-01,NL,Technical help,masculine,0.727
2025-07-01,NL,Writing,feminine,0.539
2025-07-01,NL,Writing,masculine,0.461
2025-07-01,NO,Practical Guidance,feminine,0.559
2025-07-01,NO,Practical Guidance,masculine,0.441
2025-07-01,NO,Seeking information,feminine,0.437
2025-07-01,NO,Seeking information,masculine,0.563
2025-07-01,NO,Writing,feminine,0.504
2025-07-01,NO,Writing,masculine,0.496
2025-07-01,NP,Practical Guidance,feminine,0.521
2025-07-01,NP,Practical Guidance,masculine,0.479
2025-07-01,NP,Writing,feminine,0.520
2025-07-01,NP,Writing,masculine,0.480
2025-07-01,NZ,Practical Guidance,feminine,0.546
2025-07-01,NZ,Practical Guidance,masculine,0.454
2025-07-01,NZ,Writing,feminine,0.568
2025-07-01,NZ,Writing,masculine,0.432
2025-07-01,PE,Multimedia,feminine,0.522
2025-07-01,PE,Multimedia,masculine,0.478
2025-07-01,PE,Practical Guidance,feminine,0.538
2025-07-01,PE,Practical Guidance,masculine,0.462
2025-07-01,PE,Seeking information,feminine,0.482
2025-07-01,PE,Seeking information,masculine,0.518
2025-07-01,PE,Self-expression,feminine,0.617
2025-07-01,PE,Self-expression,masculine,0.383
2025-07-01,PE,Technical help,feminine,0.353
2025-07-01,PE,Technical help,masculine,0.647
2025-07-01,PE,Writing,feminine,0.590
2025-07-01,PE,Writing,masculine,0.410
2025-07-01,PH,Multimedia,feminine,0.552
2025-07-01,PH,Multimedia,masculine,0.448
2025-07-01,PH,Other/Unknown,feminine,0.529
2025-07-01,PH,Other/Unknown,masculine,0.471
2025-07-01,PH,Practical Guidance,feminine,0.576
2025-07-01,PH,Practical Guidance,masculine,0.424
2025-07-01,PH,Seeking information,feminine,0.456
2025-07-01,PH,Seeking information,masculine,0.544
2025-07-01,PH,Self-expression,feminine,0.578
2025-07-01,PH,Self-expression,masculine,0.422
2025-07-01,PH,Technical help,feminine,0.385
2025-07-01,PH,Technical help,masculine,0.615
2025-07-01,PH,Writing,feminine,0.602
2025-07-01,PH,Writing,masculine,0.398
2025-07-01,PK,Multimedia,feminine,0.259
2025-07-01,PK,Multimedia,masculine,0.741
2025-07-01,PK,Other/Unknown,feminine,0.255
2025-07-01,PK,Other/Unknown,masculine,0.745
2025-07-01,PK,Practical Guidance,feminine,0.407
2025-07-01,PK,Practical Guidance,masculine,0.593
2025-07-01,PK,Seeking information,feminine,0.254
2025-07-01,PK,Seeking information,masculine,0.746
2025-07-01,PK,Self-expression,feminine,0.444
2025-07-01,PK,Self-expression,masculine,0.556
2025-07-01,PK,Technical help,feminine,0.205
2025-07-01,PK,Technical help,masculine,0.795
2025-07-01,PK,Writing,feminine,0.366
2025-07-01,PK,Writing,masculine,0.634
2025-07-01,PL,Multimedia,feminine,0.491
2025-07-01,PL,Multimedia,masculine,0.509
2025-07-01,PL,Other/Unknown,feminine,0.552
2025-07-01,PL,Other/Unknown,masculine,0.448
2025-07-01,PL,Practical Guidance,feminine,0.543
2025-07-01,PL,Practical Guidance,masculine,0.457
2025-07-01,PL,Seeking information,feminine,0.474
2025-07-01,PL,Seeking information,masculine,0.526
2025-07-01,PL,Self-expression,feminine,0.675
2025-07-01,PL,Self-expression,masculine,0.325
2025-07-01,PL,Technical help,feminine,0.284
2025-07-01,PL,Technical help,masculine,0.716
2025-07-01,PL,Writing,feminine,0.642
2025-07-01,PL,Writing,masculine,0.358
2025-07-01,PT,Practical Guidance,feminine,0.473
2025-07-01,PT,Practical Guidance,masculine,0.527
2025-07-01,PT,Seeking information,feminine,0.438
2025-07-01,PT,Seeking information,masculine,0.562
2025-07-01,PT,Self-expression,feminine,0.787
2025-07-01,PT,Self-expression,masculine,0.213
2025-07-01,PT,Writing,feminine,0.594
2025-07-01,PT,Writing,masculine,0.406
2025-07-01,RO,Practical Guidance,feminine,0.566
2025-07-01,RO,Practical Guidance,masculine,0.434
2025-07-01,RO,Seeking information,feminine,0.491
2025-07-01,RO,Seeking information,masculine,0.509
2025-07-01,RO,Self-expression,feminine,0.677
2025-07-01,RO,Self-expression,masculine,0.323
2025-07-01,RO,Writing,feminine,0.585
2025-07-01,RO,Writing,masculine,0.415
2025-07-01,RS,Practical Guidance,feminine,0.583
2025-07-01,RS,Practical Guidance,masculine,0.417
2025-07-01,RS,Seeking information,feminine,0.578
2025-07-01,RS,Seeking information,masculine,0.422
2025-07-01,RS,Writing,feminine,0.641
2025-07-01,RS,Writing,masculine,0.359
2025-07-01,SA,Practical Guidance,feminine,0.439
2025-07-01,SA,Practical Guidance,masculine,0.561
2025-07-01,SA,Seeking information,feminine,0.377
2025-07-01,SA,Seeking information,masculine,0.623
2025-07-01,SA,Self-expression,feminine,0.634
2025-07-01,SA,Self-expression,masculine,0.366
2025-07-01,SA,Writing,feminine,0.468
2025-07-01,SA,Writing,masculine,0.532
2025-07-01,SE,Practical Guidance,feminine,0.465
2025-07-01,SE,Practical Guidance,masculine,0.535
2025-07-01,SE,Seeking information,feminine,0.368
2025-07-01,SE,Seeking information,masculine,0.632
2025-07-01,SE,Writing,feminine,0.576
2025-07-01,SE,Writing,masculine,0.424
2025-07-01,SG,Practical Guidance,feminine,0.498
2025-07-01,SG,Practical Guidance,masculine,0.502
2025-07-01,SG,Seeking information,feminine,0.453
2025-07-01,SG,Seeking information,masculine,0.547
2025-07-01,SG,Writing,feminine,0.524
2025-07-01,SG,Writing,masculine,0.476
2025-07-01,SK,Practical Guidance,feminine,0.467
2025-07-01,SK,Practical Guidance,masculine,0.533
2025-07-01,SK,Seeking information,feminine,0.420
2025-07-01,SK,Seeking information,masculine,0.580
2025-07-01,TH,Practical Guidance,feminine,0.490
2025-07-01,TH,Practical Guidance,masculine,0.510
2025-07-01,TH,Seeking information,feminine,0.469
2025-07-01,TH,Seeking information,masculine,0.531
2025-07-01,TH,Writing,feminine,0.577
2025-07-01,TH,Writing,masculine,0.423
2025-07-01,TN,Practical Guidance,feminine,0.637
2025-07-01,TN,Practical Guidance,masculine,0.363
2025-07-01,TN,Writing,feminine,0.496
2025-07-01,TN,Writing,masculine,0.504
2025-07-01,TR,Multimedia,feminine,0.460
2025-07-01,TR,Multimedia,masculine,0.540
2025-07-01,TR,Other/Unknown,feminine,0.495
2025-07-01,TR,Other/Unknown,masculine,0.505
2025-07-01,TR,Practical Guidance,feminine,0.482
2025-07-01,TR,Practical Guidance,masculine,0.518
2025-07-01,TR,Seeking information,feminine,0.447
2025-07-01,TR,Seeking information,masculine,0.553
2025-07-01,TR,Self-expression,feminine,0.614
2025-07-01,TR,Self-expression,masculine,0.386
2025-07-01,TR,Technical help,feminine,0.310
2025-07-01,TR,Technical help,masculine,0.690
2025-07-01,TR,Writing,feminine,0.520
2025-07-01,TR,Writing,masculine,0.480
2025-07-01,TW,Practical Guidance,feminine,0.397
2025-07-01,TW,Practical Guidance,masculine,0.603
2025-07-01,TW,Seeking information,feminine,0.379
2025-07-01,TW,Seeking information,masculine,0.621
2025-07-01,TW,Writing,feminine,0.519
2025-07-01,TW,Writing,masculine,0.481
2025-07-01,UA,Other/Unknown,feminine,0.450
2025-07-01,UA,Other/Unknown,masculine,0.550
2025-07-01,UA,Practical Guidance,feminine,0.558
2025-07-01,UA,Practical Guidance,masculine,0.442
2025-07-01,UA,Seeking information,feminine,0.522
2025-07-01,UA,Seeking information,masculine,0.478
2025-07-01,UA,Self-expression,feminine,0.605
2025-07-01,UA,Self-expression,masculine,0.395
2025-07-01,UA,Writing,feminine,0.656
2025-07-01,UA,Writing,masculine,0.344
2025-07-01,US,Multimedia,feminine,0.495
2025-07-01,US,Multimedia,masculine,0.505
2025-07-01,US,Other/Unknown,feminine,0.423
2025-07-01,US,Other/Unknown,masculine,0.577
2025-07-01,US,Practical Guidance,feminine,0.487
2025-07-01,US,Practical Guidance,masculine,0.513
2025-07-01,US,Seeking information,feminine,0.433
2025-07-01,US,Seeking information,masculine,0.567
2025-07-01,US,Self-expression,feminine,0.566
2025-07-01,US,Self-expression,masculine,0.434
2025-07-01,US,Technical help,feminine,0.331
2025-07-01,US,Technical help,masculine,0.669
2025-07-01,US,Writing,feminine,0.579
2025-07-01,US,Writing,masculine,0.421
2025-07-01,UY,Practical Guidance,feminine,0.499
2025-07-01,UY,Practical Guidance,masculine,0.501
2025-07-01,UZ,Practical Guidance,feminine,0.492
2025-07-01,UZ,Practical Guidance,masculine,0.508
2025-07-01,UZ,Writing,feminine,0.522
2025-07-01,UZ,Writing,masculine,0.478
2025-07-01,VN,Practical Guidance,feminine,0.525
2025-07-01,VN,Practical Guidance,masculine,0.475
2025-07-01,VN,Seeking information,feminine,0.399
2025-07-01,VN,Seeking information,masculine,0.601
2025-07-01,VN,Self-expression,feminine,0.548
2025-07-01,VN,Self-expression,masculine,0.452
2025-07-01,VN,Writing,feminine,0.516
2025-07-01,VN,Writing,masculine,0.484
2025-07-01,ZA,Practical Guidance,feminine,0.504
2025-07-01,ZA,Practical Guidance,masculine,0.496
2025-07-01,ZA,Seeking information,feminine,0.440
2025-07-01,ZA,Seeking information,masculine,0.560
2025-07-01,ZA,Writing,feminine,0.608
2025-07-01,ZA,Writing,masculine,0.392
2025-08-01,AE,Practical Guidance,feminine,0.511
2025-08-01,AE,Practical Guidance,masculine,0.489
2025-08-01,AE,Seeking information,feminine,0.393
2025-08-01,AE,Seeking information,masculine,0.607
2025-08-01,AE,Writing,feminine,0.491
2025-08-01,AE,Writing,masculine,0.509
2025-08-01,AR,Multimedia,feminine,0.632
2025-08-01,AR,Multimedia,masculine,0.368
2025-08-01,AR,Other/Unknown,feminine,0.506
2025-08-01,AR,Other/Unknown,masculine,0.494
2025-08-01,AR,Practical Guidance,feminine,0.577
2025-08-01,AR,Practical Guidance,masculine,0.423
2025-08-01,AR,Seeking information,feminine,0.478
2025-08-01,AR,Seeking information,masculine,0.522
2025-08-01,AR,Self-expression,feminine,0.755
2025-08-01,AR,Self-expression,masculine,0.245
2025-08-01,AR,Technical help,feminine,0.381
2025-08-01,AR,Technical help,masculine,0.619
2025-08-01,AR,Writing,feminine,0.638
2025-08-01,AR,Writing,masculine,0.362
2025-08-01,AT,Practical Guidance,feminine,0.545
2025-08-01,AT,Practical Guidance,masculine,0.455
2025-08-01,AT,Seeking information,feminine,0.413
2025-08-01,AT,Seeking information,masculine,0.587
2025-08-01,AT,Writing,feminine,0.581
2025-08-01,AT,Writing,masculine,0.419
2025-08-01,AU,Multimedia,feminine,0.536
2025-08-01,AU,Multimedia,masculine,0.464
2025-08-01,AU,Other/Unknown,feminine,0.464
2025-08-01,AU,Other/Unknown,masculine,0.536
2025-08-01,AU,Practical Guidance,feminine,0.491
2025-08-01,AU,Practical Guidance,masculine,0.509
2025-08-01,AU,Seeking information,feminine,0.435
2025-08-01,AU,Seeking information,masculine,0.565
2025-08-01,AU,Self-expression,feminine,0.581
2025-08-01,AU,Self-expression,masculine,0.419
2025-08-01,AU,Technical help,feminine,0.354
2025-08-01,AU,Technical help,masculine,0.646
2025-08-01,AU,Writing,feminine,0.589
2025-08-01,AU,Writing,masculine,0.411
2025-08-01,AZ,Practical Guidance,feminine,0.523
2025-08-01,AZ,Practical Guidance,masculine,0.477
2025-08-01,AZ,Seeking information,feminine,0.373
2025-08-01,AZ,Seeking information,masculine,0.627
2025-08-01,BD,Multimedia,feminine,0.281
2025-08-01,BD,Multimedia,masculine,0.719
2025-08-01,BD,Other/Unknown,feminine,0.363
2025-08-01,BD,Other/Unknown,masculine,0.637
2025-08-01,BD,Practical Guidance,feminine,0.415
2025-08-01,BD,Practical Guidance,masculine,0.585
2025-08-01,BD,Seeking information,feminine,0.286
2025-08-01,BD,Seeking information,masculine,0.714
2025-08-01,BD,Self-expression,feminine,0.485
2025-08-01,BD,Self-expression,masculine,0.515
2025-08-01,BD,Writing,feminine,0.391
2025-08-01,BD,Writing,masculine,0.609
2025-08-01,BE,Practical Guidance,feminine,0.498
2025-08-01,BE,Practical Guidance,masculine,0.502
2025-08-01,BE,Seeking information,feminine,0.476
2025-08-01,BE,Seeking information,masculine,0.524
2025-08-01,BE,Writing,feminine,0.585
2025-08-01,BE,Writing,masculine,0.415
2025-08-01,BG,Practical Guidance,feminine,0.438
2025-08-01,BG,Practical Guidance,masculine,0.562
2025-08-01,BO,Practical Guidance,feminine,0.517
2025-08-01,BO,Practical Guidance,masculine,0.483
2025-08-01,BO,Writing,feminine,0.539
2025-08-01,BO,Writing,masculine,0.461
2025-08-01,BR,Multimedia,feminine,0.555
2025-08-01,BR,Multimedia,masculine,0.445
2025-08-01,BR,Other/Unknown,feminine,0.577
2025-08-01,BR,Other/Unknown,masculine,0.423
2025-08-01,BR,Practical Guidance,feminine,0.582
2025-08-01,BR,Practical Guidance,masculine,0.418
2025-08-01,BR,Seeking information,feminine,0.496
2025-08-01,BR,Seeking information,masculine,0.504
2025-08-01,BR,Self-expression,feminine,0.717
2025-08-01,BR,Self-expression,masculine,0.283
2025-08-01,BR,Technical help,feminine,0.345
2025-08-01,BR,Technical help,masculine,0.655
2025-08-01,BR,Writing,feminine,0.638
2025-08-01,BR,Writing,masculine,0.362
2025-08-01,CA,Multimedia,feminine,0.444
2025-08-01,CA,Multimedia,masculine,0.556
2025-08-01,CA,Other/Unknown,feminine,0.458
2025-08-01,CA,Other/Unknown,masculine,0.542
2025-08-01,CA,Practical Guidance,feminine,0.508
2025-08-01,CA,Practical Guidance,masculine,0.492
2025-08-01,CA,Seeking information,feminine,0.421
2025-08-01,CA,Seeking information,masculine,0.579
2025-08-01,CA,Self-expression,feminine,0.595
2025-08-01,CA,Self-expression,masculine,0.405
2025-08-01,CA,Technical help,feminine,0.290
2025-08-01,CA,Technical help,masculine,0.710
2025-08-01,CA,Writing,feminine,0.572
2025-08-01,CA,Writing,masculine,0.428
2025-08-01,CH,Practical Guidance,feminine,0.502
2025-08-01,CH,Practical Guidance,masculine,0.498
2025-08-01,CH,Seeking information,feminine,0.404
2025-08-01,CH,Seeking information,masculine,0.596
2025-08-01,CH,Writing,feminine,0.573
2025-08-01,CH,Writing,masculine,0.427
2025-08-01,CL,Multimedia,feminine,0.534
2025-08-01,CL,Multimedia,masculine,0.466
2025-08-01,CL,Practical Guidance,feminine,0.554
2025-08-01,CL,Practical Guidance,masculine,0.446
2025-08-01,CL,Seeking information,feminine,0.497
2025-08-01,CL,Seeking information,masculine,0.503
2025-08-01,CL,Self-expression,feminine,0.670
2025-08-01,CL,Self-expression,masculine,0.330
2025-08-01,CL,Writing,feminine,0.560
2025-08-01,CL,Writing,masculine,0.440
2025-08-01,CO,Multimedia,feminine,0.587
2025-08-01,CO,Multimedia,masculine,0.413
2025-08-01,CO,Other/Unknown,feminine,0.513
2025-08-01,CO,Other/Unknown,masculine,0.487
2025-08-01,CO,Practical Guidance,feminine,0.585
2025-08-01,CO,Practical Guidance,masculine,0.415
2025-08-01,CO,Seeking information,feminine,0.469
2025-08-01,CO,Seeking information,masculine,0.531
2025-08-01,CO,Self-expression,feminine,0.650
2025-08-01,CO,Self-expression,masculine,0.350
2025-08-01,CO,Technical help,feminine,0.382
2025-08-01,CO,Technical help,masculine,0.618
2025-08-01,CO,Writing,feminine,0.598
2025-08-01,CO,Writing,masculine,0.402
2025-08-01,CR,Practical Guidance,feminine,0.515
2025-08-01,CR,Practical Guidance,masculine,0.485
2025-08-01,CR,Writing,feminine,0.641
2025-08-01,CR,Writing,masculine,0.359
2025-08-01,CZ,Practical Guidance,feminine,0.551
2025-08-01,CZ,Practical Guidance,masculine,0.449
2025-08-01,CZ,Seeking information,feminine,0.532
2025-08-01,CZ,Seeking information,masculine,0.468
2025-08-01,CZ,Self-expression,feminine,0.640
2025-08-01,CZ,Self-expression,masculine,0.360
2025-08-01,CZ,Writing,feminine,0.596
2025-08-01,CZ,Writing,masculine,0.404
2025-08-01,DE,Multimedia,feminine,0.487
2025-08-01,DE,Multimedia,masculine,0.513
2025-08-01,DE,Other/Unknown,feminine,0.470
2025-08-01,DE,Other/Unknown,masculine,0.530
2025-08-01,DE,Practical Guidance,feminine,0.505
2025-08-01,DE,Practical Guidance,masculine,0.495
2025-08-01,DE,Seeking information,feminine,0.425
2025-08-01,DE,Seeking information,masculine,0.575
2025-08-01,DE,Self-expression,feminine,0.609
2025-08-01,DE,Self-expression,masculine,0.391
2025-08-01,DE,Technical help,feminine,0.304
2025-08-01,DE,Technical help,masculine,0.696
2025-08-01,DE,Writing,feminine,0.556
2025-08-01,DE,Writing,masculine,0.444
2025-08-01,DK,Practical Guidance,feminine,0.504
2025-08-01,DK,Practical Guidance,masculine,0.496
2025-08-01,DK,Seeking information,feminine,0.443
2025-08-01,DK,Seeking information,masculine,0.557
2025-08-01,DK,Writing,feminine,0.589
2025-08-01,DK,Writing,masculine,0.411
2025-08-01,DO,Practical Guidance,feminine,0.631
2025-08-01,DO,Practical Guidance,masculine,0.369
2025-08-01,DO,Writing,feminine,0.606
2025-08-01,DO,Writing,masculine,0.394
2025-08-01,DZ,Practical Guidance,feminine,0.568
2025-08-01,DZ,Practical Guidance,masculine,0.432
2025-08-01,DZ,Seeking information,feminine,0.474
2025-08-01,DZ,Seeking information,masculine,0.526
2025-08-01,DZ,Self-expression,feminine,0.695
2025-08-01,DZ,Self-expression,masculine,0.305
2025-08-01,DZ,Writing,feminine,0.614
2025-08-01,DZ,Writing,masculine,0.386
2025-08-01,EC,Practical Guidance,feminine,0.557
2025-08-01,EC,Practical Guidance,masculine,0.443
2025-08-01,EC,Seeking information,feminine,0.518
2025-08-01,EC,Seeking information,masculine,0.482
2025-08-01,EC,Writing,feminine,0.627
2025-08-01,EC,Writing,masculine,0.373
2025-08-01,EG,Multimedia,feminine,0.419
2025-08-01,EG,Multimedia,masculine,0.581
2025-08-01,EG,Other/Unknown,feminine,0.388
2025-08-01,EG,Other/Unknown,masculine,0.612
2025-08-01,EG,Practical Guidance,feminine,0.516
2025-08-01,EG,Practical Guidance,masculine,0.484
2025-08-01,EG,Seeking information,feminine,0.440
2025-08-01,EG,Seeking information,masculine,0.560
2025-08-01,EG,Self-expression,feminine,0.598
2025-08-01,EG,Self-expression,masculine,0.402
2025-08-01,EG,Technical help,feminine,0.255
2025-08-01,EG,Technical help,masculine,0.745
2025-08-01,EG,Writing,feminine,0.548
2025-08-01,EG,Writing,masculine,0.452
2025-08-01,ES,Multimedia,feminine,0.470
2025-08-01,ES,Multimedia,masculine,0.530
2025-08-01,ES,Other/Unknown,feminine,0.511
2025-08-01,ES,Other/Unknown,masculine,0.489
2025-08-01,ES,Practical Guidance,feminine,0.514
2025-08-01,ES,Practical Guidance,masculine,0.486
2025-08-01,ES,Seeking information,feminine,0.453
2025-08-01,ES,Seeking information,masculine,0.547
2025-08-01,ES,Self-expression,feminine,0.654
2025-08-01,ES,Self-expression,masculine,0.346
2025-08-01,ES,Technical help,feminine,0.303
2025-08-01,ES,Technical help,masculine,0.697
2025-08-01,ES,Writing,feminine,0.600
2025-08-01,ES,Writing,masculine,0.400
2025-08-01,FI,Practical Guidance,feminine,0.487
2025-08-01,FI,Practical Guidance,masculine,0.513
2025-08-01,FI,Seeking information,feminine,0.397
2025-08-01,FI,Seeking information,masculine,0.603
2025-08-01,FI,Writing,feminine,0.676
2025-08-01,FI,Writing,masculine,0.324
2025-08-01,FR,Multimedia,feminine,0.469
2025-08-01,FR,Multimedia,masculine,0.531
2025-08-01,FR,Other/Unknown,feminine,0.468
2025-08-01,FR,Other/Unknown,masculine,0.532
2025-08-01,FR,Practical Guidance,feminine,0.522
2025-08-01,FR,Practical Guidance,masculine,0.478
2025-08-01,FR,Seeking information,feminine,0.470
2025-08-01,FR,Seeking information,masculine,0.530
2025-08-01,FR,Self-expression,feminine,0.635
2025-08-01,FR,Self-expression,masculine,0.365
2025-08-01,FR,Technical help,feminine,0.328
2025-08-01,FR,Technical help,masculine,0.672
2025-08-01,FR,Writing,feminine,0.553
2025-08-01,FR,Writing,masculine,0.447
2025-08-01,GB,Multimedia,feminine,0.430
2025-08-01,GB,Multimedia,masculine,0.570
2025-08-01,GB,Other/Unknown,feminine,0.473
2025-08-01,GB,Other/Unknown,masculine,0.527
2025-08-01,GB,Practical Guidance,feminine,0.475
2025-08-01,GB,Practical Guidance,masculine,0.525
2025-08-01,GB,Seeking information,feminine,0.408
2025-08-01,GB,Seeking information,masculine,0.592
2025-08-01,GB,Self-expression,feminine,0.558
2025-08-01,GB,Self-expression,masculine,0.442
2025-08-01,GB,Technical help,feminine,0.242
2025-08-01,GB,Technical help,masculine,0.758
2025-08-01,GB,Writing,feminine,0.533
2025-08-01,GB,Writing,masculine,0.467
2025-08-01,GH,Practical Guidance,feminine,0.444
2025-08-01,GH,Practical Guidance,masculine,0.556
2025-08-01,GH,Writing,feminine,0.499
2025-08-01,GH,Writing,masculine,0.501
2025-08-01,GR,Practical Guidance,feminine,0.545
2025-08-01,GR,Practical Guidance,masculine,0.455
2025-08-01,GR,Seeking information,feminine,0.420
2025-08-01,GR,Seeking information,masculine,0.580
2025-08-01,GR,Writing,feminine,0.575
2025-08-01,GR,Writing,masculine,0.425
2025-08-01,GT,Practical Guidance,feminine,0.530
2025-08-01,GT,Practical Guidance,masculine,0.470
2025-08-01,GT,Writing,feminine,0.647
2025-08-01,GT,Writing,masculine,0.353
2025-08-01,HR,Practical Guidance,feminine,0.498
2025-08-01,HR,Practical Guidance,masculine,0.502
2025-08-01,HR,Seeking information,feminine,0.519
2025-08-01,HR,Seeking information,masculine,0.481
2025-08-01,HU,Practical Guidance,feminine,0.474
2025-08-01,HU,Practical Guidance,masculine,0.526
2025-08-01,HU,Seeking information,feminine,0.419
2025-08-01,HU,Seeking information,masculine,0.581
2025-08-01,HU,Writing,feminine,0.623
2025-08-01,HU,Writing,masculine,0.377
2025-08-01,ID,Multimedia,feminine,0.517
2025-08-01,ID,Multimedia,masculine,0.483
2025-08-01,ID,Other/Unknown,feminine,0.539
2025-08-01,ID,Other/Unknown,masculine,0.461
2025-08-01,ID,Practical Guidance,feminine,0.575
2025-08-01,ID,Practical Guidance,masculine,0.425
2025-08-01,ID,Seeking information,feminine,0.508
2025-08-01,ID,Seeking information,masculine,0.492
2025-08-01,ID,Self-expression,feminine,0.664
2025-08-01,ID,Self-expression,masculine,0.336
2025-08-01,ID,Technical help,feminine,0.400
2025-08-01,ID,Technical help,masculine,0.600
2025-08-01,ID,Writing,feminine,0.619
2025-08-01,ID,Writing,masculine,0.381
2025-08-01,IE,Practical Guidance,feminine,0.521
2025-08-01,IE,Practical Guidance,masculine,0.479
2025-08-01,IE,Seeking information,feminine,0.435
2025-08-01,IE,Seeking information,masculine,0.565
2025-08-01,IE,Writing,feminine,0.516
2025-08-01,IE,Writing,masculine,0.484
2025-08-01,IL,Practical Guidance,feminine,0.493
2025-08-01,IL,Practical Guidance,masculine,0.507
2025-08-01,IL,Seeking information,feminine,0.409
2025-08-01,IL,Seeking information,masculine,0.591
2025-08-01,IL,Writing,feminine,0.584
2025-08-01,IL,Writing,masculine,0.416
2025-08-01,IN,Multimedia,feminine,0.336
2025-08-01,IN,Multimedia,masculine,0.664
2025-08-01,IN,Other/Unknown,feminine,0.391
2025-08-01,IN,Other/Unknown,masculine,0.609
2025-08-01,IN,Practical Guidance,feminine,0.430
2025-08-01,IN,Practical Guidance,masculine,0.570
2025-08-01,IN,Seeking information,feminine,0.368
2025-08-01,IN,Seeking information,masculine,0.632
2025-08-01,IN,Self-expression,feminine,0.533
2025-08-01,IN,Self-expression,masculine,0.467
2025-08-01,IN,Technical help,feminine,0.299
2025-08-01,IN,Technical help,masculine,0.701
2025-08-01,IN,Writing,feminine,0.455
2025-08-01,IN,Writing,masculine,0.545
2025-08-01,IQ,Practical Guidance,feminine,0.508
2025-08-01,IQ,Practical Guidance,masculine,0.492
2025-08-01,IQ,Seeking information,feminine,0.359
2025-08-01,IQ,Seeking information,masculine,0.641
2025-08-01,IQ,Writing,feminine,0.580
2025-08-01,IQ,Writing,masculine,0.420
2025-08-01,IT,Multimedia,feminine,0.446
2025-08-01,IT,Multimedia,masculine,0.554
2025-08-01,IT,Other/Unknown,feminine,0.447
2025-08-01,IT,Other/Unknown,masculine,0.553
2025-08-01,IT,Practical Guidance,feminine,0.521
2025-08-01,IT,Practical Guidance,masculine,0.479
2025-08-01,IT,Seeking information,feminine,0.478
2025-08-01,IT,Seeking information,masculine,0.522
2025-08-01,IT,Self-expression,feminine,0.627
2025-08-01,IT,Self-expression,masculine,0.373
2025-08-01,IT,Technical help,feminine,0.360
2025-08-01,IT,Technical help,masculine,0.640
2025-08-01,IT,Writing,feminine,0.599
2025-08-01,IT,Writing,masculine,0.401
2025-08-01,JO,Practical Guidance,feminine,0.547
2025-08-01,JO,Practical Guidance,masculine,0.453
2025-08-01,JO,Writing,feminine,0.475
2025-08-01,JO,Writing,masculine,0.525
2025-08-01,JP,Practical Guidance,feminine,0.449
2025-08-01,JP,Practical Guidance,masculine,0.551
2025-08-01,JP,Seeking information,feminine,0.451
2025-08-01,JP,Seeking information,masculine,0.549
2025-08-01,JP,Self-expression,feminine,0.617
2025-08-01,JP,Self-expression,masculine,0.383
2025-08-01,JP,Technical help,feminine,0.316
2025-08-01,JP,Technical help,masculine,0.684
2025-08-01,JP,Writing,feminine,0.495
2025-08-01,JP,Writing,masculine,0.505
2025-08-01,KE,Practical Guidance,feminine,0.572
2025-08-01,KE,Practical Guidance,masculine,0.428
2025-08-01,KE,Seeking information,feminine,0.474
2025-08-01,KE,Seeking information,masculine,0.526
2025-08-01,KE,Writing,feminine,0.527
2025-08-01,KE,Writing,masculine,0.473
2025-08-01,KR,Practical Guidance,feminine,0.597
2025-08-01,KR,Practical Guidance,masculine,0.403
2025-08-01,KR,Seeking information,feminine,0.490
2025-08-01,KR,Seeking information,masculine,0.510
2025-08-01,KR,Self-expression,feminine,0.696
2025-08-01,KR,Self-expression,masculine,0.304
2025-08-01,KR,Writing,feminine,0.550
2025-08-01,KR,Writing,masculine,0.450
2025-08-01,KZ,Practical Guidance,feminine,0.457
2025-08-01,KZ,Practical Guidance,masculine,0.543
2025-08-01,KZ,Seeking information,feminine,0.444
2025-08-01,KZ,Seeking information,masculine,0.556
2025-08-01,KZ,Self-expression,feminine,0.508
2025-08-01,KZ,Self-expression,masculine,0.492
2025-08-01,KZ,Writing,feminine,0.586
2025-08-01,KZ,Writing,masculine,0.414
2025-08-01,LB,Practical Guidance,feminine,0.564
2025-08-01,LB,Practical Guidance,masculine,0.436
2025-08-01,MA,Practical Guidance,feminine,0.465
2025-08-01,MA,Practical Guidance,masculine,0.535
2025-08-01,MA,Seeking information,feminine,0.396
2025-08-01,MA,Seeking information,masculine,0.604
2025-08-01,MA,Self-expression,feminine,0.593
2025-08-01,MA,Self-expression,masculine,0.407
2025-08-01,MA,Writing,feminine,0.478
2025-08-01,MA,Writing,masculine,0.522
2025-08-01,MX,Multimedia,feminine,0.473
2025-08-01,MX,Multimedia,masculine,0.527
2025-08-01,MX,Other/Unknown,feminine,0.484
2025-08-01,MX,Other/Unknown,masculine,0.516
2025-08-01,MX,Practical Guidance,feminine,0.498
2025-08-01,MX,Practical Guidance,masculine,0.502
2025-08-01,MX,Seeking information,feminine,0.440
2025-08-01,MX,Seeking information,masculine,0.560
2025-08-01,MX,Self-expression,feminine,0.657
2025-08-01,MX,Self-expression,masculine,0.343
2025-08-01,MX,Technical help,feminine,0.355
2025-08-01,MX,Technical help,masculine,0.645
2025-08-01,MX,Writing,feminine,0.550
2025-08-01,MX,Writing,masculine,0.450
2025-08-01,MY,Practical Guidance,feminine,0.499
2025-08-01,MY,Practical Guidance,masculine,0.501
2025-08-01,MY,Seeking information,feminine,0.390
2025-08-01,MY,Seeking information,masculine,0.610
2025-08-01,MY,Self-expression,feminine,0.556
2025-08-01,MY,Self-expression,masculine,0.444
2025-08-01,MY,Writing,feminine,0.603
2025-08-01,MY,Writing,masculine,0.397
2025-08-01,NG,Practical Guidance,feminine,0.422
2025-08-01,NG,Practical Guidance,masculine,0.578
2025-08-01,NG,Seeking information,feminine,0.360
2025-08-01,NG,Seeking information,masculine,0.640
2025-08-01,NG,Self-expression,feminine,0.413
2025-08-01,NG,Self-expression,masculine,0.587
2025-08-01,NG,Writing,feminine,0.363
2025-08-01,NG,Writing,masculine,0.637
2025-08-01,NL,Multimedia,feminine,0.381
2025-08-01,NL,Multimedia,masculine,0.619
2025-08-01,NL,Other/Unknown,feminine,0.448
2025-08-01,NL,Other/Unknown,masculine,0.552
2025-08-01,NL,Practical Guidance,feminine,0.489
2025-08-01,NL,Practical Guidance,masculine,0.511
2025-08-01,NL,Seeking information,feminine,0.398
2025-08-01,NL,Seeking information,masculine,0.602
2025-08-01,NL,Self-expression,feminine,0.619
2025-08-01,NL,Self-expression,masculine,0.381
2025-08-01,NL,Technical help,feminine,0.171
2025-08-01,NL,Technical help,masculine,0.829
2025-08-01,NL,Writing,feminine,0.546
2025-08-01,NL,Writing,masculine,0.454
2025-08-01,NO,Practical Guidance,feminine,0.504
2025-08-01,NO,Practical Guidance,masculine,0.496
2025-08-01,NO,Seeking information,feminine,0.389
2025-08-01,NO,Seeking information,masculine,0.611
2025-08-01,NO,Writing,feminine,0.642
2025-08-01,NO,Writing,masculine,0.358
2025-08-01,NP,Practical Guidance,feminine,0.413
2025-08-01,NP,Practical Guidance,masculine,0.587
2025-08-01,NP,Writing,feminine,0.509
2025-08-01,NP,Writing,masculine,0.491
2025-08-01,NZ,Practical Guidance,feminine,0.479
2025-08-01,NZ,Practical Guidance,masculine,0.521
2025-08-01,NZ,Writing,feminine,0.615
2025-08-01,NZ,Writing,masculine,0.385
2025-08-01,PE,Multimedia,feminine,0.554
2025-08-01,PE,Multimedia,masculine,0.446
2025-08-01,PE,Practical Guidance,feminine,0.530
2025-08-01,PE,Practical Guidance,masculine,0.470
2025-08-01,PE,Seeking information,feminine,0.442
2025-08-01,PE,Seeking information,masculine,0.558
2025-08-01,PE,Self-expression,feminine,0.623
2025-08-01,PE,Self-expression,masculine,0.377
2025-08-01,PE,Technical help,feminine,0.283
2025-08-01,PE,Technical help,masculine,0.717
2025-08-01,PE,Writing,feminine,0.559
2025-08-01,PE,Writing,masculine,0.441
2025-08-01,PH,Multimedia,feminine,0.547
2025-08-01,PH,Multimedia,masculine,0.453
2025-08-01,PH,Other/Unknown,feminine,0.587
2025-08-01,PH,Other/Unknown,masculine,0.413
2025-08-01,PH,Practical Guidance,feminine,0.565
2025-08-01,PH,Practical Guidance,masculine,0.435
2025-08-01,PH,Seeking information,feminine,0.509
2025-08-01,PH,Seeking information,masculine,0.491
2025-08-01,PH,Self-expression,feminine,0.563
2025-08-01,PH,Self-expression,masculine,0.437
2025-08-01,PH,Technical help,feminine,0.427
2025-08-01,PH,Technical help,masculine,0.573
2025-08-01,PH,Writing,feminine,0.621
2025-08-01,PH,Writing,masculine,0.379
2025-08-01,PK,Multimedia,feminine,0.334
2025-08-01,PK,Multimedia,masculine,0.666
2025-08-01,PK,Other/Unknown,feminine,0.439
2025-08-01,PK,Other/Unknown,masculine,0.561
2025-08-01,PK,Practical Guidance,feminine,0.381
2025-08-01,PK,Practical Guidance,masculine,0.619
2025-08-01,PK,Seeking information,feminine,0.313
2025-08-01,PK,Seeking information,masculine,0.687
2025-08-01,PK,Self-expression,feminine,0.476
2025-08-01,PK,Self-expression,masculine,0.524
2025-08-01,PK,Technical help,feminine,0.221
2025-08-01,PK,Technical help,masculine,0.779
2025-08-01,PK,Writing,feminine,0.373
2025-08-01,PK,Writing,masculine,0.627
2025-08-01,PL,Multimedia,feminine,0.537
2025-08-01,PL,Multimedia,masculine,0.463
2025-08-01,PL,Other/Unknown,feminine,0.530
2025-08-01,PL,Other/Unknown,masculine,0.470
2025-08-01,PL,Practical Guidance,feminine,0.532
2025-08-01,PL,Practical Guidance,masculine,0.468
2025-08-01,PL,Seeking information,feminine,0.488
2025-08-01,PL,Seeking information,masculine,0.512
2025-08-01,PL,Self-expression,feminine,0.624
2025-08-01,PL,Self-expression,masculine,0.376
2025-08-01,PL,Technical help,feminine,0.239
2025-08-01,PL,Technical help,masculine,0.761
2025-08-01,PL,Writing,feminine,0.649
2025-08-01,PL,Writing,masculine,0.351
2025-08-01,PT,Practical Guidance,feminine,0.482
2025-08-01,PT,Practical Guidance,masculine,0.518
2025-08-01,PT,Seeking information,feminine,0.465
2025-08-01,PT,Seeking information,masculine,0.535
2025-08-01,PT,Self-expression,feminine,0.647
2025-08-01,PT,Self-expression,masculine,0.353
2025-08-01,PT,Writing,feminine,0.563
2025-08-01,PT,Writing,masculine,0.437
2025-08-01,PY,Practical Guidance,feminine,0.554
2025-08-01,PY,Practical Guidance,masculine,0.446
2025-08-01,QA,Practical Guidance,feminine,0.507
2025-08-01,QA,Practical Guidance,masculine,0.493
2025-08-01,RO,Practical Guidance,feminine,0.560
2025-08-01,RO,Practical Guidance,masculine,0.440
2025-08-01,RO,Seeking information,feminine,0.434
2025-08-01,RO,Seeking information,masculine,0.566
2025-08-01,RO,Self-expression,feminine,0.609
2025-08-01,RO,Self-expression,masculine,0.391
2025-08-01,RO,Writing,feminine,0.642
2025-08-01,RO,Writing,masculine,0.358
2025-08-01,RS,Practical Guidance,feminine,0.602
2025-08-01,RS,Practical Guidance,masculine,0.398
2025-08-01,RS,Seeking information,feminine,0.534
2025-08-01,RS,Seeking information,masculine,0.466
2025-08-01,RS,Writing,feminine,0.629
2025-08-01,RS,Writing,masculine,0.371
2025-08-01,SA,Practical Guidance,feminine,0.525
2025-08-01,SA,Practical Guidance,masculine,0.475
2025-08-01,SA,Seeking information,feminine,0.425
2025-08-01,SA,Seeking information,masculine,0.575
2025-08-01,SA,Self-expression,feminine,0.613
2025-08-01,SA,Self-expression,masculine,0.387
2025-08-01,SA,Writing,feminine,0.419
2025-08-01,SA,Writing,masculine,0.581
2025-08-01,SE,Practical Guidance,feminine,0.458
2025-08-01,SE,Practical Guidance,masculine,0.542
2025-08-01,SE,Seeking information,feminine,0.392
2025-08-01,SE,Seeking information,masculine,0.608
2025-08-01,SE,Writing,feminine,0.561
2025-08-01,SE,Writing,masculine,0.439
2025-08-01,SG,Practical Guidance,feminine,0.427
2025-08-01,SG,Practical Guidance,masculine,0.573
2025-08-01,SG,Seeking information,feminine,0.492
2025-08-01,SG,Seeking information,masculine,0.508
2025-08-01,SG,Writing,feminine,0.468
2025-08-01,SG,Writing,masculine,0.532
2025-08-01,SK,Practical Guidance,feminine,0.508
2025-08-01,SK,Practical Guidance,masculine,0.492
2025-08-01,SK,Seeking information,feminine,0.435
2025-08-01,SK,Seeking information,masculine,0.565
2025-08-01,TH,Practical Guidance,feminine,0.541
2025-08-01,TH,Practical Guidance,masculine,0.459
2025-08-01,TH,Seeking information,feminine,0.413
2025-08-01,TH,Seeking information,masculine,0.587
2025-08-01,TH,Writing,feminine,0.497
2025-08-01,TH,Writing,masculine,0.503
2025-08-01,TN,Practical Guidance,feminine,0.466
2025-08-01,TN,Practical Guidance,masculine,0.534
2025-08-01,TR,Multimedia,feminine,0.462
2025-08-01,TR,Multimedia,masculine,0.538
2025-08-01,TR,Other/Unknown,feminine,0.548
2025-08-01,TR,Other/Unknown,masculine,0.452
2025-08-01,TR,Practical Guidance,feminine,0.519
2025-08-01,TR,Practical Guidance,masculine,0.481
2025-08-01,TR,Seeking information,feminine,0.433
2025-08-01,TR,Seeking information,masculine,0.567
2025-08-01,TR,Self-expression,feminine,0.630
2025-08-01,TR,Self-expression,masculine,0.370
2025-08-01,TR,Technical help,feminine,0.292
2025-08-01,TR,Technical help,masculine,0.708
2025-08-01,TR,Writing,feminine,0.516
2025-08-01,TR,Writing,masculine,0.484
2025-08-01,TW,Practical Guidance,feminine,0.524
2025-08-01,TW,Practical Guidance,masculine,0.476
2025-08-01,TW,Seeking information,feminine,0.411
2025-08-01,TW,Seeking information,masculine,0.589
2025-08-01,TW,Writing,feminine,0.522
2025-08-01,TW,Writing,masculine,0.478
2025-08-01,UA,Practical Guidance,feminine,0.566
2025-08-01,UA,Practical Guidance,masculine,0.434
2025-08-01,UA,Seeking information,feminine,0.417
2025-08-01,UA,Seeking information,masculine,0.583
2025-08-01,UA,Self-expression,feminine,0.670
2025-08-01,UA,Self-expression,masculine,0.330
2025-08-01,UA,Writing,feminine,0.624
2025-08-01,UA,Writing,masculine,0.376
2025-08-01,US,Multimedia,feminine,0.459
2025-08-01,US,Multimedia,masculine,0.541
2025-08-01,US,Other/Unknown,feminine,0.447
2025-08-01,US,Other/Unknown,masculine,0.553
2025-08-01,US,Practical Guidance,feminine,0.491
2025-08-01,US,Practical Guidance,masculine,0.509
2025-08-01,US,Seeking information,feminine,0.432
2025-08-01,US,Seeking information,masculine,0.568
2025-08-01,US,Self-expression,feminine,0.568
2025-08-01,US,Self-expression,masculine,0.432
2025-08-01,US,Technical help,feminine,0.324
2025-08-01,US,Technical help,masculine,0.676
2025-08-01,US,Writing,feminine,0.569
2025-08-01,US,Writing,masculine,0.431
2025-08-01,UZ,Practical Guidance,feminine,0.494
2025-08-01,UZ,Practical Guidance,masculine,0.506
2025-08-01,UZ,Writing,feminine,0.604
2025-08-01,UZ,Writing,masculine,0.396
2025-08-01,VN,Practical Guidance,feminine,0.530
2025-08-01,VN,Practical Guidance,masculine,0.470
2025-08-01,VN,Seeking information,feminine,0.411
2025-08-01,VN,Seeking information,masculine,0.589
2025-08-01,VN,Self-expression,feminine,0.563
2025-08-01,VN,Self-expression,masculine,0.437
2025-08-01,VN,Writing,feminine,0.542
2025-08-01,VN,Writing,masculine,0.458
2025-08-01,ZA,Practical Guidance,feminine,0.579
2025-08-01,ZA,Practical Guidance,masculine,0.421
2025-08-01,ZA,Seeking information,feminine,0.488
2025-08-01,ZA,Seeking information,masculine,0.512
2025-08-01,ZA,Writing,feminine,0.600
2025-08-01,ZA,Writing,masculine,0.400
2025-09-01,AE,Practical Guidance,feminine,0.531
2025-09-01,AE,Practical Guidance,masculine,0.469
2025-09-01,AE,Seeking information,feminine,0.420
2025-09-01,AE,Seeking information,masculine,0.580
2025-09-01,AE,Writing,feminine,0.492
2025-09-01,AE,Writing,masculine,0.508
2025-09-01,AR,Multimedia,feminine,0.574
2025-09-01,AR,Multimedia,masculine,0.426
2025-09-01,AR,Other/Unknown,feminine,0.601
2025-09-01,AR,Other/Unknown,masculine,0.399
2025-09-01,AR,Practical Guidance,feminine,0.561
2025-09-01,AR,Practical Guidance,masculine,0.439
2025-09-01,AR,Seeking information,feminine,0.472
2025-09-01,AR,Seeking information,masculine,0.528
2025-09-01,AR,Self-expression,feminine,0.711
2025-09-01,AR,Self-expression,masculine,0.289
2025-09-01,AR,Technical help,feminine,0.359
2025-09-01,AR,Technical help,masculine,0.641
2025-09-01,AR,Writing,feminine,0.619
2025-09-01,AR,Writing,masculine,0.381
2025-09-01,AT,Practical Guidance,feminine,0.509
2025-09-01,AT,Practical Guidance,masculine,0.491
2025-09-01,AT,Seeking information,feminine,0.472
2025-09-01,AT,Seeking information,masculine,0.528
2025-09-01,AT,Writing,feminine,0.571
2025-09-01,AT,Writing,masculine,0.429
2025-09-01,AU,Multimedia,feminine,0.562
2025-09-01,AU,Multimedia,masculine,0.438
2025-09-01,AU,Other/Unknown,feminine,0.476
2025-09-01,AU,Other/Unknown,masculine,0.524
2025-09-01,AU,Practical Guidance,feminine,0.508
2025-09-01,AU,Practical Guidance,masculine,0.492
2025-09-01,AU,Seeking information,feminine,0.479
2025-09-01,AU,Seeking information,masculine,0.521
2025-09-01,AU,Self-expression,feminine,0.572
2025-09-01,AU,Self-expression,masculine,0.428
2025-09-01,AU,Technical help,feminine,0.334
2025-09-01,AU,Technical help,masculine,0.666
2025-09-01,AU,Writing,feminine,0.586
2025-09-01,AU,Writing,masculine,0.414
2025-09-01,AZ,Practical Guidance,feminine,0.557
2025-09-01,AZ,Practical Guidance,masculine,0.443
2025-09-01,AZ,Seeking information,feminine,0.480
2025-09-01,AZ,Seeking information,masculine,0.520
2025-09-01,AZ,Self-expression,feminine,0.540
2025-09-01,AZ,Self-expression,masculine,0.460
2025-09-01,AZ,Writing,feminine,0.564
2025-09-01,AZ,Writing,masculine,0.436
2025-09-01,BD,Multimedia,feminine,0.248
2025-09-01,BD,Multimedia,masculine,0.752
2025-09-01,BD,Other/Unknown,feminine,0.404
2025-09-01,BD,Other/Unknown,masculine,0.596
2025-09-01,BD,Practical Guidance,feminine,0.409
2025-09-01,BD,Practical Guidance,masculine,0.591
2025-09-01,BD,Seeking information,feminine,0.299
2025-09-01,BD,Seeking information,masculine,0.701
2025-09-01,BD,Self-expression,feminine,0.488
2025-09-01,BD,Self-expression,masculine,0.512
2025-09-01,BD,Writing,feminine,0.342
2025-09-01,BD,Writing,masculine,0.658
2025-09-01,BE,Practical Guidance,feminine,0.518
2025-09-01,BE,Practical Guidance,masculine,0.482
2025-09-01,BE,Seeking information,feminine,0.462
2025-09-01,BE,Seeking information,masculine,0.538
2025-09-01,BE,Writing,feminine,0.577
2025-09-01,BE,Writing,masculine,0.423
2025-09-01,BG,Practical Guidance,feminine,0.389
2025-09-01,BG,Practical Guidance,masculine,0.611
2025-09-01,BG,Seeking information,feminine,0.381
2025-09-01,BG,Seeking information,masculine,0.619
2025-09-01,BO,Practical Guidance,feminine,0.533
2025-09-01,BO,Practical Guidance,masculine,0.467
2025-09-01,BO,Writing,feminine,0.563
2025-09-01,BO,Writing,masculine,0.437
2025-09-01,BR,Multimedia,feminine,0.591
2025-09-01,BR,Multimedia,masculine,0.409
2025-09-01,BR,Other/Unknown,feminine,0.626
2025-09-01,BR,Other/Unknown,masculine,0.374
2025-09-01,BR,Practical Guidance,feminine,0.578
2025-09-01,BR,Practical Guidance,masculine,0.422
2025-09-01,BR,Seeking information,feminine,0.492
2025-09-01,BR,Seeking information,masculine,0.508
2025-09-01,BR,Self-expression,feminine,0.684
2025-09-01,BR,Self-expression,masculine,0.316
2025-09-01,BR,Technical help,feminine,0.323
2025-09-01,BR,Technical help,masculine,0.677
2025-09-01,BR,Writing,feminine,0.646
2025-09-01,BR,Writing,masculine,0.354
2025-09-01,CA,Multimedia,feminine,0.435
2025-09-01,CA,Multimedia,masculine,0.565
2025-09-01,CA,Other/Unknown,feminine,0.468
2025-09-01,CA,Other/Unknown,masculine,0.532
2025-09-01,CA,Practical Guidance,feminine,0.513
2025-09-01,CA,Practical Guidance,masculine,0.487
2025-09-01,CA,Seeking information,feminine,0.458
2025-09-01,CA,Seeking information,masculine,0.542
2025-09-01,CA,Self-expression,feminine,0.546
2025-09-01,CA,Self-expression,masculine,0.454
2025-09-01,CA,Technical help,feminine,0.382
2025-09-01,CA,Technical help,masculine,0.618
2025-09-01,CA,Writing,feminine,0.618
2025-09-01,CA,Writing,masculine,0.382
2025-09-01,CH,Practical Guidance,feminine,0.498
2025-09-01,CH,Practical Guidance,masculine,0.502
2025-09-01,CH,Seeking information,feminine,0.402
2025-09-01,CH,Seeking information,masculine,0.598
2025-09-01,CH,Writing,feminine,0.545
2025-09-01,CH,Writing,masculine,0.455
2025-09-01,CL,Multimedia,feminine,0.526
2025-09-01,CL,Multimedia,masculine,0.474
2025-09-01,CL,Practical Guidance,feminine,0.483
2025-09-01,CL,Practical Guidance,masculine,0.517
2025-09-01,CL,Seeking information,feminine,0.474
2025-09-01,CL,Seeking information,masculine,0.526
2025-09-01,CL,Self-expression,feminine,0.592
2025-09-01,CL,Self-expression,masculine,0.408
2025-09-01,CL,Writing,feminine,0.572
2025-09-01,CL,Writing,masculine,0.428
2025-09-01,CO,Multimedia,feminine,0.594
2025-09-01,CO,Multimedia,masculine,0.406
2025-09-01,CO,Other/Unknown,feminine,0.541
2025-09-01,CO,Other/Unknown,masculine,0.459
2025-09-01,CO,Practical Guidance,feminine,0.590
2025-09-01,CO,Practical Guidance,masculine,0.410
2025-09-01,CO,Seeking information,feminine,0.519
2025-09-01,CO,Seeking information,masculine,0.481
2025-09-01,CO,Self-expression,feminine,0.688
2025-09-01,CO,Self-expression,masculine,0.312
2025-09-01,CO,Technical help,feminine,0.391
2025-09-01,CO,Technical help,masculine,0.609
2025-09-01,CO,Writing,feminine,0.609
2025-09-01,CO,Writing,masculine,0.391
2025-09-01,CR,Practical Guidance,feminine,0.523
2025-09-01,CR,Practical Guidance,masculine,0.477
2025-09-01,CZ,Practical Guidance,feminine,0.574
2025-09-01,CZ,Practical Guidance,masculine,0.426
2025-09-01,CZ,Seeking information,feminine,0.486
2025-09-01,CZ,Seeking information,masculine,0.514
2025-09-01,CZ,Self-expression,feminine,0.718
2025-09-01,CZ,Self-expression,masculine,0.282
2025-09-01,CZ,Writing,feminine,0.685
2025-09-01,CZ,Writing,masculine,0.315
2025-09-01,DE,Multimedia,feminine,0.486
2025-09-01,DE,Multimedia,masculine,0.514
2025-09-01,DE,Other/Unknown,feminine,0.482
2025-09-01,DE,Other/Unknown,masculine,0.518
2025-09-01,DE,Practical Guidance,feminine,0.511
2025-09-01,DE,Practical Guidance,masculine,0.489
2025-09-01,DE,Seeking information,feminine,0.449
2025-09-01,DE,Seeking information,masculine,0.551
2025-09-01,DE,Self-expression,feminine,0.633
2025-09-01,DE,Self-expression,masculine,0.367
2025-09-01,DE,Technical help,feminine,0.321
2025-09-01,DE,Technical help,masculine,0.679
2025-09-01,DE,Writing,feminine,0.546
2025-09-01,DE,Writing,masculine,0.454
2025-09-01,DK,Practical Guidance,feminine,0.419
2025-09-01,DK,Practical Guidance,masculine,0.581
2025-09-01,DK,Seeking information,feminine,0.439
2025-09-01,DK,Seeking information,masculine,0.561
2025-09-01,DK,Writing,feminine,0.555
2025-09-01,DK,Writing,masculine,0.445
2025-09-01,DO,Practical Guidance,feminine,0.634
2025-09-01,DO,Practical Guidance,masculine,0.366
2025-09-01,DO,Writing,feminine,0.640
2025-09-01,DO,Writing,masculine,0.360
2025-09-01,DZ,Practical Guidance,feminine,0.563
2025-09-01,DZ,Practical Guidance,masculine,0.437
2025-09-01,DZ,Seeking information,feminine,0.498
2025-09-01,DZ,Seeking information,masculine,0.502
2025-09-01,DZ,Self-expression,feminine,0.687
2025-09-01,DZ,Self-expression,masculine,0.313
2025-09-01,DZ,Writing,feminine,0.661
2025-09-01,DZ,Writing,masculine,0.339
2025-09-01,EC,Practical Guidance,feminine,0.565
2025-09-01,EC,Practical Guidance,masculine,0.435
2025-09-01,EC,Seeking information,feminine,0.515
2025-09-01,EC,Seeking information,masculine,0.485
2025-09-01,EC,Writing,feminine,0.570
2025-09-01,EC,Writing,masculine,0.430
2025-09-01,EG,Multimedia,feminine,0.437
2025-09-01,EG,Multimedia,masculine,0.563
2025-09-01,EG,Other/Unknown,feminine,0.407
2025-09-01,EG,Other/Unknown,masculine,0.593
2025-09-01,EG,Practical Guidance,feminine,0.515
2025-09-01,EG,Practical Guidance,masculine,0.485
2025-09-01,EG,Seeking information,feminine,0.424
2025-09-01,EG,Seeking information,masculine,0.576
2025-09-01,EG,Self-expression,feminine,0.610
2025-09-01,EG,Self-expression,masculine,0.390
2025-09-01,EG,Technical help,feminine,0.390
2025-09-01,EG,Technical help,masculine,0.610
2025-09-01,EG,Writing,feminine,0.527
2025-09-01,EG,Writing,masculine,0.473
2025-09-01,ES,Multimedia,feminine,0.521
2025-09-01,ES,Multimedia,masculine,0.479
2025-09-01,ES,Other/Unknown,feminine,0.565
2025-09-01,ES,Other/Unknown,masculine,0.435
2025-09-01,ES,Practical Guidance,feminine,0.518
2025-09-01,ES,Practical Guidance,masculine,0.482
2025-09-01,ES,Seeking information,feminine,0.468
2025-09-01,ES,Seeking information,masculine,0.532
2025-09-01,ES,Self-expression,feminine,0.668
2025-09-01,ES,Self-expression,masculine,0.332
2025-09-01,ES,Technical help,feminine,0.339
2025-09-01,ES,Technical help,masculine,0.661
2025-09-01,ES,Writing,feminine,0.563
2025-09-01,ES,Writing,masculine,0.437
2025-09-01,FI,Practical Guidance,feminine,0.541
2025-09-01,FI,Practical Guidance,masculine,0.459
2025-09-01,FI,Seeking information,feminine,0.402
2025-09-01,FI,Seeking information,masculine,0.598
2025-09-01,FI,Writing,feminine,0.597
2025-09-01,FI,Writing,masculine,0.403
2025-09-01,FR,Multimedia,feminine,0.495
2025-09-01,FR,Multimedia,masculine,0.505
2025-09-01,FR,Other/Unknown,feminine,0.467
2025-09-01,FR,Other/Unknown,masculine,0.533
2025-09-01,FR,Practical Guidance,feminine,0.560
2025-09-01,FR,Practical Guidance,masculine,0.440
2025-09-01,FR,Seeking information,feminine,0.469
2025-09-01,FR,Seeking information,masculine,0.531
2025-09-01,FR,Self-expression,feminine,0.630
2025-09-01,FR,Self-expression,masculine,0.370
2025-09-01,FR,Technical help,feminine,0.338
2025-09-01,FR,Technical help,masculine,0.662
2025-09-01,FR,Writing,feminine,0.599
2025-09-01,FR,Writing,masculine,0.401
2025-09-01,GB,Multimedia,feminine,0.466
2025-09-01,GB,Multimedia,masculine,0.534
2025-09-01,GB,Other/Unknown,feminine,0.486
2025-09-01,GB,Other/Unknown,masculine,0.514
2025-09-01,GB,Practical Guidance,feminine,0.481
2025-09-01,GB,Practical Guidance,masculine,0.519
2025-09-01,GB,Seeking information,feminine,0.421
2025-09-01,GB,Seeking information,masculine,0.579
2025-09-01,GB,Self-expression,feminine,0.574
2025-09-01,GB,Self-expression,masculine,0.426
2025-09-01,GB,Technical help,feminine,0.339
2025-09-01,GB,Technical help,masculine,0.661
2025-09-01,GB,Writing,feminine,0.582
2025-09-01,GB,Writing,masculine,0.418
2025-09-01,GH,Practical Guidance,feminine,0.544
2025-09-01,GH,Practical Guidance,masculine,0.456
2025-09-01,GH,Writing,feminine,0.363
2025-09-01,GH,Writing,masculine,0.637
2025-09-01,GR,Practical Guidance,feminine,0.533
2025-09-01,GR,Practical Guidance,masculine,0.467
2025-09-01,GR,Seeking information,feminine,0.441
2025-09-01,GR,Seeking information,masculine,0.559
2025-09-01,GR,Writing,feminine,0.546
2025-09-01,GR,Writing,masculine,0.454
2025-09-01,GT,Practical Guidance,feminine,0.490
2025-09-01,GT,Practical Guidance,masculine,0.510
2025-09-01,HR,Practical Guidance,feminine,0.554
2025-09-01,HR,Practical Guidance,masculine,0.446
2025-09-01,HU,Practical Guidance,feminine,0.522
2025-09-01,HU,Practical Guidance,masculine,0.478
2025-09-01,HU,Seeking information,feminine,0.402
2025-09-01,HU,Seeking information,masculine,0.598
2025-09-01,HU,Writing,feminine,0.639
2025-09-01,HU,Writing,masculine,0.361
2025-09-01,ID,Multimedia,feminine,0.552
2025-09-01,ID,Multimedia,masculine,0.448
2025-09-01,ID,Other/Unknown,feminine,0.546
2025-09-01,ID,Other/Unknown,masculine,0.454
2025-09-01,ID,Practical Guidance,feminine,0.590
2025-09-01,ID,Practical Guidance,masculine,0.410
2025-09-01,ID,Seeking information,feminine,0.510
2025-09-01,ID,Seeking information,masculine,0.490
2025-09-01,ID,Self-expression,feminine,0.617
2025-09-01,ID,Self-expression,masculine,0.383
2025-09-01,ID,Technical help,feminine,0.397
2025-09-01,ID,Technical help,masculine,0.603
2025-09-01,ID,Writing,feminine,0.636
2025-09-01,ID,Writing,masculine,0.364
2025-09-01,IE,Practical Guidance,feminine,0.529
2025-09-01,IE,Practical Guidance,masculine,0.471
2025-09-01,IE,Seeking information,feminine,0.383
2025-09-01,IE,Seeking information,masculine,0.617
2025-09-01,IE,Writing,feminine,0.577
2025-09-01,IE,Writing,masculine,0.423
2025-09-01,IL,Practical Guidance,feminine,0.517
2025-09-01,IL,Practical Guidance,masculine,0.483
2025-09-01,IL,Seeking information,feminine,0.308
2025-09-01,IL,Seeking information,masculine,0.692
2025-09-01,IL,Writing,feminine,0.543
2025-09-01,IL,Writing,masculine,0.457
2025-09-01,IN,Multimedia,feminine,0.391
2025-09-01,IN,Multimedia,masculine,0.609
2025-09-01,IN,Other/Unknown,feminine,0.393
2025-09-01,IN,Other/Unknown,masculine,0.607
2025-09-01,IN,Practical Guidance,feminine,0.440
2025-09-01,IN,Practical Guidance,masculine,0.560
2025-09-01,IN,Seeking information,feminine,0.374
2025-09-01,IN,Seeking information,masculine,0.626
2025-09-01,IN,Self-expression,feminine,0.534
2025-09-01,IN,Self-expression,masculine,0.466
2025-09-01,IN,Technical help,feminine,0.339
2025-09-01,IN,Technical help,masculine,0.661
2025-09-01,IN,Writing,feminine,0.449
2025-09-01,IN,Writing,masculine,0.551
2025-09-01,IQ,Practical Guidance,feminine,0.525
2025-09-01,IQ,Practical Guidance,masculine,0.475
2025-09-01,IQ,Seeking information,feminine,0.417
2025-09-01,IQ,Seeking information,masculine,0.583
2025-09-01,IT,Multimedia,feminine,0.545
2025-09-01,IT,Multimedia,masculine,0.455
2025-09-01,IT,Other/Unknown,feminine,0.507
2025-09-01,IT,Other/Unknown,masculine,0.493
2025-09-01,IT,Practical Guidance,feminine,0.554
2025-09-01,IT,Practical Guidance,masculine,0.446
2025-09-01,IT,Seeking information,feminine,0.490
2025-09-01,IT,Seeking information,masculine,0.510
2025-09-01,IT,Self-expression,feminine,0.628
2025-09-01,IT,Self-expression,masculine,0.372
2025-09-01,IT,Technical help,feminine,0.369
2025-09-01,IT,Technical help,masculine,0.631
2025-09-01,IT,Writing,feminine,0.618
2025-09-01,IT,Writing,masculine,0.382
2025-09-01,JO,Practical Guidance,feminine,0.589
2025-09-01,JO,Practical Guidance,masculine,0.411
2025-09-01,JO,Writing,feminine,0.646
2025-09-01,JO,Writing,masculine,0.354
2025-09-01,JP,Practical Guidance,feminine,0.428
2025-09-01,JP,Practical Guidance,masculine,0.572
2025-09-01,JP,Seeking information,feminine,0.391
2025-09-01,JP,Seeking information,masculine,0.609
2025-09-01,JP,Self-expression,feminine,0.553
2025-09-01,JP,Self-expression,masculine,0.447
2025-09-01,JP,Technical help,feminine,0.334
2025-09-01,JP,Technical help,masculine,0.666
2025-09-01,JP,Writing,feminine,0.486
2025-09-01,JP,Writing,masculine,0.514
2025-09-01,KE,Practical Guidance,feminine,0.472
2025-09-01,KE,Practical Guidance,masculine,0.528
2025-09-01,KE,Seeking information,feminine,0.476
2025-09-01,KE,Seeking information,masculine,0.524
2025-09-01,KE,Writing,feminine,0.504
2025-09-01,KE,Writing,masculine,0.496
2025-09-01,KR,Practical Guidance,feminine,0.550
2025-09-01,KR,Practical Guidance,masculine,0.450
2025-09-01,KR,Seeking information,feminine,0.567
2025-09-01,KR,Seeking information,masculine,0.433
2025-09-01,KR,Self-expression,feminine,0.637
2025-09-01,KR,Self-expression,masculine,0.363
2025-09-01,KR,Writing,feminine,0.602
2025-09-01,KR,Writing,masculine,0.398
2025-09-01,KZ,Practical Guidance,feminine,0.477
2025-09-01,KZ,Practical Guidance,masculine,0.523
2025-09-01,KZ,Seeking information,feminine,0.393
2025-09-01,KZ,Seeking information,masculine,0.607
2025-09-01,KZ,Self-expression,feminine,0.537
2025-09-01,KZ,Self-expression,masculine,0.463
2025-09-01,KZ,Writing,feminine,0.550
2025-09-01,KZ,Writing,masculine,0.450
2025-09-01,LB,Practical Guidance,feminine,0.599
2025-09-01,LB,Practical Guidance,masculine,0.401
2025-09-01,MA,Practical Guidance,feminine,0.533
2025-09-01,MA,Practical Guidance,masculine,0.467
2025-09-01,MA,Seeking information,feminine,0.429
2025-09-01,MA,Seeking information,masculine,0.571
2025-09-01,MA,Writing,feminine,0.510
2025-09-01,MA,Writing,masculine,0.490
2025-09-01,MX,Multimedia,feminine,0.518
2025-09-01,MX,Multimedia,masculine,0.482
2025-09-01,MX,Other/Unknown,feminine,0.506
2025-09-01,MX,Other/Unknown,masculine,0.494
2025-09-01,MX,Practical Guidance,feminine,0.499
2025-09-01,MX,Practical Guidance,masculine,0.501
2025-09-01,MX,Seeking information,feminine,0.445
2025-09-01,MX,Seeking information,masculine,0.555
2025-09-01,MX,Self-expression,feminine,0.643
2025-09-01,MX,Self-expression,masculine,0.357
2025-09-01,MX,Technical help,feminine,0.337
2025-09-01,MX,Technical help,masculine,0.663
2025-09-01,MX,Writing,feminine,0.557
2025-09-01,MX,Writing,masculine,0.443
2025-09-01,MY,Practical Guidance,feminine,0.533
2025-09-01,MY,Practical Guidance,masculine,0.467
2025-09-01,MY,Seeking information,feminine,0.371
2025-09-01,MY,Seeking information,masculine,0.629
2025-09-01,MY,Self-expression,feminine,0.579
2025-09-01,MY,Self-expression,masculine,0.421
2025-09-01,MY,Writing,feminine,0.596
2025-09-01,MY,Writing,masculine,0.404
2025-09-01,NG,Practical Guidance,feminine,0.448
2025-09-01,NG,Practical Guidance,masculine,0.552
2025-09-01,NG,Seeking information,feminine,0.405
2025-09-01,NG,Seeking information,masculine,0.595
2025-09-01,NG,Self-expression,feminine,0.442
2025-09-01,NG,Self-expression,masculine,0.558
2025-09-01,NG,Writing,feminine,0.358
2025-09-01,NG,Writing,masculine,0.642
2025-09-01,NL,Multimedia,feminine,0.375
2025-09-01,NL,Multimedia,masculine,0.625
2025-09-01,NL,Other/Unknown,feminine,0.445
2025-09-01,NL,Other/Unknown,masculine,0.555
2025-09-01,NL,Practical Guidance,feminine,0.485
2025-09-01,NL,Practical Guidance,masculine,0.515
2025-09-01,NL,Seeking information,feminine,0.398
2025-09-01,NL,Seeking information,masculine,0.602
2025-09-01,NL,Self-expression,feminine,0.647
2025-09-01,NL,Self-expression,masculine,0.353
2025-09-01,NL,Technical help,feminine,0.277
2025-09-01,NL,Technical help,masculine,0.723
2025-09-01,NL,Writing,feminine,0.506
2025-09-01,NL,Writing,masculine,0.494
2025-09-01,NO,Practical Guidance,feminine,0.545
2025-09-01,NO,Practical Guidance,masculine,0.455
2025-09-01,NO,Seeking information,feminine,0.448
2025-09-01,NO,Seeking information,masculine,0.552
2025-09-01,NO,Writing,feminine,0.544
2025-09-01,NO,Writing,masculine,0.456
2025-09-01,NP,Practical Guidance,feminine,0.422
2025-09-01,NP,Practical Guidance,masculine,0.578
2025-09-01,NZ,Practical Guidance,feminine,0.464
2025-09-01,NZ,Practical Guidance,masculine,0.536
2025-09-01,NZ,Writing,feminine,0.673
2025-09-01,NZ,Writing,masculine,0.327
2025-09-01,PE,Multimedia,feminine,0.535
2025-09-01,PE,Multimedia,masculine,0.465
2025-09-01,PE,Other/Unknown,feminine,0.563
2025-09-01,PE,Other/Unknown,masculine,0.437
2025-09-01,PE,Practical Guidance,feminine,0.527
2025-09-01,PE,Practical Guidance,masculine,0.473
2025-09-01,PE,Seeking information,feminine,0.497
2025-09-01,PE,Seeking information,masculine,0.503
2025-09-01,PE,Self-expression,feminine,0.688
2025-09-01,PE,Self-expression,masculine,0.312
2025-09-01,PE,Technical help,feminine,0.471
2025-09-01,PE,Technical help,masculine,0.529
2025-09-01,PE,Writing,feminine,0.599
2025-09-01,PE,Writing,masculine,0.401
2025-09-01,PH,Multimedia,feminine,0.560
2025-09-01,PH,Multimedia,masculine,0.440
2025-09-01,PH,Other/Unknown,feminine,0.522
2025-09-01,PH,Other/Unknown,masculine,0.478
2025-09-01,PH,Practical Guidance,feminine,0.571
2025-09-01,PH,Practical Guidance,masculine,0.429
2025-09-01,PH,Seeking information,feminine,0.479
2025-09-01,PH,Seeking information,masculine,0.521
2025-09-01,PH,Self-expression,feminine,0.457
2025-09-01,PH,Self-expression,masculine,0.543
2025-09-01,PH,Technical help,feminine,0.453
2025-09-01,PH,Technical help,masculine,0.547
2025-09-01,PH,Writing,feminine,0.624
2025-09-01,PH,Writing,masculine,0.376
2025-09-01,PK,Multimedia,feminine,0.241
2025-09-01,PK,Multimedia,masculine,0.759
2025-09-01,PK,Other/Unknown,feminine,0.359
2025-09-01,PK,Other/Unknown,masculine,0.641
2025-09-01,PK,Practical Guidance,feminine,0.431
2025-09-01,PK,Practical Guidance,masculine,0.569
2025-09-01,PK,Seeking information,feminine,0.356
2025-09-01,PK,Seeking information,masculine,0.644
2025-09-01,PK,Self-expression,feminine,0.465
2025-09-01,PK,Self-expression,masculine,0.535
2025-09-01,PK,Technical help,feminine,0.194
2025-09-01,PK,Technical help,masculine,0.806
2025-09-01,PK,Writing,feminine,0.409
2025-09-01,PK,Writing,masculine,0.591
2025-09-01,PL,Multimedia,feminine,0.583
2025-09-01,PL,Multimedia,masculine,0.417
2025-09-01,PL,Other/Unknown,feminine,0.501
2025-09-01,PL,Other/Unknown,masculine,0.499
2025-09-01,PL,Practical Guidance,feminine,0.556
2025-09-01,PL,Practical Guidance,masculine,0.444
2025-09-01,PL,Seeking information,feminine,0.511
2025-09-01,PL,Seeking information,masculine,0.489
2025-09-01,PL,Self-expression,feminine,0.639
2025-09-01,PL,Self-expression,masculine,0.361
2025-09-01,PL,Technical help,feminine,0.250
2025-09-01,PL,Technical help,masculine,0.750
2025-09-01,PL,Writing,feminine,0.629
2025-09-01,PL,Writing,masculine,0.371
2025-09-01,PT,Practical Guidance,feminine,0.548
2025-09-01,PT,Practical Guidance,masculine,0.452
2025-09-01,PT,Seeking information,feminine,0.522
2025-09-01,PT,Seeking information,masculine,0.478
2025-09-01,PT,Writing,feminine,0.591
2025-09-01,PT,Writing,masculine,0.409
2025-09-01,RO,Practical Guidance,feminine,0.613
2025-09-01,RO,Practical Guidance,masculine,0.387
2025-09-01,RO,Seeking information,feminine,0.499
2025-09-01,RO,Seeking information,masculine,0.501
2025-09-01,RO,Writing,feminine,0.676
2025-09-01,RO,Writing,masculine,0.324
2025-09-01,RS,Practical Guidance,feminine,0.559
2025-09-01,RS,Practical Guidance,masculine,0.441
2025-09-01,RS,Seeking information,feminine,0.545
2025-09-01,RS,Seeking information,masculine,0.455
2025-09-01,RS,Writing,feminine,0.744
2025-09-01,RS,Writing,masculine,0.256
2025-09-01,SA,Multimedia,feminine,0.404
2025-09-01,SA,Multimedia,masculine,0.596
2025-09-01,SA,Practical Guidance,feminine,0.496
2025-09-01,SA,Practical Guidance,masculine,0.504
2025-09-01,SA,Seeking information,feminine,0.422
2025-09-01,SA,Seeking information,masculine,0.578
2025-09-01,SA,Self-expression,feminine,0.534
2025-09-01,SA,Self-expression,masculine,0.466
2025-09-01,SA,Writing,feminine,0.421
2025-09-01,SA,Writing,masculine,0.579
2025-09-01,SE,Practical Guidance,feminine,0.536
2025-09-01,SE,Practical Guidance,masculine,0.464
2025-09-01,SE,Seeking information,feminine,0.418
2025-09-01,SE,Seeking information,masculine,0.582
2025-09-01,SE,Writing,feminine,0.528
2025-09-01,SE,Writing,masculine,0.472
2025-09-01,SG,Practical Guidance,feminine,0.405
2025-09-01,SG,Practical Guidance,masculine,0.595
2025-09-01,SG,Seeking information,feminine,0.413
2025-09-01,SG,Seeking information,masculine,0.587
2025-09-01,SG,Writing,feminine,0.500
2025-09-01,SG,Writing,masculine,0.500
2025-09-01,SK,Practical Guidance,feminine,0.557
2025-09-01,SK,Practical Guidance,masculine,0.443
2025-09-01,SK,Seeking information,feminine,0.460
2025-09-01,SK,Seeking information,masculine,0.540
2025-09-01,TH,Practical Guidance,feminine,0.521
2025-09-01,TH,Practical Guidance,masculine,0.479
2025-09-01,TH,Writing,feminine,0.570
2025-09-01,TH,Writing,masculine,0.430
2025-09-01,TN,Practical Guidance,feminine,0.561
2025-09-01,TN,Practical Guidance,masculine,0.439
2025-09-01,TN,Writing,feminine,0.566
2025-09-01,TN,Writing,masculine,0.434
2025-09-01,TR,Multimedia,feminine,0.440
2025-09-01,TR,Multimedia,masculine,0.560
2025-09-01,TR,Other/Unknown,feminine,0.508
2025-09-01,TR,Other/Unknown,masculine,0.492
2025-09-01,TR,Practical Guidance,feminine,0.527
2025-09-01,TR,Practical Guidance,masculine,0.473
2025-09-01,TR,Seeking information,feminine,0.425
2025-09-01,TR,Seeking information,masculine,0.575
2025-09-01,TR,Self-expression,feminine,0.640
2025-09-01,TR,Self-expression,masculine,0.360
2025-09-01,TR,Technical help,feminine,0.241
2025-09-01,TR,Technical help,masculine,0.759
2025-09-01,TR,Writing,feminine,0.511
2025-09-01,TR,Writing,masculine,0.489
2025-09-01,TW,Practical Guidance,feminine,0.461
2025-09-01,TW,Practical Guidance,masculine,0.539
2025-09-01,TW,Seeking information,feminine,0.466
2025-09-01,TW,Seeking information,masculine,0.534
2025-09-01,TW,Writing,feminine,0.549
2025-09-01,TW,Writing,masculine,0.451
2025-09-01,UA,Multimedia,feminine,0.461
2025-09-01,UA,Multimedia,masculine,0.539
2025-09-01,UA,Practical Guidance,feminine,0.584
2025-09-01,UA,Practical Guidance,masculine,0.416
2025-09-01,UA,Seeking information,feminine,0.492
2025-09-01,UA,Seeking information,masculine,0.508
2025-09-01,UA,Self-expression,feminine,0.674
2025-09-01,UA,Self-expression,masculine,0.326
2025-09-01,UA,Writing,feminine,0.646
2025-09-01,UA,Writing,masculine,0.354
2025-09-01,US,Multimedia,feminine,0.497
2025-09-01,US,Multimedia,masculine,0.503
2025-09-01,US,Other/Unknown,feminine,0.477
2025-09-01,US,Other/Unknown,masculine,0.523
2025-09-01,US,Practical Guidance,feminine,0.509
2025-09-01,US,Practical Guidance,masculine,0.491
2025-09-01,US,Seeking information,feminine,0.445
2025-09-01,US,Seeking information,masculine,0.555
2025-09-01,US,Self-expression,feminine,0.581
2025-09-01,US,Self-expression,masculine,0.419
2025-09-01,US,Technical help,feminine,0.355
2025-09-01,US,Technical help,masculine,0.645
2025-09-01,US,Writing,feminine,0.582
2025-09-01,US,Writing,masculine,0.418
2025-09-01,UZ,Practical Guidance,feminine,0.445
2025-09-01,UZ,Practical Guidance,masculine,0.555
2025-09-01,UZ,Writing,feminine,0.513
2025-09-01,UZ,Writing,masculine,0.487
2025-09-01,VN,Practical Guidance,feminine,0.529
2025-09-01,VN,Practical Guidance,masculine,0.471
2025-09-01,VN,Seeking information,feminine,0.495
2025-09-01,VN,Seeking information,masculine,0.505
2025-09-01,VN,Writing,feminine,0.550
2025-09-01,VN,Writing,masculine,0.450
2025-09-01,ZA,Practical Guidance,feminine,0.573
2025-09-01,ZA,Practical Guidance,masculine,0.427
2025-09-01,ZA,Seeking information,feminine,0.448
2025-09-01,ZA,Seeking information,masculine,0.552
2025-09-01,ZA,Writing,feminine,0.579
2025-09-01,ZA,Writing,masculine,0.421
2025-10-01,AE,Practical Guidance,feminine,0.521
2025-10-01,AE,Practical Guidance,masculine,0.479
2025-10-01,AE,Seeking information,feminine,0.378
2025-10-01,AE,Seeking information,masculine,0.622
2025-10-01,AE,Writing,feminine,0.496
2025-10-01,AE,Writing,masculine,0.504
2025-10-01,AR,Multimedia,feminine,0.562
2025-10-01,AR,Multimedia,masculine,0.438
2025-10-01,AR,Other/Unknown,feminine,0.552
2025-10-01,AR,Other/Unknown,masculine,0.448
2025-10-01,AR,Practical Guidance,feminine,0.577
2025-10-01,AR,Practical Guidance,masculine,0.423
2025-10-01,AR,Seeking information,feminine,0.505
2025-10-01,AR,Seeking information,masculine,0.495
2025-10-01,AR,Self-expression,feminine,0.695
2025-10-01,AR,Self-expression,masculine,0.305
2025-10-01,AR,Technical help,feminine,0.347
2025-10-01,AR,Technical help,masculine,0.653
2025-10-01,AR,Writing,feminine,0.607
2025-10-01,AR,Writing,masculine,0.393
2025-10-01,AT,Practical Guidance,feminine,0.494
2025-10-01,AT,Practical Guidance,masculine,0.506
2025-10-01,AT,Seeking information,feminine,0.502
2025-10-01,AT,Seeking information,masculine,0.498
2025-10-01,AT,Writing,feminine,0.597
2025-10-01,AT,Writing,masculine,0.403
2025-10-01,AU,Multimedia,feminine,0.435
2025-10-01,AU,Multimedia,masculine,0.565
2025-10-01,AU,Practical Guidance,feminine,0.525
2025-10-01,AU,Practical Guidance,masculine,0.475
2025-10-01,AU,Seeking information,feminine,0.436
2025-10-01,AU,Seeking information,masculine,0.564
2025-10-01,AU,Self-expression,feminine,0.574
2025-10-01,AU,Self-expression,masculine,0.426
2025-10-01,AU,Technical help,feminine,0.297
2025-10-01,AU,Technical help,masculine,0.703
2025-10-01,AU,Writing,feminine,0.585
2025-10-01,AU,Writing,masculine,0.415
2025-10-01,AZ,Practical Guidance,feminine,0.524
2025-10-01,AZ,Practical Guidance,masculine,0.476
2025-10-01,AZ,Seeking information,feminine,0.518
2025-10-01,AZ,Seeking information,masculine,0.482
2025-10-01,AZ,Self-expression,feminine,0.592
2025-10-01,AZ,Self-expression,masculine,0.408
2025-10-01,AZ,Writing,feminine,0.601
2025-10-01,AZ,Writing,masculine,0.399
2025-10-01,BD,Multimedia,feminine,0.326
2025-10-01,BD,Multimedia,masculine,0.674
2025-10-01,BD,Other/Unknown,feminine,0.377
2025-10-01,BD,Other/Unknown,masculine,0.623
2025-10-01,BD,Practical Guidance,feminine,0.414
2025-10-01,BD,Practical Guidance,masculine,0.586
2025-10-01,BD,Seeking information,feminine,0.320
2025-10-01,BD,Seeking information,masculine,0.680
2025-10-01,BD,Self-expression,feminine,0.596
2025-10-01,BD,Self-expression,masculine,0.404
2025-10-01,BD,Writing,feminine,0.338
2025-10-01,BD,Writing,masculine,0.662
2025-10-01,BE,Practical Guidance,feminine,0.546
2025-10-01,BE,Practical Guidance,masculine,0.454
2025-10-01,BE,Seeking information,feminine,0.438
2025-10-01,BE,Seeking information,masculine,0.562
2025-10-01,BE,Writing,feminine,0.599
2025-10-01,BE,Writing,masculine,0.401
2025-10-01,BG,Practical Guidance,feminine,0.463
2025-10-01,BG,Practical Guidance,masculine,0.537
2025-10-01,BG,Seeking information,feminine,0.470
2025-10-01,BG,Seeking information,masculine,0.530
2025-10-01,BG,Writing,feminine,0.530
2025-10-01,BG,Writing,masculine,0.470
2025-10-01,BO,Practical Guidance,feminine,0.544
2025-10-01,BO,Practical Guidance,masculine,0.456
2025-10-01,BO,Writing,feminine,0.668
2025-10-01,BO,Writing,masculine,0.332
2025-10-01,BR,Multimedia,feminine,0.566
2025-10-01,BR,Multimedia,masculine,0.434
2025-10-01,BR,Other/Unknown,feminine,0.584
2025-10-01,BR,Other/Unknown,masculine,0.416
2025-10-01,BR,Practical Guidance,feminine,0.600
2025-10-01,BR,Practical Guidance,masculine,0.400
2025-10-01,BR,Seeking information,feminine,0.519
2025-10-01,BR,Seeking information,masculine,0.481
2025-10-01,BR,Self-expression,feminine,0.715
2025-10-01,BR,Self-expression,masculine,0.285
2025-10-01,BR,Technical help,feminine,0.359
2025-10-01,BR,Technical help,masculine,0.641
2025-10-01,BR,Writing,feminine,0.645
2025-10-01,BR,Writing,masculine,0.355
2025-10-01,CA,Multimedia,feminine,0.501
2025-10-01,CA,Multimedia,masculine,0.499
2025-10-01,CA,Other/Unknown,feminine,0.468
2025-10-01,CA,Other/Unknown,masculine,0.532
2025-10-01,CA,Practical Guidance,feminine,0.525
2025-10-01,CA,Practical Guidance,masculine,0.475
2025-10-01,CA,Seeking information,feminine,0.447
2025-10-01,CA,Seeking information,masculine,0.553
2025-10-01,CA,Self-expression,feminine,0.595
2025-10-01,CA,Self-expression,masculine,0.405
2025-10-01,CA,Technical help,feminine,0.396
2025-10-01,CA,Technical help,masculine,0.604
2025-10-01,CA,Writing,feminine,0.587
2025-10-01,CA,Writing,masculine,0.413
2025-10-01,CH,Practical Guidance,feminine,0.548
2025-10-01,CH,Practical Guidance,masculine,0.452
2025-10-01,CH,Seeking information,feminine,0.441
2025-10-01,CH,Seeking information,masculine,0.559
2025-10-01,CH,Writing,feminine,0.515
2025-10-01,CH,Writing,masculine,0.485
2025-10-01,CL,Multimedia,feminine,0.483
2025-10-01,CL,Multimedia,masculine,0.517
2025-10-01,CL,Practical Guidance,feminine,0.511
2025-10-01,CL,Practical Guidance,masculine,0.489
2025-10-01,CL,Seeking information,feminine,0.432
2025-10-01,CL,Seeking information,masculine,0.568
2025-10-01,CL,Self-expression,feminine,0.609
2025-10-01,CL,Self-expression,masculine,0.391
2025-10-01,CL,Writing,feminine,0.588
2025-10-01,CL,Writing,masculine,0.412
2025-10-01,CO,Multimedia,feminine,0.617
2025-10-01,CO,Multimedia,masculine,0.383
2025-10-01,CO,Other/Unknown,feminine,0.575
2025-10-01,CO,Other/Unknown,masculine,0.425
2025-10-01,CO,Practical Guidance,feminine,0.581
2025-10-01,CO,Practical Guidance,masculine,0.419
2025-10-01,CO,Seeking information,feminine,0.447
2025-10-01,CO,Seeking information,masculine,0.553
2025-10-01,CO,Self-expression,feminine,0.635
2025-10-01,CO,Self-expression,masculine,0.365
2025-10-01,CO,Technical help,feminine,0.386
2025-10-01,CO,Technical help,masculine,0.614
2025-10-01,CO,Writing,feminine,0.624
2025-10-01,CO,Writing,masculine,0.376
2025-10-01,CR,Practical Guidance,feminine,0.471
2025-10-01,CR,Practical Guidance,masculine,0.529
2025-10-01,CR,Writing,feminine,0.582
2025-10-01,CR,Writing,masculine,0.418
2025-10-01,CZ,Practical Guidance,feminine,0.560
2025-10-01,CZ,Practical Guidance,masculine,0.440
2025-10-01,CZ,Seeking information,feminine,0.414
2025-10-01,CZ,Seeking information,masculine,0.586
2025-10-01,CZ,Self-expression,feminine,0.690
2025-10-01,CZ,Self-expression,masculine,0.310
2025-10-01,CZ,Writing,feminine,0.564
2025-10-01,CZ,Writing,masculine,0.436
2025-10-01,DE,Multimedia,feminine,0.460
2025-10-01,DE,Multimedia,masculine,0.540
2025-10-01,DE,Other/Unknown,feminine,0.490
2025-10-01,DE,Other/Unknown,masculine,0.510
2025-10-01,DE,Practical Guidance,feminine,0.509
2025-10-01,DE,Practical Guidance,masculine,0.491
2025-10-01,DE,Seeking information,feminine,0.447
2025-10-01,DE,Seeking information,masculine,0.553
2025-10-01,DE,Self-expression,feminine,0.621
2025-10-01,DE,Self-expression,masculine,0.379
2025-10-01,DE,Technical help,feminine,0.311
2025-10-01,DE,Technical help,masculine,0.689
2025-10-01,DE,Writing,feminine,0.575
2025-10-01,DE,Writing,masculine,0.425
2025-10-01,DK,Practical Guidance,feminine,0.526
2025-10-01,DK,Practical Guidance,masculine,0.474
2025-10-01,DK,Seeking information,feminine,0.425
2025-10-01,DK,Seeking information,masculine,0.575
2025-10-01,DK,Writing,feminine,0.523
2025-10-01,DK,Writing,masculine,0.477
2025-10-01,DO,Practical Guidance,feminine,0.655
2025-10-01,DO,Practical Guidance,masculine,0.345
2025-10-01,DO,Writing,feminine,0.646
2025-10-01,DO,Writing,masculine,0.354
2025-10-01,DZ,Practical Guidance,feminine,0.639
2025-10-01,DZ,Practical Guidance,masculine,0.361
2025-10-01,DZ,Seeking information,feminine,0.531
2025-10-01,DZ,Seeking information,masculine,0.469
2025-10-01,DZ,Self-expression,feminine,0.690
2025-10-01,DZ,Self-expression,masculine,0.310
2025-10-01,DZ,Writing,feminine,0.650
2025-10-01,DZ,Writing,masculine,0.350
2025-10-01,EC,Multimedia,feminine,0.662
2025-10-01,EC,Multimedia,masculine,0.338
2025-10-01,EC,Practical Guidance,feminine,0.594
2025-10-01,EC,Practical Guidance,masculine,0.406
2025-10-01,EC,Seeking information,feminine,0.482
2025-10-01,EC,Seeking information,masculine,0.518
2025-10-01,EC,Writing,feminine,0.586
2025-10-01,EC,Writing,masculine,0.414
2025-10-01,EG,Multimedia,feminine,0.445
2025-10-01,EG,Multimedia,masculine,0.555
2025-10-01,EG,Other/Unknown,feminine,0.381
2025-10-01,EG,Other/Unknown,masculine,0.619
2025-10-01,EG,Practical Guidance,feminine,0.538
2025-10-01,EG,Practical Guidance,masculine,0.462
2025-10-01,EG,Seeking information,feminine,0.481
2025-10-01,EG,Seeking information,masculine,0.519
2025-10-01,EG,Self-expression,feminine,0.607
2025-10-01,EG,Self-expression,masculine,0.393
2025-10-01,EG,Technical help,feminine,0.371
2025-10-01,EG,Technical help,masculine,0.629
2025-10-01,EG,Writing,feminine,0.521
2025-10-01,EG,Writing,masculine,0.479
2025-10-01,ES,Multimedia,feminine,0.527
2025-10-01,ES,Multimedia,masculine,0.473
2025-10-01,ES,Other/Unknown,feminine,0.483
2025-10-01,ES,Other/Unknown,masculine,0.517
2025-10-01,ES,Practical Guidance,feminine,0.566
2025-10-01,ES,Practical Guidance,masculine,0.434
2025-10-01,ES,Seeking information,feminine,0.487
2025-10-01,ES,Seeking information,masculine,0.513
2025-10-01,ES,Self-expression,feminine,0.633
2025-10-01,ES,Self-expression,masculine,0.367
2025-10-01,ES,Technical help,feminine,0.326
2025-10-01,ES,Technical help,masculine,0.674
2025-10-01,ES,Writing,feminine,0.607
2025-10-01,ES,Writing,masculine,0.393
2025-10-01,FI,Practical Guidance,feminine,0.480
2025-10-01,FI,Practical Guidance,masculine,0.520
2025-10-01,FI,Seeking information,feminine,0.520
2025-10-01,FI,Seeking information,masculine,0.480
2025-10-01,FI,Writing,feminine,0.645
2025-10-01,FI,Writing,masculine,0.355
2025-10-01,FR,Multimedia,feminine,0.507
2025-10-01,FR,Multimedia,masculine,0.493
2025-10-01,FR,Other/Unknown,feminine,0.472
2025-10-01,FR,Other/Unknown,masculine,0.528
2025-10-01,FR,Practical Guidance,feminine,0.556
2025-10-01,FR,Practical Guidance,masculine,0.444
2025-10-01,FR,Seeking information,feminine,0.473
2025-10-01,FR,Seeking information,masculine,0.527
2025-10-01,FR,Self-expression,feminine,0.635
2025-10-01,FR,Self-expression,masculine,0.365
2025-10-01,FR,Technical help,feminine,0.296
2025-10-01,FR,Technical help,masculine,0.704
2025-10-01,FR,Writing,feminine,0.552
2025-10-01,FR,Writing,masculine,0.448
2025-10-01,GB,Multimedia,feminine,0.475
2025-10-01,GB,Multimedia,masculine,0.525
2025-10-01,GB,Other/Unknown,feminine,0.507
2025-10-01,GB,Other/Unknown,masculine,0.493
2025-10-01,GB,Practical Guidance,feminine,0.483
2025-10-01,GB,Practical Guidance,masculine,0.517
2025-10-01,GB,Seeking information,feminine,0.410
2025-10-01,GB,Seeking information,masculine,0.590
2025-10-01,GB,Self-expression,feminine,0.559
2025-10-01,GB,Self-expression,masculine,0.441
2025-10-01,GB,Technical help,feminine,0.318
2025-10-01,GB,Technical help,masculine,0.682
2025-10-01,GB,Writing,feminine,0.579
2025-10-01,GB,Writing,masculine,0.421
2025-10-01,GH,Writing,feminine,0.416
2025-10-01,GH,Writing,masculine,0.584
2025-10-01,GR,Practical Guidance,feminine,0.512
2025-10-01,GR,Practical Guidance,masculine,0.488
2025-10-01,GR,Seeking information,feminine,0.541
2025-10-01,GR,Seeking information,masculine,0.459
2025-10-01,GR,Writing,feminine,0.629
2025-10-01,GR,Writing,masculine,0.371
2025-10-01,GT,Practical Guidance,feminine,0.597
2025-10-01,GT,Practical Guidance,masculine,0.403
2025-10-01,HU,Practical Guidance,feminine,0.564
2025-10-01,HU,Practical Guidance,masculine,0.436
2025-10-01,HU,Seeking information,feminine,0.518
2025-10-01,HU,Seeking information,masculine,0.482
2025-10-01,HU,Writing,feminine,0.483
2025-10-01,HU,Writing,masculine,0.517
2025-10-01,ID,Multimedia,feminine,0.587
2025-10-01,ID,Multimedia,masculine,0.413
2025-10-01,ID,Other/Unknown,feminine,0.527
2025-10-01,ID,Other/Unknown,masculine,0.473
2025-10-01,ID,Practical Guidance,feminine,0.614
2025-10-01,ID,Practical Guidance,masculine,0.386
2025-10-01,ID,Seeking information,feminine,0.534
2025-10-01,ID,Seeking information,masculine,0.466
2025-10-01,ID,Self-expression,feminine,0.685
2025-10-01,ID,Self-expression,masculine,0.315
2025-10-01,ID,Technical help,feminine,0.466
2025-10-01,ID,Technical help,masculine,0.534
2025-10-01,ID,Writing,feminine,0.658
2025-10-01,ID,Writing,masculine,0.342
2025-10-01,IE,Practical Guidance,feminine,0.540
2025-10-01,IE,Practical Guidance,masculine,0.460
2025-10-01,IE,Seeking information,feminine,0.465
2025-10-01,IE,Seeking information,masculine,0.535
2025-10-01,IE,Writing,feminine,0.610
2025-10-01,IE,Writing,masculine,0.390
2025-10-01,IL,Practical Guidance,feminine,0.452
2025-10-01,IL,Practical Guidance,masculine,0.548
2025-10-01,IL,Seeking information,feminine,0.386
2025-10-01,IL,Seeking information,masculine,0.614
2025-10-01,IL,Writing,feminine,0.562
2025-10-01,IL,Writing,masculine,0.438
2025-10-01,IN,Multimedia,feminine,0.356
2025-10-01,IN,Multimedia,masculine,0.644
2025-10-01,IN,Other/Unknown,feminine,0.435
2025-10-01,IN,Other/Unknown,masculine,0.565
2025-10-01,IN,Practical Guidance,feminine,0.430
2025-10-01,IN,Practical Guidance,masculine,0.570
2025-10-01,IN,Seeking information,feminine,0.378
2025-10-01,IN,Seeking information,masculine,0.622
2025-10-01,IN,Self-expression,feminine,0.525
2025-10-01,IN,Self-expression,masculine,0.475
2025-10-01,IN,Technical help,feminine,0.340
2025-10-01,IN,Technical help,masculine,0.660
2025-10-01,IN,Writing,feminine,0.470
2025-10-01,IN,Writing,masculine,0.530
2025-10-01,IQ,Practical Guidance,feminine,0.536
2025-10-01,IQ,Practical Guidance,masculine,0.464
2025-10-01,IQ,Seeking information,feminine,0.366
2025-10-01,IQ,Seeking information,masculine,0.634
2025-10-01,IQ,Writing,feminine,0.490
2025-10-01,IQ,Writing,masculine,0.510
2025-10-01,IT,Multimedia,feminine,0.514
2025-10-01,IT,Multimedia,masculine,0.486
2025-10-01,IT,Other/Unknown,feminine,0.541
2025-10-01,IT,Other/Unknown,masculine,0.459
2025-10-01,IT,Practical Guidance,feminine,0.526
2025-10-01,IT,Practical Guidance,masculine,0.474
2025-10-01,IT,Seeking information,feminine,0.464
2025-10-01,IT,Seeking information,masculine,0.536
2025-10-01,IT,Self-expression,feminine,0.651
2025-10-01,IT,Self-expression,masculine,0.349
2025-10-01,IT,Technical help,feminine,0.465
2025-10-01,IT,Technical help,masculine,0.535
2025-10-01,IT,Writing,feminine,0.611
2025-10-01,IT,Writing,masculine,0.389
2025-10-01,JO,Practical Guidance,feminine,0.442
2025-10-01,JO,Practical Guidance,masculine,0.558
2025-10-01,JP,Practical Guidance,feminine,0.483
2025-10-01,JP,Practical Guidance,masculine,0.517
2025-10-01,JP,Seeking information,feminine,0.426
2025-10-01,JP,Seeking information,masculine,0.574
2025-10-01,JP,Self-expression,feminine,0.541
2025-10-01,JP,Self-expression,masculine,0.459
2025-10-01,JP,Writing,feminine,0.507
2025-10-01,JP,Writing,masculine,0.493
2025-10-01,KE,Practical Guidance,feminine,0.507
2025-10-01,KE,Practical Guidance,masculine,0.493
2025-10-01,KE,Seeking information,feminine,0.532
2025-10-01,KE,Seeking information,masculine,0.468
2025-10-01,KE,Writing,feminine,0.526
2025-10-01,KE,Writing,masculine,0.474
2025-10-01,KR,Practical Guidance,feminine,0.603
2025-10-01,KR,Practical Guidance,masculine,0.397
2025-10-01,KR,Seeking information,feminine,0.587
2025-10-01,KR,Seeking information,masculine,0.413
2025-10-01,KR,Self-expression,feminine,0.719
2025-10-01,KR,Self-expression,masculine,0.281
2025-10-01,KR,Writing,feminine,0.601
2025-10-01,KR,Writing,masculine,0.399
2025-10-01,KZ,Practical Guidance,feminine,0.520
2025-10-01,KZ,Practical Guidance,masculine,0.480
2025-10-01,KZ,Seeking information,feminine,0.440
2025-10-01,KZ,Seeking information,masculine,0.560
2025-10-01,KZ,Self-expression,feminine,0.562
2025-10-01,KZ,Self-expression,masculine,0.438
2025-10-01,KZ,Writing,feminine,0.511
2025-10-01,KZ,Writing,masculine,0.489
2025-10-01,LB,Practical Guidance,feminine,0.501
2025-10-01,LB,Practical Guidance,masculine,0.499
2025-10-01,LT,Practical Guidance,feminine,0.512
2025-10-01,LT,Practical Guidance,masculine,0.488
2025-10-01,MA,Practical Guidance,feminine,0.518
2025-10-01,MA,Practical Guidance,masculine,0.482
2025-10-01,MA,Seeking information,feminine,0.498
2025-10-01,MA,Seeking information,masculine,0.502
2025-10-01,MA,Writing,feminine,0.491
2025-10-01,MA,Writing,masculine,0.509
2025-10-01,MX,Multimedia,feminine,0.546
2025-10-01,MX,Multimedia,masculine,0.454
2025-10-01,MX,Other/Unknown,feminine,0.538
2025-10-01,MX,Other/Unknown,masculine,0.462
2025-10-01,MX,Practical Guidance,feminine,0.561
2025-10-01,MX,Practical Guidance,masculine,0.439
2025-10-01,MX,Seeking information,feminine,0.470
2025-10-01,MX,Seeking information,masculine,0.530
2025-10-01,MX,Self-expression,feminine,0.639
2025-10-01,MX,Self-expression,masculine,0.361
2025-10-01,MX,Technical help,feminine,0.361
2025-10-01,MX,Technical help,masculine,0.639
2025-10-01,MX,Writing,feminine,0.561
2025-10-01,MX,Writing,masculine,0.439
2025-10-01,MY,Practical Guidance,feminine,0.500
2025-10-01,MY,Practical Guidance,masculine,0.500
2025-10-01,MY,Seeking information,feminine,0.402
2025-10-01,MY,Seeking information,masculine,0.598
2025-10-01,MY,Self-expression,feminine,0.611
2025-10-01,MY,Self-expression,masculine,0.389
2025-10-01,MY,Writing,feminine,0.557
2025-10-01,MY,Writing,masculine,0.443
2025-10-01,NG,Practical Guidance,feminine,0.506
2025-10-01,NG,Practical Guidance,masculine,0.494
2025-10-01,NG,Seeking information,feminine,0.351
2025-10-01,NG,Seeking information,masculine,0.649
2025-10-01,NG,Self-expression,feminine,0.355
2025-10-01,NG,Self-expression,masculine,0.645
2025-10-01,NG,Writing,feminine,0.351
2025-10-01,NG,Writing,masculine,0.649
2025-10-01,NL,Multimedia,feminine,0.426
2025-10-01,NL,Multimedia,masculine,0.574
2025-10-01,NL,Other/Unknown,feminine,0.481
2025-10-01,NL,Other/Unknown,masculine,0.519
2025-10-01,NL,Practical Guidance,feminine,0.528
2025-10-01,NL,Practical Guidance,masculine,0.472
2025-10-01,NL,Seeking information,feminine,0.455
2025-10-01,NL,Seeking information,masculine,0.545
2025-10-01,NL,Self-expression,feminine,0.648
2025-10-01,NL,Self-expression,masculine,0.352
2025-10-01,NL,Technical help,feminine,0.289
2025-10-01,NL,Technical help,masculine,0.711
2025-10-01,NL,Writing,feminine,0.547
2025-10-01,NL,Writing,masculine,0.453
2025-10-01,NO,Practical Guidance,feminine,0.464
2025-10-01,NO,Practical Guidance,masculine,0.536
2025-10-01,NO,Seeking information,feminine,0.424
2025-10-01,NO,Seeking information,masculine,0.576
2025-10-01,NO,Writing,feminine,0.577
2025-10-01,NO,Writing,masculine,0.423
2025-10-01,NZ,Practical Guidance,feminine,0.533
2025-10-01,NZ,Practical Guidance,masculine,0.467
2025-10-01,NZ,Writing,feminine,0.587
2025-10-01,NZ,Writing,masculine,0.413
2025-10-01,PE,Multimedia,feminine,0.472
2025-10-01,PE,Multimedia,masculine,0.528
2025-10-01,PE,Practical Guidance,feminine,0.567
2025-10-01,PE,Practical Guidance,masculine,0.433
2025-10-01,PE,Seeking information,feminine,0.493
2025-10-01,PE,Seeking information,masculine,0.507
2025-10-01,PE,Self-expression,feminine,0.589
2025-10-01,PE,Self-expression,masculine,0.411
2025-10-01,PE,Technical help,feminine,0.331
2025-10-01,PE,Technical help,masculine,0.669
2025-10-01,PE,Writing,feminine,0.601
2025-10-01,PE,Writing,masculine,0.399
2025-10-01,PH,Multimedia,feminine,0.531
2025-10-01,PH,Multimedia,masculine,0.469
2025-10-01,PH,Other/Unknown,feminine,0.585
2025-10-01,PH,Other/Unknown,masculine,0.415
2025-10-01,PH,Practical Guidance,feminine,0.558
2025-10-01,PH,Practical Guidance,masculine,0.442
2025-10-01,PH,Seeking information,feminine,0.510
2025-10-01,PH,Seeking information,masculine,0.490
2025-10-01,PH,Self-expression,feminine,0.550
2025-10-01,PH,Self-expression,masculine,0.450
2025-10-01,PH,Technical help,feminine,0.386
2025-10-01,PH,Technical help,masculine,0.614
2025-10-01,PH,Writing,feminine,0.614
2025-10-01,PH,Writing,masculine,0.386
2025-10-01,PK,Multimedia,feminine,0.321
2025-10-01,PK,Multimedia,masculine,0.679
2025-10-01,PK,Other/Unknown,feminine,0.391
2025-10-01,PK,Other/Unknown,masculine,0.609
2025-10-01,PK,Practical Guidance,feminine,0.427
2025-10-01,PK,Practical Guidance,masculine,0.573
2025-10-01,PK,Seeking information,feminine,0.344
2025-10-01,PK,Seeking information,masculine,0.656
2025-10-01,PK,Self-expression,feminine,0.444
2025-10-01,PK,Self-expression,masculine,0.556
2025-10-01,PK,Technical help,feminine,0.259
2025-10-01,PK,Technical help,masculine,0.741
2025-10-01,PK,Writing,feminine,0.387
2025-10-01,PK,Writing,masculine,0.613
2025-10-01,PL,Multimedia,feminine,0.594
2025-10-01,PL,Multimedia,masculine,0.406
2025-10-01,PL,Other/Unknown,feminine,0.519
2025-10-01,PL,Other/Unknown,masculine,0.481
2025-10-01,PL,Practical Guidance,feminine,0.569
2025-10-01,PL,Practical Guidance,masculine,0.431
2025-10-01,PL,Seeking information,feminine,0.495
2025-10-01,PL,Seeking information,masculine,0.505
2025-10-01,PL,Self-expression,feminine,0.669
2025-10-01,PL,Self-expression,masculine,0.331
2025-10-01,PL,Technical help,feminine,0.355
2025-10-01,PL,Technical help,masculine,0.645
2025-10-01,PL,Writing,feminine,0.648
2025-10-01,PL,Writing,masculine,0.352
2025-10-01,PT,Practical Guidance,feminine,0.572
2025-10-01,PT,Practical Guidance,masculine,0.428
2025-10-01,PT,Seeking information,feminine,0.433
2025-10-01,PT,Seeking information,masculine,0.567
2025-10-01,PT,Writing,feminine,0.677
2025-10-01,PT,Writing,masculine,0.323
2025-10-01,RO,Practical Guidance,feminine,0.607
2025-10-01,RO,Practical Guidance,masculine,0.393
2025-10-01,RO,Seeking information,feminine,0.489
2025-10-01,RO,Seeking information,masculine,0.511
2025-10-01,RO,Self-expression,feminine,0.634
2025-10-01,RO,Self-expression,masculine,0.366
2025-10-01,RO,Writing,feminine,0.629
2025-10-01,RO,Writing,masculine,0.371
2025-10-01,RS,Practical Guidance,feminine,0.574
2025-10-01,RS,Practical Guidance,masculine,0.426
2025-10-01,RS,Seeking information,feminine,0.528
2025-10-01,RS,Seeking information,masculine,0.472
2025-10-01,RS,Writing,feminine,0.667
2025-10-01,RS,Writing,masculine,0.333
2025-10-01,SA,Multimedia,feminine,0.500
2025-10-01,SA,Multimedia,masculine,0.500
2025-10-01,SA,Practical Guidance,feminine,0.512
2025-10-01,SA,Practical Guidance,masculine,0.488
2025-10-01,SA,Seeking information,feminine,0.402
2025-10-01,SA,Seeking information,masculine,0.598
2025-10-01,SA,Self-expression,feminine,0.593
2025-10-01,SA,Self-expression,masculine,0.407
2025-10-01,SA,Writing,feminine,0.465
2025-10-01,SA,Writing,masculine,0.535
2025-10-01,SE,Practical Guidance,feminine,0.476
2025-10-01,SE,Practical Guidance,masculine,0.524
2025-10-01,SE,Seeking information,feminine,0.420
2025-10-01,SE,Seeking information,masculine,0.580
2025-10-01,SE,Writing,feminine,0.612
2025-10-01,SE,Writing,masculine,0.388
2025-10-01,SG,Practical Guidance,feminine,0.407
2025-10-01,SG,Practical Guidance,masculine,0.593
2025-10-01,SG,Seeking information,feminine,0.341
2025-10-01,SG,Seeking information,masculine,0.659
2025-10-01,SG,Writing,feminine,0.448
2025-10-01,SG,Writing,masculine,0.552
2025-10-01,SK,Practical Guidance,feminine,0.558
2025-10-01,SK,Practical Guidance,masculine,0.442
2025-10-01,TH,Practical Guidance,feminine,0.430
2025-10-01,TH,Practical Guidance,masculine,0.570
2025-10-01,TH,Seeking information,feminine,0.449
2025-10-01,TH,Seeking information,masculine,0.551
2025-10-01,TH,Writing,feminine,0.557
2025-10-01,TH,Writing,masculine,0.443
2025-10-01,TN,Practical Guidance,feminine,0.716
2025-10-01,TN,Practical Guidance,masculine,0.284
2025-10-01,TN,Writing,feminine,0.619
2025-10-01,TN,Writing,masculine,0.381
2025-10-01,TR,Multimedia,feminine,0.467
2025-10-01,TR,Multimedia,masculine,0.533
2025-10-01,TR,Other/Unknown,feminine,0.469
2025-10-01,TR,Other/Unknown,masculine,0.531
2025-10-01,TR,Practical Guidance,feminine,0.532
2025-10-01,TR,Practical Guidance,masculine,0.468
2025-10-01,TR,Seeking information,feminine,0.481
2025-10-01,TR,Seeking information,masculine,0.519
2025-10-01,TR,Self-expression,feminine,0.653
2025-10-01,TR,Self-expression,masculine,0.347
2025-10-01,TR,Technical help,feminine,0.338
2025-10-01,TR,Technical help,masculine,0.662
2025-10-01,TR,Writing,feminine,0.534
2025-10-01,TR,Writing,masculine,0.466
2025-10-01,TW,Practical Guidance,feminine,0.504
2025-10-01,TW,Practical Guidance,masculine,0.496
2025-10-01,TW,Writing,feminine,0.571
2025-10-01,TW,Writing,masculine,0.429
2025-10-01,UA,Multimedia,feminine,0.502
2025-10-01,UA,Multimedia,masculine,0.498
2025-10-01,UA,Other/Unknown,feminine,0.607
2025-10-01,UA,Other/Unknown,masculine,0.393
2025-10-01,UA,Practical Guidance,feminine,0.584
2025-10-01,UA,Practical Guidance,masculine,0.416
2025-10-01,UA,Seeking information,feminine,0.523
2025-10-01,UA,Seeking information,masculine,0.477
2025-10-01,UA,Self-expression,feminine,0.624
2025-10-01,UA,Self-expression,masculine,0.376
2025-10-01,UA,Writing,feminine,0.630
2025-10-01,UA,Writing,masculine,0.370
2025-10-01,US,Multimedia,feminine,0.480
2025-10-01,US,Multimedia,masculine,0.520
2025-10-01,US,Other/Unknown,feminine,0.479
2025-10-01,US,Other/Unknown,masculine,0.521
2025-10-01,US,Practical Guidance,feminine,0.520
2025-10-01,US,Practical Guidance,masculine,0.480
2025-10-01,US,Seeking information,feminine,0.441
2025-10-01,US,Seeking information,masculine,0.559
2025-10-01,US,Self-expression,feminine,0.550
2025-10-01,US,Self-expression,masculine,0.450
2025-10-01,US,Technical help,feminine,0.361
2025-10-01,US,Technical help,masculine,0.639
2025-10-01,US,Writing,feminine,0.581
2025-10-01,US,Writing,masculine,0.419
2025-10-01,UZ,Practical Guidance,feminine,0.534
2025-10-01,UZ,Practical Guidance,masculine,0.466
2025-10-01,UZ,Seeking information,feminine,0.405
2025-10-01,UZ,Seeking information,masculine,0.595
2025-10-01,UZ,Writing,feminine,0.573
2025-10-01,UZ,Writing,masculine,0.427
2025-10-01,VN,Practical Guidance,feminine,0.478
2025-10-01,VN,Practical Guidance,masculine,0.522
2025-10-01,VN,Seeking information,feminine,0.456
2025-10-01,VN,Seeking information,masculine,0.544
2025-10-01,VN,Technical help,feminine,0.361
2025-10-01,VN,Technical help,masculine,0.639
2025-10-01,VN,Writing,feminine,0.546
2025-10-01,VN,Writing,masculine,0.454
2025-10-01,ZA,Practical Guidance,feminine,0.579
2025-10-01,ZA,Practical Guidance,masculine,0.421
2025-10-01,ZA,Seeking information,feminine,0.538
2025-10-01,ZA,Seeking information,masculine,0.462
2025-10-01,ZA,Writing,feminine,0.599
2025-10-01,ZA,Writing,masculine,0.401
2025-11-01,AE,Practical Guidance,feminine,0.559
2025-11-01,AE,Practical Guidance,masculine,0.441
2025-11-01,AE,Seeking information,feminine,0.434
2025-11-01,AE,Seeking information,masculine,0.566
2025-11-01,AE,Writing,feminine,0.515
2025-11-01,AE,Writing,masculine,0.485
2025-11-01,AR,Multimedia,feminine,0.551
2025-11-01,AR,Multimedia,masculine,0.449
2025-11-01,AR,Other/Unknown,feminine,0.610
2025-11-01,AR,Other/Unknown,masculine,0.390
2025-11-01,AR,Practical Guidance,feminine,0.556
2025-11-01,AR,Practical Guidance,masculine,0.444
2025-11-01,AR,Seeking information,feminine,0.507
2025-11-01,AR,Seeking information,masculine,0.493
2025-11-01,AR,Self-expression,feminine,0.711
2025-11-01,AR,Self-expression,masculine,0.289
2025-11-01,AR,Technical help,feminine,0.312
2025-11-01,AR,Technical help,masculine,0.688
2025-11-01,AR,Writing,feminine,0.652
2025-11-01,AR,Writing,masculine,0.348
2025-11-01,AT,Practical Guidance,feminine,0.530
2025-11-01,AT,Practical Guidance,masculine,0.470
2025-11-01,AT,Seeking information,feminine,0.505
2025-11-01,AT,Seeking information,masculine,0.495
2025-11-01,AT,Writing,feminine,0.573
2025-11-01,AT,Writing,masculine,0.427
2025-11-01,AU,Multimedia,feminine,0.483
2025-11-01,AU,Multimedia,masculine,0.517
2025-11-01,AU,Other/Unknown,feminine,0.520
2025-11-01,AU,Other/Unknown,masculine,0.480
2025-11-01,AU,Practical Guidance,feminine,0.486
2025-11-01,AU,Practical Guidance,masculine,0.514
2025-11-01,AU,Seeking information,feminine,0.477
2025-11-01,AU,Seeking information,masculine,0.523
2025-11-01,AU,Self-expression,feminine,0.612
2025-11-01,AU,Self-expression,masculine,0.388
2025-11-01,AU,Technical help,feminine,0.326
2025-11-01,AU,Technical help,masculine,0.674
2025-11-01,AU,Writing,feminine,0.569
2025-11-01,AU,Writing,masculine,0.431
2025-11-01,AZ,Practical Guidance,feminine,0.508
2025-11-01,AZ,Practical Guidance,masculine,0.492
2025-11-01,AZ,Seeking information,feminine,0.434
2025-11-01,AZ,Seeking information,masculine,0.566
2025-11-01,AZ,Self-expression,feminine,0.579
2025-11-01,AZ,Self-expression,masculine,0.421
2025-11-01,AZ,Writing,feminine,0.505
2025-11-01,AZ,Writing,masculine,0.495
2025-11-01,BD,Other/Unknown,feminine,0.374
2025-11-01,BD,Other/Unknown,masculine,0.626
2025-11-01,BD,Practical Guidance,feminine,0.435
2025-11-01,BD,Practical Guidance,masculine,0.565
2025-11-01,BD,Seeking information,feminine,0.331
2025-11-01,BD,Seeking information,masculine,0.669
2025-11-01,BD,Self-expression,feminine,0.510
2025-11-01,BD,Self-expression,masculine,0.490
2025-11-01,BD,Writing,feminine,0.373
2025-11-01,BD,Writing,masculine,0.627
2025-11-01,BE,Practical Guidance,feminine,0.539
2025-11-01,BE,Practical Guidance,masculine,0.461
2025-11-01,BE,Seeking information,feminine,0.444
2025-11-01,BE,Seeking information,masculine,0.556
2025-11-01,BE,Self-expression,feminine,0.623
2025-11-01,BE,Self-expression,masculine,0.377
2025-11-01,BE,Writing,feminine,0.581
2025-11-01,BE,Writing,masculine,0.419
2025-11-01,BG,Practical Guidance,feminine,0.536
2025-11-01,BG,Practical Guidance,masculine,0.464
2025-11-01,BG,Seeking information,feminine,0.467
2025-11-01,BG,Seeking information,masculine,0.533
2025-11-01,BG,Writing,feminine,0.472
2025-11-01,BG,Writing,masculine,0.528
2025-11-01,BO,Practical Guidance,feminine,0.476
2025-11-01,BO,Practical Guidance,masculine,0.524
2025-11-01,BO,Writing,feminine,0.533
2025-11-01,BO,Writing,masculine,0.467
2025-11-01,BR,Multimedia,feminine,0.579
2025-11-01,BR,Multimedia,masculine,0.421
2025-11-01,BR,Other/Unknown,feminine,0.606
2025-11-01,BR,Other/Unknown,masculine,0.394
2025-11-01,BR,Practical Guidance,feminine,0.598
2025-11-01,BR,Practical Guidance,masculine,0.402
2025-11-01,BR,Seeking information,feminine,0.496
2025-11-01,BR,Seeking information,masculine,0.504
2025-11-01,BR,Self-expression,feminine,0.701
2025-11-01,BR,Self-expression,masculine,0.299
2025-11-01,BR,Technical help,feminine,0.361
2025-11-01,BR,Technical help,masculine,0.639
2025-11-01,BR,Writing,feminine,0.666
2025-11-01,BR,Writing,masculine,0.334
2025-11-01,CA,Multimedia,feminine,0.447
2025-11-01,CA,Multimedia,masculine,0.553
2025-11-01,CA,Other/Unknown,feminine,0.501
2025-11-01,CA,Other/Unknown,masculine,0.499
2025-11-01,CA,Practical Guidance,feminine,0.554
2025-11-01,CA,Practical Guidance,masculine,0.446
2025-11-01,CA,Seeking information,feminine,0.487
2025-11-01,CA,Seeking information,masculine,0.513
2025-11-01,CA,Self-expression,feminine,0.615
2025-11-01,CA,Self-expression,masculine,0.385
2025-11-01,CA,Technical help,feminine,0.365
2025-11-01,CA,Technical help,masculine,0.635
2025-11-01,CA,Writing,feminine,0.574
2025-11-01,CA,Writing,masculine,0.426
2025-11-01,CH,Practical Guidance,feminine,0.531
2025-11-01,CH,Practical Guidance,masculine,0.469
2025-11-01,CH,Seeking information,feminine,0.421
2025-11-01,CH,Seeking information,masculine,0.579
2025-11-01,CH,Writing,feminine,0.583
2025-11-01,CH,Writing,masculine,0.417
2025-11-01,CL,Multimedia,feminine,0.549
2025-11-01,CL,Multimedia,masculine,0.451
2025-11-01,CL,Practical Guidance,feminine,0.530
2025-11-01,CL,Practical Guidance,masculine,0.470
2025-11-01,CL,Seeking information,feminine,0.510
2025-11-01,CL,Seeking information,masculine,0.490
2025-11-01,CL,Self-expression,feminine,0.654
2025-11-01,CL,Self-expression,masculine,0.346
2025-11-01,CL,Technical help,feminine,0.285
2025-11-01,CL,Technical help,masculine,0.715
2025-11-01,CL,Writing,feminine,0.614
2025-11-01,CL,Writing,masculine,0.386
2025-11-01,CO,Multimedia,feminine,0.570
2025-11-01,CO,Multimedia,masculine,0.430
2025-11-01,CO,Other/Unknown,feminine,0.606
2025-11-01,CO,Other/Unknown,masculine,0.394
2025-11-01,CO,Practical Guidance,feminine,0.570
2025-11-01,CO,Practical Guidance,masculine,0.430
2025-11-01,CO,Seeking information,feminine,0.491
2025-11-01,CO,Seeking information,masculine,0.509
2025-11-01,CO,Self-expression,feminine,0.679
2025-11-01,CO,Self-expression,masculine,0.321
2025-11-01,CO,Technical help,feminine,0.414
2025-11-01,CO,Technical help,masculine,0.586
2025-11-01,CO,Writing,feminine,0.617
2025-11-01,CO,Writing,masculine,0.383
2025-11-01,CR,Practical Guidance,feminine,0.560
2025-11-01,CR,Practical Guidance,masculine,0.440
2025-11-01,CR,Writing,feminine,0.536
2025-11-01,CR,Writing,masculine,0.464
2025-11-01,CZ,Practical Guidance,feminine,0.605
2025-11-01,CZ,Practical Guidance,masculine,0.395
2025-11-01,CZ,Seeking information,feminine,0.550
2025-11-01,CZ,Seeking information,masculine,0.450
2025-11-01,CZ,Writing,feminine,0.577
2025-11-01,CZ,Writing,masculine,0.423
2025-11-01,DE,Multimedia,feminine,0.468
2025-11-01,DE,Multimedia,masculine,0.532
2025-11-01,DE,Other/Unknown,feminine,0.525
2025-11-01,DE,Other/Unknown,masculine,0.475
2025-11-01,DE,Practical Guidance,feminine,0.532
2025-11-01,DE,Practical Guidance,masculine,0.468
2025-11-01,DE,Seeking information,feminine,0.456
2025-11-01,DE,Seeking information,masculine,0.544
2025-11-01,DE,Self-expression,feminine,0.597
2025-11-01,DE,Self-expression,masculine,0.403
2025-11-01,DE,Technical help,feminine,0.323
2025-11-01,DE,Technical help,masculine,0.677
2025-11-01,DE,Writing,feminine,0.585
2025-11-01,DE,Writing,masculine,0.415
2025-11-01,DK,Practical Guidance,feminine,0.466
2025-11-01,DK,Practical Guidance,masculine,0.534
2025-11-01,DK,Seeking information,feminine,0.347
2025-11-01,DK,Seeking information,masculine,0.653
2025-11-01,DK,Writing,feminine,0.535
2025-11-01,DK,Writing,masculine,0.465
2025-11-01,DO,Practical Guidance,feminine,0.582
2025-11-01,DO,Practical Guidance,masculine,0.418
2025-11-01,DO,Seeking information,feminine,0.515
2025-11-01,DO,Seeking information,masculine,0.485
2025-11-01,DO,Writing,feminine,0.598
2025-11-01,DO,Writing,masculine,0.402
2025-11-01,DZ,Other/Unknown,feminine,0.564
2025-11-01,DZ,Other/Unknown,masculine,0.436
2025-11-01,DZ,Practical Guidance,feminine,0.631
2025-11-01,DZ,Practical Guidance,masculine,0.369
2025-11-01,DZ,Seeking information,feminine,0.476
2025-11-01,DZ,Seeking information,masculine,0.524
2025-11-01,DZ,Self-expression,feminine,0.605
2025-11-01,DZ,Self-expression,masculine,0.395
2025-11-01,DZ,Writing,feminine,0.649
2025-11-01,DZ,Writing,masculine,0.351
2025-11-01,EC,Practical Guidance,feminine,0.559
2025-11-01,EC,Practical Guidance,masculine,0.441
2025-11-01,EC,Seeking information,feminine,0.509
2025-11-01,EC,Seeking information,masculine,0.491
2025-11-01,EC,Writing,feminine,0.601
2025-11-01,EC,Writing,masculine,0.399
2025-11-01,EG,Multimedia,feminine,0.388
2025-11-01,EG,Multimedia,masculine,0.612
2025-11-01,EG,Other/Unknown,feminine,0.501
2025-11-01,EG,Other/Unknown,masculine,0.499
2025-11-01,EG,Practical Guidance,feminine,0.538
2025-11-01,EG,Practical Guidance,masculine,0.462
2025-11-01,EG,Seeking information,feminine,0.433
2025-11-01,EG,Seeking information,masculine,0.567
2025-11-01,EG,Self-expression,feminine,0.594
2025-11-01,EG,Self-expression,masculine,0.406
2025-11-01,EG,Technical help,feminine,0.326
2025-11-01,EG,Technical help,masculine,0.674
2025-11-01,EG,Writing,feminine,0.533
2025-11-01,EG,Writing,masculine,0.467
2025-11-01,ES,Multimedia,feminine,0.557
2025-11-01,ES,Multimedia,masculine,0.443
2025-11-01,ES,Other/Unknown,feminine,0.581
2025-11-01,ES,Other/Unknown,masculine,0.419
2025-11-01,ES,Practical Guidance,feminine,0.546
2025-11-01,ES,Practical Guidance,masculine,0.454
2025-11-01,ES,Seeking information,feminine,0.499
2025-11-01,ES,Seeking information,masculine,0.501
2025-11-01,ES,Self-expression,feminine,0.677
2025-11-01,ES,Self-expression,masculine,0.323
2025-11-01,ES,Technical help,feminine,0.313
2025-11-01,ES,Technical help,masculine,0.687
2025-11-01,ES,Writing,feminine,0.617
2025-11-01,ES,Writing,masculine,0.383
2025-11-01,FI,Practical Guidance,feminine,0.530
2025-11-01,FI,Practical Guidance,masculine,0.470
2025-11-01,FI,Seeking information,feminine,0.454
2025-11-01,FI,Seeking information,masculine,0.546
2025-11-01,FI,Writing,feminine,0.494
2025-11-01,FI,Writing,masculine,0.506
2025-11-01,FR,Multimedia,feminine,0.484
2025-11-01,FR,Multimedia,masculine,0.516
2025-11-01,FR,Other/Unknown,feminine,0.500
2025-11-01,FR,Other/Unknown,masculine,0.500
2025-11-01,FR,Practical Guidance,feminine,0.558
2025-11-01,FR,Practical Guidance,masculine,0.442
2025-11-01,FR,Seeking information,feminine,0.513
2025-11-01,FR,Seeking information,masculine,0.487
2025-11-01,FR,Self-expression,feminine,0.659
2025-11-01,FR,Self-expression,masculine,0.341
2025-11-01,FR,Technical help,feminine,0.384
2025-11-01,FR,Technical help,masculine,0.616
2025-11-01,FR,Writing,feminine,0.594
2025-11-01,FR,Writing,masculine,0.406
2025-11-01,GB,Multimedia,feminine,0.444
2025-11-01,GB,Multimedia,masculine,0.556
2025-11-01,GB,Other/Unknown,feminine,0.471
2025-11-01,GB,Other/Unknown,masculine,0.529
2025-11-01,GB,Practical Guidance,feminine,0.510
2025-11-01,GB,Practical Guidance,masculine,0.490
2025-11-01,GB,Seeking information,feminine,0.421
2025-11-01,GB,Seeking information,masculine,0.579
2025-11-01,GB,Self-expression,feminine,0.602
2025-11-01,GB,Self-expression,masculine,0.398
2025-11-01,GB,Technical help,feminine,0.353
2025-11-01,GB,Technical help,masculine,0.647
2025-11-01,GB,Writing,feminine,0.572
2025-11-01,GB,Writing,masculine,0.428
2025-11-01,GH,Practical Guidance,feminine,0.419
2025-11-01,GH,Practical Guidance,masculine,0.581
2025-11-01,GH,Writing,feminine,0.410
2025-11-01,GH,Writing,masculine,0.590
2025-11-01,GR,Practical Guidance,feminine,0.623
2025-11-01,GR,Practical Guidance,masculine,0.377
2025-11-01,GR,Seeking information,feminine,0.489
2025-11-01,GR,Seeking information,masculine,0.511
2025-11-01,GR,Writing,feminine,0.594
2025-11-01,GR,Writing,masculine,0.406
2025-11-01,HR,Practical Guidance,feminine,0.545
2025-11-01,HR,Practical Guidance,masculine,0.455
2025-11-01,HR,Seeking information,feminine,0.576
2025-11-01,HR,Seeking information,masculine,0.424
2025-11-01,HU,Practical Guidance,feminine,0.470
2025-11-01,HU,Practical Guidance,masculine,0.530
2025-11-01,HU,Seeking information,feminine,0.506
2025-11-01,HU,Seeking information,masculine,0.494
2025-11-01,HU,Writing,feminine,0.570
2025-11-01,HU,Writing,masculine,0.430
2025-11-01,ID,Multimedia,feminine,0.581
2025-11-01,ID,Multimedia,masculine,0.419
2025-11-01,ID,Other/Unknown,feminine,0.586
2025-11-01,ID,Other/Unknown,masculine,0.414
2025-11-01,ID,Practical Guidance,feminine,0.616
2025-11-01,ID,Practical Guidance,masculine,0.384
2025-11-01,ID,Seeking information,feminine,0.557
2025-11-01,ID,Seeking information,masculine,0.443
2025-11-01,ID,Self-expression,feminine,0.663
2025-11-01,ID,Self-expression,masculine,0.337
2025-11-01,ID,Technical help,feminine,0.490
2025-11-01,ID,Technical help,masculine,0.510
2025-11-01,ID,Writing,feminine,0.665
2025-11-01,ID,Writing,masculine,0.335
2025-11-01,IE,Practical Guidance,feminine,0.546
2025-11-01,IE,Practical Guidance,masculine,0.454
2025-11-01,IE,Seeking information,feminine,0.450
2025-11-01,IE,Seeking information,masculine,0.550
2025-11-01,IE,Writing,feminine,0.597
2025-11-01,IE,Writing,masculine,0.403
2025-11-01,IL,Practical Guidance,feminine,0.499
2025-11-01,IL,Practical Guidance,masculine,0.501
2025-11-01,IL,Seeking information,feminine,0.405
2025-11-01,IL,Seeking information,masculine,0.595
2025-11-01,IL,Writing,feminine,0.568
2025-11-01,IL,Writing,masculine,0.432
2025-11-01,IN,Multimedia,feminine,0.332
2025-11-01,IN,Multimedia,masculine,0.668
2025-11-01,IN,Other/Unknown,feminine,0.431
2025-11-01,IN,Other/Unknown,masculine,0.569
2025-11-01,IN,Practical Guidance,feminine,0.457
2025-11-01,IN,Practical Guidance,masculine,0.543
2025-11-01,IN,Seeking information,feminine,0.384
2025-11-01,IN,Seeking information,masculine,0.616
2025-11-01,IN,Self-expression,feminine,0.534
2025-11-01,IN,Self-expression,masculine,0.466
2025-11-01,IN,Technical help,feminine,0.316
2025-11-01,IN,Technical help,masculine,0.684
2025-11-01,IN,Writing,feminine,0.448
2025-11-01,IN,Writing,masculine,0.552
2025-11-01,IQ,Practical Guidance,feminine,0.537
2025-11-01,IQ,Practical Guidance,masculine,0.463
2025-11-01,IQ,Seeking information,feminine,0.415
2025-11-01,IQ,Seeking information,masculine,0.585
2025-11-01,IQ,Writing,feminine,0.442
2025-11-01,IQ,Writing,masculine,0.558
2025-11-01,IT,Multimedia,feminine,0.535
2025-11-01,IT,Multimedia,masculine,0.465
2025-11-01,IT,Other/Unknown,feminine,0.612
2025-11-01,IT,Other/Unknown,masculine,0.388
2025-11-01,IT,Practical Guidance,feminine,0.538
2025-11-01,IT,Practical Guidance,masculine,0.462
2025-11-01,IT,Seeking information,feminine,0.493
2025-11-01,IT,Seeking information,masculine,0.507
2025-11-01,IT,Self-expression,feminine,0.679
2025-11-01,IT,Self-expression,masculine,0.321
2025-11-01,IT,Technical help,feminine,0.317
2025-11-01,IT,Technical help,masculine,0.683
2025-11-01,IT,Writing,feminine,0.652
2025-11-01,IT,Writing,masculine,0.348
2025-11-01,JO,Practical Guidance,feminine,0.587
2025-11-01,JO,Practical Guidance,masculine,0.413
2025-11-01,JO,Writing,feminine,0.591
2025-11-01,JO,Writing,masculine,0.409
2025-11-01,JP,Practical Guidance,feminine,0.451
2025-11-01,JP,Practical Guidance,masculine,0.549
2025-11-01,JP,Seeking information,feminine,0.404
2025-11-01,JP,Seeking information,masculine,0.596
2025-11-01,JP,Self-expression,feminine,0.655
2025-11-01,JP,Self-expression,masculine,0.345
2025-11-01,JP,Technical help,feminine,0.300
2025-11-01,JP,Technical help,masculine,0.700
2025-11-01,JP,Writing,feminine,0.504
2025-11-01,JP,Writing,masculine,0.496
2025-11-01,KE,Practical Guidance,feminine,0.503
2025-11-01,KE,Practical Guidance,masculine,0.497
2025-11-01,KE,Seeking information,feminine,0.464
2025-11-01,KE,Seeking information,masculine,0.536
2025-11-01,KE,Writing,feminine,0.513
2025-11-01,KE,Writing,masculine,0.487
2025-11-01,KR,Practical Guidance,feminine,0.555
2025-11-01,KR,Practical Guidance,masculine,0.445
2025-11-01,KR,Seeking information,feminine,0.468
2025-11-01,KR,Seeking information,masculine,0.532
2025-11-01,KR,Self-expression,feminine,0.639
2025-11-01,KR,Self-expression,masculine,0.361
2025-11-01,KR,Writing,feminine,0.616
2025-11-01,KR,Writing,masculine,0.384
2025-11-01,KZ,Practical Guidance,feminine,0.509
2025-11-01,KZ,Practical Guidance,masculine,0.491
2025-11-01,KZ,Seeking information,feminine,0.513
2025-11-01,KZ,Seeking information,masculine,0.487
2025-11-01,KZ,Self-expression,feminine,0.434
2025-11-01,KZ,Self-expression,masculine,0.566
2025-11-01,KZ,Writing,feminine,0.522
2025-11-01,KZ,Writing,masculine,0.478
2025-11-01,LB,Practical Guidance,feminine,0.607
2025-11-01,LB,Practical Guidance,masculine,0.393
2025-11-01,LT,Practical Guidance,feminine,0.526
2025-11-01,LT,Practical Guidance,masculine,0.474
2025-11-01,MA,Other/Unknown,feminine,0.527
2025-11-01,MA,Other/Unknown,masculine,0.473
2025-11-01,MA,Practical Guidance,feminine,0.527
2025-11-01,MA,Practical Guidance,masculine,0.473
2025-11-01,MA,Seeking information,feminine,0.438
2025-11-01,MA,Seeking information,masculine,0.562
2025-11-01,MA,Writing,feminine,0.578
2025-11-01,MA,Writing,masculine,0.422
2025-11-01,MX,Multimedia,feminine,0.494
2025-11-01,MX,Multimedia,masculine,0.506
2025-11-01,MX,Other/Unknown,feminine,0.486
2025-11-01,MX,Other/Unknown,masculine,0.514
2025-11-01,MX,Practical Guidance,feminine,0.541
2025-11-01,MX,Practical Guidance,masculine,0.459
2025-11-01,MX,Seeking information,feminine,0.446
2025-11-01,MX,Seeking information,masculine,0.554
2025-11-01,MX,Self-expression,feminine,0.656
2025-11-01,MX,Self-expression,masculine,0.344
2025-11-01,MX,Technical help,feminine,0.360
2025-11-01,MX,Technical help,masculine,0.640
2025-11-01,MX,Writing,feminine,0.561
2025-11-01,MX,Writing,masculine,0.439
2025-11-01,MY,Practical Guidance,feminine,0.456
2025-11-01,MY,Practical Guidance,masculine,0.544
2025-11-01,MY,Seeking information,feminine,0.402
2025-11-01,MY,Seeking information,masculine,0.598
2025-11-01,MY,Self-expression,feminine,0.605
2025-11-01,MY,Self-expression,masculine,0.395
2025-11-01,MY,Writing,feminine,0.586
2025-11-01,MY,Writing,masculine,0.414
2025-11-01,NG,Practical Guidance,feminine,0.462
2025-11-01,NG,Practical Guidance,masculine,0.538
2025-11-01,NG,Seeking information,feminine,0.414
2025-11-01,NG,Seeking information,masculine,0.586
2025-11-01,NG,Writing,feminine,0.393
2025-11-01,NG,Writing,masculine,0.607
2025-11-01,NL,Multimedia,feminine,0.500
2025-11-01,NL,Multimedia,masculine,0.500
2025-11-01,NL,Other/Unknown,feminine,0.528
2025-11-01,NL,Other/Unknown,masculine,0.472
2025-11-01,NL,Practical Guidance,feminine,0.506
2025-11-01,NL,Practical Guidance,masculine,0.494
2025-11-01,NL,Seeking information,feminine,0.506
2025-11-01,NL,Seeking information,masculine,0.494
2025-11-01,NL,Self-expression,feminine,0.630
2025-11-01,NL,Self-expression,masculine,0.370
2025-11-01,NL,Technical help,feminine,0.352
2025-11-01,NL,Technical help,masculine,0.648
2025-11-01,NL,Writing,feminine,0.553
2025-11-01,NL,Writing,masculine,0.447
2025-11-01,NO,Practical Guidance,feminine,0.530
2025-11-01,NO,Practical Guidance,masculine,0.470
2025-11-01,NO,Seeking information,feminine,0.453
2025-11-01,NO,Seeking information,masculine,0.547
2025-11-01,NO,Writing,feminine,0.593
2025-11-01,NO,Writing,masculine,0.407
2025-11-01,NP,Practical Guidance,feminine,0.483
2025-11-01,NP,Practical Guidance,masculine,0.517
2025-11-01,NP,Writing,feminine,0.442
2025-11-01,NP,Writing,masculine,0.558
2025-11-01,NZ,Practical Guidance,feminine,0.506
2025-11-01,NZ,Practical Guidance,masculine,0.494
2025-11-01,NZ,Writing,feminine,0.600
2025-11-01,NZ,Writing,masculine,0.400
2025-11-01,PE,Multimedia,feminine,0.542
2025-11-01,PE,Multimedia,masculine,0.458
2025-11-01,PE,Practical Guidance,feminine,0.558
2025-11-01,PE,Practical Guidance,masculine,0.442
2025-11-01,PE,Seeking information,feminine,0.531
2025-11-01,PE,Seeking information,masculine,0.469
2025-11-01,PE,Self-expression,feminine,0.696
2025-11-01,PE,Self-expression,masculine,0.304
2025-11-01,PE,Technical help,feminine,0.322
2025-11-01,PE,Technical help,masculine,0.678
2025-11-01,PE,Writing,feminine,0.619
2025-11-01,PE,Writing,masculine,0.381
2025-11-01,PH,Multimedia,feminine,0.541
2025-11-01,PH,Multimedia,masculine,0.459
2025-11-01,PH,Other/Unknown,feminine,0.587
2025-11-01,PH,Other/Unknown,masculine,0.413
2025-11-01,PH,Practical Guidance,feminine,0.561
2025-11-01,PH,Practical Guidance,masculine,0.439
2025-11-01,PH,Seeking information,feminine,0.468
2025-11-01,PH,Seeking information,masculine,0.532
2025-11-01,PH,Self-expression,feminine,0.560
2025-11-01,PH,Self-expression,masculine,0.440
2025-11-01,PH,Technical help,feminine,0.368
2025-11-01,PH,Technical help,masculine,0.632
2025-11-01,PH,Writing,feminine,0.628
2025-11-01,PH,Writing,masculine,0.372
2025-11-01,PK,Multimedia,feminine,0.266
2025-11-01,PK,Multimedia,masculine,0.734
2025-11-01,PK,Other/Unknown,feminine,0.428
2025-11-01,PK,Other/Unknown,masculine,0.572
2025-11-01,PK,Practical Guidance,feminine,0.407
2025-11-01,PK,Practical Guidance,masculine,0.593
2025-11-01,PK,Seeking information,feminine,0.329
2025-11-01,PK,Seeking information,masculine,0.671
2025-11-01,PK,Self-expression,feminine,0.473
2025-11-01,PK,Self-expression,masculine,0.527
2025-11-01,PK,Technical help,feminine,0.324
2025-11-01,PK,Technical help,masculine,0.676
2025-11-01,PK,Writing,feminine,0.418
2025-11-01,PK,Writing,masculine,0.582
2025-11-01,PL,Multimedia,feminine,0.634
2025-11-01,PL,Multimedia,masculine,0.366
2025-11-01,PL,Other/Unknown,feminine,0.572
2025-11-01,PL,Other/Unknown,masculine,0.428
2025-11-01,PL,Practical Guidance,feminine,0.580
2025-11-01,PL,Practical Guidance,masculine,0.420
2025-11-01,PL,Seeking information,feminine,0.513
2025-11-01,PL,Seeking information,masculine,0.487
2025-11-01,PL,Self-expression,feminine,0.666
2025-11-01,PL,Self-expression,masculine,0.334
2025-11-01,PL,Technical help,feminine,0.409
2025-11-01,PL,Technical help,masculine,0.591
2025-11-01,PL,Writing,feminine,0.626
2025-11-01,PL,Writing,masculine,0.374
2025-11-01,PT,Practical Guidance,feminine,0.520
2025-11-01,PT,Practical Guidance,masculine,0.480
2025-11-01,PT,Seeking information,feminine,0.506
2025-11-01,PT,Seeking information,masculine,0.494
2025-11-01,PT,Writing,feminine,0.596
2025-11-01,PT,Writing,masculine,0.404
2025-11-01,RO,Practical Guidance,feminine,0.569
2025-11-01,RO,Practical Guidance,masculine,0.431
2025-11-01,RO,Seeking information,feminine,0.466
2025-11-01,RO,Seeking information,masculine,0.534
2025-11-01,RO,Self-expression,feminine,0.649
2025-11-01,RO,Self-expression,masculine,0.351
2025-11-01,RO,Writing,feminine,0.619
2025-11-01,RO,Writing,masculine,0.381
2025-11-01,RS,Practical Guidance,feminine,0.648
2025-11-01,RS,Practical Guidance,masculine,0.352
2025-11-01,RS,Seeking information,feminine,0.467
2025-11-01,RS,Seeking information,masculine,0.533
2025-11-01,RS,Writing,feminine,0.689
2025-11-01,RS,Writing,masculine,0.311
2025-11-01,SA,Practical Guidance,feminine,0.550
2025-11-01,SA,Practical Guidance,masculine,0.450
2025-11-01,SA,Seeking information,feminine,0.420
2025-11-01,SA,Seeking information,masculine,0.580
2025-11-01,SA,Self-expression,feminine,0.643
2025-11-01,SA,Self-expression,masculine,0.357
2025-11-01,SA,Writing,feminine,0.422
2025-11-01,SA,Writing,masculine,0.578
2025-11-01,SE,Practical Guidance,feminine,0.529
2025-11-01,SE,Practical Guidance,masculine,0.471
2025-11-01,SE,Seeking information,feminine,0.465
2025-11-01,SE,Seeking information,masculine,0.535
2025-11-01,SE,Writing,feminine,0.513
2025-11-01,SE,Writing,masculine,0.487
2025-11-01,SG,Practical Guidance,feminine,0.505
2025-11-01,SG,Practical Guidance,masculine,0.495
2025-11-01,SG,Seeking information,feminine,0.367
2025-11-01,SG,Seeking information,masculine,0.633
2025-11-01,SG,Writing,feminine,0.496
2025-11-01,SG,Writing,masculine,0.504
2025-11-01,SK,Practical Guidance,feminine,0.543
2025-11-01,SK,Practical Guidance,masculine,0.457
2025-11-01,SK,Seeking information,feminine,0.548
2025-11-01,SK,Seeking information,masculine,0.452
2025-11-01,TH,Practical Guidance,feminine,0.518
2025-11-01,TH,Practical Guidance,masculine,0.482
2025-11-01,TH,Writing,feminine,0.578
2025-11-01,TH,Writing,masculine,0.422
2025-11-01,TN,Practical Guidance,feminine,0.619
2025-11-01,TN,Practical Guidance,masculine,0.381
2025-11-01,TN,Writing,feminine,0.595
2025-11-01,TN,Writing,masculine,0.405
2025-11-01,TR,Multimedia,feminine,0.452
2025-11-01,TR,Multimedia,masculine,0.548
2025-11-01,TR,Other/Unknown,feminine,0.512
2025-11-01,TR,Other/Unknown,masculine,0.488
2025-11-01,TR,Practical Guidance,feminine,0.523
2025-11-01,TR,Practical Guidance,masculine,0.477
2025-11-01,TR,Seeking information,feminine,0.453
2025-11-01,TR,Seeking information,masculine,0.547
2025-11-01,TR,Self-expression,feminine,0.703
2025-11-01,TR,Self-expression,masculine,0.297
2025-11-01,TR,Technical help,feminine,0.323
2025-11-01,TR,Technical help,masculine,0.677
2025-11-01,TR,Writing,feminine,0.530
2025-11-01,TR,Writing,masculine,0.470
2025-11-01,TW,Practical Guidance,feminine,0.480
2025-11-01,TW,Practical Guidance,masculine,0.520
2025-11-01,TW,Writing,feminine,0.518
2025-11-01,TW,Writing,masculine,0.482
2025-11-01,UA,Multimedia,feminine,0.496
2025-11-01,UA,Multimedia,masculine,0.504
2025-11-01,UA,Practical Guidance,feminine,0.593
2025-11-01,UA,Practical Guidance,masculine,0.407
2025-11-01,UA,Seeking information,feminine,0.467
2025-11-01,UA,Seeking information,masculine,0.533
2025-11-01,UA,Self-expression,feminine,0.668
2025-11-01,UA,Self-expression,masculine,0.332
2025-11-01,UA,Writing,feminine,0.584
2025-11-01,UA,Writing,masculine,0.416
2025-11-01,US,Multimedia,feminine,0.487
2025-11-01,US,Multimedia,masculine,0.513
2025-11-01,US,Other/Unknown,feminine,0.489
2025-11-01,US,Other/Unknown,masculine,0.511
2025-11-01,US,Practical Guidance,feminine,0.502
2025-11-01,US,Practical Guidance,masculine,0.498
2025-11-01,US,Seeking information,feminine,0.452
2025-11-01,US,Seeking information,masculine,0.548
2025-11-01,US,Self-expression,feminine,0.581
2025-11-01,US,Self-expression,masculine,0.419
2025-11-01,US,Technical help,feminine,0.361
2025-11-01,US,Technical help,masculine,0.639
2025-11-01,US,Writing,feminine,0.567
2025-11-01,US,Writing,masculine,0.433
2025-11-01,UY,Practical Guidance,feminine,0.483
2025-11-01,UY,Practical Guidance,masculine,0.517
2025-11-01,UZ,Practical Guidance,feminine,0.528
2025-11-01,UZ,Practical Guidance,masculine,0.472
2025-11-01,UZ,Writing,feminine,0.529
2025-11-01,UZ,Writing,masculine,0.471
2025-11-01,VN,Practical Guidance,feminine,0.519
2025-11-01,VN,Practical Guidance,masculine,0.481
2025-11-01,VN,Seeking information,feminine,0.473
2025-11-01,VN,Seeking information,masculine,0.527
2025-11-01,VN,Writing,feminine,0.587
2025-11-01,VN,Writing,masculine,0.413
2025-11-01,ZA,Practical Guidance,feminine,0.551
2025-11-01,ZA,Practical Guidance,masculine,0.449
2025-11-01,ZA,Seeking information,feminine,0.444
2025-11-01,ZA,Seeking information,masculine,0.556
2025-11-01,ZA,Writing,feminine,0.657
2025-11-01,ZA,Writing,masculine,0.343
2025-12-01,AE,Practical Guidance,feminine,0.503
2025-12-01,AE,Practical Guidance,masculine,0.497
2025-12-01,AE,Seeking information,feminine,0.398
2025-12-01,AE,Seeking information,masculine,0.602
2025-12-01,AE,Writing,feminine,0.431
2025-12-01,AE,Writing,masculine,0.569
2025-12-01,AR,Multimedia,feminine,0.472
2025-12-01,AR,Multimedia,masculine,0.528
2025-12-01,AR,Other/Unknown,feminine,0.546
2025-12-01,AR,Other/Unknown,masculine,0.454
2025-12-01,AR,Practical Guidance,feminine,0.543
2025-12-01,AR,Practical Guidance,masculine,0.457
2025-12-01,AR,Seeking information,feminine,0.519
2025-12-01,AR,Seeking information,masculine,0.481
2025-12-01,AR,Self-expression,feminine,0.695
2025-12-01,AR,Self-expression,masculine,0.305
2025-12-01,AR,Technical help,feminine,0.351
2025-12-01,AR,Technical help,masculine,0.649
2025-12-01,AR,Writing,feminine,0.669
2025-12-01,AR,Writing,masculine,0.331
2025-12-01,AT,Practical Guidance,feminine,0.538
2025-12-01,AT,Practical Guidance,masculine,0.462
2025-12-01,AT,Seeking information,feminine,0.481
2025-12-01,AT,Seeking information,masculine,0.519
2025-12-01,AT,Writing,feminine,0.583
2025-12-01,AT,Writing,masculine,0.417
2025-12-01,AU,Multimedia,feminine,0.542
2025-12-01,AU,Multimedia,masculine,0.458
2025-12-01,AU,Practical Guidance,feminine,0.496
2025-12-01,AU,Practical Guidance,masculine,0.504
2025-12-01,AU,Seeking information,feminine,0.442
2025-12-01,AU,Seeking information,masculine,0.558
2025-12-01,AU,Self-expression,feminine,0.607
2025-12-01,AU,Self-expression,masculine,0.393
2025-12-01,AU,Writing,feminine,0.606
2025-12-01,AU,Writing,masculine,0.394
2025-12-01,AZ,Practical Guidance,feminine,0.574
2025-12-01,AZ,Practical Guidance,masculine,0.426
2025-12-01,AZ,Seeking information,feminine,0.383
2025-12-01,AZ,Seeking information,masculine,0.617
2025-12-01,AZ,Self-expression,feminine,0.535
2025-12-01,AZ,Self-expression,masculine,0.465
2025-12-01,AZ,Writing,feminine,0.580
2025-12-01,AZ,Writing,masculine,0.420
2025-12-01,BA,Practical Guidance,feminine,0.636
2025-12-01,BA,Practical Guidance,masculine,0.364
2025-12-01,BD,Practical Guidance,feminine,0.374
2025-12-01,BD,Practical Guidance,masculine,0.626
2025-12-01,BD,Seeking information,feminine,0.340
2025-12-01,BD,Seeking information,masculine,0.660
2025-12-01,BD,Self-expression,feminine,0.508
2025-12-01,BD,Self-expression,masculine,0.492
2025-12-01,BD,Writing,feminine,0.367
2025-12-01,BD,Writing,masculine,0.633
2025-12-01,BE,Practical Guidance,feminine,0.546
2025-12-01,BE,Practical Guidance,masculine,0.454
2025-12-01,BE,Seeking information,feminine,0.491
2025-12-01,BE,Seeking information,masculine,0.509
2025-12-01,BE,Self-expression,feminine,0.514
2025-12-01,BE,Self-expression,masculine,0.486
2025-12-01,BE,Writing,feminine,0.612
2025-12-01,BE,Writing,masculine,0.388
2025-12-01,BG,Practical Guidance,feminine,0.462
2025-12-01,BG,Practical Guidance,masculine,0.538
2025-12-01,BG,Seeking information,feminine,0.423
2025-12-01,BG,Seeking information,masculine,0.577
2025-12-01,BG,Writing,feminine,0.590
2025-12-01,BG,Writing,masculine,0.410
2025-12-01,BR,Multimedia,feminine,0.538
2025-12-01,BR,Multimedia,masculine,0.462
2025-12-01,BR,Other/Unknown,feminine,0.569
2025-12-01,BR,Other/Unknown,masculine,0.431
2025-12-01,BR,Practical Guidance,feminine,0.581
2025-12-01,BR,Practical Guidance,masculine,0.419
2025-12-01,BR,Seeking information,feminine,0.497
2025-12-01,BR,Seeking information,masculine,0.503
2025-12-01,BR,Self-expression,feminine,0.677
2025-12-01,BR,Self-expression,masculine,0.323
2025-12-01,BR,Technical help,feminine,0.369
2025-12-01,BR,Technical help,masculine,0.631
2025-12-01,BR,Writing,feminine,0.663
2025-12-01,BR,Writing,masculine,0.337
2025-12-01,CA,Multimedia,feminine,0.463
2025-12-01,CA,Multimedia,masculine,0.537
2025-12-01,CA,Other/Unknown,feminine,0.483
2025-12-01,CA,Other/Unknown,masculine,0.517
2025-12-01,CA,Practical Guidance,feminine,0.495
2025-12-01,CA,Practical Guidance,masculine,0.505
2025-12-01,CA,Seeking information,feminine,0.463
2025-12-01,CA,Seeking information,masculine,0.537
2025-12-01,CA,Self-expression,feminine,0.604
2025-12-01,CA,Self-expression,masculine,0.396
2025-12-01,CA,Technical help,feminine,0.345
2025-12-01,CA,Technical help,masculine,0.655
2025-12-01,CA,Writing,feminine,0.577
2025-12-01,CA,Writing,masculine,0.423
2025-12-01,CH,Practical Guidance,feminine,0.536
2025-12-01,CH,Practical Guidance,masculine,0.464
2025-12-01,CH,Seeking information,feminine,0.483
2025-12-01,CH,Seeking information,masculine,0.517
2025-12-01,CH,Writing,feminine,0.543
2025-12-01,CH,Writing,masculine,0.457
2025-12-01,CL,Practical Guidance,feminine,0.537
2025-12-01,CL,Practical Guidance,masculine,0.463
2025-12-01,CL,Seeking information,feminine,0.445
2025-12-01,CL,Seeking information,masculine,0.555
2025-12-01,CL,Self-expression,feminine,0.674
2025-12-01,CL,Self-expression,masculine,0.326
2025-12-01,CL,Writing,feminine,0.624
2025-12-01,CL,Writing,masculine,0.376
2025-12-01,CO,Multimedia,feminine,0.540
2025-12-01,CO,Multimedia,masculine,0.460
2025-12-01,CO,Other/Unknown,feminine,0.504
2025-12-01,CO,Other/Unknown,masculine,0.496
2025-12-01,CO,Practical Guidance,feminine,0.538
2025-12-01,CO,Practical Guidance,masculine,0.462
2025-12-01,CO,Seeking information,feminine,0.440
2025-12-01,CO,Seeking information,masculine,0.560
2025-12-01,CO,Self-expression,feminine,0.671
2025-12-01,CO,Self-expression,masculine,0.329
2025-12-01,CO,Technical help,feminine,0.338
2025-12-01,CO,Technical help,masculine,0.662
2025-12-01,CO,Writing,feminine,0.633
2025-12-01,CO,Writing,masculine,0.367
2025-12-01,CR,Practical Guidance,feminine,0.441
2025-12-01,CR,Practical Guidance,masculine,0.559
2025-12-01,CZ,Practical Guidance,feminine,0.522
2025-12-01,CZ,Practical Guidance,masculine,0.478
2025-12-01,CZ,Seeking information,feminine,0.497
2025-12-01,CZ,Seeking information,masculine,0.503
2025-12-01,CZ,Self-expression,feminine,0.667
2025-12-01,CZ,Self-expression,masculine,0.333
2025-12-01,CZ,Writing,feminine,0.675
2025-12-01,CZ,Writing,masculine,0.325
2025-12-01,DE,Multimedia,feminine,0.466
2025-12-01,DE,Multimedia,masculine,0.534
2025-12-01,DE,Other/Unknown,feminine,0.485
2025-12-01,DE,Other/Unknown,masculine,0.515
2025-12-01,DE,Practical Guidance,feminine,0.533
2025-12-01,DE,Practical Guidance,masculine,0.467
2025-12-01,DE,Seeking information,feminine,0.460
2025-12-01,DE,Seeking information,masculine,0.540
2025-12-01,DE,Self-expression,feminine,0.674
2025-12-01,DE,Self-expression,masculine,0.326
2025-12-01,DE,Technical help,feminine,0.305
2025-12-01,DE,Technical help,masculine,0.695
2025-12-01,DE,Writing,feminine,0.572
2025-12-01,DE,Writing,masculine,0.428
2025-12-01,DK,Practical Guidance,feminine,0.487
2025-12-01,DK,Practical Guidance,masculine,0.513
2025-12-01,DK,Seeking information,feminine,0.459
2025-12-01,DK,Seeking information,masculine,0.541
2025-12-01,DK,Writing,feminine,0.587
2025-12-01,DK,Writing,masculine,0.413
2025-12-01,DO,Practical Guidance,feminine,0.546
2025-12-01,DO,Practical Guidance,masculine,0.454
2025-12-01,DO,Writing,feminine,0.609
2025-12-01,DO,Writing,masculine,0.391
2025-12-01,DZ,Other/Unknown,feminine,0.605
2025-12-01,DZ,Other/Unknown,masculine,0.395
2025-12-01,DZ,Practical Guidance,feminine,0.587
2025-12-01,DZ,Practical Guidance,masculine,0.413
2025-12-01,DZ,Seeking information,feminine,0.565
2025-12-01,DZ,Seeking information,masculine,0.435
2025-12-01,DZ,Self-expression,feminine,0.711
2025-12-01,DZ,Self-expression,masculine,0.289
2025-12-01,DZ,Writing,feminine,0.666
2025-12-01,DZ,Writing,masculine,0.334
2025-12-01,EC,Practical Guidance,feminine,0.594
2025-12-01,EC,Practical Guidance,masculine,0.406
2025-12-01,EC,Seeking information,feminine,0.508
2025-12-01,EC,Seeking information,masculine,0.492
2025-12-01,EC,Writing,feminine,0.588
2025-12-01,EC,Writing,masculine,0.412
2025-12-01,EG,Multimedia,feminine,0.444
2025-12-01,EG,Multimedia,masculine,0.556
2025-12-01,EG,Other/Unknown,feminine,0.500
2025-12-01,EG,Other/Unknown,masculine,0.500
2025-12-01,EG,Practical Guidance,feminine,0.515
2025-12-01,EG,Practical Guidance,masculine,0.485
2025-12-01,EG,Seeking information,feminine,0.427
2025-12-01,EG,Seeking information,masculine,0.573
2025-12-01,EG,Self-expression,feminine,0.664
2025-12-01,EG,Self-expression,masculine,0.336
2025-12-01,EG,Technical help,feminine,0.345
2025-12-01,EG,Technical help,masculine,0.655
2025-12-01,EG,Writing,feminine,0.522
2025-12-01,EG,Writing,masculine,0.478
2025-12-01,ES,Multimedia,feminine,0.501
2025-12-01,ES,Multimedia,masculine,0.499
2025-12-01,ES,Other/Unknown,feminine,0.600
2025-12-01,ES,Other/Unknown,masculine,0.400
2025-12-01,ES,Practical Guidance,feminine,0.555
2025-12-01,ES,Practical Guidance,masculine,0.445
2025-12-01,ES,Seeking information,feminine,0.476
2025-12-01,ES,Seeking information,masculine,0.524
2025-12-01,ES,Self-expression,feminine,0.673
2025-12-01,ES,Self-expression,masculine,0.327
2025-12-01,ES,Technical help,feminine,0.360
2025-12-01,ES,Technical help,masculine,0.640
2025-12-01,ES,Writing,feminine,0.645
2025-12-01,ES,Writing,masculine,0.355
2025-12-01,FI,Practical Guidance,feminine,0.532
2025-12-01,FI,Practical Guidance,masculine,0.468
2025-12-01,FI,Seeking information,feminine,0.449
2025-12-01,FI,Seeking information,masculine,0.551
2025-12-01,FI,Writing,feminine,0.562
2025-12-01,FI,Writing,masculine,0.438
2025-12-01,FR,Multimedia,feminine,0.512
2025-12-01,FR,Multimedia,masculine,0.488
2025-12-01,FR,Other/Unknown,feminine,0.460
2025-12-01,FR,Other/Unknown,masculine,0.540
2025-12-01,FR,Practical Guidance,feminine,0.562
2025-12-01,FR,Practical Guidance,masculine,0.438
2025-12-01,FR,Seeking information,feminine,0.484
2025-12-01,FR,Seeking information,masculine,0.516
2025-12-01,FR,Self-expression,feminine,0.604
2025-12-01,FR,Self-expression,masculine,0.396
2025-12-01,FR,Technical help,feminine,0.353
2025-12-01,FR,Technical help,masculine,0.647
2025-12-01,FR,Writing,feminine,0.574
2025-12-01,FR,Writing,masculine,0.426
2025-12-01,GB,Multimedia,feminine,0.432
2025-12-01,GB,Multimedia,masculine,0.568
2025-12-01,GB,Other/Unknown,feminine,0.485
2025-12-01,GB,Other/Unknown,masculine,0.515
2025-12-01,GB,Practical Guidance,feminine,0.506
2025-12-01,GB,Practical Guidance,masculine,0.494
2025-12-01,GB,Seeking information,feminine,0.446
2025-12-01,GB,Seeking information,masculine,0.554
2025-12-01,GB,Self-expression,feminine,0.628
2025-12-01,GB,Self-expression,masculine,0.372
2025-12-01,GB,Technical help,feminine,0.305
2025-12-01,GB,Technical help,masculine,0.695
2025-12-01,GB,Writing,feminine,0.558
2025-12-01,GB,Writing,masculine,0.442
2025-12-01,GE,Practical Guidance,feminine,0.564
2025-12-01,GE,Practical Guidance,masculine,0.436
2025-12-01,GR,Practical Guidance,feminine,0.477
2025-12-01,GR,Practical Guidance,masculine,0.523
2025-12-01,GR,Seeking information,feminine,0.493
2025-12-01,GR,Seeking information,masculine,0.507
2025-12-01,GR,Writing,feminine,0.577
2025-12-01,GR,Writing,masculine,0.423
2025-12-01,HR,Practical Guidance,feminine,0.482
2025-12-01,HR,Practical Guidance,masculine,0.518
2025-12-01,HU,Practical Guidance,feminine,0.500
2025-12-01,HU,Practical Guidance,masculine,0.500
2025-12-01,HU,Seeking information,feminine,0.522
2025-12-01,HU,Seeking information,masculine,0.478
2025-12-01,HU,Writing,feminine,0.498
2025-12-01,HU,Writing,masculine,0.502
2025-12-01,ID,Multimedia,feminine,0.557
2025-12-01,ID,Multimedia,masculine,0.443
2025-12-01,ID,Other/Unknown,feminine,0.640
2025-12-01,ID,Other/Unknown,masculine,0.360
2025-12-01,ID,Practical Guidance,feminine,0.601
2025-12-01,ID,Practical Guidance,masculine,0.399
2025-12-01,ID,Seeking information,feminine,0.484
2025-12-01,ID,Seeking information,masculine,0.516
2025-12-01,ID,Self-expression,feminine,0.661
2025-12-01,ID,Self-expression,masculine,0.339
2025-12-01,ID,Technical help,feminine,0.441
2025-12-01,ID,Technical help,masculine,0.559
2025-12-01,ID,Writing,feminine,0.629
2025-12-01,ID,Writing,masculine,0.371
2025-12-01,IE,Practical Guidance,feminine,0.478
2025-12-01,IE,Practical Guidance,masculine,0.522
2025-12-01,IE,Writing,feminine,0.548
2025-12-01,IE,Writing,masculine,0.452
2025-12-01,IL,Practical Guidance,feminine,0.438
2025-12-01,IL,Practical Guidance,masculine,0.562
2025-12-01,IL,Seeking information,feminine,0.491
2025-12-01,IL,Seeking information,masculine,0.509
2025-12-01,IL,Writing,feminine,0.508
2025-12-01,IL,Writing,masculine,0.492
2025-12-01,IN,Multimedia,feminine,0.351
2025-12-01,IN,Multimedia,masculine,0.649
2025-12-01,IN,Other/Unknown,feminine,0.429
2025-12-01,IN,Other/Unknown,masculine,0.571
2025-12-01,IN,Practical Guidance,feminine,0.462
2025-12-01,IN,Practical Guidance,masculine,0.538
2025-12-01,IN,Seeking information,feminine,0.371
2025-12-01,IN,Seeking information,masculine,0.629
2025-12-01,IN,Self-expression,feminine,0.543
2025-12-01,IN,Self-expression,masculine,0.457
2025-12-01,IN,Technical help,feminine,0.307
2025-12-01,IN,Technical help,masculine,0.693
2025-12-01,IN,Writing,feminine,0.452
2025-12-01,IN,Writing,masculine,0.548
2025-12-01,IQ,Practical Guidance,feminine,0.563
2025-12-01,IQ,Practical Guidance,masculine,0.437
2025-12-01,IQ,Writing,feminine,0.505
2025-12-01,IQ,Writing,masculine,0.495
2025-12-01,IT,Multimedia,feminine,0.438
2025-12-01,IT,Multimedia,masculine,0.562
2025-12-01,IT,Other/Unknown,feminine,0.503
2025-12-01,IT,Other/Unknown,masculine,0.497
2025-12-01,IT,Practical Guidance,feminine,0.519
2025-12-01,IT,Practical Guidance,masculine,0.481
2025-12-01,IT,Seeking information,feminine,0.446
2025-12-01,IT,Seeking information,masculine,0.554
2025-12-01,IT,Self-expression,feminine,0.678
2025-12-01,IT,Self-expression,masculine,0.322
2025-12-01,IT,Technical help,feminine,0.397
2025-12-01,IT,Technical help,masculine,0.603
2025-12-01,IT,Writing,feminine,0.576
2025-12-01,IT,Writing,masculine,0.424
2025-12-01,JO,Practical Guidance,feminine,0.603
2025-12-01,JO,Practical Guidance,masculine,0.397
2025-12-01,JO,Writing,feminine,0.533
2025-12-01,JO,Writing,masculine,0.467
2025-12-01,JP,Practical Guidance,feminine,0.462
2025-12-01,JP,Practical Guidance,masculine,0.538
2025-12-01,JP,Seeking information,feminine,0.428
2025-12-01,JP,Seeking information,masculine,0.572
2025-12-01,JP,Self-expression,feminine,0.511
2025-12-01,JP,Self-expression,masculine,0.489
2025-12-01,JP,Technical help,feminine,0.407
2025-12-01,JP,Technical help,masculine,0.593
2025-12-01,JP,Writing,feminine,0.482
2025-12-01,JP,Writing,masculine,0.518
2025-12-01,KE,Practical Guidance,feminine,0.511
2025-12-01,KE,Practical Guidance,masculine,0.489
2025-12-01,KE,Seeking information,feminine,0.494
2025-12-01,KE,Seeking information,masculine,0.506
2025-12-01,KE,Writing,feminine,0.485
2025-12-01,KE,Writing,masculine,0.515
2025-12-01,KR,Practical Guidance,feminine,0.561
2025-12-01,KR,Practical Guidance,masculine,0.439
2025-12-01,KR,Seeking information,feminine,0.568
2025-12-01,KR,Seeking information,masculine,0.432
2025-12-01,KR,Self-expression,feminine,0.623
2025-12-01,KR,Self-expression,masculine,0.377
2025-12-01,KR,Writing,feminine,0.648
2025-12-01,KR,Writing,masculine,0.352
2025-12-01,KZ,Practical Guidance,feminine,0.515
2025-12-01,KZ,Practical Guidance,masculine,0.485
2025-12-01,KZ,Seeking information,feminine,0.460
2025-12-01,KZ,Seeking information,masculine,0.540
2025-12-01,KZ,Self-expression,feminine,0.523
2025-12-01,KZ,Self-expression,masculine,0.477
2025-12-01,KZ,Writing,feminine,0.496
2025-12-01,KZ,Writing,masculine,0.504
2025-12-01,LB,Practical Guidance,feminine,0.577
2025-12-01,LB,Practical Guidance,masculine,0.423
2025-12-01,LB,Writing,feminine,0.739
2025-12-01,LB,Writing,masculine,0.261
2025-12-01,LT,Practical Guidance,feminine,0.505
2025-12-01,LT,Practical Guidance,masculine,0.495
2025-12-01,MA,Practical Guidance,feminine,0.560
2025-12-01,MA,Practical Guidance,masculine,0.440
2025-12-01,MA,Seeking information,feminine,0.487
2025-12-01,MA,Seeking information,masculine,0.513
2025-12-01,MA,Writing,feminine,0.585
2025-12-01,MA,Writing,masculine,0.415
2025-12-01,MX,Multimedia,feminine,0.434
2025-12-01,MX,Multimedia,masculine,0.566
2025-12-01,MX,Other/Unknown,feminine,0.528
2025-12-01,MX,Other/Unknown,masculine,0.472
2025-12-01,MX,Practical Guidance,feminine,0.527
2025-12-01,MX,Practical Guidance,masculine,0.473
2025-12-01,MX,Seeking information,feminine,0.469
2025-12-01,MX,Seeking information,masculine,0.531
2025-12-01,MX,Self-expression,feminine,0.628
2025-12-01,MX,Self-expression,masculine,0.372
2025-12-01,MX,Technical help,feminine,0.384
2025-12-01,MX,Technical help,masculine,0.616
2025-12-01,MX,Writing,feminine,0.572
2025-12-01,MX,Writing,masculine,0.428
2025-12-01,MY,Practical Guidance,feminine,0.506
2025-12-01,MY,Practical Guidance,masculine,0.494
2025-12-01,MY,Seeking information,feminine,0.455
2025-12-01,MY,Seeking information,masculine,0.545
2025-12-01,MY,Self-expression,feminine,0.615
2025-12-01,MY,Self-expression,masculine,0.385
2025-12-01,MY,Writing,feminine,0.554
2025-12-01,MY,Writing,masculine,0.446
2025-12-01,NG,Practical Guidance,feminine,0.470
2025-12-01,NG,Practical Guidance,masculine,0.530
2025-12-01,NG,Seeking information,feminine,0.424
2025-12-01,NG,Seeking information,masculine,0.576
2025-12-01,NG,Self-expression,feminine,0.508
2025-12-01,NG,Self-expression,masculine,0.492
2025-12-01,NG,Writing,feminine,0.378
2025-12-01,NG,Writing,masculine,0.622
2025-12-01,NL,Multimedia,feminine,0.504
2025-12-01,NL,Multimedia,masculine,0.496
2025-12-01,NL,Other/Unknown,feminine,0.429
2025-12-01,NL,Other/Unknown,masculine,0.571
2025-12-01,NL,Practical Guidance,feminine,0.477
2025-12-01,NL,Practical Guidance,masculine,0.523
2025-12-01,NL,Seeking information,feminine,0.430
2025-12-01,NL,Seeking information,masculine,0.570
2025-12-01,NL,Self-expression,feminine,0.669
2025-12-01,NL,Self-expression,masculine,0.331
2025-12-01,NL,Technical help,feminine,0.368
2025-12-01,NL,Technical help,masculine,0.632
2025-12-01,NL,Writing,feminine,0.535
2025-12-01,NL,Writing,masculine,0.465
2025-12-01,NO,Practical Guidance,feminine,0.511
2025-12-01,NO,Practical Guidance,masculine,0.489
2025-12-01,NO,Seeking information,feminine,0.467
2025-12-01,NO,Seeking information,masculine,0.533
2025-12-01,NO,Writing,feminine,0.552
2025-12-01,NO,Writing,masculine,0.448
2025-12-01,NP,Practical Guidance,feminine,0.453
2025-12-01,NP,Practical Guidance,masculine,0.547
2025-12-01,NP,Writing,feminine,0.496
2025-12-01,NP,Writing,masculine,0.504
2025-12-01,NZ,Writing,feminine,0.606
2025-12-01,NZ,Writing,masculine,0.394
2025-12-01,PE,Practical Guidance,feminine,0.505
2025-12-01,PE,Practical Guidance,masculine,0.495
2025-12-01,PE,Seeking information,feminine,0.454
2025-12-01,PE,Seeking information,masculine,0.546
2025-12-01,PE,Self-expression,feminine,0.652
2025-12-01,PE,Self-expression,masculine,0.348
2025-12-01,PE,Writing,feminine,0.575
2025-12-01,PE,Writing,masculine,0.425
2025-12-01,PH,Multimedia,feminine,0.513
2025-12-01,PH,Multimedia,masculine,0.487
2025-12-01,PH,Other/Unknown,feminine,0.584
2025-12-01,PH,Other/Unknown,masculine,0.416
2025-12-01,PH,Practical Guidance,feminine,0.567
2025-12-01,PH,Practical Guidance,masculine,0.433
2025-12-01,PH,Seeking information,feminine,0.469
2025-12-01,PH,Seeking information,masculine,0.531
2025-12-01,PH,Self-expression,feminine,0.533
2025-12-01,PH,Self-expression,masculine,0.467
2025-12-01,PH,Technical help,feminine,0.485
2025-12-01,PH,Technical help,masculine,0.515
2025-12-01,PH,Writing,feminine,0.600
2025-12-01,PH,Writing,masculine,0.400
2025-12-01,PK,Multimedia,feminine,0.344
2025-12-01,PK,Multimedia,masculine,0.656
2025-12-01,PK,Other/Unknown,feminine,0.287
2025-12-01,PK,Other/Unknown,masculine,0.713
2025-12-01,PK,Practical Guidance,feminine,0.400
2025-12-01,PK,Practical Guidance,masculine,0.600
2025-12-01,PK,Seeking information,feminine,0.325
2025-12-01,PK,Seeking information,masculine,0.675
2025-12-01,PK,Self-expression,feminine,0.414
2025-12-01,PK,Self-expression,masculine,0.586
2025-12-01,PK,Technical help,feminine,0.290
2025-12-01,PK,Technical help,masculine,0.710
2025-12-01,PK,Writing,feminine,0.404
2025-12-01,PK,Writing,masculine,0.596
2025-12-01,PL,Multimedia,feminine,0.613
2025-12-01,PL,Multimedia,masculine,0.387
2025-12-01,PL,Other/Unknown,feminine,0.536
2025-12-01,PL,Other/Unknown,masculine,0.464
2025-12-01,PL,Practical Guidance,feminine,0.552
2025-12-01,PL,Practical Guidance,masculine,0.448
2025-12-01,PL,Seeking information,feminine,0.496
2025-12-01,PL,Seeking information,masculine,0.504
2025-12-01,PL,Self-expression,feminine,0.656
2025-12-01,PL,Self-expression,masculine,0.344
2025-12-01,PL,Technical help,feminine,0.327
2025-12-01,PL,Technical help,masculine,0.673
2025-12-01,PL,Writing,feminine,0.651
2025-12-01,PL,Writing,masculine,0.349
2025-12-01,PT,Practical Guidance,feminine,0.555
2025-12-01,PT,Practical Guidance,masculine,0.445
2025-12-01,PT,Seeking information,feminine,0.491
2025-12-01,PT,Seeking information,masculine,0.509
2025-12-01,PT,Writing,feminine,0.635
2025-12-01,PT,Writing,masculine,0.365
2025-12-01,RO,Practical Guidance,feminine,0.559
2025-12-01,RO,Practical Guidance,masculine,0.441
2025-12-01,RO,Seeking information,feminine,0.544
2025-12-01,RO,Seeking information,masculine,0.456
2025-12-01,RO,Self-expression,feminine,0.713
2025-12-01,RO,Self-expression,masculine,0.287
2025-12-01,RO,Writing,feminine,0.631
2025-12-01,RO,Writing,masculine,0.369
2025-12-01,RS,Practical Guidance,feminine,0.558
2025-12-01,RS,Practical Guidance,masculine,0.442
2025-12-01,RS,Seeking information,feminine,0.614
2025-12-01,RS,Seeking information,masculine,0.386
2025-12-01,RS,Writing,feminine,0.668
2025-12-01,RS,Writing,masculine,0.332
2025-12-01,SA,Practical Guidance,feminine,0.533
2025-12-01,SA,Practical Guidance,masculine,0.467
2025-12-01,SA,Seeking information,feminine,0.396
2025-12-01,SA,Seeking information,masculine,0.604
2025-12-01,SA,Self-expression,feminine,0.606
2025-12-01,SA,Self-expression,masculine,0.394
2025-12-01,SA,Writing,feminine,0.483
2025-12-01,SA,Writing,masculine,0.517
2025-12-01,SE,Practical Guidance,feminine,0.505
2025-12-01,SE,Practical Guidance,masculine,0.495
2025-12-01,SE,Seeking information,feminine,0.443
2025-12-01,SE,Seeking information,masculine,0.557
2025-12-01,SE,Writing,feminine,0.541
2025-12-01,SE,Writing,masculine,0.459
2025-12-01,SG,Practical Guidance,feminine,0.427
2025-12-01,SG,Practical Guidance,masculine,0.573
2025-12-01,SG,Seeking information,feminine,0.394
2025-12-01,SG,Seeking information,masculine,0.606
2025-12-01,SG,Writing,feminine,0.567
2025-12-01,SG,Writing,masculine,0.433
2025-12-01,SK,Practical Guidance,feminine,0.528
2025-12-01,SK,Practical Guidance,masculine,0.472
2025-12-01,SK,Seeking information,feminine,0.576
2025-12-01,SK,Seeking information,masculine,0.424
2025-12-01,TH,Practical Guidance,feminine,0.531
2025-12-01,TH,Practical Guidance,masculine,0.469
2025-12-01,TH,Writing,feminine,0.522
2025-12-01,TH,Writing,masculine,0.478
2025-12-01,TN,Practical Guidance,feminine,0.568
2025-12-01,TN,Practical Guidance,masculine,0.432
2025-12-01,TN,Writing,feminine,0.669
2025-12-01,TN,Writing,masculine,0.331
2025-12-01,TR,Multimedia,feminine,0.470
2025-12-01,TR,Multimedia,masculine,0.530
2025-12-01,TR,Other/Unknown,feminine,0.563
2025-12-01,TR,Other/Unknown,masculine,0.437
2025-12-01,TR,Practical Guidance,feminine,0.545
2025-12-01,TR,Practical Guidance,masculine,0.455
2025-12-01,TR,Seeking information,feminine,0.443
2025-12-01,TR,Seeking information,masculine,0.557
2025-12-01,TR,Self-expression,feminine,0.693
2025-12-01,TR,Self-expression,masculine,0.307
2025-12-01,TR,Technical help,feminine,0.331
2025-12-01,TR,Technical help,masculine,0.669
2025-12-01,TR,Writing,feminine,0.566
2025-12-01,TR,Writing,masculine,0.434
2025-12-01,TW,Practical Guidance,feminine,0.431
2025-12-01,TW,Practical Guidance,masculine,0.569
2025-12-01,TW,Seeking information,feminine,0.517
2025-12-01,TW,Seeking information,masculine,0.483
2025-12-01,TW,Writing,feminine,0.483
2025-12-01,TW,Writing,masculine,0.517
2025-12-01,UA,Practical Guidance,feminine,0.562
2025-12-01,UA,Practical Guidance,masculine,0.438
2025-12-01,UA,Seeking information,feminine,0.532
2025-12-01,UA,Seeking information,masculine,0.468
2025-12-01,UA,Self-expression,feminine,0.642
2025-12-01,UA,Self-expression,masculine,0.358
2025-12-01,UA,Writing,feminine,0.622
2025-12-01,UA,Writing,masculine,0.378
2025-12-01,US,Multimedia,feminine,0.474
2025-12-01,US,Multimedia,masculine,0.526
2025-12-01,US,Other/Unknown,feminine,0.463
2025-12-01,US,Other/Unknown,masculine,0.537
2025-12-01,US,Practical Guidance,feminine,0.505
2025-12-01,US,Practical Guidance,masculine,0.495
2025-12-01,US,Seeking information,feminine,0.456
2025-12-01,US,Seeking information,masculine,0.544
2025-12-01,US,Self-expression,feminine,0.588
2025-12-01,US,Self-expression,masculine,0.412
2025-12-01,US,Technical help,feminine,0.375
2025-12-01,US,Technical help,masculine,0.625
2025-12-01,US,Writing,feminine,0.569
2025-12-01,US,Writing,masculine,0.431
2025-12-01,UZ,Practical Guidance,feminine,0.499
2025-12-01,UZ,Practical Guidance,masculine,0.501
2025-12-01,UZ,Seeking information,feminine,0.447
2025-12-01,UZ,Seeking information,masculine,0.553
2025-12-01,UZ,Writing,feminine,0.539
2025-12-01,UZ,Writing,masculine,0.461
2025-12-01,VN,Practical Guidance,feminine,0.493
2025-12-01,VN,Practical Guidance,masculine,0.507
2025-12-01,VN,Seeking information,feminine,0.456
2025-12-01,VN,Seeking information,masculine,0.544
2025-12-01,VN,Self-expression,feminine,0.584
2025-12-01,VN,Self-expression,masculine,0.416
2025-12-01,VN,Writing,feminine,0.544
2025-12-01,VN,Writing,masculine,0.456
2025-12-01,ZA,Practical Guidance,feminine,0.519
2025-12-01,ZA,Practical Guidance,masculine,0.481
2025-12-01,ZA,Seeking information,feminine,0.388
2025-12-01,ZA,Seeking information,masculine,0.612
2025-12-01,ZA,Writing,feminine,0.563
2025-12-01,ZA,Writing,masculine,0.437
2026-01-01,AE,Practical Guidance,feminine,0.492
2026-01-01,AE,Practical Guidance,masculine,0.508
2026-01-01,AE,Seeking information,feminine,0.474
2026-01-01,AE,Seeking information,masculine,0.526
2026-01-01,AE,Writing,feminine,0.474
2026-01-01,AE,Writing,masculine,0.526
2026-01-01,AR,Multimedia,feminine,0.638
2026-01-01,AR,Multimedia,masculine,0.362
2026-01-01,AR,Other/Unknown,feminine,0.592
2026-01-01,AR,Other/Unknown,masculine,0.408
2026-01-01,AR,Practical Guidance,feminine,0.567
2026-01-01,AR,Practical Guidance,masculine,0.433
2026-01-01,AR,Seeking information,feminine,0.471
2026-01-01,AR,Seeking information,masculine,0.529
2026-01-01,AR,Self-expression,feminine,0.682
2026-01-01,AR,Self-expression,masculine,0.318
2026-01-01,AR,Technical help,feminine,0.369
2026-01-01,AR,Technical help,masculine,0.631
2026-01-01,AR,Writing,feminine,0.643
2026-01-01,AR,Writing,masculine,0.357
2026-01-01,AT,Practical Guidance,feminine,0.574
2026-01-01,AT,Practical Guidance,masculine,0.426
2026-01-01,AT,Seeking information,feminine,0.457
2026-01-01,AT,Seeking information,masculine,0.543
2026-01-01,AT,Writing,feminine,0.649
2026-01-01,AT,Writing,masculine,0.351
2026-01-01,AU,Multimedia,feminine,0.473
2026-01-01,AU,Multimedia,masculine,0.527
2026-01-01,AU,Other/Unknown,feminine,0.439
2026-01-01,AU,Other/Unknown,masculine,0.561
2026-01-01,AU,Practical Guidance,feminine,0.485
2026-01-01,AU,Practical Guidance,masculine,0.515
2026-01-01,AU,Seeking information,feminine,0.444
2026-01-01,AU,Seeking information,masculine,0.556
2026-01-01,AU,Self-expression,feminine,0.578
2026-01-01,AU,Self-expression,masculine,0.422
2026-01-01,AU,Writing,feminine,0.561
2026-01-01,AU,Writing,masculine,0.439
2026-01-01,AZ,Practical Guidance,feminine,0.542
2026-01-01,AZ,Practical Guidance,masculine,0.458
2026-01-01,AZ,Seeking information,feminine,0.487
2026-01-01,AZ,Seeking information,masculine,0.513
2026-01-01,AZ,Self-expression,feminine,0.629
2026-01-01,AZ,Self-expression,masculine,0.371
2026-01-01,AZ,Writing,feminine,0.528
2026-01-01,AZ,Writing,masculine,0.472
2026-01-01,BA,Practical Guidance,feminine,0.469
2026-01-01,BA,Practical Guidance,masculine,0.531
2026-01-01,BD,Other/Unknown,feminine,0.446
2026-01-01,BD,Other/Unknown,masculine,0.554
2026-01-01,BD,Practical Guidance,feminine,0.431
2026-01-01,BD,Practical Guidance,masculine,0.569
2026-01-01,BD,Seeking information,feminine,0.351
2026-01-01,BD,Seeking information,masculine,0.649
2026-01-01,BD,Self-expression,feminine,0.450
2026-01-01,BD,Self-expression,masculine,0.550
2026-01-01,BD,Writing,feminine,0.333
2026-01-01,BD,Writing,masculine,0.667
2026-01-01,BE,Practical Guidance,feminine,0.616
2026-01-01,BE,Practical Guidance,masculine,0.384
2026-01-01,BE,Seeking information,feminine,0.528
2026-01-01,BE,Seeking information,masculine,0.472
2026-01-01,BE,Self-expression,feminine,0.686
2026-01-01,BE,Self-expression,masculine,0.314
2026-01-01,BE,Writing,feminine,0.647
2026-01-01,BE,Writing,masculine,0.353
2026-01-01,BG,Practical Guidance,feminine,0.477
2026-01-01,BG,Practical Guidance,masculine,0.523
2026-01-01,BG,Seeking information,feminine,0.491
2026-01-01,BG,Seeking information,masculine,0.509
2026-01-01,BR,Multimedia,feminine,0.613
2026-01-01,BR,Multimedia,masculine,0.387
2026-01-01,BR,Other/Unknown,feminine,0.608
2026-01-01,BR,Other/Unknown,masculine,0.392
2026-01-01,BR,Practical Guidance,feminine,0.592
2026-01-01,BR,Practical Guidance,masculine,0.408
2026-01-01,BR,Seeking information,feminine,0.514
2026-01-01,BR,Seeking information,masculine,0.486
2026-01-01,BR,Self-expression,feminine,0.672
2026-01-01,BR,Self-expression,masculine,0.328
2026-01-01,BR,Technical help,feminine,0.410
2026-01-01,BR,Technical help,masculine,0.590
2026-01-01,BR,Writing,feminine,0.634
2026-01-01,BR,Writing,masculine,0.366
2026-01-01,CA,Multimedia,feminine,0.600
2026-01-01,CA,Multimedia,masculine,0.400
2026-01-01,CA,Other/Unknown,feminine,0.519
2026-01-01,CA,Other/Unknown,masculine,0.481
2026-01-01,CA,Practical Guidance,feminine,0.513
2026-01-01,CA,Practical Guidance,masculine,0.487
2026-01-01,CA,Seeking information,feminine,0.501
2026-01-01,CA,Seeking information,masculine,0.499
2026-01-01,CA,Self-expression,feminine,0.628
2026-01-01,CA,Self-expression,masculine,0.372
2026-01-01,CA,Technical help,feminine,0.406
2026-01-01,CA,Technical help,masculine,0.594
2026-01-01,CA,Writing,feminine,0.578
2026-01-01,CA,Writing,masculine,0.422
2026-01-01,CH,Practical Guidance,feminine,0.576
2026-01-01,CH,Practical Guidance,masculine,0.424
2026-01-01,CH,Seeking information,feminine,0.505
2026-01-01,CH,Seeking information,masculine,0.495
2026-01-01,CH,Writing,feminine,0.534
2026-01-01,CH,Writing,masculine,0.466
2026-01-01,CL,Practical Guidance,feminine,0.553
2026-01-01,CL,Practical Guidance,masculine,0.447
2026-01-01,CL,Seeking information,feminine,0.515
2026-01-01,CL,Seeking information,masculine,0.485
2026-01-01,CL,Self-expression,feminine,0.664
2026-01-01,CL,Self-expression,masculine,0.336
2026-01-01,CL,Writing,feminine,0.606
2026-01-01,CL,Writing,masculine,0.394
2026-01-01,CO,Multimedia,feminine,0.638
2026-01-01,CO,Multimedia,masculine,0.362
2026-01-01,CO,Other/Unknown,feminine,0.545
2026-01-01,CO,Other/Unknown,masculine,0.455
2026-01-01,CO,Practical Guidance,feminine,0.565
2026-01-01,CO,Practical Guidance,masculine,0.435
2026-01-01,CO,Seeking information,feminine,0.500
2026-01-01,CO,Seeking information,masculine,0.500
2026-01-01,CO,Self-expression,feminine,0.700
2026-01-01,CO,Self-expression,masculine,0.300
2026-01-01,CO,Writing,feminine,0.622
2026-01-01,CO,Writing,masculine,0.378
2026-01-01,CR,Practical Guidance,feminine,0.586
2026-01-01,CR,Practical Guidance,masculine,0.414
2026-01-01,CZ,Practical Guidance,feminine,0.597
2026-01-01,CZ,Practical Guidance,masculine,0.403
2026-01-01,CZ,Seeking information,feminine,0.522
2026-01-01,CZ,Seeking information,masculine,0.478
2026-01-01,CZ,Self-expression,feminine,0.637
2026-01-01,CZ,Self-expression,masculine,0.363
2026-01-01,CZ,Writing,feminine,0.650
2026-01-01,CZ,Writing,masculine,0.350
2026-01-01,DE,Multimedia,feminine,0.467
2026-01-01,DE,Multimedia,masculine,0.533
2026-01-01,DE,Other/Unknown,feminine,0.503
2026-01-01,DE,Other/Unknown,masculine,0.497
2026-01-01,DE,Practical Guidance,feminine,0.533
2026-01-01,DE,Practical Guidance,masculine,0.467
2026-01-01,DE,Seeking information,feminine,0.478
2026-01-01,DE,Seeking information,masculine,0.522
2026-01-01,DE,Self-expression,feminine,0.630
2026-01-01,DE,Self-expression,masculine,0.370
2026-01-01,DE,Technical help,feminine,0.317
2026-01-01,DE,Technical help,masculine,0.683
2026-01-01,DE,Writing,feminine,0.550
2026-01-01,DE,Writing,masculine,0.450
2026-01-01,DK,Practical Guidance,feminine,0.515
2026-01-01,DK,Practical Guidance,masculine,0.485
2026-01-01,DK,Seeking information,feminine,0.463
2026-01-01,DK,Seeking information,masculine,0.537
2026-01-01,DK,Writing,feminine,0.563
2026-01-01,DK,Writing,masculine,0.437
2026-01-01,DO,Practical Guidance,feminine,0.568
2026-01-01,DO,Practical Guidance,masculine,0.432
2026-01-01,DO,Writing,feminine,0.573
2026-01-01,DO,Writing,masculine,0.427
2026-01-01,DZ,Other/Unknown,feminine,0.542
2026-01-01,DZ,Other/Unknown,masculine,0.458
2026-01-01,DZ,Practical Guidance,feminine,0.646
2026-01-01,DZ,Practical Guidance,masculine,0.354
2026-01-01,DZ,Seeking information,feminine,0.551
2026-01-01,DZ,Seeking information,masculine,0.449
2026-01-01,DZ,Self-expression,feminine,0.635
2026-01-01,DZ,Self-expression,masculine,0.365
2026-01-01,DZ,Writing,feminine,0.621
2026-01-01,DZ,Writing,masculine,0.379
2026-01-01,EC,Practical Guidance,feminine,0.611
2026-01-01,EC,Practical Guidance,masculine,0.389
2026-01-01,EC,Seeking information,feminine,0.496
2026-01-01,EC,Seeking information,masculine,0.504
2026-01-01,EC,Writing,feminine,0.656
2026-01-01,EC,Writing,masculine,0.344
2026-01-01,EG,Multimedia,feminine,0.385
2026-01-01,EG,Multimedia,masculine,0.615
2026-01-01,EG,Other/Unknown,feminine,0.516
2026-01-01,EG,Other/Unknown,masculine,0.484
2026-01-01,EG,Practical Guidance,feminine,0.540
2026-01-01,EG,Practical Guidance,masculine,0.460
2026-01-01,EG,Seeking information,feminine,0.473
2026-01-01,EG,Seeking information,masculine,0.527
2026-01-01,EG,Self-expression,feminine,0.637
2026-01-01,EG,Self-expression,masculine,0.363
2026-01-01,EG,Technical help,feminine,0.345
2026-01-01,EG,Technical help,masculine,0.655
2026-01-01,EG,Writing,feminine,0.523
2026-01-01,EG,Writing,masculine,0.477
2026-01-01,ES,Multimedia,feminine,0.509
2026-01-01,ES,Multimedia,masculine,0.491
2026-01-01,ES,Other/Unknown,feminine,0.575
2026-01-01,ES,Other/Unknown,masculine,0.425
2026-01-01,ES,Practical Guidance,feminine,0.573
2026-01-01,ES,Practical Guidance,masculine,0.427
2026-01-01,ES,Seeking information,feminine,0.517
2026-01-01,ES,Seeking information,masculine,0.483
2026-01-01,ES,Self-expression,feminine,0.647
2026-01-01,ES,Self-expression,masculine,0.353
2026-01-01,ES,Technical help,feminine,0.351
2026-01-01,ES,Technical help,masculine,0.649
2026-01-01,ES,Writing,feminine,0.595
2026-01-01,ES,Writing,masculine,0.405
2026-01-01,FI,Practical Guidance,feminine,0.521
2026-01-01,FI,Practical Guidance,masculine,0.479
2026-01-01,FI,Writing,feminine,0.629
2026-01-01,FI,Writing,masculine,0.371
2026-01-01,FR,Multimedia,feminine,0.500
2026-01-01,FR,Multimedia,masculine,0.500
2026-01-01,FR,Other/Unknown,feminine,0.535
2026-01-01,FR,Other/Unknown,masculine,0.465
2026-01-01,FR,Practical Guidance,feminine,0.572
2026-01-01,FR,Practical Guidance,masculine,0.428
2026-01-01,FR,Seeking information,feminine,0.491
2026-01-01,FR,Seeking information,masculine,0.509
2026-01-01,FR,Self-expression,feminine,0.631
2026-01-01,FR,Self-expression,masculine,0.369
2026-01-01,FR,Technical help,feminine,0.345
2026-01-01,FR,Technical help,masculine,0.655
2026-01-01,FR,Writing,feminine,0.578
2026-01-01,FR,Writing,masculine,0.422
2026-01-01,GB,Multimedia,feminine,0.479
2026-01-01,GB,Multimedia,masculine,0.521
2026-01-01,GB,Other/Unknown,feminine,0.499
2026-01-01,GB,Other/Unknown,masculine,0.501
2026-01-01,GB,Practical Guidance,feminine,0.501
2026-01-01,GB,Practical Guidance,masculine,0.499
2026-01-01,GB,Seeking information,feminine,0.461
2026-01-01,GB,Seeking information,masculine,0.539
2026-01-01,GB,Self-expression,feminine,0.587
2026-01-01,GB,Self-expression,masculine,0.413
2026-01-01,GB,Technical help,feminine,0.363
2026-01-01,GB,Technical help,masculine,0.637
2026-01-01,GB,Writing,feminine,0.562
2026-01-01,GB,Writing,masculine,0.438
2026-01-01,GE,Practical Guidance,feminine,0.541
2026-01-01,GE,Practical Guidance,masculine,0.459
2026-01-01,GH,Practical Guidance,feminine,0.529
2026-01-01,GH,Practical Guidance,masculine,0.471
2026-01-01,GH,Writing,feminine,0.570
2026-01-01,GH,Writing,masculine,0.430
2026-01-01,GR,Practical Guidance,feminine,0.457
2026-01-01,GR,Practical Guidance,masculine,0.543
2026-01-01,GR,Seeking information,feminine,0.414
2026-01-01,GR,Seeking information,masculine,0.586
2026-01-01,GR,Writing,feminine,0.557
2026-01-01,GR,Writing,masculine,0.443
2026-01-01,GT,Practical Guidance,feminine,0.617
2026-01-01,GT,Practical Guidance,masculine,0.383
2026-01-01,HR,Practical Guidance,feminine,0.612
2026-01-01,HR,Practical Guidance,masculine,0.388
2026-01-01,HU,Practical Guidance,feminine,0.543
2026-01-01,HU,Practical Guidance,masculine,0.457
2026-01-01,HU,Seeking information,feminine,0.542
2026-01-01,HU,Seeking information,masculine,0.458
2026-01-01,HU,Writing,feminine,0.634
2026-01-01,HU,Writing,masculine,0.366
2026-01-01,ID,Multimedia,feminine,0.535
2026-01-01,ID,Multimedia,masculine,0.465
2026-01-01,ID,Other/Unknown,feminine,0.557
2026-01-01,ID,Other/Unknown,masculine,0.443
2026-01-01,ID,Practical Guidance,feminine,0.588
2026-01-01,ID,Practical Guidance,masculine,0.412
2026-01-01,ID,Seeking information,feminine,0.541
2026-01-01,ID,Seeking information,masculine,0.459
2026-01-01,ID,Self-expression,feminine,0.606
2026-01-01,ID,Self-expression,masculine,0.394
2026-01-01,ID,Technical help,feminine,0.429
2026-01-01,ID,Technical help,masculine,0.571
2026-01-01,ID,Writing,feminine,0.638
2026-01-01,ID,Writing,masculine,0.362
2026-01-01,IE,Practical Guidance,feminine,0.489
2026-01-01,IE,Practical Guidance,masculine,0.511
2026-01-01,IE,Seeking information,feminine,0.397
2026-01-01,IE,Seeking information,masculine,0.603
2026-01-01,IE,Writing,feminine,0.604
2026-01-01,IE,Writing,masculine,0.396
2026-01-01,IL,Practical Guidance,feminine,0.543
2026-01-01,IL,Practical Guidance,masculine,0.457
2026-01-01,IL,Seeking information,feminine,0.408
2026-01-01,IL,Seeking information,masculine,0.592
2026-01-01,IL,Writing,feminine,0.457
2026-01-01,IL,Writing,masculine,0.543
2026-01-01,IN,Multimedia,feminine,0.372
2026-01-01,IN,Multimedia,masculine,0.628
2026-01-01,IN,Other/Unknown,feminine,0.420
2026-01-01,IN,Other/Unknown,masculine,0.580
2026-01-01,IN,Practical Guidance,feminine,0.436
2026-01-01,IN,Practical Guidance,masculine,0.564
2026-01-01,IN,Seeking information,feminine,0.382
2026-01-01,IN,Seeking information,masculine,0.618
2026-01-01,IN,Self-expression,feminine,0.554
2026-01-01,IN,Self-expression,masculine,0.446
2026-01-01,IN,Technical help,feminine,0.351
2026-01-01,IN,Technical help,masculine,0.649
2026-01-01,IN,Writing,feminine,0.458
2026-01-01,IN,Writing,masculine,0.542
2026-01-01,IQ,Practical Guidance,feminine,0.505
2026-01-01,IQ,Practical Guidance,masculine,0.495
2026-01-01,IQ,Seeking information,feminine,0.387
2026-01-01,IQ,Seeking information,masculine,0.613
2026-01-01,IQ,Writing,feminine,0.549
2026-01-01,IQ,Writing,masculine,0.451
2026-01-01,IT,Multimedia,feminine,0.564
2026-01-01,IT,Multimedia,masculine,0.436
2026-01-01,IT,Other/Unknown,feminine,0.515
2026-01-01,IT,Other/Unknown,masculine,0.485
2026-01-01,IT,Practical Guidance,feminine,0.553
2026-01-01,IT,Practical Guidance,masculine,0.447
2026-01-01,IT,Seeking information,feminine,0.522
2026-01-01,IT,Seeking information,masculine,0.478
2026-01-01,IT,Self-expression,feminine,0.643
2026-01-01,IT,Self-expression,masculine,0.357
2026-01-01,IT,Technical help,feminine,0.423
2026-01-01,IT,Technical help,masculine,0.577
2026-01-01,IT,Writing,feminine,0.650
2026-01-01,IT,Writing,masculine,0.350
2026-01-01,JO,Practical Guidance,feminine,0.516
2026-01-01,JO,Practical Guidance,masculine,0.484
2026-01-01,JP,Practical Guidance,feminine,0.459
2026-01-01,JP,Practical Guidance,masculine,0.541
2026-01-01,JP,Seeking information,feminine,0.360
2026-01-01,JP,Seeking information,masculine,0.640
2026-01-01,JP,Self-expression,feminine,0.603
2026-01-01,JP,Self-expression,masculine,0.397
2026-01-01,JP,Technical help,feminine,0.292
2026-01-01,JP,Technical help,masculine,0.708
2026-01-01,JP,Writing,feminine,0.532
2026-01-01,JP,Writing,masculine,0.468
2026-01-01,KE,Practical Guidance,feminine,0.522
2026-01-01,KE,Practical Guidance,masculine,0.478
2026-01-01,KE,Seeking information,feminine,0.406
2026-01-01,KE,Seeking information,masculine,0.594
2026-01-01,KE,Writing,feminine,0.584
2026-01-01,KE,Writing,masculine,0.416
2026-01-01,KR,Practical Guidance,feminine,0.608
2026-01-01,KR,Practical Guidance,masculine,0.392
2026-01-01,KR,Seeking information,feminine,0.578
2026-01-01,KR,Seeking information,masculine,0.422
2026-01-01,KR,Self-expression,feminine,0.725
2026-01-01,KR,Self-expression,masculine,0.275
2026-01-01,KR,Writing,feminine,0.612
2026-01-01,KR,Writing,masculine,0.388
2026-01-01,KZ,Practical Guidance,feminine,0.466
2026-01-01,KZ,Practical Guidance,masculine,0.534
2026-01-01,KZ,Seeking information,feminine,0.449
2026-01-01,KZ,Seeking information,masculine,0.551
2026-01-01,KZ,Self-expression,feminine,0.609
2026-01-01,KZ,Self-expression,masculine,0.391
2026-01-01,KZ,Writing,feminine,0.502
2026-01-01,KZ,Writing,masculine,0.498
2026-01-01,LB,Practical Guidance,feminine,0.561
2026-01-01,LB,Practical Guidance,masculine,0.439
2026-01-01,LT,Practical Guidance,feminine,0.433
2026-01-01,LT,Practical Guidance,masculine,0.567
2026-01-01,MA,Practical Guidance,feminine,0.602
2026-01-01,MA,Practical Guidance,masculine,0.398
2026-01-01,MA,Seeking information,feminine,0.499
2026-01-01,MA,Seeking information,masculine,0.501
2026-01-01,MA,Writing,feminine,0.530
2026-01-01,MA,Writing,masculine,0.470
2026-01-01,MX,Multimedia,feminine,0.460
2026-01-01,MX,Multimedia,masculine,0.540
2026-01-01,MX,Other/Unknown,feminine,0.507
2026-01-01,MX,Other/Unknown,masculine,0.493
2026-01-01,MX,Practical Guidance,feminine,0.526
2026-01-01,MX,Practical Guidance,masculine,0.474
2026-01-01,MX,Seeking information,feminine,0.470
2026-01-01,MX,Seeking information,masculine,0.530
2026-01-01,MX,Self-expression,feminine,0.609
2026-01-01,MX,Self-expression,masculine,0.391
2026-01-01,MX,Technical help,feminine,0.346
2026-01-01,MX,Technical help,masculine,0.654
2026-01-01,MX,Writing,feminine,0.606
2026-01-01,MX,Writing,masculine,0.394
2026-01-01,MY,Practical Guidance,feminine,0.524
2026-01-01,MY,Practical Guidance,masculine,0.476
2026-01-01,MY,Seeking information,feminine,0.439
2026-01-01,MY,Seeking information,masculine,0.561
2026-01-01,MY,Self-expression,feminine,0.546
2026-01-01,MY,Self-expression,masculine,0.454
2026-01-01,MY,Writing,feminine,0.541
2026-01-01,MY,Writing,masculine,0.459
2026-01-01,NG,Other/Unknown,feminine,0.432
2026-01-01,NG,Other/Unknown,masculine,0.568
2026-01-01,NG,Practical Guidance,feminine,0.452
2026-01-01,NG,Practical Guidance,masculine,0.548
2026-01-01,NG,Seeking information,feminine,0.348
2026-01-01,NG,Seeking information,masculine,0.652
2026-01-01,NG,Self-expression,feminine,0.480
2026-01-01,NG,Self-expression,masculine,0.520
2026-01-01,NG,Writing,feminine,0.441
2026-01-01,NG,Writing,masculine,0.559
2026-01-01,NL,Multimedia,feminine,0.406
2026-01-01,NL,Multimedia,masculine,0.594
2026-01-01,NL,Other/Unknown,feminine,0.507
2026-01-01,NL,Other/Unknown,masculine,0.493
2026-01-01,NL,Practical Guidance,feminine,0.543
2026-01-01,NL,Practical Guidance,masculine,0.457
2026-01-01,NL,Seeking information,feminine,0.426
2026-01-01,NL,Seeking information,masculine,0.574
2026-01-01,NL,Self-expression,feminine,0.590
2026-01-01,NL,Self-expression,masculine,0.410
2026-01-01,NL,Technical help,feminine,0.244
2026-01-01,NL,Technical help,masculine,0.756
2026-01-01,NL,Writing,feminine,0.550
2026-01-01,NL,Writing,masculine,0.450
2026-01-01,NO,Practical Guidance,feminine,0.545
2026-01-01,NO,Practical Guidance,masculine,0.455
2026-01-01,NO,Seeking information,feminine,0.429
2026-01-01,NO,Seeking information,masculine,0.571
2026-01-01,NO,Writing,feminine,0.612
2026-01-01,NO,Writing,masculine,0.388
2026-01-01,NP,Practical Guidance,feminine,0.611
2026-01-01,NP,Practical Guidance,masculine,0.389
2026-01-01,NP,Writing,feminine,0.468
2026-01-01,NP,Writing,masculine,0.532
2026-01-01,NZ,Practical Guidance,feminine,0.517
2026-01-01,NZ,Practical Guidance,masculine,0.483
2026-01-01,NZ,Writing,feminine,0.597
2026-01-01,NZ,Writing,masculine,0.403
2026-01-01,PE,Practical Guidance,feminine,0.519
2026-01-01,PE,Practical Guidance,masculine,0.481
2026-01-01,PE,Seeking information,feminine,0.428
2026-01-01,PE,Seeking information,masculine,0.572
2026-01-01,PE,Self-expression,feminine,0.613
2026-01-01,PE,Self-expression,masculine,0.387
2026-01-01,PE,Writing,feminine,0.543
2026-01-01,PE,Writing,masculine,0.457
2026-01-01,PH,Multimedia,feminine,0.539
2026-01-01,PH,Multimedia,masculine,0.461
2026-01-01,PH,Other/Unknown,feminine,0.559
2026-01-01,PH,Other/Unknown,masculine,0.441
2026-01-01,PH,Practical Guidance,feminine,0.592
2026-01-01,PH,Practical Guidance,masculine,0.408
2026-01-01,PH,Seeking information,feminine,0.530
2026-01-01,PH,Seeking information,masculine,0.470
2026-01-01,PH,Self-expression,feminine,0.569
2026-01-01,PH,Self-expression,masculine,0.431
2026-01-01,PH,Technical help,feminine,0.340
2026-01-01,PH,Technical help,masculine,0.660
2026-01-01,PH,Writing,feminine,0.619
2026-01-01,PH,Writing,masculine,0.381
2026-01-01,PK,Multimedia,feminine,0.199
2026-01-01,PK,Multimedia,masculine,0.801
2026-01-01,PK,Other/Unknown,feminine,0.320
2026-01-01,PK,Other/Unknown,masculine,0.680
2026-01-01,PK,Practical Guidance,feminine,0.408
2026-01-01,PK,Practical Guidance,masculine,0.592
2026-01-01,PK,Seeking information,feminine,0.357
2026-01-01,PK,Seeking information,masculine,0.643
2026-01-01,PK,Self-expression,feminine,0.430
2026-01-01,PK,Self-expression,masculine,0.570
2026-01-01,PK,Technical help,feminine,0.291
2026-01-01,PK,Technical help,masculine,0.709
2026-01-01,PK,Writing,feminine,0.385
2026-01-01,PK,Writing,masculine,0.615
2026-01-01,PL,Multimedia,feminine,0.570
2026-01-01,PL,Multimedia,masculine,0.430
2026-01-01,PL,Other/Unknown,feminine,0.544
2026-01-01,PL,Other/Unknown,masculine,0.456
2026-01-01,PL,Practical Guidance,feminine,0.565
2026-01-01,PL,Practical Guidance,masculine,0.435
2026-01-01,PL,Seeking information,feminine,0.512
2026-01-01,PL,Seeking information,masculine,0.488
2026-01-01,PL,Self-expression,feminine,0.606
2026-01-01,PL,Self-expression,masculine,0.394
2026-01-01,PL,Technical help,feminine,0.308
2026-01-01,PL,Technical help,masculine,0.692
2026-01-01,PL,Writing,feminine,0.669
2026-01-01,PL,Writing,masculine,0.331
2026-01-01,PT,Practical Guidance,feminine,0.614
2026-01-01,PT,Practical Guidance,masculine,0.386
2026-01-01,PT,Seeking information,feminine,0.447
2026-01-01,PT,Seeking information,masculine,0.553
2026-01-01,PT,Writing,feminine,0.629
2026-01-01,PT,Writing,masculine,0.371
2026-01-01,RO,Practical Guidance,feminine,0.555
2026-01-01,RO,Practical Guidance,masculine,0.445
2026-01-01,RO,Seeking information,feminine,0.489
2026-01-01,RO,Seeking information,masculine,0.511
2026-01-01,RO,Self-expression,feminine,0.583
2026-01-01,RO,Self-expression,masculine,0.417
2026-01-01,RO,Writing,feminine,0.615
2026-01-01,RO,Writing,masculine,0.385
2026-01-01,RS,Practical Guidance,feminine,0.631
2026-01-01,RS,Practical Guidance,masculine,0.369
2026-01-01,RS,Seeking information,feminine,0.556
2026-01-01,RS,Seeking information,masculine,0.444
2026-01-01,SA,Practical Guidance,feminine,0.505
2026-01-01,SA,Practical Guidance,masculine,0.495
2026-01-01,SA,Seeking information,feminine,0.438
2026-01-01,SA,Seeking information,masculine,0.562
2026-01-01,SA,Self-expression,feminine,0.618
2026-01-01,SA,Self-expression,masculine,0.382
2026-01-01,SA,Writing,feminine,0.420
2026-01-01,SA,Writing,masculine,0.580
2026-01-01,SE,Practical Guidance,feminine,0.561
2026-01-01,SE,Practical Guidance,masculine,0.439
2026-01-01,SE,Seeking information,feminine,0.436
2026-01-01,SE,Seeking information,masculine,0.564
2026-01-01,SE,Writing,feminine,0.561
2026-01-01,SE,Writing,masculine,0.439
2026-01-01,SG,Practical Guidance,feminine,0.434
2026-01-01,SG,Practical Guidance,masculine,0.566
2026-01-01,SG,Seeking information,feminine,0.423
2026-01-01,SG,Seeking information,masculine,0.577
2026-01-01,SG,Writing,feminine,0.525
2026-01-01,SG,Writing,masculine,0.475
2026-01-01,SK,Practical Guidance,feminine,0.558
2026-01-01,SK,Practical Guidance,masculine,0.442
2026-01-01,SK,Seeking information,feminine,0.569
2026-01-01,SK,Seeking information,masculine,0.431
2026-01-01,SK,Writing,feminine,0.543
2026-01-01,SK,Writing,masculine,0.457
2026-01-01,TH,Practical Guidance,feminine,0.540
2026-01-01,TH,Practical Guidance,masculine,0.460
2026-01-01,TH,Writing,feminine,0.475
2026-01-01,TH,Writing,masculine,0.525
2026-01-01,TN,Practical Guidance,feminine,0.647
2026-01-01,TN,Practical Guidance,masculine,0.353
2026-01-01,TN,Writing,feminine,0.643
2026-01-01,TN,Writing,masculine,0.357
2026-01-01,TR,Multimedia,feminine,0.502
2026-01-01,TR,Multimedia,masculine,0.498
2026-01-01,TR,Other/Unknown,feminine,0.539
2026-01-01,TR,Other/Unknown,masculine,0.461
2026-01-01,TR,Practical Guidance,feminine,0.551
2026-01-01,TR,Practical Guidance,masculine,0.449
2026-01-01,TR,Seeking information,feminine,0.461
2026-01-01,TR,Seeking information,masculine,0.539
2026-01-01,TR,Self-expression,feminine,0.672
2026-01-01,TR,Self-expression,masculine,0.328
2026-01-01,TR,Technical help,feminine,0.406
2026-01-01,TR,Technical help,masculine,0.594
2026-01-01,TR,Writing,feminine,0.523
2026-01-01,TR,Writing,masculine,0.477
2026-01-01,TW,Practical Guidance,feminine,0.367
2026-01-01,TW,Practical Guidance,masculine,0.633
2026-01-01,TW,Writing,feminine,0.515
2026-01-01,TW,Writing,masculine,0.485
2026-01-01,UA,Practical Guidance,feminine,0.592
2026-01-01,UA,Practical Guidance,masculine,0.408
2026-01-01,UA,Seeking information,feminine,0.472
2026-01-01,UA,Seeking information,masculine,0.528
2026-01-01,UA,Self-expression,feminine,0.596
2026-01-01,UA,Self-expression,masculine,0.404
2026-01-01,UA,Writing,feminine,0.662
2026-01-01,UA,Writing,masculine,0.338
2026-01-01,US,Multimedia,feminine,0.505
2026-01-01,US,Multimedia,masculine,0.495
2026-01-01,US,Other/Unknown,feminine,0.489
2026-01-01,US,Other/Unknown,masculine,0.511
2026-01-01,US,Practical Guidance,feminine,0.514
2026-01-01,US,Practical Guidance,masculine,0.486
2026-01-01,US,Seeking information,feminine,0.466
2026-01-01,US,Seeking information,masculine,0.534
2026-01-01,US,Self-expression,feminine,0.580
2026-01-01,US,Self-expression,masculine,0.420
2026-01-01,US,Technical help,feminine,0.365
2026-01-01,US,Technical help,masculine,0.635
2026-01-01,US,Writing,feminine,0.577
2026-01-01,US,Writing,masculine,0.423
2026-01-01,UZ,Practical Guidance,feminine,0.578
2026-01-01,UZ,Practical Guidance,masculine,0.422
2026-01-01,UZ,Seeking information,feminine,0.381
2026-01-01,UZ,Seeking information,masculine,0.619
2026-01-01,UZ,Writing,feminine,0.445
2026-01-01,UZ,Writing,masculine,0.555
2026-01-01,VN,Practical Guidance,feminine,0.461
2026-01-01,VN,Practical Guidance,masculine,0.539
2026-01-01,VN,Seeking information,feminine,0.424
2026-01-01,VN,Seeking information,masculine,0.576
2026-01-01,VN,Writing,feminine,0.555
2026-01-01,VN,Writing,masculine,0.445
2026-01-01,ZA,Practical Guidance,feminine,0.501
2026-01-01,ZA,Practical Guidance,masculine,0.499
2026-01-01,ZA,Seeking information,feminine,0.456
2026-01-01,ZA,Seeking information,masculine,0.544
2026-01-01,ZA,Writing,feminine,0.615
2026-01-01,ZA,Writing,masculine,0.385
2026-02-01,AE,Practical Guidance,feminine,0.501
2026-02-01,AE,Practical Guidance,masculine,0.499
2026-02-01,AE,Seeking information,feminine,0.453
2026-02-01,AE,Seeking information,masculine,0.547
2026-02-01,AE,Writing,feminine,0.478
2026-02-01,AE,Writing,masculine,0.522
2026-02-01,AR,Multimedia,feminine,0.560
2026-02-01,AR,Multimedia,masculine,0.440
2026-02-01,AR,Other/Unknown,feminine,0.595
2026-02-01,AR,Other/Unknown,masculine,0.405
2026-02-01,AR,Practical Guidance,feminine,0.581
2026-02-01,AR,Practical Guidance,masculine,0.419
2026-02-01,AR,Seeking information,feminine,0.508
2026-02-01,AR,Seeking information,masculine,0.492
2026-02-01,AR,Self-expression,feminine,0.715
2026-02-01,AR,Self-expression,masculine,0.285
2026-02-01,AR,Technical help,feminine,0.363
2026-02-01,AR,Technical help,masculine,0.637
2026-02-01,AR,Writing,feminine,0.648
2026-02-01,AR,Writing,masculine,0.352
2026-02-01,AT,Practical Guidance,feminine,0.562
2026-02-01,AT,Practical Guidance,masculine,0.438
2026-02-01,AT,Seeking information,feminine,0.545
2026-02-01,AT,Seeking information,masculine,0.455
2026-02-01,AT,Writing,feminine,0.615
2026-02-01,AT,Writing,masculine,0.385
2026-02-01,AU,Multimedia,feminine,0.478
2026-02-01,AU,Multimedia,masculine,0.522
2026-02-01,AU,Practical Guidance,feminine,0.514
2026-02-01,AU,Practical Guidance,masculine,0.486
2026-02-01,AU,Seeking information,feminine,0.457
2026-02-01,AU,Seeking information,masculine,0.543
2026-02-01,AU,Self-expression,feminine,0.616
2026-02-01,AU,Self-expression,masculine,0.384
2026-02-01,AU,Technical help,feminine,0.360
2026-02-01,AU,Technical help,masculine,0.640
2026-02-01,AU,Writing,feminine,0.582
2026-02-01,AU,Writing,masculine,0.418
2026-02-01,AZ,Practical Guidance,feminine,0.550
2026-02-01,AZ,Practical Guidance,masculine,0.450
2026-02-01,AZ,Seeking information,feminine,0.472
2026-02-01,AZ,Seeking information,masculine,0.528
2026-02-01,AZ,Self-expression,feminine,0.666
2026-02-01,AZ,Self-expression,masculine,0.334
2026-02-01,AZ,Writing,feminine,0.547
2026-02-01,AZ,Writing,masculine,0.453
2026-02-01,BD,Practical Guidance,feminine,0.407
2026-02-01,BD,Practical Guidance,masculine,0.593
2026-02-01,BD,Seeking information,feminine,0.388
2026-02-01,BD,Seeking information,masculine,0.612
2026-02-01,BD,Writing,feminine,0.325
2026-02-01,BD,Writing,masculine,0.675
2026-02-01,BE,Practical Guidance,feminine,0.531
2026-02-01,BE,Practical Guidance,masculine,0.469
2026-02-01,BE,Seeking information,feminine,0.388
2026-02-01,BE,Seeking information,masculine,0.612
2026-02-01,BE,Writing,feminine,0.573
2026-02-01,BE,Writing,masculine,0.427
2026-02-01,BG,Practical Guidance,feminine,0.474
2026-02-01,BG,Practical Guidance,masculine,0.526
2026-02-01,BG,Seeking information,feminine,0.422
2026-02-01,BG,Seeking information,masculine,0.578
2026-02-01,BO,Practical Guidance,feminine,0.479
2026-02-01,BO,Practical Guidance,masculine,0.521
2026-02-01,BR,Multimedia,feminine,0.596
2026-02-01,BR,Multimedia,masculine,0.404
2026-02-01,BR,Other/Unknown,feminine,0.611
2026-02-01,BR,Other/Unknown,masculine,0.389
2026-02-01,BR,Practical Guidance,feminine,0.592
2026-02-01,BR,Practical Guidance,masculine,0.408
2026-02-01,BR,Seeking information,feminine,0.507
2026-02-01,BR,Seeking information,masculine,0.493
2026-02-01,BR,Self-expression,feminine,0.702
2026-02-01,BR,Self-expression,masculine,0.298
2026-02-01,BR,Technical help,feminine,0.362
2026-02-01,BR,Technical help,masculine,0.638
2026-02-01,BR,Writing,feminine,0.656
2026-02-01,BR,Writing,masculine,0.344
2026-02-01,CA,Multimedia,feminine,0.477
2026-02-01,CA,Multimedia,masculine,0.523
2026-02-01,CA,Other/Unknown,feminine,0.440
2026-02-01,CA,Other/Unknown,masculine,0.560
2026-02-01,CA,Practical Guidance,feminine,0.558
2026-02-01,CA,Practical Guidance,masculine,0.442
2026-02-01,CA,Seeking information,feminine,0.490
2026-02-01,CA,Seeking information,masculine,0.510
2026-02-01,CA,Self-expression,feminine,0.601
2026-02-01,CA,Self-expression,masculine,0.399
2026-02-01,CA,Technical help,feminine,0.427
2026-02-01,CA,Technical help,masculine,0.573
2026-02-01,CA,Writing,feminine,0.580
2026-02-01,CA,Writing,masculine,0.420
2026-02-01,CH,Practical Guidance,feminine,0.537
2026-02-01,CH,Practical Guidance,masculine,0.463
2026-02-01,CH,Seeking information,feminine,0.478
2026-02-01,CH,Seeking information,masculine,0.522
2026-02-01,CH,Self-expression,feminine,0.581
2026-02-01,CH,Self-expression,masculine,0.419
2026-02-01,CH,Writing,feminine,0.499
2026-02-01,CH,Writing,masculine,0.501
2026-02-01,CL,Multimedia,feminine,0.540
2026-02-01,CL,Multimedia,masculine,0.460
2026-02-01,CL,Practical Guidance,feminine,0.516
2026-02-01,CL,Practical Guidance,masculine,0.484
2026-02-01,CL,Seeking information,feminine,0.525
2026-02-01,CL,Seeking information,masculine,0.475
2026-02-01,CL,Self-expression,feminine,0.702
2026-02-01,CL,Self-expression,masculine,0.298
2026-02-01,CL,Writing,feminine,0.493
2026-02-01,CL,Writing,masculine,0.507
2026-02-01,CO,Multimedia,feminine,0.586
2026-02-01,CO,Multimedia,masculine,0.414
2026-02-01,CO,Other/Unknown,feminine,0.596
2026-02-01,CO,Other/Unknown,masculine,0.404
2026-02-01,CO,Practical Guidance,feminine,0.615
2026-02-01,CO,Practical Guidance,masculine,0.385
2026-02-01,CO,Seeking information,feminine,0.523
2026-02-01,CO,Seeking information,masculine,0.477
2026-02-01,CO,Self-expression,feminine,0.686
2026-02-01,CO,Self-expression,masculine,0.314
2026-02-01,CO,Technical help,feminine,0.351
2026-02-01,CO,Technical help,masculine,0.649
2026-02-01,CO,Writing,feminine,0.624
2026-02-01,CO,Writing,masculine,0.376
2026-02-01,CR,Practical Guidance,feminine,0.647
2026-02-01,CR,Practical Guidance,masculine,0.353
2026-02-01,CZ,Practical Guidance,feminine,0.592
2026-02-01,CZ,Practical Guidance,masculine,0.408
2026-02-01,CZ,Seeking information,feminine,0.546
2026-02-01,CZ,Seeking information,masculine,0.454
2026-02-01,CZ,Self-expression,feminine,0.655
2026-02-01,CZ,Self-expression,masculine,0.345
2026-02-01,CZ,Writing,feminine,0.653
2026-02-01,CZ,Writing,masculine,0.347
2026-02-01,DE,Multimedia,feminine,0.506
2026-02-01,DE,Multimedia,masculine,0.494
2026-02-01,DE,Other/Unknown,feminine,0.464
2026-02-01,DE,Other/Unknown,masculine,0.536
2026-02-01,DE,Practical Guidance,feminine,0.526
2026-02-01,DE,Practical Guidance,masculine,0.474
2026-02-01,DE,Seeking information,feminine,0.476
2026-02-01,DE,Seeking information,masculine,0.524
2026-02-01,DE,Self-expression,feminine,0.662
2026-02-01,DE,Self-expression,masculine,0.338
2026-02-01,DE,Technical help,feminine,0.351
2026-02-01,DE,Technical help,masculine,0.649
2026-02-01,DE,Writing,feminine,0.584
2026-02-01,DE,Writing,masculine,0.416
2026-02-01,DK,Practical Guidance,feminine,0.536
2026-02-01,DK,Practical Guidance,masculine,0.464
2026-02-01,DK,Seeking information,feminine,0.525
2026-02-01,DK,Seeking information,masculine,0.475
2026-02-01,DK,Writing,feminine,0.559
2026-02-01,DK,Writing,masculine,0.441
2026-02-01,DO,Practical Guidance,feminine,0.625
2026-02-01,DO,Practical Guidance,masculine,0.375
2026-02-01,DO,Writing,feminine,0.579
2026-02-01,DO,Writing,masculine,0.421
2026-02-01,DZ,Other/Unknown,feminine,0.598
2026-02-01,DZ,Other/Unknown,masculine,0.402
2026-02-01,DZ,Practical Guidance,feminine,0.586
2026-02-01,DZ,Practical Guidance,masculine,0.414
2026-02-01,DZ,Seeking information,feminine,0.567
2026-02-01,DZ,Seeking information,masculine,0.433
2026-02-01,DZ,Self-expression,feminine,0.648
2026-02-01,DZ,Self-expression,masculine,0.352
2026-02-01,DZ,Writing,feminine,0.639
2026-02-01,DZ,Writing,masculine,0.361
2026-02-01,EC,Practical Guidance,feminine,0.595
2026-02-01,EC,Practical Guidance,masculine,0.405
2026-02-01,EC,Seeking information,feminine,0.519
2026-02-01,EC,Seeking information,masculine,0.481
2026-02-01,EC,Writing,feminine,0.579
2026-02-01,EC,Writing,masculine,0.421
2026-02-01,EG,Multimedia,feminine,0.495
2026-02-01,EG,Multimedia,masculine,0.505
2026-02-01,EG,Other/Unknown,feminine,0.505
2026-02-01,EG,Other/Unknown,masculine,0.495
2026-02-01,EG,Practical Guidance,feminine,0.554
2026-02-01,EG,Practical Guidance,masculine,0.446
2026-02-01,EG,Seeking information,feminine,0.478
2026-02-01,EG,Seeking information,masculine,0.522
2026-02-01,EG,Self-expression,feminine,0.684
2026-02-01,EG,Self-expression,masculine,0.316
2026-02-01,EG,Writing,feminine,0.494
2026-02-01,EG,Writing,masculine,0.506
2026-02-01,ES,Multimedia,feminine,0.541
2026-02-01,ES,Multimedia,masculine,0.459
2026-02-01,ES,Other/Unknown,feminine,0.502
2026-02-01,ES,Other/Unknown,masculine,0.498
2026-02-01,ES,Practical Guidance,feminine,0.571
2026-02-01,ES,Practical Guidance,masculine,0.429
2026-02-01,ES,Seeking information,feminine,0.498
2026-02-01,ES,Seeking information,masculine,0.502
2026-02-01,ES,Self-expression,feminine,0.689
2026-02-01,ES,Self-expression,masculine,0.311
2026-02-01,ES,Technical help,feminine,0.368
2026-02-01,ES,Technical help,masculine,0.632
2026-02-01,ES,Writing,feminine,0.593
2026-02-01,ES,Writing,masculine,0.407
2026-02-01,FI,Practical Guidance,feminine,0.540
2026-02-01,FI,Practical Guidance,masculine,0.460
2026-02-01,FI,Writing,feminine,0.639
2026-02-01,FI,Writing,masculine,0.361
2026-02-01,FR,Multimedia,feminine,0.543
2026-02-01,FR,Multimedia,masculine,0.457
2026-02-01,FR,Other/Unknown,feminine,0.512
2026-02-01,FR,Other/Unknown,masculine,0.488
2026-02-01,FR,Practical Guidance,feminine,0.567
2026-02-01,FR,Practical Guidance,masculine,0.433
2026-02-01,FR,Seeking information,feminine,0.509
2026-02-01,FR,Seeking information,masculine,0.491
2026-02-01,FR,Self-expression,feminine,0.690
2026-02-01,FR,Self-expression,masculine,0.310
2026-02-01,FR,Technical help,feminine,0.404
2026-02-01,FR,Technical help,masculine,0.596
2026-02-01,FR,Writing,feminine,0.591
2026-02-01,FR,Writing,masculine,0.409
2026-02-01,GB,Multimedia,feminine,0.482
2026-02-01,GB,Multimedia,masculine,0.518
2026-02-01,GB,Other/Unknown,feminine,0.516
2026-02-01,GB,Other/Unknown,masculine,0.484
2026-02-01,GB,Practical Guidance,feminine,0.537
2026-02-01,GB,Practical Guidance,masculine,0.463
2026-02-01,GB,Seeking information,feminine,0.440
2026-02-01,GB,Seeking information,masculine,0.560
2026-02-01,GB,Self-expression,feminine,0.606
2026-02-01,GB,Self-expression,masculine,0.394
2026-02-01,GB,Technical help,feminine,0.371
2026-02-01,GB,Technical help,masculine,0.629
2026-02-01,GB,Writing,feminine,0.564
2026-02-01,GB,Writing,masculine,0.436
2026-02-01,GE,Practical Guidance,feminine,0.562
2026-02-01,GE,Practical Guidance,masculine,0.438
2026-02-01,GH,Practical Guidance,feminine,0.521
2026-02-01,GH,Practical Guidance,masculine,0.479
2026-02-01,GR,Practical Guidance,feminine,0.640
2026-02-01,GR,Practical Guidance,masculine,0.360
2026-02-01,GR,Seeking information,feminine,0.534
2026-02-01,GR,Seeking information,masculine,0.466
2026-02-01,GR,Writing,feminine,0.624
2026-02-01,GR,Writing,masculine,0.376
2026-02-01,GT,Practical Guidance,feminine,0.430
2026-02-01,GT,Practical Guidance,masculine,0.570
2026-02-01,GT,Writing,feminine,0.652
2026-02-01,GT,Writing,masculine,0.348
2026-02-01,HR,Practical Guidance,feminine,0.592
2026-02-01,HR,Practical Guidance,masculine,0.408
2026-02-01,HR,Seeking information,feminine,0.507
2026-02-01,HR,Seeking information,masculine,0.493
2026-02-01,HU,Practical Guidance,feminine,0.522
2026-02-01,HU,Practical Guidance,masculine,0.478
2026-02-01,HU,Seeking information,feminine,0.518
2026-02-01,HU,Seeking information,masculine,0.482
2026-02-01,HU,Writing,feminine,0.575
2026-02-01,HU,Writing,masculine,0.425
2026-02-01,ID,Multimedia,feminine,0.557
2026-02-01,ID,Multimedia,masculine,0.443
2026-02-01,ID,Other/Unknown,feminine,0.555
2026-02-01,ID,Other/Unknown,masculine,0.445
2026-02-01,ID,Practical Guidance,feminine,0.567
2026-02-01,ID,Practical Guidance,masculine,0.433
2026-02-01,ID,Seeking information,feminine,0.544
2026-02-01,ID,Seeking information,masculine,0.456
2026-02-01,ID,Self-expression,feminine,0.669
2026-02-01,ID,Self-expression,masculine,0.331
2026-02-01,ID,Technical help,feminine,0.459
2026-02-01,ID,Technical help,masculine,0.541
2026-02-01,ID,Writing,feminine,0.668
2026-02-01,ID,Writing,masculine,0.332
2026-02-01,IE,Practical Guidance,feminine,0.549
2026-02-01,IE,Practical Guidance,masculine,0.451
2026-02-01,IE,Seeking information,feminine,0.447
2026-02-01,IE,Seeking information,masculine,0.553
2026-02-01,IE,Writing,feminine,0.634
2026-02-01,IE,Writing,masculine,0.366
2026-02-01,IL,Practical Guidance,feminine,0.516
2026-02-01,IL,Practical Guidance,masculine,0.484
2026-02-01,IL,Seeking information,feminine,0.431
2026-02-01,IL,Seeking information,masculine,0.569
2026-02-01,IL,Writing,feminine,0.536
2026-02-01,IL,Writing,masculine,0.464
2026-02-01,IN,Multimedia,feminine,0.362
2026-02-01,IN,Multimedia,masculine,0.638
2026-02-01,IN,Other/Unknown,feminine,0.427
2026-02-01,IN,Other/Unknown,masculine,0.573
2026-02-01,IN,Practical Guidance,feminine,0.453
2026-02-01,IN,Practical Guidance,masculine,0.547
2026-02-01,IN,Seeking information,feminine,0.395
2026-02-01,IN,Seeking information,masculine,0.605
2026-02-01,IN,Self-expression,feminine,0.522
2026-02-01,IN,Self-expression,masculine,0.478
2026-02-01,IN,Technical help,feminine,0.335
2026-02-01,IN,Technical help,masculine,0.665
2026-02-01,IN,Writing,feminine,0.462
2026-02-01,IN,Writing,masculine,0.538
2026-02-01,IQ,Practical Guidance,feminine,0.542
2026-02-01,IQ,Practical Guidance,masculine,0.458
2026-02-01,IQ,Seeking information,feminine,0.411
2026-02-01,IQ,Seeking information,masculine,0.589
2026-02-01,IT,Multimedia,feminine,0.516
2026-02-01,IT,Multimedia,masculine,0.484
2026-02-01,IT,Other/Unknown,feminine,0.513
2026-02-01,IT,Other/Unknown,masculine,0.487
2026-02-01,IT,Practical Guidance,feminine,0.556
2026-02-01,IT,Practical Guidance,masculine,0.444
2026-02-01,IT,Seeking information,feminine,0.502
2026-02-01,IT,Seeking information,masculine,0.498
2026-02-01,IT,Self-expression,feminine,0.623
2026-02-01,IT,Self-expression,masculine,0.377
2026-02-01,IT,Technical help,feminine,0.424
2026-02-01,IT,Technical help,masculine,0.576
2026-02-01,IT,Writing,feminine,0.640
2026-02-01,IT,Writing,masculine,0.360
2026-02-01,JO,Practical Guidance,feminine,0.479
2026-02-01,JO,Practical Guidance,masculine,0.521
2026-02-01,JP,Practical Guidance,feminine,0.435
2026-02-01,JP,Practical Guidance,masculine,0.565
2026-02-01,JP,Seeking information,feminine,0.416
2026-02-01,JP,Seeking information,masculine,0.584
2026-02-01,JP,Self-expression,feminine,0.627
2026-02-01,JP,Self-expression,masculine,0.373
2026-02-01,JP,Writing,feminine,0.485
2026-02-01,JP,Writing,masculine,0.515
2026-02-01,KE,Practical Guidance,feminine,0.535
2026-02-01,KE,Practical Guidance,masculine,0.465
2026-02-01,KE,Seeking information,feminine,0.476
2026-02-01,KE,Seeking information,masculine,0.524
2026-02-01,KE,Writing,feminine,0.530
2026-02-01,KE,Writing,masculine,0.470
2026-02-01,KR,Practical Guidance,feminine,0.592
2026-02-01,KR,Practical Guidance,masculine,0.408
2026-02-01,KR,Seeking information,feminine,0.564
2026-02-01,KR,Seeking information,masculine,0.436
2026-02-01,KR,Self-expression,feminine,0.651
2026-02-01,KR,Self-expression,masculine,0.349
2026-02-01,KR,Writing,feminine,0.631
2026-02-01,KR,Writing,masculine,0.369
2026-02-01,KZ,Multimedia,feminine,0.523
2026-02-01,KZ,Multimedia,masculine,0.477
2026-02-01,KZ,Practical Guidance,feminine,0.499
2026-02-01,KZ,Practical Guidance,masculine,0.501
2026-02-01,KZ,Seeking information,feminine,0.416
2026-02-01,KZ,Seeking information,masculine,0.584
2026-02-01,KZ,Self-expression,feminine,0.523
2026-02-01,KZ,Self-expression,masculine,0.477
2026-02-01,KZ,Writing,feminine,0.531
2026-02-01,KZ,Writing,masculine,0.469
2026-02-01,LB,Practical Guidance,feminine,0.640
2026-02-01,LB,Practical Guidance,masculine,0.360
2026-02-01,LT,Practical Guidance,feminine,0.601
2026-02-01,LT,Practical Guidance,masculine,0.399
2026-02-01,MA,Practical Guidance,feminine,0.539
2026-02-01,MA,Practical Guidance,masculine,0.461
2026-02-01,MA,Seeking information,feminine,0.468
2026-02-01,MA,Seeking information,masculine,0.532
2026-02-01,MA,Self-expression,feminine,0.649
2026-02-01,MA,Self-expression,masculine,0.351
2026-02-01,MA,Writing,feminine,0.497
2026-02-01,MA,Writing,masculine,0.503
2026-02-01,MX,Multimedia,feminine,0.536
2026-02-01,MX,Multimedia,masculine,0.464
2026-02-01,MX,Other/Unknown,feminine,0.507
2026-02-01,MX,Other/Unknown,masculine,0.493
2026-02-01,MX,Practical Guidance,feminine,0.568
2026-02-01,MX,Practical Guidance,masculine,0.432
2026-02-01,MX,Seeking information,feminine,0.481
2026-02-01,MX,Seeking information,masculine,0.519
2026-02-01,MX,Self-expression,feminine,0.651
2026-02-01,MX,Self-expression,masculine,0.349
2026-02-01,MX,Technical help,feminine,0.373
2026-02-01,MX,Technical help,masculine,0.627
2026-02-01,MX,Writing,feminine,0.615
2026-02-01,MX,Writing,masculine,0.385
2026-02-01,MY,Practical Guidance,feminine,0.524
2026-02-01,MY,Practical Guidance,masculine,0.476
2026-02-01,MY,Seeking information,feminine,0.444
2026-02-01,MY,Seeking information,masculine,0.556
2026-02-01,MY,Self-expression,feminine,0.606
2026-02-01,MY,Self-expression,masculine,0.394
2026-02-01,MY,Writing,feminine,0.562
2026-02-01,MY,Writing,masculine,0.438
2026-02-01,NG,Practical Guidance,feminine,0.441
2026-02-01,NG,Practical Guidance,masculine,0.559
2026-02-01,NG,Seeking information,feminine,0.374
2026-02-01,NG,Seeking information,masculine,0.626
2026-02-01,NG,Self-expression,feminine,0.352
2026-02-01,NG,Self-expression,masculine,0.648
2026-02-01,NG,Writing,feminine,0.386
2026-02-01,NG,Writing,masculine,0.614
2026-02-01,NL,Multimedia,feminine,0.452
2026-02-01,NL,Multimedia,masculine,0.548
2026-02-01,NL,Other/Unknown,feminine,0.478
2026-02-01,NL,Other/Unknown,masculine,0.522
2026-02-01,NL,Practical Guidance,feminine,0.505
2026-02-01,NL,Practical Guidance,masculine,0.495
2026-02-01,NL,Seeking information,feminine,0.433
2026-02-01,NL,Seeking information,masculine,0.567
2026-02-01,NL,Self-expression,feminine,0.548
2026-02-01,NL,Self-expression,masculine,0.452
2026-02-01,NL,Technical help,feminine,0.287
2026-02-01,NL,Technical help,masculine,0.713
2026-02-01,NL,Writing,feminine,0.585
2026-02-01,NL,Writing,masculine,0.415
2026-02-01,NO,Practical Guidance,feminine,0.498
2026-02-01,NO,Practical Guidance,masculine,0.502
2026-02-01,NO,Seeking information,feminine,0.461
2026-02-01,NO,Seeking information,masculine,0.539
2026-02-01,NO,Writing,feminine,0.583
2026-02-01,NO,Writing,masculine,0.417
2026-02-01,NP,Practical Guidance,feminine,0.447
2026-02-01,NP,Practical Guidance,masculine,0.553
2026-02-01,NZ,Writing,feminine,0.509
2026-02-01,NZ,Writing,masculine,0.491
2026-02-01,PE,Practical Guidance,feminine,0.530
2026-02-01,PE,Practical Guidance,masculine,0.470
2026-02-01,PE,Seeking information,feminine,0.473
2026-02-01,PE,Seeking information,masculine,0.527
2026-02-01,PE,Self-expression,feminine,0.615
2026-02-01,PE,Self-expression,masculine,0.385
2026-02-01,PE,Writing,feminine,0.566
2026-02-01,PE,Writing,masculine,0.434
2026-02-01,PH,Multimedia,feminine,0.543
2026-02-01,PH,Multimedia,masculine,0.457
2026-02-01,PH,Other/Unknown,feminine,0.610
2026-02-01,PH,Other/Unknown,masculine,0.390
2026-02-01,PH,Practical Guidance,feminine,0.591
2026-02-01,PH,Practical Guidance,masculine,0.409
2026-02-01,PH,Seeking information,feminine,0.538
2026-02-01,PH,Seeking information,masculine,0.462
2026-02-01,PH,Self-expression,feminine,0.604
2026-02-01,PH,Self-expression,masculine,0.396
2026-02-01,PH,Technical help,feminine,0.387
2026-02-01,PH,Technical help,masculine,0.613
2026-02-01,PH,Writing,feminine,0.631
2026-02-01,PH,Writing,masculine,0.369
2026-02-01,PK,Multimedia,feminine,0.277
2026-02-01,PK,Multimedia,masculine,0.723
2026-02-01,PK,Other/Unknown,feminine,0.363
2026-02-01,PK,Other/Unknown,masculine,0.637
2026-02-01,PK,Practical Guidance,feminine,0.394
2026-02-01,PK,Practical Guidance,masculine,0.606
2026-02-01,PK,Seeking information,feminine,0.388
2026-02-01,PK,Seeking information,masculine,0.612
2026-02-01,PK,Self-expression,feminine,0.433
2026-02-01,PK,Self-expression,masculine,0.567
2026-02-01,PK,Technical help,feminine,0.322
2026-02-01,PK,Technical help,masculine,0.678
2026-02-01,PK,Writing,feminine,0.397
2026-02-01,PK,Writing,masculine,0.603
2026-02-01,PL,Multimedia,feminine,0.586
2026-02-01,PL,Multimedia,masculine,0.414
2026-02-01,PL,Other/Unknown,feminine,0.577
2026-02-01,PL,Other/Unknown,masculine,0.423
2026-02-01,PL,Practical Guidance,feminine,0.564
2026-02-01,PL,Practical Guidance,masculine,0.436
2026-02-01,PL,Seeking information,feminine,0.532
2026-02-01,PL,Seeking information,masculine,0.468
2026-02-01,PL,Self-expression,feminine,0.655
2026-02-01,PL,Self-expression,masculine,0.345
2026-02-01,PL,Technical help,feminine,0.367
2026-02-01,PL,Technical help,masculine,0.633
2026-02-01,PL,Writing,feminine,0.616
2026-02-01,PL,Writing,masculine,0.384
2026-02-01,PT,Practical Guidance,feminine,0.559
2026-02-01,PT,Practical Guidance,masculine,0.441
2026-02-01,PT,Seeking information,feminine,0.453
2026-02-01,PT,Seeking information,masculine,0.547
2026-02-01,PT,Writing,feminine,0.576
2026-02-01,PT,Writing,masculine,0.424
2026-02-01,RO,Practical Guidance,feminine,0.516
2026-02-01,RO,Practical Guidance,masculine,0.484
2026-02-01,RO,Seeking information,feminine,0.530
2026-02-01,RO,Seeking information,masculine,0.470
2026-02-01,RO,Self-expression,feminine,0.687
2026-02-01,RO,Self-expression,masculine,0.313
2026-02-01,RO,Writing,feminine,0.630
2026-02-01,RO,Writing,masculine,0.370
2026-02-01,RS,Practical Guidance,feminine,0.644
2026-02-01,RS,Practical Guidance,masculine,0.356
2026-02-01,RS,Seeking information,feminine,0.590
2026-02-01,RS,Seeking information,masculine,0.410
2026-02-01,RS,Self-expression,feminine,0.711
2026-02-01,RS,Self-expression,masculine,0.289
2026-02-01,RS,Writing,feminine,0.664
2026-02-01,RS,Writing,masculine,0.336
2026-02-01,SA,Practical Guidance,feminine,0.509
2026-02-01,SA,Practical Guidance,masculine,0.491
2026-02-01,SA,Seeking information,feminine,0.382
2026-02-01,SA,Seeking information,masculine,0.618
2026-02-01,SA,Self-expression,feminine,0.638
2026-02-01,SA,Self-expression,masculine,0.362
2026-02-01,SA,Writing,feminine,0.446
2026-02-01,SA,Writing,masculine,0.554
2026-02-01,SE,Practical Guidance,feminine,0.531
2026-02-01,SE,Practical Guidance,masculine,0.469
2026-02-01,SE,Seeking information,feminine,0.493
2026-02-01,SE,Seeking information,masculine,0.507
2026-02-01,SE,Writing,feminine,0.584
2026-02-01,SE,Writing,masculine,0.416
2026-02-01,SG,Practical Guidance,feminine,0.423
2026-02-01,SG,Practical Guidance,masculine,0.577
2026-02-01,SG,Seeking information,feminine,0.378
2026-02-01,SG,Seeking information,masculine,0.622
2026-02-01,SG,Writing,feminine,0.495
2026-02-01,SG,Writing,masculine,0.505
2026-02-01,SK,Practical Guidance,feminine,0.537
2026-02-01,SK,Practical Guidance,masculine,0.463
2026-02-01,SK,Seeking information,feminine,0.573
2026-02-01,SK,Seeking information,masculine,0.427
2026-02-01,SK,Writing,feminine,0.600
2026-02-01,SK,Writing,masculine,0.400
2026-02-01,TH,Practical Guidance,feminine,0.511
2026-02-01,TH,Practical Guidance,masculine,0.489
2026-02-01,TH,Seeking information,feminine,0.533
2026-02-01,TH,Seeking information,masculine,0.467
2026-02-01,TH,Writing,feminine,0.528
2026-02-01,TH,Writing,masculine,0.472
2026-02-01,TN,Practical Guidance,feminine,0.591
2026-02-01,TN,Practical Guidance,masculine,0.409
2026-02-01,TN,Writing,feminine,0.619
2026-02-01,TN,Writing,masculine,0.381
2026-02-01,TR,Multimedia,feminine,0.498
2026-02-01,TR,Multimedia,masculine,0.502
2026-02-01,TR,Other/Unknown,feminine,0.522
2026-02-01,TR,Other/Unknown,masculine,0.478
2026-02-01,TR,Practical Guidance,feminine,0.554
2026-02-01,TR,Practical Guidance,masculine,0.446
2026-02-01,TR,Seeking information,feminine,0.512
2026-02-01,TR,Seeking information,masculine,0.488
2026-02-01,TR,Self-expression,feminine,0.682
2026-02-01,TR,Self-expression,masculine,0.318
2026-02-01,TR,Technical help,feminine,0.323
2026-02-01,TR,Technical help,masculine,0.677
2026-02-01,TR,Writing,feminine,0.546
2026-02-01,TR,Writing,masculine,0.454
2026-02-01,TW,Practical Guidance,feminine,0.366
2026-02-01,TW,Practical Guidance,masculine,0.634
2026-02-01,TW,Writing,feminine,0.436
2026-02-01,TW,Writing,masculine,0.564
2026-02-01,UA,Practical Guidance,feminine,0.534
2026-02-01,UA,Practical Guidance,masculine,0.466
2026-02-01,UA,Seeking information,feminine,0.520
2026-02-01,UA,Seeking information,masculine,0.480
2026-02-01,UA,Self-expression,feminine,0.638
2026-02-01,UA,Self-expression,masculine,0.362
2026-02-01,UA,Writing,feminine,0.659
2026-02-01,UA,Writing,masculine,0.341
2026-02-01,US,Multimedia,feminine,0.547
2026-02-01,US,Multimedia,masculine,0.453
2026-02-01,US,Other/Unknown,feminine,0.483
2026-02-01,US,Other/Unknown,masculine,0.517
2026-02-01,US,Practical Guidance,feminine,0.530
2026-02-01,US,Practical Guidance,masculine,0.470
2026-02-01,US,Seeking information,feminine,0.483
2026-02-01,US,Seeking information,masculine,0.517
2026-02-01,US,Self-expression,feminine,0.588
2026-02-01,US,Self-expression,masculine,0.412
2026-02-01,US,Technical help,feminine,0.381
2026-02-01,US,Technical help,masculine,0.619
2026-02-01,US,Writing,feminine,0.589
2026-02-01,US,Writing,masculine,0.411
2026-02-01,UY,Practical Guidance,feminine,0.545
2026-02-01,UY,Practical Guidance,masculine,0.455
2026-02-01,UZ,Practical Guidance,feminine,0.547
2026-02-01,UZ,Practical Guidance,masculine,0.453
2026-02-01,UZ,Seeking information,feminine,0.424
2026-02-01,UZ,Seeking information,masculine,0.576
2026-02-01,UZ,Writing,feminine,0.560
2026-02-01,UZ,Writing,masculine,0.440
2026-02-01,VN,Practical Guidance,feminine,0.517
2026-02-01,VN,Practical Guidance,masculine,0.483
2026-02-01,VN,Seeking information,feminine,0.513
2026-02-01,VN,Seeking information,masculine,0.487
2026-02-01,VN,Self-expression,feminine,0.550
2026-02-01,VN,Self-expression,masculine,0.450
2026-02-01,VN,Writing,feminine,0.567
2026-02-01,VN,Writing,masculine,0.433
2026-02-01,ZA,Practical Guidance,feminine,0.585
2026-02-01,ZA,Practical Guidance,masculine,0.415
2026-02-01,ZA,Seeking information,feminine,0.508
2026-02-01,ZA,Seeking information,masculine,0.492
2026-02-01,ZA,Writing,feminine,0.623
2026-02-01,ZA,Writing,masculine,0.377
2026-03-01,AE,Practical Guidance,feminine,0.514
2026-03-01,AE,Practical Guidance,masculine,0.486
2026-03-01,AE,Seeking information,feminine,0.391
2026-03-01,AE,Seeking information,masculine,0.609
2026-03-01,AE,Writing,feminine,0.513
2026-03-01,AE,Writing,masculine,0.487
2026-03-01,AR,Multimedia,feminine,0.558
2026-03-01,AR,Multimedia,masculine,0.442
2026-03-01,AR,Other/Unknown,feminine,0.586
2026-03-01,AR,Other/Unknown,masculine,0.414
2026-03-01,AR,Practical Guidance,feminine,0.593
2026-03-01,AR,Practical Guidance,masculine,0.407
2026-03-01,AR,Seeking information,feminine,0.527
2026-03-01,AR,Seeking information,masculine,0.473
2026-03-01,AR,Self-expression,feminine,0.699
2026-03-01,AR,Self-expression,masculine,0.301
2026-03-01,AR,Technical help,feminine,0.423
2026-03-01,AR,Technical help,masculine,0.577
2026-03-01,AR,Writing,feminine,0.675
2026-03-01,AR,Writing,masculine,0.325
2026-03-01,AT,Practical Guidance,feminine,0.568
2026-03-01,AT,Practical Guidance,masculine,0.432
2026-03-01,AT,Seeking information,feminine,0.545
2026-03-01,AT,Seeking information,masculine,0.455
2026-03-01,AT,Writing,feminine,0.647
2026-03-01,AT,Writing,masculine,0.353
2026-03-01,AU,Multimedia,feminine,0.528
2026-03-01,AU,Multimedia,masculine,0.472
2026-03-01,AU,Other/Unknown,feminine,0.527
2026-03-01,AU,Other/Unknown,masculine,0.473
2026-03-01,AU,Practical Guidance,feminine,0.593
2026-03-01,AU,Practical Guidance,masculine,0.407
2026-03-01,AU,Seeking information,feminine,0.456
2026-03-01,AU,Seeking information,masculine,0.544
2026-03-01,AU,Self-expression,feminine,0.634
2026-03-01,AU,Self-expression,masculine,0.366
2026-03-01,AU,Technical help,feminine,0.472
2026-03-01,AU,Technical help,masculine,0.528
2026-03-01,AU,Writing,feminine,0.570
2026-03-01,AU,Writing,masculine,0.430
2026-03-01,AZ,Practical Guidance,feminine,0.506
2026-03-01,AZ,Practical Guidance,masculine,0.494
2026-03-01,BD,Practical Guidance,feminine,0.352
2026-03-01,BD,Practical Guidance,masculine,0.648
2026-03-01,BD,Seeking information,feminine,0.315
2026-03-01,BD,Seeking information,masculine,0.685
2026-03-01,BD,Writing,feminine,0.366
2026-03-01,BD,Writing,masculine,0.634
2026-03-01,BE,Practical Guidance,feminine,0.532
2026-03-01,BE,Practical Guidance,masculine,0.468
2026-03-01,BE,Seeking information,feminine,0.512
2026-03-01,BE,Seeking information,masculine,0.488
2026-03-01,BE,Writing,feminine,0.605
2026-03-01,BE,Writing,masculine,0.395
2026-03-01,BG,Practical Guidance,feminine,0.518
2026-03-01,BG,Practical Guidance,masculine,0.482
2026-03-01,BG,Seeking information,feminine,0.371
2026-03-01,BG,Seeking information,masculine,0.629
2026-03-01,BO,Practical Guidance,feminine,0.609
2026-03-01,BO,Practical Guidance,masculine,0.391
2026-03-01,BO,Writing,feminine,0.752
2026-03-01,BO,Writing,masculine,0.248
2026-03-01,BR,Multimedia,feminine,0.604
2026-03-01,BR,Multimedia,masculine,0.396
2026-03-01,BR,Other/Unknown,feminine,0.626
2026-03-01,BR,Other/Unknown,masculine,0.374
2026-03-01,BR,Practical Guidance,feminine,0.620
2026-03-01,BR,Practical Guidance,masculine,0.380
2026-03-01,BR,Seeking information,feminine,0.530
2026-03-01,BR,Seeking information,masculine,0.470
2026-03-01,BR,Self-expression,feminine,0.704
2026-03-01,BR,Self-expression,masculine,0.296
2026-03-01,BR,Technical help,feminine,0.367
2026-03-01,BR,Technical help,masculine,0.633
2026-03-01,BR,Writing,feminine,0.671
2026-03-01,BR,Writing,masculine,0.329
2026-03-01,CA,Multimedia,feminine,0.500
2026-03-01,CA,Multimedia,masculine,0.500
2026-03-01,CA,Other/Unknown,feminine,0.504
2026-03-01,CA,Other/Unknown,masculine,0.496
2026-03-01,CA,Practical Guidance,feminine,0.526
2026-03-01,CA,Practical Guidance,masculine,0.474
2026-03-01,CA,Seeking information,feminine,0.502
2026-03-01,CA,Seeking information,masculine,0.498
2026-03-01,CA,Self-expression,feminine,0.628
2026-03-01,CA,Self-expression,masculine,0.372
2026-03-01,CA,Technical help,feminine,0.379
2026-03-01,CA,Technical help,masculine,0.621
2026-03-01,CA,Writing,feminine,0.612
2026-03-01,CA,Writing,masculine,0.388
2026-03-01,CH,Practical Guidance,feminine,0.609
2026-03-01,CH,Practical Guidance,masculine,0.391
2026-03-01,CH,Seeking information,feminine,0.472
2026-03-01,CH,Seeking information,masculine,0.528
2026-03-01,CH,Writing,feminine,0.546
2026-03-01,CH,Writing,masculine,0.454
2026-03-01,CL,Multimedia,feminine,0.537
2026-03-01,CL,Multimedia,masculine,0.463
2026-03-01,CL,Practical Guidance,feminine,0.563
2026-03-01,CL,Practical Guidance,masculine,0.437
2026-03-01,CL,Seeking information,feminine,0.507
2026-03-01,CL,Seeking information,masculine,0.493
2026-03-01,CL,Self-expression,feminine,0.685
2026-03-01,CL,Self-expression,masculine,0.315
2026-03-01,CL,Writing,feminine,0.584
2026-03-01,CL,Writing,masculine,0.416
2026-03-01,CO,Multimedia,feminine,0.596
2026-03-01,CO,Multimedia,masculine,0.404
2026-03-01,CO,Other/Unknown,feminine,0.589
2026-03-01,CO,Other/Unknown,masculine,0.411
2026-03-01,CO,Practical Guidance,feminine,0.606
2026-03-01,CO,Practical Guidance,masculine,0.394
2026-03-01,CO,Seeking information,feminine,0.514
2026-03-01,CO,Seeking information,masculine,0.486
2026-03-01,CO,Self-expression,feminine,0.665
2026-03-01,CO,Self-expression,masculine,0.335
2026-03-01,CO,Technical help,feminine,0.482
2026-03-01,CO,Technical help,masculine,0.518
2026-03-01,CO,Writing,feminine,0.644
2026-03-01,CO,Writing,masculine,0.356
2026-03-01,CR,Practical Guidance,feminine,0.502
2026-03-01,CR,Practical Guidance,masculine,0.498
2026-03-01,CZ,Practical Guidance,feminine,0.597
2026-03-01,CZ,Practical Guidance,masculine,0.403
2026-03-01,CZ,Seeking information,feminine,0.568
2026-03-01,CZ,Seeking information,masculine,0.432
2026-03-01,CZ,Writing,feminine,0.570
2026-03-01,CZ,Writing,masculine,0.430
2026-03-01,DE,Multimedia,feminine,0.494
2026-03-01,DE,Multimedia,masculine,0.506
2026-03-01,DE,Other/Unknown,feminine,0.492
2026-03-01,DE,Other/Unknown,masculine,0.508
2026-03-01,DE,Practical Guidance,feminine,0.528
2026-03-01,DE,Practical Guidance,masculine,0.472
2026-03-01,DE,Seeking information,feminine,0.474
2026-03-01,DE,Seeking information,masculine,0.526
2026-03-01,DE,Self-expression,feminine,0.656
2026-03-01,DE,Self-expression,masculine,0.344
2026-03-01,DE,Technical help,feminine,0.350
2026-03-01,DE,Technical help,masculine,0.650
2026-03-01,DE,Writing,feminine,0.573
2026-03-01,DE,Writing,masculine,0.427
2026-03-01,DK,Practical Guidance,feminine,0.471
2026-03-01,DK,Practical Guidance,masculine,0.529
2026-03-01,DK,Seeking information,feminine,0.461
2026-03-01,DK,Seeking information,masculine,0.539
2026-03-01,DK,Writing,feminine,0.585
2026-03-01,DK,Writing,masculine,0.415
2026-03-01,DO,Practical Guidance,feminine,0.589
2026-03-01,DO,Practical Guidance,masculine,0.411
2026-03-01,DO,Seeking information,feminine,0.576
2026-03-01,DO,Seeking information,masculine,0.424
2026-03-01,DO,Writing,feminine,0.592
2026-03-01,DO,Writing,masculine,0.408
2026-03-01,DZ,Other/Unknown,feminine,0.528
2026-03-01,DZ,Other/Unknown,masculine,0.472
2026-03-01,DZ,Practical Guidance,feminine,0.622
2026-03-01,DZ,Practical Guidance,masculine,0.378
2026-03-01,DZ,Seeking information,feminine,0.498
2026-03-01,DZ,Seeking information,masculine,0.502
2026-03-01,DZ,Self-expression,feminine,0.630
2026-03-01,DZ,Self-expression,masculine,0.370
2026-03-01,DZ,Writing,feminine,0.582
2026-03-01,DZ,Writing,masculine,0.418
2026-03-01,EC,Practical Guidance,feminine,0.549
2026-03-01,EC,Practical Guidance,masculine,0.451
2026-03-01,EC,Seeking information,feminine,0.425
2026-03-01,EC,Seeking information,masculine,0.575
2026-03-01,EC,Writing,feminine,0.564
2026-03-01,EC,Writing,masculine,0.436
2026-03-01,EG,Multimedia,feminine,0.489
2026-03-01,EG,Multimedia,masculine,0.511
2026-03-01,EG,Other/Unknown,feminine,0.472
2026-03-01,EG,Other/Unknown,masculine,0.528
2026-03-01,EG,Practical Guidance,feminine,0.506
2026-03-01,EG,Practical Guidance,masculine,0.494
2026-03-01,EG,Seeking information,feminine,0.433
2026-03-01,EG,Seeking information,masculine,0.567
2026-03-01,EG,Self-expression,feminine,0.672
2026-03-01,EG,Self-expression,masculine,0.328
2026-03-01,EG,Writing,feminine,0.526
2026-03-01,EG,Writing,masculine,0.474
2026-03-01,ES,Multimedia,feminine,0.536
2026-03-01,ES,Multimedia,masculine,0.464
2026-03-01,ES,Other/Unknown,feminine,0.575
2026-03-01,ES,Other/Unknown,masculine,0.425
2026-03-01,ES,Practical Guidance,feminine,0.583
2026-03-01,ES,Practical Guidance,masculine,0.417
2026-03-01,ES,Seeking information,feminine,0.522
2026-03-01,ES,Seeking information,masculine,0.478
2026-03-01,ES,Self-expression,feminine,0.688
2026-03-01,ES,Self-expression,masculine,0.312
2026-03-01,ES,Technical help,feminine,0.430
2026-03-01,ES,Technical help,masculine,0.570
2026-03-01,ES,Writing,feminine,0.605
2026-03-01,ES,Writing,masculine,0.395
2026-03-01,FI,Practical Guidance,feminine,0.564
2026-03-01,FI,Practical Guidance,masculine,0.436
2026-03-01,FR,Multimedia,feminine,0.517
2026-03-01,FR,Multimedia,masculine,0.483
2026-03-01,FR,Other/Unknown,feminine,0.541
2026-03-01,FR,Other/Unknown,masculine,0.459
2026-03-01,FR,Practical Guidance,feminine,0.577
2026-03-01,FR,Practical Guidance,masculine,0.423
2026-03-01,FR,Seeking information,feminine,0.514
2026-03-01,FR,Seeking information,masculine,0.486
2026-03-01,FR,Self-expression,feminine,0.675
2026-03-01,FR,Self-expression,masculine,0.325
2026-03-01,FR,Technical help,feminine,0.431
2026-03-01,FR,Technical help,masculine,0.569
2026-03-01,FR,Writing,feminine,0.593
2026-03-01,FR,Writing,masculine,0.407
2026-03-01,GB,Multimedia,feminine,0.526
2026-03-01,GB,Multimedia,masculine,0.474
2026-03-01,GB,Other/Unknown,feminine,0.450
2026-03-01,GB,Other/Unknown,masculine,0.550
2026-03-01,GB,Practical Guidance,feminine,0.538
2026-03-01,GB,Practical Guidance,masculine,0.462
2026-03-01,GB,Seeking information,feminine,0.471
2026-03-01,GB,Seeking information,masculine,0.529
2026-03-01,GB,Self-expression,feminine,0.584
2026-03-01,GB,Self-expression,masculine,0.416
2026-03-01,GB,Technical help,feminine,0.361
2026-03-01,GB,Technical help,masculine,0.639
2026-03-01,GB,Writing,feminine,0.570
2026-03-01,GB,Writing,masculine,0.430
2026-03-01,GE,Practical Guidance,feminine,0.635
2026-03-01,GE,Practical Guidance,masculine,0.365
2026-03-01,GH,Practical Guidance,feminine,0.399
2026-03-01,GH,Practical Guidance,masculine,0.601
2026-03-01,GR,Practical Guidance,feminine,0.519
2026-03-01,GR,Practical Guidance,masculine,0.481
2026-03-01,GR,Seeking information,feminine,0.470
2026-03-01,GR,Seeking information,masculine,0.530
2026-03-01,GR,Writing,feminine,0.515
2026-03-01,GR,Writing,masculine,0.485
2026-03-01,GT,Practical Guidance,feminine,0.645
2026-03-01,GT,Practical Guidance,masculine,0.355
2026-03-01,GT,Writing,feminine,0.641
2026-03-01,GT,Writing,masculine,0.359
2026-03-01,HR,Practical Guidance,feminine,0.610
2026-03-01,HR,Practical Guidance,masculine,0.390
2026-03-01,HR,Seeking information,feminine,0.595
2026-03-01,HR,Seeking information,masculine,0.405
2026-03-01,HU,Practical Guidance,feminine,0.539
2026-03-01,HU,Practical Guidance,masculine,0.461
2026-03-01,HU,Seeking information,feminine,0.452
2026-03-01,HU,Seeking information,masculine,0.548
2026-03-01,HU,Writing,feminine,0.606
2026-03-01,HU,Writing,masculine,0.394
2026-03-01,ID,Multimedia,feminine,0.513
2026-03-01,ID,Multimedia,masculine,0.487
2026-03-01,ID,Other/Unknown,feminine,0.573
2026-03-01,ID,Other/Unknown,masculine,0.427
2026-03-01,ID,Practical Guidance,feminine,0.600
2026-03-01,ID,Practical Guidance,masculine,0.400
2026-03-01,ID,Seeking information,feminine,0.545
2026-03-01,ID,Seeking information,masculine,0.455
2026-03-01,ID,Self-expression,feminine,0.623
2026-03-01,ID,Self-expression,masculine,0.377
2026-03-01,ID,Technical help,feminine,0.448
2026-03-01,ID,Technical help,masculine,0.552
2026-03-01,ID,Writing,feminine,0.655
2026-03-01,ID,Writing,masculine,0.345
2026-03-01,IE,Practical Guidance,feminine,0.573
2026-03-01,IE,Practical Guidance,masculine,0.427
2026-03-01,IE,Seeking information,feminine,0.559
2026-03-01,IE,Seeking information,masculine,0.441
2026-03-01,IE,Writing,feminine,0.600
2026-03-01,IE,Writing,masculine,0.400
2026-03-01,IL,Practical Guidance,feminine,0.514
2026-03-01,IL,Practical Guidance,masculine,0.486
2026-03-01,IL,Seeking information,feminine,0.432
2026-03-01,IL,Seeking information,masculine,0.568
2026-03-01,IL,Writing,feminine,0.491
2026-03-01,IL,Writing,masculine,0.509
2026-03-01,IN,Multimedia,feminine,0.354
2026-03-01,IN,Multimedia,masculine,0.646
2026-03-01,IN,Other/Unknown,feminine,0.457
2026-03-01,IN,Other/Unknown,masculine,0.543
2026-03-01,IN,Practical Guidance,feminine,0.463
2026-03-01,IN,Practical Guidance,masculine,0.537
2026-03-01,IN,Seeking information,feminine,0.391
2026-03-01,IN,Seeking information,masculine,0.609
2026-03-01,IN,Self-expression,feminine,0.530
2026-03-01,IN,Self-expression,masculine,0.470
2026-03-01,IN,Technical help,feminine,0.360
2026-03-01,IN,Technical help,masculine,0.640
2026-03-01,IN,Writing,feminine,0.452
2026-03-01,IN,Writing,masculine,0.548
2026-03-01,IQ,Practical Guidance,feminine,0.545
2026-03-01,IQ,Practical Guidance,masculine,0.455
2026-03-01,IQ,Seeking information,feminine,0.468
2026-03-01,IQ,Seeking information,masculine,0.532
2026-03-01,IQ,Writing,feminine,0.483
2026-03-01,IQ,Writing,masculine,0.517
2026-03-01,IT,Multimedia,feminine,0.568
2026-03-01,IT,Multimedia,masculine,0.432
2026-03-01,IT,Other/Unknown,feminine,0.448
2026-03-01,IT,Other/Unknown,masculine,0.552
2026-03-01,IT,Practical Guidance,feminine,0.574
2026-03-01,IT,Practical Guidance,masculine,0.426
2026-03-01,IT,Seeking information,feminine,0.477
2026-03-01,IT,Seeking information,masculine,0.523
2026-03-01,IT,Self-expression,feminine,0.701
2026-03-01,IT,Self-expression,masculine,0.299
2026-03-01,IT,Technical help,feminine,0.434
2026-03-01,IT,Technical help,masculine,0.566
2026-03-01,IT,Writing,feminine,0.628
2026-03-01,IT,Writing,masculine,0.372
2026-03-01,JO,Practical Guidance,feminine,0.607
2026-03-01,JO,Practical Guidance,masculine,0.393
2026-03-01,JP,Other/Unknown,feminine,0.484
2026-03-01,JP,Other/Unknown,masculine,0.516
2026-03-01,JP,Practical Guidance,feminine,0.465
2026-03-01,JP,Practical Guidance,masculine,0.535
2026-03-01,JP,Seeking information,feminine,0.377
2026-03-01,JP,Seeking information,masculine,0.623
2026-03-01,JP,Self-expression,feminine,0.628
2026-03-01,JP,Self-expression,masculine,0.372
2026-03-01,JP,Writing,feminine,0.484
2026-03-01,JP,Writing,masculine,0.516
2026-03-01,KE,Practical Guidance,feminine,0.545
2026-03-01,KE,Practical Guidance,masculine,0.455
2026-03-01,KE,Seeking information,feminine,0.425
2026-03-01,KE,Seeking information,masculine,0.575
2026-03-01,KE,Writing,feminine,0.550
2026-03-01,KE,Writing,masculine,0.450
2026-03-01,KR,Practical Guidance,feminine,0.620
2026-03-01,KR,Practical Guidance,masculine,0.380
2026-03-01,KR,Seeking information,feminine,0.527
2026-03-01,KR,Seeking information,masculine,0.473
2026-03-01,KR,Self-expression,feminine,0.653
2026-03-01,KR,Self-expression,masculine,0.347
2026-03-01,KR,Writing,feminine,0.625
2026-03-01,KR,Writing,masculine,0.375
2026-03-01,KZ,Practical Guidance,feminine,0.479
2026-03-01,KZ,Practical Guidance,masculine,0.521
2026-03-01,KZ,Seeking information,feminine,0.402
2026-03-01,KZ,Seeking information,masculine,0.598
2026-03-01,KZ,Self-expression,feminine,0.534
2026-03-01,KZ,Self-expression,masculine,0.466
2026-03-01,KZ,Writing,feminine,0.537
2026-03-01,KZ,Writing,masculine,0.463
2026-03-01,LB,Practical Guidance,feminine,0.578
2026-03-01,LB,Practical Guidance,masculine,0.422
2026-03-01,LT,Practical Guidance,feminine,0.590
2026-03-01,LT,Practical Guidance,masculine,0.410
2026-03-01,MA,Other/Unknown,feminine,0.579
2026-03-01,MA,Other/Unknown,masculine,0.421
2026-03-01,MA,Practical Guidance,feminine,0.566
2026-03-01,MA,Practical Guidance,masculine,0.434
2026-03-01,MA,Seeking information,feminine,0.490
2026-03-01,MA,Seeking information,masculine,0.510
2026-03-01,MA,Writing,feminine,0.479
2026-03-01,MA,Writing,masculine,0.521
2026-03-01,MX,Multimedia,feminine,0.524
2026-03-01,MX,Multimedia,masculine,0.476
2026-03-01,MX,Other/Unknown,feminine,0.525
2026-03-01,MX,Other/Unknown,masculine,0.475
2026-03-01,MX,Practical Guidance,feminine,0.567
2026-03-01,MX,Practical Guidance,masculine,0.433
2026-03-01,MX,Seeking information,feminine,0.500
2026-03-01,MX,Seeking information,masculine,0.500
2026-03-01,MX,Self-expression,feminine,0.645
2026-03-01,MX,Self-expression,masculine,0.355
2026-03-01,MX,Technical help,feminine,0.406
2026-03-01,MX,Technical help,masculine,0.594
2026-03-01,MX,Writing,feminine,0.597
2026-03-01,MX,Writing,masculine,0.403
2026-03-01,MY,Practical Guidance,feminine,0.536
2026-03-01,MY,Practical Guidance,masculine,0.464
2026-03-01,MY,Seeking information,feminine,0.475
2026-03-01,MY,Seeking information,masculine,0.525
2026-03-01,MY,Self-expression,feminine,0.522
2026-03-01,MY,Self-expression,masculine,0.478
2026-03-01,MY,Writing,feminine,0.600
2026-03-01,MY,Writing,masculine,0.400
2026-03-01,NG,Practical Guidance,feminine,0.454
2026-03-01,NG,Practical Guidance,masculine,0.546
2026-03-01,NG,Seeking information,feminine,0.422
2026-03-01,NG,Seeking information,masculine,0.578
2026-03-01,NG,Self-expression,feminine,0.446
2026-03-01,NG,Self-expression,masculine,0.554
2026-03-01,NG,Writing,feminine,0.360
2026-03-01,NG,Writing,masculine,0.640
2026-03-01,NL,Multimedia,feminine,0.529
2026-03-01,NL,Multimedia,masculine,0.471
2026-03-01,NL,Other/Unknown,feminine,0.551
2026-03-01,NL,Other/Unknown,masculine,0.449
2026-03-01,NL,Practical Guidance,feminine,0.544
2026-03-01,NL,Practical Guidance,masculine,0.456
2026-03-01,NL,Seeking information,feminine,0.484
2026-03-01,NL,Seeking information,masculine,0.516
2026-03-01,NL,Self-expression,feminine,0.608
2026-03-01,NL,Self-expression,masculine,0.392
2026-03-01,NL,Technical help,feminine,0.308
2026-03-01,NL,Technical help,masculine,0.692
2026-03-01,NL,Writing,feminine,0.554
2026-03-01,NL,Writing,masculine,0.446
2026-03-01,NO,Practical Guidance,feminine,0.592
2026-03-01,NO,Practical Guidance,masculine,0.408
2026-03-01,NO,Seeking information,feminine,0.504
2026-03-01,NO,Seeking information,masculine,0.496
2026-03-01,NO,Writing,feminine,0.591
2026-03-01,NO,Writing,masculine,0.409
2026-03-01,NP,Practical Guidance,feminine,0.501
2026-03-01,NP,Practical Guidance,masculine,0.499
2026-03-01,NZ,Practical Guidance,feminine,0.573
2026-03-01,NZ,Practical Guidance,masculine,0.427
2026-03-01,NZ,Writing,feminine,0.592
2026-03-01,NZ,Writing,masculine,0.408
2026-03-01,PE,Multimedia,feminine,0.533
2026-03-01,PE,Multimedia,masculine,0.467
2026-03-01,PE,Practical Guidance,feminine,0.546
2026-03-01,PE,Practical Guidance,masculine,0.454
2026-03-01,PE,Seeking information,feminine,0.450
2026-03-01,PE,Seeking information,masculine,0.550
2026-03-01,PE,Self-expression,feminine,0.674
2026-03-01,PE,Self-expression,masculine,0.326
2026-03-01,PE,Writing,feminine,0.584
2026-03-01,PE,Writing,masculine,0.416
2026-03-01,PH,Multimedia,feminine,0.479
2026-03-01,PH,Multimedia,masculine,0.521
2026-03-01,PH,Other/Unknown,feminine,0.592
2026-03-01,PH,Other/Unknown,masculine,0.408
2026-03-01,PH,Practical Guidance,feminine,0.553
2026-03-01,PH,Practical Guidance,masculine,0.447
2026-03-01,PH,Seeking information,feminine,0.501
2026-03-01,PH,Seeking information,masculine,0.499
2026-03-01,PH,Self-expression,feminine,0.633
2026-03-01,PH,Self-expression,masculine,0.367
2026-03-01,PH,Technical help,feminine,0.466
2026-03-01,PH,Technical help,masculine,0.534
2026-03-01,PH,Writing,feminine,0.608
2026-03-01,PH,Writing,masculine,0.392
2026-03-01,PK,Multimedia,feminine,0.266
2026-03-01,PK,Multimedia,masculine,0.734
2026-03-01,PK,Other/Unknown,feminine,0.345
2026-03-01,PK,Other/Unknown,masculine,0.655
2026-03-01,PK,Practical Guidance,feminine,0.403
2026-03-01,PK,Practical Guidance,masculine,0.597
2026-03-01,PK,Seeking information,feminine,0.290
2026-03-01,PK,Seeking information,masculine,0.710
2026-03-01,PK,Self-expression,feminine,0.460
2026-03-01,PK,Self-expression,masculine,0.540
2026-03-01,PK,Writing,feminine,0.369
2026-03-01,PK,Writing,masculine,0.631
2026-03-01,PL,Multimedia,feminine,0.559
2026-03-01,PL,Multimedia,masculine,0.441
2026-03-01,PL,Other/Unknown,feminine,0.583
2026-03-01,PL,Other/Unknown,masculine,0.417
2026-03-01,PL,Practical Guidance,feminine,0.605
2026-03-01,PL,Practical Guidance,masculine,0.395
2026-03-01,PL,Seeking information,feminine,0.508
2026-03-01,PL,Seeking information,masculine,0.492
2026-03-01,PL,Self-expression,feminine,0.681
2026-03-01,PL,Self-expression,masculine,0.319
2026-03-01,PL,Technical help,feminine,0.354
2026-03-01,PL,Technical help,masculine,0.646
2026-03-01,PL,Writing,feminine,0.668
2026-03-01,PL,Writing,masculine,0.332
2026-03-01,PT,Practical Guidance,feminine,0.557
2026-03-01,PT,Practical Guidance,masculine,0.443
2026-03-01,PT,Seeking information,feminine,0.527
2026-03-01,PT,Seeking information,masculine,0.473
2026-03-01,PT,Writing,feminine,0.605
2026-03-01,PT,Writing,masculine,0.395
2026-03-01,RO,Practical Guidance,feminine,0.647
2026-03-01,RO,Practical Guidance,masculine,0.353
2026-03-01,RO,Seeking information,feminine,0.603
2026-03-01,RO,Seeking information,masculine,0.397
2026-03-01,RO,Self-expression,feminine,0.629
2026-03-01,RO,Self-expression,masculine,0.371
2026-03-01,RO,Writing,feminine,0.686
2026-03-01,RO,Writing,masculine,0.314
2026-03-01,RS,Practical Guidance,feminine,0.614
2026-03-01,RS,Practical Guidance,masculine,0.386
2026-03-01,RS,Seeking information,feminine,0.553
2026-03-01,RS,Seeking information,masculine,0.447
2026-03-01,RS,Writing,feminine,0.545
2026-03-01,RS,Writing,masculine,0.455
2026-03-01,SA,Practical Guidance,feminine,0.474
2026-03-01,SA,Practical Guidance,masculine,0.526
2026-03-01,SA,Seeking information,feminine,0.387
2026-03-01,SA,Seeking information,masculine,0.613
2026-03-01,SA,Self-expression,feminine,0.590
2026-03-01,SA,Self-expression,masculine,0.410
2026-03-01,SA,Writing,feminine,0.460
2026-03-01,SA,Writing,masculine,0.540
2026-03-01,SE,Practical Guidance,feminine,0.525
2026-03-01,SE,Practical Guidance,masculine,0.475
2026-03-01,SE,Seeking information,feminine,0.423
2026-03-01,SE,Seeking information,masculine,0.577
2026-03-01,SE,Writing,feminine,0.521
2026-03-01,SE,Writing,masculine,0.479
2026-03-01,SG,Practical Guidance,feminine,0.453
2026-03-01,SG,Practical Guidance,masculine,0.547
2026-03-01,SG,Seeking information,feminine,0.382
2026-03-01,SG,Seeking information,masculine,0.618
2026-03-01,SG,Writing,feminine,0.573
2026-03-01,SG,Writing,masculine,0.427
2026-03-01,SK,Practical Guidance,feminine,0.692
2026-03-01,SK,Practical Guidance,masculine,0.308
2026-03-01,SK,Seeking information,feminine,0.568
2026-03-01,SK,Seeking information,masculine,0.432
2026-03-01,TH,Practical Guidance,feminine,0.491
2026-03-01,TH,Practical Guidance,masculine,0.509
2026-03-01,TH,Seeking information,feminine,0.522
2026-03-01,TH,Seeking information,masculine,0.478
2026-03-01,TH,Writing,feminine,0.481
2026-03-01,TH,Writing,masculine,0.519
2026-03-01,TN,Practical Guidance,feminine,0.650
2026-03-01,TN,Practical Guidance,masculine,0.350
2026-03-01,TN,Writing,feminine,0.540
2026-03-01,TN,Writing,masculine,0.460
2026-03-01,TR,Multimedia,feminine,0.494
2026-03-01,TR,Multimedia,masculine,0.506
2026-03-01,TR,Other/Unknown,feminine,0.525
2026-03-01,TR,Other/Unknown,masculine,0.475
2026-03-01,TR,Practical Guidance,feminine,0.541
2026-03-01,TR,Practical Guidance,masculine,0.459
2026-03-01,TR,Seeking information,feminine,0.470
2026-03-01,TR,Seeking information,masculine,0.530
2026-03-01,TR,Self-expression,feminine,0.633
2026-03-01,TR,Self-expression,masculine,0.367
2026-03-01,TR,Technical help,feminine,0.336
2026-03-01,TR,Technical help,masculine,0.664
2026-03-01,TR,Writing,feminine,0.540
2026-03-01,TR,Writing,masculine,0.460
2026-03-01,TW,Practical Guidance,feminine,0.540
2026-03-01,TW,Practical Guidance,masculine,0.460
2026-03-01,TW,Writing,feminine,0.542
2026-03-01,TW,Writing,masculine,0.458
2026-03-01,TZ,Practical Guidance,feminine,0.467
2026-03-01,TZ,Practical Guidance,masculine,0.533
2026-03-01,UA,Other/Unknown,feminine,0.615
2026-03-01,UA,Other/Unknown,masculine,0.385
2026-03-01,UA,Practical Guidance,feminine,0.587
2026-03-01,UA,Practical Guidance,masculine,0.413
2026-03-01,UA,Seeking information,feminine,0.563
2026-03-01,UA,Seeking information,masculine,0.437
2026-03-01,UA,Self-expression,feminine,0.673
2026-03-01,UA,Self-expression,masculine,0.327
2026-03-01,UA,Writing,feminine,0.632
2026-03-01,UA,Writing,masculine,0.368
2026-03-01,US,Multimedia,feminine,0.500
2026-03-01,US,Multimedia,masculine,0.500
2026-03-01,US,Other/Unknown,feminine,0.513
2026-03-01,US,Other/Unknown,masculine,0.487
2026-03-01,US,Practical Guidance,feminine,0.534
2026-03-01,US,Practical Guidance,masculine,0.466
2026-03-01,US,Seeking information,feminine,0.478
2026-03-01,US,Seeking information,masculine,0.522
2026-03-01,US,Self-expression,feminine,0.590
2026-03-01,US,Self-expression,masculine,0.410
2026-03-01,US,Technical help,feminine,0.400
2026-03-01,US,Technical help,masculine,0.600
2026-03-01,US,Writing,feminine,0.584
2026-03-01,US,Writing,masculine,0.416
2026-03-01,UY,Practical Guidance,feminine,0.595
2026-03-01,UY,Practical Guidance,masculine,0.405
2026-03-01,UZ,Practical Guidance,feminine,0.438
2026-03-01,UZ,Practical Guidance,masculine,0.562
2026-03-01,UZ,Seeking information,feminine,0.404
2026-03-01,UZ,Seeking information,masculine,0.596
2026-03-01,UZ,Writing,feminine,0.554
2026-03-01,UZ,Writing,masculine,0.446
2026-03-01,VN,Practical Guidance,feminine,0.498
2026-03-01,VN,Practical Guidance,masculine,0.502
2026-03-01,VN,Seeking information,feminine,0.443
2026-03-01,VN,Seeking information,masculine,0.557
2026-03-01,VN,Self-expression,feminine,0.534
2026-03-01,VN,Self-expression,masculine,0.466
2026-03-01,VN,Writing,feminine,0.561
2026-03-01,VN,Writing,masculine,0.439
2026-03-01,ZA,Practical Guidance,feminine,0.547
2026-03-01,ZA,Practical Guidance,masculine,0.453
2026-03-01,ZA,Seeking information,feminine,0.527
2026-03-01,ZA,Seeking information,masculine,0.473
2026-03-01,ZA,Writing,feminine,0.589
2026-03-01,ZA,Writing,masculine,0.411
2026-04-01,AE,Practical Guidance,feminine,0.550
2026-04-01,AE,Practical Guidance,masculine,0.450
2026-04-01,AE,Seeking information,feminine,0.433
2026-04-01,AE,Seeking information,masculine,0.567
2026-04-01,AE,Writing,feminine,0.502
2026-04-01,AE,Writing,masculine,0.498
2026-04-01,AR,Multimedia,feminine,0.610
2026-04-01,AR,Multimedia,masculine,0.390
2026-04-01,AR,Other/Unknown,feminine,0.537
2026-04-01,AR,Other/Unknown,masculine,0.463
2026-04-01,AR,Practical Guidance,feminine,0.600
2026-04-01,AR,Practical Guidance,masculine,0.400
2026-04-01,AR,Seeking information,feminine,0.525
2026-04-01,AR,Seeking information,masculine,0.475
2026-04-01,AR,Self-expression,feminine,0.663
2026-04-01,AR,Self-expression,masculine,0.337
2026-04-01,AR,Technical help,feminine,0.354
2026-04-01,AR,Technical help,masculine,0.646
2026-04-01,AR,Writing,feminine,0.667
2026-04-01,AR,Writing,masculine,0.333
2026-04-01,AT,Practical Guidance,feminine,0.583
2026-04-01,AT,Practical Guidance,masculine,0.417
2026-04-01,AT,Seeking information,feminine,0.480
2026-04-01,AT,Seeking information,masculine,0.520
2026-04-01,AT,Writing,feminine,0.664
2026-04-01,AT,Writing,masculine,0.336
2026-04-01,AU,Multimedia,feminine,0.590
2026-04-01,AU,Multimedia,masculine,0.410
2026-04-01,AU,Other/Unknown,feminine,0.471
2026-04-01,AU,Other/Unknown,masculine,0.529
2026-04-01,AU,Practical Guidance,feminine,0.513
2026-04-01,AU,Practical Guidance,masculine,0.487
2026-04-01,AU,Seeking information,feminine,0.504
2026-04-01,AU,Seeking information,masculine,0.496
2026-04-01,AU,Self-expression,feminine,0.614
2026-04-01,AU,Self-expression,masculine,0.386
2026-04-01,AU,Technical help,feminine,0.344
2026-04-01,AU,Technical help,masculine,0.656
2026-04-01,AU,Writing,feminine,0.589
2026-04-01,AU,Writing,masculine,0.411
2026-04-01,AZ,Practical Guidance,feminine,0.526
2026-04-01,AZ,Practical Guidance,masculine,0.474
2026-04-01,BD,Other/Unknown,feminine,0.372
2026-04-01,BD,Other/Unknown,masculine,0.628
2026-04-01,BD,Practical Guidance,feminine,0.403
2026-04-01,BD,Practical Guidance,masculine,0.597
2026-04-01,BD,Seeking information,feminine,0.319
2026-04-01,BD,Seeking information,masculine,0.681
2026-04-01,BD,Writing,feminine,0.375
2026-04-01,BD,Writing,masculine,0.625
2026-04-01,BE,Practical Guidance,feminine,0.602
2026-04-01,BE,Practical Guidance,masculine,0.398
2026-04-01,BE,Seeking information,feminine,0.462
2026-04-01,BE,Seeking information,masculine,0.538
2026-04-01,BE,Writing,feminine,0.633
2026-04-01,BE,Writing,masculine,0.367
2026-04-01,BG,Practical Guidance,feminine,0.501
2026-04-01,BG,Practical Guidance,masculine,0.499
2026-04-01,BG,Seeking information,feminine,0.388
2026-04-01,BG,Seeking information,masculine,0.612
2026-04-01,BG,Writing,feminine,0.550
2026-04-01,BG,Writing,masculine,0.450
2026-04-01,BO,Practical Guidance,feminine,0.562
2026-04-01,BO,Practical Guidance,masculine,0.438
2026-04-01,BO,Writing,feminine,0.534
2026-04-01,BO,Writing,masculine,0.466
2026-04-01,BR,Multimedia,feminine,0.626
2026-04-01,BR,Multimedia,masculine,0.374
2026-04-01,BR,Other/Unknown,feminine,0.622
2026-04-01,BR,Other/Unknown,masculine,0.378
2026-04-01,BR,Practical Guidance,feminine,0.620
2026-04-01,BR,Practical Guidance,masculine,0.380
2026-04-01,BR,Seeking information,feminine,0.524
2026-04-01,BR,Seeking information,masculine,0.476
2026-04-01,BR,Self-expression,feminine,0.686
2026-04-01,BR,Self-expression,masculine,0.314
2026-04-01,BR,Technical help,feminine,0.396
2026-04-01,BR,Technical help,masculine,0.604
2026-04-01,BR,Writing,feminine,0.667
2026-04-01,BR,Writing,masculine,0.333
2026-04-01,CA,Multimedia,feminine,0.628
2026-04-01,CA,Multimedia,masculine,0.372
2026-04-01,CA,Other/Unknown,feminine,0.509
2026-04-01,CA,Other/Unknown,masculine,0.491
2026-04-01,CA,Practical Guidance,feminine,0.555
2026-04-01,CA,Practical Guidance,masculine,0.445
2026-04-01,CA,Seeking information,feminine,0.468
2026-04-01,CA,Seeking information,masculine,0.532
2026-04-01,CA,Self-expression,feminine,0.645
2026-04-01,CA,Self-expression,masculine,0.355
2026-04-01,CA,Technical help,feminine,0.419
2026-04-01,CA,Technical help,masculine,0.581
2026-04-01,CA,Writing,feminine,0.591
2026-04-01,CA,Writing,masculine,0.409
2026-04-01,CH,Practical Guidance,feminine,0.517
2026-04-01,CH,Practical Guidance,masculine,0.483
2026-04-01,CH,Seeking information,feminine,0.476
2026-04-01,CH,Seeking information,masculine,0.524
2026-04-01,CH,Writing,feminine,0.535
2026-04-01,CH,Writing,masculine,0.465
2026-04-01,CL,Multimedia,feminine,0.605
2026-04-01,CL,Multimedia,masculine,0.395
2026-04-01,CL,Other/Unknown,feminine,0.582
2026-04-01,CL,Other/Unknown,masculine,0.418
2026-04-01,CL,Practical Guidance,feminine,0.565
2026-04-01,CL,Practical Guidance,masculine,0.435
2026-04-01,CL,Seeking information,feminine,0.487
2026-04-01,CL,Seeking information,masculine,0.513
2026-04-01,CL,Self-expression,feminine,0.688
2026-04-01,CL,Self-expression,masculine,0.312
2026-04-01,CL,Writing,feminine,0.607
2026-04-01,CL,Writing,masculine,0.393
2026-04-01,CO,Multimedia,feminine,0.619
2026-04-01,CO,Multimedia,masculine,0.381
2026-04-01,CO,Other/Unknown,feminine,0.616
2026-04-01,CO,Other/Unknown,masculine,0.384
2026-04-01,CO,Practical Guidance,feminine,0.607
2026-04-01,CO,Practical Guidance,masculine,0.393
2026-04-01,CO,Seeking information,feminine,0.560
2026-04-01,CO,Seeking information,masculine,0.440
2026-04-01,CO,Self-expression,feminine,0.673
2026-04-01,CO,Self-expression,masculine,0.327
2026-04-01,CO,Technical help,feminine,0.406
2026-04-01,CO,Technical help,masculine,0.594
2026-04-01,CO,Writing,feminine,0.644
2026-04-01,CO,Writing,masculine,0.356
2026-04-01,CR,Practical Guidance,feminine,0.548
2026-04-01,CR,Practical Guidance,masculine,0.452
2026-04-01,CR,Writing,feminine,0.714
2026-04-01,CR,Writing,masculine,0.286
2026-04-01,CZ,Practical Guidance,feminine,0.647
2026-04-01,CZ,Practical Guidance,masculine,0.353
2026-04-01,CZ,Seeking information,feminine,0.528
2026-04-01,CZ,Seeking information,masculine,0.472
2026-04-01,CZ,Writing,feminine,0.618
2026-04-01,CZ,Writing,masculine,0.382
2026-04-01,DE,Multimedia,feminine,0.493
2026-04-01,DE,Multimedia,masculine,0.507
2026-04-01,DE,Other/Unknown,feminine,0.497
2026-04-01,DE,Other/Unknown,masculine,0.503
2026-04-01,DE,Practical Guidance,feminine,0.537
2026-04-01,DE,Practical Guidance,masculine,0.463
2026-04-01,DE,Seeking information,feminine,0.479
2026-04-01,DE,Seeking information,masculine,0.521
2026-04-01,DE,Self-expression,feminine,0.634
2026-04-01,DE,Self-expression,masculine,0.366
2026-04-01,DE,Technical help,feminine,0.380
2026-04-01,DE,Technical help,masculine,0.620
2026-04-01,DE,Writing,feminine,0.582
2026-04-01,DE,Writing,masculine,0.418
2026-04-01,DK,Practical Guidance,feminine,0.552
2026-04-01,DK,Practical Guidance,masculine,0.448
2026-04-01,DK,Seeking information,feminine,0.473
2026-04-01,DK,Seeking information,masculine,0.527
2026-04-01,DK,Writing,feminine,0.578
2026-04-01,DK,Writing,masculine,0.422
2026-04-01,DO,Practical Guidance,feminine,0.589
2026-04-01,DO,Practical Guidance,masculine,0.411
2026-04-01,DO,Writing,feminine,0.675
2026-04-01,DO,Writing,masculine,0.325
2026-04-01,DZ,Other/Unknown,feminine,0.566
2026-04-01,DZ,Other/Unknown,masculine,0.434
2026-04-01,DZ,Practical Guidance,feminine,0.630
2026-04-01,DZ,Practical Guidance,masculine,0.370
2026-04-01,DZ,Seeking information,feminine,0.533
2026-04-01,DZ,Seeking information,masculine,0.467
2026-04-01,DZ,Self-expression,feminine,0.648
2026-04-01,DZ,Self-expression,masculine,0.352
2026-04-01,DZ,Writing,feminine,0.666
2026-04-01,DZ,Writing,masculine,0.334
2026-04-01,EC,Practical Guidance,feminine,0.600
2026-04-01,EC,Practical Guidance,masculine,0.400
2026-04-01,EC,Seeking information,feminine,0.487
2026-04-01,EC,Seeking information,masculine,0.513
2026-04-01,EC,Writing,feminine,0.597
2026-04-01,EC,Writing,masculine,0.403
2026-04-01,EG,Multimedia,feminine,0.480
2026-04-01,EG,Multimedia,masculine,0.520
2026-04-01,EG,Other/Unknown,feminine,0.511
2026-04-01,EG,Other/Unknown,masculine,0.489
2026-04-01,EG,Practical Guidance,feminine,0.572
2026-04-01,EG,Practical Guidance,masculine,0.428
2026-04-01,EG,Seeking information,feminine,0.497
2026-04-01,EG,Seeking information,masculine,0.503
2026-04-01,EG,Self-expression,feminine,0.542
2026-04-01,EG,Self-expression,masculine,0.458
2026-04-01,EG,Writing,feminine,0.528
2026-04-01,EG,Writing,masculine,0.472
2026-04-01,ES,Multimedia,feminine,0.517
2026-04-01,ES,Multimedia,masculine,0.483
2026-04-01,ES,Other/Unknown,feminine,0.481
2026-04-01,ES,Other/Unknown,masculine,0.519
2026-04-01,ES,Practical Guidance,feminine,0.572
2026-04-01,ES,Practical Guidance,masculine,0.428
2026-04-01,ES,Seeking information,feminine,0.523
2026-04-01,ES,Seeking information,masculine,0.477
2026-04-01,ES,Self-expression,feminine,0.690
2026-04-01,ES,Self-expression,masculine,0.310
2026-04-01,ES,Technical help,feminine,0.390
2026-04-01,ES,Technical help,masculine,0.610
2026-04-01,ES,Writing,feminine,0.626
2026-04-01,ES,Writing,masculine,0.374
2026-04-01,FI,Practical Guidance,feminine,0.462
2026-04-01,FI,Practical Guidance,masculine,0.538
2026-04-01,FI,Writing,feminine,0.695
2026-04-01,FI,Writing,masculine,0.305
2026-04-01,FR,Multimedia,feminine,0.524
2026-04-01,FR,Multimedia,masculine,0.476
2026-04-01,FR,Other/Unknown,feminine,0.517
2026-04-01,FR,Other/Unknown,masculine,0.483
2026-04-01,FR,Practical Guidance,feminine,0.570
2026-04-01,FR,Practical Guidance,masculine,0.430
2026-04-01,FR,Seeking information,feminine,0.488
2026-04-01,FR,Seeking information,masculine,0.512
2026-04-01,FR,Self-expression,feminine,0.643
2026-04-01,FR,Self-expression,masculine,0.357
2026-04-01,FR,Technical help,feminine,0.471
2026-04-01,FR,Technical help,masculine,0.529
2026-04-01,FR,Writing,feminine,0.597
2026-04-01,FR,Writing,masculine,0.403
2026-04-01,GB,Multimedia,feminine,0.531
2026-04-01,GB,Multimedia,masculine,0.469
2026-04-01,GB,Other/Unknown,feminine,0.503
2026-04-01,GB,Other/Unknown,masculine,0.497
2026-04-01,GB,Practical Guidance,feminine,0.518
2026-04-01,GB,Practical Guidance,masculine,0.482
2026-04-01,GB,Seeking information,feminine,0.445
2026-04-01,GB,Seeking information,masculine,0.555
2026-04-01,GB,Self-expression,feminine,0.608
2026-04-01,GB,Self-expression,masculine,0.392
2026-04-01,GB,Technical help,feminine,0.375
2026-04-01,GB,Technical help,masculine,0.625
2026-04-01,GB,Writing,feminine,0.574
2026-04-01,GB,Writing,masculine,0.426
2026-04-01,GH,Practical Guidance,feminine,0.418
2026-04-01,GH,Practical Guidance,masculine,0.582
2026-04-01,GH,Writing,feminine,0.418
2026-04-01,GH,Writing,masculine,0.582
2026-04-01,GR,Practical Guidance,feminine,0.512
2026-04-01,GR,Practical Guidance,masculine,0.488
2026-04-01,GR,Seeking information,feminine,0.488
2026-04-01,GR,Seeking information,masculine,0.512
2026-04-01,GR,Writing,feminine,0.549
2026-04-01,GR,Writing,masculine,0.451
2026-04-01,GT,Practical Guidance,feminine,0.508
2026-04-01,GT,Practical Guidance,masculine,0.492
2026-04-01,HR,Practical Guidance,feminine,0.612
2026-04-01,HR,Practical Guidance,masculine,0.388
2026-04-01,HR,Seeking information,feminine,0.521
2026-04-01,HR,Seeking information,masculine,0.479
2026-04-01,HU,Practical Guidance,feminine,0.494
2026-04-01,HU,Practical Guidance,masculine,0.506
2026-04-01,HU,Seeking information,feminine,0.433
2026-04-01,HU,Seeking information,masculine,0.567
2026-04-01,HU,Writing,feminine,0.619
2026-04-01,HU,Writing,masculine,0.381
2026-04-01,ID,Multimedia,feminine,0.499
2026-04-01,ID,Multimedia,masculine,0.501
2026-04-01,ID,Other/Unknown,feminine,0.565
2026-04-01,ID,Other/Unknown,masculine,0.435
2026-04-01,ID,Practical Guidance,feminine,0.601
2026-04-01,ID,Practical Guidance,masculine,0.399
2026-04-01,ID,Seeking information,feminine,0.600
2026-04-01,ID,Seeking information,masculine,0.400
2026-04-01,ID,Self-expression,feminine,0.631
2026-04-01,ID,Self-expression,masculine,0.369
2026-04-01,ID,Technical help,feminine,0.500
2026-04-01,ID,Technical help,masculine,0.500
2026-04-01,ID,Writing,feminine,0.669
2026-04-01,ID,Writing,masculine,0.331
2026-04-01,IE,Practical Guidance,feminine,0.548
2026-04-01,IE,Practical Guidance,masculine,0.452
2026-04-01,IE,Seeking information,feminine,0.509
2026-04-01,IE,Seeking information,masculine,0.491
2026-04-01,IE,Writing,feminine,0.731
2026-04-01,IE,Writing,masculine,0.269
2026-04-01,IL,Practical Guidance,feminine,0.537
2026-04-01,IL,Practical Guidance,masculine,0.463
2026-04-01,IL,Seeking information,feminine,0.519
2026-04-01,IL,Seeking information,masculine,0.481
2026-04-01,IL,Writing,feminine,0.532
2026-04-01,IL,Writing,masculine,0.468
2026-04-01,IN,Multimedia,feminine,0.380
2026-04-01,IN,Multimedia,masculine,0.620
2026-04-01,IN,Other/Unknown,feminine,0.426
2026-04-01,IN,Other/Unknown,masculine,0.574
2026-04-01,IN,Practical Guidance,feminine,0.469
2026-04-01,IN,Practical Guidance,masculine,0.531
2026-04-01,IN,Seeking information,feminine,0.391
2026-04-01,IN,Seeking information,masculine,0.609
2026-04-01,IN,Self-expression,feminine,0.526
2026-04-01,IN,Self-expression,masculine,0.474
2026-04-01,IN,Technical help,feminine,0.346
2026-04-01,IN,Technical help,masculine,0.654
2026-04-01,IN,Writing,feminine,0.461
2026-04-01,IN,Writing,masculine,0.539
2026-04-01,IQ,Practical Guidance,feminine,0.543
2026-04-01,IQ,Practical Guidance,masculine,0.457
2026-04-01,IQ,Writing,feminine,0.489
2026-04-01,IQ,Writing,masculine,0.511
2026-04-01,IT,Multimedia,feminine,0.543
2026-04-01,IT,Multimedia,masculine,0.457
2026-04-01,IT,Other/Unknown,feminine,0.572
2026-04-01,IT,Other/Unknown,masculine,0.428
2026-04-01,IT,Practical Guidance,feminine,0.588
2026-04-01,IT,Practical Guidance,masculine,0.412
2026-04-01,IT,Seeking information,feminine,0.508
2026-04-01,IT,Seeking information,masculine,0.492
2026-04-01,IT,Self-expression,feminine,0.681
2026-04-01,IT,Self-expression,masculine,0.319
2026-04-01,IT,Technical help,feminine,0.402
2026-04-01,IT,Technical help,masculine,0.598
2026-04-01,IT,Writing,feminine,0.625
2026-04-01,IT,Writing,masculine,0.375
2026-04-01,JO,Practical Guidance,feminine,0.523
2026-04-01,JO,Practical Guidance,masculine,0.477
2026-04-01,JO,Writing,feminine,0.405
2026-04-01,JO,Writing,masculine,0.595
2026-04-01,JP,Practical Guidance,feminine,0.427
2026-04-01,JP,Practical Guidance,masculine,0.573
2026-04-01,JP,Seeking information,feminine,0.461
2026-04-01,JP,Seeking information,masculine,0.539
2026-04-01,JP,Self-expression,feminine,0.539
2026-04-01,JP,Self-expression,masculine,0.461
2026-04-01,JP,Writing,feminine,0.478
2026-04-01,JP,Writing,masculine,0.522
2026-04-01,KE,Practical Guidance,feminine,0.532
2026-04-01,KE,Practical Guidance,masculine,0.468
2026-04-01,KE,Seeking information,feminine,0.484
2026-04-01,KE,Seeking information,masculine,0.516
2026-04-01,KE,Writing,feminine,0.537
2026-04-01,KE,Writing,masculine,0.463
2026-04-01,KR,Practical Guidance,feminine,0.573
2026-04-01,KR,Practical Guidance,masculine,0.427
2026-04-01,KR,Seeking information,feminine,0.545
2026-04-01,KR,Seeking information,masculine,0.455
2026-04-01,KR,Self-expression,feminine,0.651
2026-04-01,KR,Self-expression,masculine,0.349
2026-04-01,KR,Writing,feminine,0.633
2026-04-01,KR,Writing,masculine,0.367
2026-04-01,KW,Practical Guidance,feminine,0.536
2026-04-01,KW,Practical Guidance,masculine,0.464
2026-04-01,KZ,Other/Unknown,feminine,0.497
2026-04-01,KZ,Other/Unknown,masculine,0.503
2026-04-01,KZ,Practical Guidance,feminine,0.517
2026-04-01,KZ,Practical Guidance,masculine,0.483
2026-04-01,KZ,Seeking information,feminine,0.382
2026-04-01,KZ,Seeking information,masculine,0.618
2026-04-01,KZ,Self-expression,feminine,0.538
2026-04-01,KZ,Self-expression,masculine,0.462
2026-04-01,KZ,Writing,feminine,0.578
2026-04-01,KZ,Writing,masculine,0.422
2026-04-01,LB,Practical Guidance,feminine,0.584
2026-04-01,LB,Practical Guidance,masculine,0.416
2026-04-01,LT,Practical Guidance,feminine,0.478
2026-04-01,LT,Practical Guidance,masculine,0.522
2026-04-01,MA,Other/Unknown,feminine,0.512
2026-04-01,MA,Other/Unknown,masculine,0.488
2026-04-01,MA,Practical Guidance,feminine,0.570
2026-04-01,MA,Practical Guidance,masculine,0.430
2026-04-01,MA,Seeking information,feminine,0.497
2026-04-01,MA,Seeking information,masculine,0.503
2026-04-01,MA,Writing,feminine,0.553
2026-04-01,MA,Writing,masculine,0.447
2026-04-01,MX,Multimedia,feminine,0.525
2026-04-01,MX,Multimedia,masculine,0.475
2026-04-01,MX,Other/Unknown,feminine,0.527
2026-04-01,MX,Other/Unknown,masculine,0.473
2026-04-01,MX,Practical Guidance,feminine,0.574
2026-04-01,MX,Practical Guidance,masculine,0.426
2026-04-01,MX,Seeking information,feminine,0.508
2026-04-01,MX,Seeking information,masculine,0.492
2026-04-01,MX,Self-expression,feminine,0.651
2026-04-01,MX,Self-expression,masculine,0.349
2026-04-01,MX,Technical help,feminine,0.435
2026-04-01,MX,Technical help,masculine,0.565
2026-04-01,MX,Writing,feminine,0.589
2026-04-01,MX,Writing,masculine,0.411
2026-04-01,MY,Practical Guidance,feminine,0.513
2026-04-01,MY,Practical Guidance,masculine,0.487
2026-04-01,MY,Seeking information,feminine,0.456
2026-04-01,MY,Seeking information,masculine,0.544
2026-04-01,MY,Writing,feminine,0.553
2026-04-01,MY,Writing,masculine,0.447
2026-04-01,NG,Other/Unknown,feminine,0.412
2026-04-01,NG,Other/Unknown,masculine,0.588
2026-04-01,NG,Practical Guidance,feminine,0.504
2026-04-01,NG,Practical Guidance,masculine,0.496
2026-04-01,NG,Seeking information,feminine,0.390
2026-04-01,NG,Seeking information,masculine,0.610
2026-04-01,NG,Self-expression,feminine,0.470
2026-04-01,NG,Self-expression,masculine,0.530
2026-04-01,NG,Writing,feminine,0.376
2026-04-01,NG,Writing,masculine,0.624
2026-04-01,NL,Multimedia,feminine,0.553
2026-04-01,NL,Multimedia,masculine,0.447
2026-04-01,NL,Other/Unknown,feminine,0.456
2026-04-01,NL,Other/Unknown,masculine,0.544
2026-04-01,NL,Practical Guidance,feminine,0.523
2026-04-01,NL,Practical Guidance,masculine,0.477
2026-04-01,NL,Seeking information,feminine,0.448
2026-04-01,NL,Seeking information,masculine,0.552
2026-04-01,NL,Self-expression,feminine,0.659
2026-04-01,NL,Self-expression,masculine,0.341
2026-04-01,NL,Technical help,feminine,0.285
2026-04-01,NL,Technical help,masculine,0.715
2026-04-01,NL,Writing,feminine,0.575
2026-04-01,NL,Writing,masculine,0.425
2026-04-01,NO,Practical Guidance,feminine,0.518
2026-04-01,NO,Practical Guidance,masculine,0.482
2026-04-01,NO,Seeking information,feminine,0.392
2026-04-01,NO,Seeking information,masculine,0.608
2026-04-01,NO,Writing,feminine,0.493
2026-04-01,NO,Writing,masculine,0.507
2026-04-01,NP,Practical Guidance,feminine,0.457
2026-04-01,NP,Practical Guidance,masculine,0.543
2026-04-01,NP,Writing,feminine,0.506
2026-04-01,NP,Writing,masculine,0.494
2026-04-01,NZ,Practical Guidance,feminine,0.554
2026-04-01,NZ,Practical Guidance,masculine,0.446
2026-04-01,NZ,Writing,feminine,0.595
2026-04-01,NZ,Writing,masculine,0.405
2026-04-01,PA,Practical Guidance,feminine,0.673
2026-04-01,PA,Practical Guidance,masculine,0.327
2026-04-01,PE,Multimedia,feminine,0.552
2026-04-01,PE,Multimedia,masculine,0.448
2026-04-01,PE,Other/Unknown,feminine,0.618
2026-04-01,PE,Other/Unknown,masculine,0.382
2026-04-01,PE,Practical Guidance,feminine,0.579
2026-04-01,PE,Practical Guidance,masculine,0.421
2026-04-01,PE,Seeking information,feminine,0.479
2026-04-01,PE,Seeking information,masculine,0.521
2026-04-01,PE,Self-expression,feminine,0.666
2026-04-01,PE,Self-expression,masculine,0.334
2026-04-01,PE,Technical help,feminine,0.454
2026-04-01,PE,Technical help,masculine,0.546
2026-04-01,PE,Writing,feminine,0.603
2026-04-01,PE,Writing,masculine,0.397
2026-04-01,PH,Multimedia,feminine,0.502
2026-04-01,PH,Multimedia,masculine,0.498
2026-04-01,PH,Other/Unknown,feminine,0.539
2026-04-01,PH,Other/Unknown,masculine,0.461
2026-04-01,PH,Practical Guidance,feminine,0.566
2026-04-01,PH,Practical Guidance,masculine,0.434
2026-04-01,PH,Seeking information,feminine,0.537
2026-04-01,PH,Seeking information,masculine,0.463
2026-04-01,PH,Self-expression,feminine,0.499
2026-04-01,PH,Self-expression,masculine,0.501
2026-04-01,PH,Technical help,feminine,0.381
2026-04-01,PH,Technical help,masculine,0.619
2026-04-01,PH,Writing,feminine,0.639
2026-04-01,PH,Writing,masculine,0.361
2026-04-01,PK,Multimedia,feminine,0.280
2026-04-01,PK,Multimedia,masculine,0.720
2026-04-01,PK,Other/Unknown,feminine,0.320
2026-04-01,PK,Other/Unknown,masculine,0.680
2026-04-01,PK,Practical Guidance,feminine,0.438
2026-04-01,PK,Practical Guidance,masculine,0.562
2026-04-01,PK,Seeking information,feminine,0.354
2026-04-01,PK,Seeking information,masculine,0.646
2026-04-01,PK,Self-expression,feminine,0.476
2026-04-01,PK,Self-expression,masculine,0.524
2026-04-01,PK,Technical help,feminine,0.258
2026-04-01,PK,Technical help,masculine,0.742
2026-04-01,PK,Writing,feminine,0.387
2026-04-01,PK,Writing,masculine,0.613
2026-04-01,PL,Multimedia,feminine,0.632
2026-04-01,PL,Multimedia,masculine,0.368
2026-04-01,PL,Other/Unknown,feminine,0.575
2026-04-01,PL,Other/Unknown,masculine,0.425
2026-04-01,PL,Practical Guidance,feminine,0.581
2026-04-01,PL,Practical Guidance,masculine,0.419
2026-04-01,PL,Seeking information,feminine,0.508
2026-04-01,PL,Seeking information,masculine,0.492
2026-04-01,PL,Self-expression,feminine,0.660
2026-04-01,PL,Self-expression,masculine,0.340
2026-04-01,PL,Technical help,feminine,0.372
2026-04-01,PL,Technical help,masculine,0.628
2026-04-01,PL,Writing,feminine,0.687
2026-04-01,PL,Writing,masculine,0.313
2026-04-01,PT,Practical Guidance,feminine,0.551
2026-04-01,PT,Practical Guidance,masculine,0.449
2026-04-01,PT,Seeking information,feminine,0.467
2026-04-01,PT,Seeking information,masculine,0.533
2026-04-01,PT,Writing,feminine,0.648
2026-04-01,PT,Writing,masculine,0.352
2026-04-01,RO,Practical Guidance,feminine,0.607
2026-04-01,RO,Practical Guidance,masculine,0.393
2026-04-01,RO,Seeking information,feminine,0.519
2026-04-01,RO,Seeking information,masculine,0.481
2026-04-01,RO,Writing,feminine,0.683
2026-04-01,RO,Writing,masculine,0.317
2026-04-01,RS,Practical Guidance,feminine,0.611
2026-04-01,RS,Practical Guidance,masculine,0.389
2026-04-01,RS,Seeking information,feminine,0.585
2026-04-01,RS,Seeking information,masculine,0.415
2026-04-01,SA,Practical Guidance,feminine,0.540
2026-04-01,SA,Practical Guidance,masculine,0.460
2026-04-01,SA,Seeking information,feminine,0.430
2026-04-01,SA,Seeking information,masculine,0.570
2026-04-01,SA,Self-expression,feminine,0.598
2026-04-01,SA,Self-expression,masculine,0.402
2026-04-01,SA,Writing,feminine,0.483
2026-04-01,SA,Writing,masculine,0.517
2026-04-01,SE,Practical Guidance,feminine,0.529
2026-04-01,SE,Practical Guidance,masculine,0.471
2026-04-01,SE,Seeking information,feminine,0.409
2026-04-01,SE,Seeking information,masculine,0.591
2026-04-01,SE,Writing,feminine,0.562
2026-04-01,SE,Writing,masculine,0.438
2026-04-01,SG,Practical Guidance,feminine,0.439
2026-04-01,SG,Practical Guidance,masculine,0.561
2026-04-01,SG,Seeking information,feminine,0.459
2026-04-01,SG,Seeking information,masculine,0.541
2026-04-01,SG,Writing,feminine,0.555
2026-04-01,SG,Writing,masculine,0.445
2026-04-01,SK,Practical Guidance,feminine,0.581
2026-04-01,SK,Practical Guidance,masculine,0.419
2026-04-01,SK,Seeking information,feminine,0.476
2026-04-01,SK,Seeking information,masculine,0.524
2026-04-01,TH,Practical Guidance,feminine,0.439
2026-04-01,TH,Practical Guidance,masculine,0.561
2026-04-01,TH,Writing,feminine,0.506
2026-04-01,TH,Writing,masculine,0.494
2026-04-01,TN,Practical Guidance,feminine,0.584
2026-04-01,TN,Practical Guidance,masculine,0.416
2026-04-01,TN,Writing,feminine,0.636
2026-04-01,TN,Writing,masculine,0.364
2026-04-01,TR,Multimedia,feminine,0.440
2026-04-01,TR,Multimedia,masculine,0.560
2026-04-01,TR,Other/Unknown,feminine,0.540
2026-04-01,TR,Other/Unknown,masculine,0.460
2026-04-01,TR,Practical Guidance,feminine,0.549
2026-04-01,TR,Practical Guidance,masculine,0.451
2026-04-01,TR,Seeking information,feminine,0.466
2026-04-01,TR,Seeking information,masculine,0.534
2026-04-01,TR,Self-expression,feminine,0.640
2026-04-01,TR,Self-expression,masculine,0.360
2026-04-01,TR,Technical help,feminine,0.458
2026-04-01,TR,Technical help,masculine,0.542
2026-04-01,TR,Writing,feminine,0.525
2026-04-01,TR,Writing,masculine,0.475
2026-04-01,TW,Practical Guidance,feminine,0.444
2026-04-01,TW,Practical Guidance,masculine,0.556
2026-04-01,TW,Writing,feminine,0.526
2026-04-01,TW,Writing,masculine,0.474
2026-04-01,UA,Multimedia,feminine,0.540
2026-04-01,UA,Multimedia,masculine,0.460
2026-04-01,UA,Practical Guidance,feminine,0.611
2026-04-01,UA,Practical Guidance,masculine,0.389
2026-04-01,UA,Seeking information,feminine,0.534
2026-04-01,UA,Seeking information,masculine,0.466
2026-04-01,UA,Self-expression,feminine,0.603
2026-04-01,UA,Self-expression,masculine,0.397
2026-04-01,UA,Writing,feminine,0.622
2026-04-01,UA,Writing,masculine,0.378
2026-04-01,US,Multimedia,feminine,0.528
2026-04-01,US,Multimedia,masculine,0.472
2026-04-01,US,Other/Unknown,feminine,0.474
2026-04-01,US,Other/Unknown,masculine,0.526
2026-04-01,US,Practical Guidance,feminine,0.534
2026-04-01,US,Practical Guidance,masculine,0.466
2026-04-01,US,Seeking information,feminine,0.481
2026-04-01,US,Seeking information,masculine,0.519
2026-04-01,US,Self-expression,feminine,0.609
2026-04-01,US,Self-expression,masculine,0.391
2026-04-01,US,Technical help,feminine,0.403
2026-04-01,US,Technical help,masculine,0.597
2026-04-01,US,Writing,feminine,0.588
2026-04-01,US,Writing,masculine,0.412
2026-04-01,UY,Practical Guidance,feminine,0.641
2026-04-01,UY,Practical Guidance,masculine,0.359
2026-04-01,UZ,Practical Guidance,feminine,0.437
2026-04-01,UZ,Practical Guidance,masculine,0.563
2026-04-01,UZ,Writing,feminine,0.480
2026-04-01,UZ,Writing,masculine,0.520
2026-04-01,VN,Practical Guidance,feminine,0.482
2026-04-01,VN,Practical Guidance,masculine,0.518
2026-04-01,VN,Seeking information,feminine,0.533
2026-04-01,VN,Seeking information,masculine,0.467
2026-04-01,VN,Writing,feminine,0.549
2026-04-01,VN,Writing,masculine,0.451
2026-04-01,ZA,Practical Guidance,feminine,0.594
2026-04-01,ZA,Practical Guidance,masculine,0.406
2026-04-01,ZA,Seeking information,feminine,0.457
2026-04-01,ZA,Seeking information,masculine,0.543
2026-04-01,ZA,Writing,feminine,0.628
2026-04-01,ZA,Writing,masculine,0.372
2026-05-01,AE,Practical Guidance,feminine,0.526
2026-05-01,AE,Practical Guidance,masculine,0.474
2026-05-01,AE,Seeking information,feminine,0.399
2026-05-01,AE,Seeking information,masculine,0.601
2026-05-01,AE,Writing,feminine,0.447
2026-05-01,AE,Writing,masculine,0.553
2026-05-01,AR,Multimedia,feminine,0.617
2026-05-01,AR,Multimedia,masculine,0.383
2026-05-01,AR,Other/Unknown,feminine,0.517
2026-05-01,AR,Other/Unknown,masculine,0.483
2026-05-01,AR,Practical Guidance,feminine,0.617
2026-05-01,AR,Practical Guidance,masculine,0.383
2026-05-01,AR,Seeking information,feminine,0.523
2026-05-01,AR,Seeking information,masculine,0.477
2026-05-01,AR,Self-expression,feminine,0.675
2026-05-01,AR,Self-expression,masculine,0.325
2026-05-01,AR,Technical help,feminine,0.489
2026-05-01,AR,Technical help,masculine,0.511
2026-05-01,AR,Writing,feminine,0.638
2026-05-01,AR,Writing,masculine,0.362
2026-05-01,AT,Practical Guidance,feminine,0.529
2026-05-01,AT,Practical Guidance,masculine,0.471
2026-05-01,AT,Seeking information,feminine,0.453
2026-05-01,AT,Seeking information,masculine,0.547
2026-05-01,AT,Writing,feminine,0.584
2026-05-01,AT,Writing,masculine,0.416
2026-05-01,AU,Multimedia,feminine,0.583
2026-05-01,AU,Multimedia,masculine,0.417
2026-05-01,AU,Other/Unknown,feminine,0.515
2026-05-01,AU,Other/Unknown,masculine,0.485
2026-05-01,AU,Practical Guidance,feminine,0.548
2026-05-01,AU,Practical Guidance,masculine,0.452
2026-05-01,AU,Seeking information,feminine,0.528
2026-05-01,AU,Seeking information,masculine,0.472
2026-05-01,AU,Self-expression,feminine,0.547
2026-05-01,AU,Self-expression,masculine,0.453
2026-05-01,AU,Technical help,feminine,0.428
2026-05-01,AU,Technical help,masculine,0.572
2026-05-01,AU,Writing,feminine,0.601
2026-05-01,AU,Writing,masculine,0.399
2026-05-01,AZ,Practical Guidance,feminine,0.603
2026-05-01,AZ,Practical Guidance,masculine,0.397
2026-05-01,AZ,Seeking information,feminine,0.447
2026-05-01,AZ,Seeking information,masculine,0.553
2026-05-01,BD,Multimedia,feminine,0.284
2026-05-01,BD,Multimedia,masculine,0.716
2026-05-01,BD,Other/Unknown,feminine,0.281
2026-05-01,BD,Other/Unknown,masculine,0.719
2026-05-01,BD,Practical Guidance,feminine,0.369
2026-05-01,BD,Practical Guidance,masculine,0.631
2026-05-01,BD,Seeking information,feminine,0.364
2026-05-01,BD,Seeking information,masculine,0.636
2026-05-01,BD,Writing,feminine,0.427
2026-05-01,BD,Writing,masculine,0.573
2026-05-01,BE,Practical Guidance,feminine,0.564
2026-05-01,BE,Practical Guidance,masculine,0.436
2026-05-01,BE,Seeking information,feminine,0.515
2026-05-01,BE,Seeking information,masculine,0.485
2026-05-01,BE,Writing,feminine,0.627
2026-05-01,BE,Writing,masculine,0.373
2026-05-01,BG,Practical Guidance,feminine,0.456
2026-05-01,BG,Practical Guidance,masculine,0.544
2026-05-01,BG,Seeking information,feminine,0.406
2026-05-01,BG,Seeking information,masculine,0.594
2026-05-01,BO,Practical Guidance,feminine,0.533
2026-05-01,BO,Practical Guidance,masculine,0.467
2026-05-01,BO,Seeking information,feminine,0.495
2026-05-01,BO,Seeking information,masculine,0.505
2026-05-01,BO,Writing,feminine,0.572
2026-05-01,BO,Writing,masculine,0.428
2026-05-01,BR,Multimedia,feminine,0.626
2026-05-01,BR,Multimedia,masculine,0.374
2026-05-01,BR,Other/Unknown,feminine,0.609
2026-05-01,BR,Other/Unknown,masculine,0.391
2026-05-01,BR,Practical Guidance,feminine,0.619
2026-05-01,BR,Practical Guidance,masculine,0.381
2026-05-01,BR,Seeking information,feminine,0.534
2026-05-01,BR,Seeking information,masculine,0.466
2026-05-01,BR,Self-expression,feminine,0.702
2026-05-01,BR,Self-expression,masculine,0.298
2026-05-01,BR,Technical help,feminine,0.439
2026-05-01,BR,Technical help,masculine,0.561
2026-05-01,BR,Writing,feminine,0.678
2026-05-01,BR,Writing,masculine,0.322
2026-05-01,CA,Multimedia,feminine,0.566
2026-05-01,CA,Multimedia,masculine,0.434
2026-05-01,CA,Other/Unknown,feminine,0.497
2026-05-01,CA,Other/Unknown,masculine,0.503
2026-05-01,CA,Practical Guidance,feminine,0.548
2026-05-01,CA,Practical Guidance,masculine,0.452
2026-05-01,CA,Seeking information,feminine,0.449
2026-05-01,CA,Seeking information,masculine,0.551
2026-05-01,CA,Self-expression,feminine,0.641
2026-05-01,CA,Self-expression,masculine,0.359
2026-05-01,CA,Technical help,feminine,0.438
2026-05-01,CA,Technical help,masculine,0.562
2026-05-01,CA,Writing,feminine,0.592
2026-05-01,CA,Writing,masculine,0.408
2026-05-01,CH,Practical Guidance,feminine,0.574
2026-05-01,CH,Practical Guidance,masculine,0.426
2026-05-01,CH,Seeking information,feminine,0.515
2026-05-01,CH,Seeking information,masculine,0.485
2026-05-01,CH,Writing,feminine,0.652
2026-05-01,CH,Writing,masculine,0.348
2026-05-01,CL,Multimedia,feminine,0.560
2026-05-01,CL,Multimedia,masculine,0.440
2026-05-01,CL,Practical Guidance,feminine,0.543
2026-05-01,CL,Practical Guidance,masculine,0.457
2026-05-01,CL,Seeking information,feminine,0.453
2026-05-01,CL,Seeking information,masculine,0.547
2026-05-01,CL,Self-expression,feminine,0.742
2026-05-01,CL,Self-expression,masculine,0.258
2026-05-01,CL,Writing,feminine,0.608
2026-05-01,CL,Writing,masculine,0.392
2026-05-01,CO,Multimedia,feminine,0.560
2026-05-01,CO,Multimedia,masculine,0.440
2026-05-01,CO,Other/Unknown,feminine,0.574
2026-05-01,CO,Other/Unknown,masculine,0.426
2026-05-01,CO,Practical Guidance,feminine,0.609
2026-05-01,CO,Practical Guidance,masculine,0.391
2026-05-01,CO,Seeking information,feminine,0.550
2026-05-01,CO,Seeking information,masculine,0.450
2026-05-01,CO,Self-expression,feminine,0.661
2026-05-01,CO,Self-expression,masculine,0.339
2026-05-01,CO,Technical help,feminine,0.419
2026-05-01,CO,Technical help,masculine,0.581
2026-05-01,CO,Writing,feminine,0.642
2026-05-01,CO,Writing,masculine,0.358
2026-05-01,CR,Practical Guidance,feminine,0.646
2026-05-01,CR,Practical Guidance,masculine,0.354
2026-05-01,CR,Writing,feminine,0.581
2026-05-01,CR,Writing,masculine,0.419
2026-05-01,CZ,Practical Guidance,feminine,0.628
2026-05-01,CZ,Practical Guidance,masculine,0.372
2026-05-01,CZ,Seeking information,feminine,0.607
2026-05-01,CZ,Seeking information,masculine,0.393
2026-05-01,CZ,Writing,feminine,0.681
2026-05-01,CZ,Writing,masculine,0.319
2026-05-01,DE,Multimedia,feminine,0.488
2026-05-01,DE,Multimedia,masculine,0.512
2026-05-01,DE,Other/Unknown,feminine,0.505
2026-05-01,DE,Other/Unknown,masculine,0.495
2026-05-01,DE,Practical Guidance,feminine,0.553
2026-05-01,DE,Practical Guidance,masculine,0.447
2026-05-01,DE,Seeking information,feminine,0.497
2026-05-01,DE,Seeking information,masculine,0.503
2026-05-01,DE,Self-expression,feminine,0.644
2026-05-01,DE,Self-expression,masculine,0.356
2026-05-01,DE,Technical help,feminine,0.322
2026-05-01,DE,Technical help,masculine,0.678
2026-05-01,DE,Writing,feminine,0.573
2026-05-01,DE,Writing,masculine,0.427
2026-05-01,DK,Practical Guidance,feminine,0.540
2026-05-01,DK,Practical Guidance,masculine,0.460
2026-05-01,DK,Seeking information,feminine,0.482
2026-05-01,DK,Seeking information,masculine,0.518
2026-05-01,DK,Writing,feminine,0.664
2026-05-01,DK,Writing,masculine,0.336
2026-05-01,DO,Practical Guidance,feminine,0.586
2026-05-01,DO,Practical Guidance,masculine,0.414
2026-05-01,DO,Seeking information,feminine,0.536
2026-05-01,DO,Seeking information,masculine,0.464
2026-05-01,DO,Writing,feminine,0.663
2026-05-01,DO,Writing,masculine,0.337
2026-05-01,DZ,Other/Unknown,feminine,0.622
2026-05-01,DZ,Other/Unknown,masculine,0.378
2026-05-01,DZ,Practical Guidance,feminine,0.638
2026-05-01,DZ,Practical Guidance,masculine,0.362
2026-05-01,DZ,Seeking information,feminine,0.511
2026-05-01,DZ,Seeking information,masculine,0.489
2026-05-01,DZ,Self-expression,feminine,0.669
2026-05-01,DZ,Self-expression,masculine,0.331
2026-05-01,DZ,Writing,feminine,0.666
2026-05-01,DZ,Writing,masculine,0.334
2026-05-01,EC,Multimedia,feminine,0.634
2026-05-01,EC,Multimedia,masculine,0.366
2026-05-01,EC,Practical Guidance,feminine,0.620
2026-05-01,EC,Practical Guidance,masculine,0.380
2026-05-01,EC,Seeking information,feminine,0.594
2026-05-01,EC,Seeking information,masculine,0.406
2026-05-01,EC,Writing,feminine,0.626
2026-05-01,EC,Writing,masculine,0.374
2026-05-01,EG,Multimedia,feminine,0.400
2026-05-01,EG,Multimedia,masculine,0.600
2026-05-01,EG,Other/Unknown,feminine,0.511
2026-05-01,EG,Other/Unknown,masculine,0.489
2026-05-01,EG,Practical Guidance,feminine,0.565
2026-05-01,EG,Practical Guidance,masculine,0.435
2026-05-01,EG,Seeking information,feminine,0.445
2026-05-01,EG,Seeking information,masculine,0.555
2026-05-01,EG,Self-expression,feminine,0.576
2026-05-01,EG,Self-expression,masculine,0.424
2026-05-01,EG,Writing,feminine,0.529
2026-05-01,EG,Writing,masculine,0.471
2026-05-01,ES,Multimedia,feminine,0.524
2026-05-01,ES,Multimedia,masculine,0.476
2026-05-01,ES,Other/Unknown,feminine,0.509
2026-05-01,ES,Other/Unknown,masculine,0.491
2026-05-01,ES,Practical Guidance,feminine,0.567
2026-05-01,ES,Practical Guidance,masculine,0.433
2026-05-01,ES,Seeking information,feminine,0.496
2026-05-01,ES,Seeking information,masculine,0.504
2026-05-01,ES,Self-expression,feminine,0.656
2026-05-01,ES,Self-expression,masculine,0.344
2026-05-01,ES,Technical help,feminine,0.447
2026-05-01,ES,Technical help,masculine,0.553
2026-05-01,ES,Writing,feminine,0.644
2026-05-01,ES,Writing,masculine,0.356
2026-05-01,FI,Practical Guidance,feminine,0.582
2026-05-01,FI,Practical Guidance,masculine,0.418
2026-05-01,FI,Writing,feminine,0.554
2026-05-01,FI,Writing,masculine,0.446
2026-05-01,FR,Multimedia,feminine,0.500
2026-05-01,FR,Multimedia,masculine,0.500
2026-05-01,FR,Other/Unknown,feminine,0.561
2026-05-01,FR,Other/Unknown,masculine,0.439
2026-05-01,FR,Practical Guidance,feminine,0.574
2026-05-01,FR,Practical Guidance,masculine,0.426
2026-05-01,FR,Seeking information,feminine,0.511
2026-05-01,FR,Seeking information,masculine,0.489
2026-05-01,FR,Self-expression,feminine,0.608
2026-05-01,FR,Self-expression,masculine,0.392
2026-05-01,FR,Technical help,feminine,0.441
2026-05-01,FR,Technical help,masculine,0.559
2026-05-01,FR,Writing,feminine,0.609
2026-05-01,FR,Writing,masculine,0.391
2026-05-01,GB,Multimedia,feminine,0.562
2026-05-01,GB,Multimedia,masculine,0.438
2026-05-01,GB,Other/Unknown,feminine,0.501
2026-05-01,GB,Other/Unknown,masculine,0.499
2026-05-01,GB,Practical Guidance,feminine,0.523
2026-05-01,GB,Practical Guidance,masculine,0.477
2026-05-01,GB,Seeking information,feminine,0.474
2026-05-01,GB,Seeking information,masculine,0.526
2026-05-01,GB,Self-expression,feminine,0.606
2026-05-01,GB,Self-expression,masculine,0.394
2026-05-01,GB,Technical help,feminine,0.365
2026-05-01,GB,Technical help,masculine,0.635
2026-05-01,GB,Writing,feminine,0.592
2026-05-01,GB,Writing,masculine,0.408
2026-05-01,GE,Practical Guidance,feminine,0.698
2026-05-01,GE,Practical Guidance,masculine,0.302
2026-05-01,GH,Practical Guidance,feminine,0.526
2026-05-01,GH,Practical Guidance,masculine,0.474
2026-05-01,GH,Writing,feminine,0.351
2026-05-01,GH,Writing,masculine,0.649
2026-05-01,GR,Practical Guidance,feminine,0.561
2026-05-01,GR,Practical Guidance,masculine,0.439
2026-05-01,GR,Seeking information,feminine,0.577
2026-05-01,GR,Seeking information,masculine,0.423
2026-05-01,GR,Writing,feminine,0.664
2026-05-01,GR,Writing,masculine,0.336
2026-05-01,GT,Practical Guidance,feminine,0.542
2026-05-01,GT,Practical Guidance,masculine,0.458
2026-05-01,GT,Writing,feminine,0.593
2026-05-01,GT,Writing,masculine,0.407
2026-05-01,HR,Practical Guidance,feminine,0.491
2026-05-01,HR,Practical Guidance,masculine,0.509
2026-05-01,HU,Practical Guidance,feminine,0.515
2026-05-01,HU,Practical Guidance,masculine,0.485
2026-05-01,HU,Seeking information,feminine,0.442
2026-05-01,HU,Seeking information,masculine,0.558
2026-05-01,HU,Writing,feminine,0.549
2026-05-01,HU,Writing,masculine,0.451
2026-05-01,ID,Multimedia,feminine,0.530
2026-05-01,ID,Multimedia,masculine,0.470
2026-05-01,ID,Other/Unknown,feminine,0.546
2026-05-01,ID,Other/Unknown,masculine,0.454
2026-05-01,ID,Practical Guidance,feminine,0.594
2026-05-01,ID,Practical Guidance,masculine,0.406
2026-05-01,ID,Seeking information,feminine,0.526
2026-05-01,ID,Seeking information,masculine,0.474
2026-05-01,ID,Self-expression,feminine,0.609
2026-05-01,ID,Self-expression,masculine,0.391
2026-05-01,ID,Technical help,feminine,0.473
2026-05-01,ID,Technical help,masculine,0.527
2026-05-01,ID,Writing,feminine,0.657
2026-05-01,ID,Writing,masculine,0.343
2026-05-01,IE,Practical Guidance,feminine,0.646
2026-05-01,IE,Practical Guidance,masculine,0.354
2026-05-01,IE,Seeking information,feminine,0.505
2026-05-01,IE,Seeking information,masculine,0.495
2026-05-01,IE,Writing,feminine,0.638
2026-05-01,IE,Writing,masculine,0.362
2026-05-01,IL,Practical Guidance,feminine,0.499
2026-05-01,IL,Practical Guidance,masculine,0.501
2026-05-01,IL,Seeking information,feminine,0.450
2026-05-01,IL,Seeking information,masculine,0.550
2026-05-01,IL,Writing,feminine,0.556
2026-05-01,IL,Writing,masculine,0.444
2026-05-01,IN,Multimedia,feminine,0.386
2026-05-01,IN,Multimedia,masculine,0.614
2026-05-01,IN,Other/Unknown,feminine,0.428
2026-05-01,IN,Other/Unknown,masculine,0.572
2026-05-01,IN,Practical Guidance,feminine,0.462
2026-05-01,IN,Practical Guidance,masculine,0.538
2026-05-01,IN,Seeking information,feminine,0.384
2026-05-01,IN,Seeking information,masculine,0.616
2026-05-01,IN,Self-expression,feminine,0.546
2026-05-01,IN,Self-expression,masculine,0.454
2026-05-01,IN,Technical help,feminine,0.338
2026-05-01,IN,Technical help,masculine,0.662
2026-05-01,IN,Writing,feminine,0.447
2026-05-01,IN,Writing,masculine,0.553
2026-05-01,IQ,Practical Guidance,feminine,0.515
2026-05-01,IQ,Practical Guidance,masculine,0.485
2026-05-01,IQ,Seeking information,feminine,0.377
2026-05-01,IQ,Seeking information,masculine,0.623
2026-05-01,IT,Multimedia,feminine,0.524
2026-05-01,IT,Multimedia,masculine,0.476
2026-05-01,IT,Other/Unknown,feminine,0.499
2026-05-01,IT,Other/Unknown,masculine,0.501
2026-05-01,IT,Practical Guidance,feminine,0.575
2026-05-01,IT,Practical Guidance,masculine,0.425
2026-05-01,IT,Seeking information,feminine,0.487
2026-05-01,IT,Seeking information,masculine,0.513
2026-05-01,IT,Self-expression,feminine,0.626
2026-05-01,IT,Self-expression,masculine,0.374
2026-05-01,IT,Technical help,feminine,0.408
2026-05-01,IT,Technical help,masculine,0.592
2026-05-01,IT,Writing,feminine,0.603
2026-05-01,IT,Writing,masculine,0.397
2026-05-01,JO,Practical Guidance,feminine,0.576
2026-05-01,JO,Practical Guidance,masculine,0.424
2026-05-01,JP,Multimedia,feminine,0.493
2026-05-01,JP,Multimedia,masculine,0.507
2026-05-01,JP,Other/Unknown,feminine,0.443
2026-05-01,JP,Other/Unknown,masculine,0.557
2026-05-01,JP,Practical Guidance,feminine,0.492
2026-05-01,JP,Practical Guidance,masculine,0.508
2026-05-01,JP,Seeking information,feminine,0.412
2026-05-01,JP,Seeking information,masculine,0.588
2026-05-01,JP,Self-expression,feminine,0.613
2026-05-01,JP,Self-expression,masculine,0.387
2026-05-01,JP,Writing,feminine,0.499
2026-05-01,JP,Writing,masculine,0.501
2026-05-01,KE,Practical Guidance,feminine,0.592
2026-05-01,KE,Practical Guidance,masculine,0.408
2026-05-01,KE,Seeking information,feminine,0.521
2026-05-01,KE,Seeking information,masculine,0.479
2026-05-01,KE,Writing,feminine,0.552
2026-05-01,KE,Writing,masculine,0.448
2026-05-01,KR,Practical Guidance,feminine,0.588
2026-05-01,KR,Practical Guidance,masculine,0.412
2026-05-01,KR,Seeking information,feminine,0.535
2026-05-01,KR,Seeking information,masculine,0.465
2026-05-01,KR,Self-expression,feminine,0.695
2026-05-01,KR,Self-expression,masculine,0.305
2026-05-01,KR,Writing,feminine,0.626
2026-05-01,KR,Writing,masculine,0.374
2026-05-01,KZ,Practical Guidance,feminine,0.523
2026-05-01,KZ,Practical Guidance,masculine,0.477
2026-05-01,KZ,Seeking information,feminine,0.435
2026-05-01,KZ,Seeking information,masculine,0.565
2026-05-01,KZ,Self-expression,feminine,0.581
2026-05-01,KZ,Self-expression,masculine,0.419
2026-05-01,KZ,Writing,feminine,0.480
2026-05-01,KZ,Writing,masculine,0.520
2026-05-01,LB,Practical Guidance,feminine,0.559
2026-05-01,LB,Practical Guidance,masculine,0.441
2026-05-01,LT,Practical Guidance,feminine,0.520
2026-05-01,LT,Practical Guidance,masculine,0.480
2026-05-01,MA,Practical Guidance,feminine,0.562
2026-05-01,MA,Practical Guidance,masculine,0.438
2026-05-01,MA,Seeking information,feminine,0.520
2026-05-01,MA,Seeking information,masculine,0.480
2026-05-01,MA,Self-expression,feminine,0.649
2026-05-01,MA,Self-expression,masculine,0.351
2026-05-01,MA,Writing,feminine,0.570
2026-05-01,MA,Writing,masculine,0.430
2026-05-01,MX,Multimedia,feminine,0.547
2026-05-01,MX,Multimedia,masculine,0.453
2026-05-01,MX,Other/Unknown,feminine,0.570
2026-05-01,MX,Other/Unknown,masculine,0.430
2026-05-01,MX,Practical Guidance,feminine,0.566
2026-05-01,MX,Practical Guidance,masculine,0.434
2026-05-01,MX,Seeking information,feminine,0.510
2026-05-01,MX,Seeking information,masculine,0.490
2026-05-01,MX,Self-expression,feminine,0.655
2026-05-01,MX,Self-expression,masculine,0.345
2026-05-01,MX,Technical help,feminine,0.459
2026-05-01,MX,Technical help,masculine,0.541
2026-05-01,MX,Writing,feminine,0.612
2026-05-01,MX,Writing,masculine,0.388
2026-05-01,MY,Practical Guidance,feminine,0.540
2026-05-01,MY,Practical Guidance,masculine,0.460
2026-05-01,MY,Seeking information,feminine,0.464
2026-05-01,MY,Seeking information,masculine,0.536
2026-05-01,MY,Self-expression,feminine,0.565
2026-05-01,MY,Self-expression,masculine,0.435
2026-05-01,MY,Writing,feminine,0.545
2026-05-01,MY,Writing,masculine,0.455
2026-05-01,NG,Multimedia,feminine,0.389
2026-05-01,NG,Multimedia,masculine,0.611
2026-05-01,NG,Practical Guidance,feminine,0.437
2026-05-01,NG,Practical Guidance,masculine,0.563
2026-05-01,NG,Seeking information,feminine,0.378
2026-05-01,NG,Seeking information,masculine,0.622
2026-05-01,NG,Self-expression,feminine,0.428
2026-05-01,NG,Self-expression,masculine,0.572
2026-05-01,NG,Writing,feminine,0.369
2026-05-01,NG,Writing,masculine,0.631
2026-05-01,NL,Multimedia,feminine,0.553
2026-05-01,NL,Multimedia,masculine,0.447
2026-05-01,NL,Other/Unknown,feminine,0.454
2026-05-01,NL,Other/Unknown,masculine,0.546
2026-05-01,NL,Practical Guidance,feminine,0.493
2026-05-01,NL,Practical Guidance,masculine,0.507
2026-05-01,NL,Seeking information,feminine,0.453
2026-05-01,NL,Seeking information,masculine,0.547
2026-05-01,NL,Self-expression,feminine,0.598
2026-05-01,NL,Self-expression,masculine,0.402
2026-05-01,NL,Technical help,feminine,0.260
2026-05-01,NL,Technical help,masculine,0.740
2026-05-01,NL,Writing,feminine,0.562
2026-05-01,NL,Writing,masculine,0.438
2026-05-01,NO,Practical Guidance,feminine,0.499
2026-05-01,NO,Practical Guidance,masculine,0.501
2026-05-01,NO,Seeking information,feminine,0.502
2026-05-01,NO,Seeking information,masculine,0.498
2026-05-01,NO,Writing,feminine,0.539
2026-05-01,NO,Writing,masculine,0.461
2026-05-01,NP,Practical Guidance,feminine,0.499
2026-05-01,NP,Practical Guidance,masculine,0.501
2026-05-01,NP,Writing,feminine,0.568
2026-05-01,NP,Writing,masculine,0.432
2026-05-01,NZ,Practical Guidance,feminine,0.515
2026-05-01,NZ,Practical Guidance,masculine,0.485
2026-05-01,NZ,Writing,feminine,0.666
2026-05-01,NZ,Writing,masculine,0.334
2026-05-01,PE,Multimedia,feminine,0.577
2026-05-01,PE,Multimedia,masculine,0.423
2026-05-01,PE,Other/Unknown,feminine,0.552
2026-05-01,PE,Other/Unknown,masculine,0.448
2026-05-01,PE,Practical Guidance,feminine,0.551
2026-05-01,PE,Practical Guidance,masculine,0.449
2026-05-01,PE,Seeking information,feminine,0.488
2026-05-01,PE,Seeking information,masculine,0.512
2026-05-01,PE,Self-expression,feminine,0.635
2026-05-01,PE,Self-expression,masculine,0.365
2026-05-01,PE,Technical help,feminine,0.441
2026-05-01,PE,Technical help,masculine,0.559
2026-05-01,PE,Writing,feminine,0.609
2026-05-01,PE,Writing,masculine,0.391
2026-05-01,PH,Multimedia,feminine,0.561
2026-05-01,PH,Multimedia,masculine,0.439
2026-05-01,PH,Other/Unknown,feminine,0.550
2026-05-01,PH,Other/Unknown,masculine,0.450
2026-05-01,PH,Practical Guidance,feminine,0.580
2026-05-01,PH,Practical Guidance,masculine,0.420
2026-05-01,PH,Seeking information,feminine,0.515
2026-05-01,PH,Seeking information,masculine,0.485
2026-05-01,PH,Self-expression,feminine,0.588
2026-05-01,PH,Self-expression,masculine,0.412
2026-05-01,PH,Technical help,feminine,0.394
2026-05-01,PH,Technical help,masculine,0.606
2026-05-01,PH,Writing,feminine,0.622
2026-05-01,PH,Writing,masculine,0.378
2026-05-01,PK,Multimedia,feminine,0.371
2026-05-01,PK,Multimedia,masculine,0.629
2026-05-01,PK,Other/Unknown,feminine,0.360
2026-05-01,PK,Other/Unknown,masculine,0.640
2026-05-01,PK,Practical Guidance,feminine,0.418
2026-05-01,PK,Practical Guidance,masculine,0.582
2026-05-01,PK,Seeking information,feminine,0.322
2026-05-01,PK,Seeking information,masculine,0.678
2026-05-01,PK,Self-expression,feminine,0.426
2026-05-01,PK,Self-expression,masculine,0.574
2026-05-01,PK,Technical help,feminine,0.311
2026-05-01,PK,Technical help,masculine,0.689
2026-05-01,PK,Writing,feminine,0.397
2026-05-01,PK,Writing,masculine,0.603
2026-05-01,PL,Multimedia,feminine,0.592
2026-05-01,PL,Multimedia,masculine,0.408
2026-05-01,PL,Other/Unknown,feminine,0.571
2026-05-01,PL,Other/Unknown,masculine,0.429
2026-05-01,PL,Practical Guidance,feminine,0.602
2026-05-01,PL,Practical Guidance,masculine,0.398
2026-05-01,PL,Seeking information,feminine,0.526
2026-05-01,PL,Seeking information,masculine,0.474
2026-05-01,PL,Self-expression,feminine,0.663
2026-05-01,PL,Self-expression,masculine,0.337
2026-05-01,PL,Technical help,feminine,0.419
2026-05-01,PL,Technical help,masculine,0.581
2026-05-01,PL,Writing,feminine,0.653
2026-05-01,PL,Writing,masculine,0.347
2026-05-01,PT,Practical Guidance,feminine,0.619
2026-05-01,PT,Practical Guidance,masculine,0.381
2026-05-01,PT,Seeking information,feminine,0.507
2026-05-01,PT,Seeking information,masculine,0.493
2026-05-01,PT,Writing,feminine,0.605
2026-05-01,PT,Writing,masculine,0.395
2026-05-01,RO,Practical Guidance,feminine,0.603
2026-05-01,RO,Practical Guidance,masculine,0.397
2026-05-01,RO,Seeking information,feminine,0.569
2026-05-01,RO,Seeking information,masculine,0.431
2026-05-01,RO,Writing,feminine,0.661
2026-05-01,RO,Writing,masculine,0.339
2026-05-01,RS,Practical Guidance,feminine,0.572
2026-05-01,RS,Practical Guidance,masculine,0.428
2026-05-01,RS,Seeking information,feminine,0.559
2026-05-01,RS,Seeking information,masculine,0.441
2026-05-01,RS,Writing,feminine,0.701
2026-05-01,RS,Writing,masculine,0.299
2026-05-01,SA,Multimedia,feminine,0.438
2026-05-01,SA,Multimedia,masculine,0.562
2026-05-01,SA,Practical Guidance,feminine,0.505
2026-05-01,SA,Practical Guidance,masculine,0.495
2026-05-01,SA,Seeking information,feminine,0.404
2026-05-01,SA,Seeking information,masculine,0.596
2026-05-01,SA,Self-expression,feminine,0.480
2026-05-01,SA,Self-expression,masculine,0.520
2026-05-01,SA,Writing,feminine,0.457
2026-05-01,SA,Writing,masculine,0.543
2026-05-01,SE,Practical Guidance,feminine,0.581
2026-05-01,SE,Practical Guidance,masculine,0.419
2026-05-01,SE,Seeking information,feminine,0.477
2026-05-01,SE,Seeking information,masculine,0.523
2026-05-01,SE,Writing,feminine,0.597
2026-05-01,SE,Writing,masculine,0.403
2026-05-01,SG,Practical Guidance,feminine,0.472
2026-05-01,SG,Practical Guidance,masculine,0.528
2026-05-01,SG,Seeking information,feminine,0.403
2026-05-01,SG,Seeking information,masculine,0.597
2026-05-01,SG,Writing,feminine,0.498
2026-05-01,SG,Writing,masculine,0.502
2026-05-01,SK,Practical Guidance,feminine,0.562
2026-05-01,SK,Practical Guidance,masculine,0.438
2026-05-01,SK,Seeking information,feminine,0.553
2026-05-01,SK,Seeking information,masculine,0.447
2026-05-01,TH,Practical Guidance,feminine,0.492
2026-05-01,TH,Practical Guidance,masculine,0.508
2026-05-01,TH,Writing,feminine,0.619
2026-05-01,TH,Writing,masculine,0.381
2026-05-01,TN,Practical Guidance,feminine,0.681
2026-05-01,TN,Practical Guidance,masculine,0.319
2026-05-01,TN,Writing,feminine,0.669
2026-05-01,TN,Writing,masculine,0.331
2026-05-01,TR,Multimedia,feminine,0.474
2026-05-01,TR,Multimedia,masculine,0.526
2026-05-01,TR,Other/Unknown,feminine,0.531
2026-05-01,TR,Other/Unknown,masculine,0.469
2026-05-01,TR,Practical Guidance,feminine,0.556
2026-05-01,TR,Practical Guidance,masculine,0.444
2026-05-01,TR,Seeking information,feminine,0.456
2026-05-01,TR,Seeking information,masculine,0.544
2026-05-01,TR,Self-expression,feminine,0.664
2026-05-01,TR,Self-expression,masculine,0.336
2026-05-01,TR,Technical help,feminine,0.401
2026-05-01,TR,Technical help,masculine,0.599
2026-05-01,TR,Writing,feminine,0.521
2026-05-01,TR,Writing,masculine,0.479
2026-05-01,TW,Practical Guidance,feminine,0.496
2026-05-01,TW,Practical Guidance,masculine,0.504
2026-05-01,TW,Seeking information,feminine,0.465
2026-05-01,TW,Seeking information,masculine,0.535
2026-05-01,TW,Writing,feminine,0.570
2026-05-01,TW,Writing,masculine,0.430
2026-05-01,UA,Multimedia,feminine,0.536
2026-05-01,UA,Multimedia,masculine,0.464
2026-05-01,UA,Other/Unknown,feminine,0.598
2026-05-01,UA,Other/Unknown,masculine,0.402
2026-05-01,UA,Practical Guidance,feminine,0.620
2026-05-01,UA,Practical Guidance,masculine,0.380
2026-05-01,UA,Seeking information,feminine,0.554
2026-05-01,UA,Seeking information,masculine,0.446
2026-05-01,UA,Self-expression,feminine,0.656
2026-05-01,UA,Self-expression,masculine,0.344
2026-05-01,UA,Writing,feminine,0.607
2026-05-01,UA,Writing,masculine,0.393
2026-05-01,US,Multimedia,feminine,0.527
2026-05-01,US,Multimedia,masculine,0.473
2026-05-01,US,Other/Unknown,feminine,0.491
2026-05-01,US,Other/Unknown,masculine,0.509
2026-05-01,US,Practical Guidance,feminine,0.536
2026-05-01,US,Practical Guidance,masculine,0.464
2026-05-01,US,Seeking information,feminine,0.467
2026-05-01,US,Seeking information,masculine,0.533
2026-05-01,US,Self-expression,feminine,0.620
2026-05-01,US,Self-expression,masculine,0.380
2026-05-01,US,Technical help,feminine,0.417
2026-05-01,US,Technical help,masculine,0.583
2026-05-01,US,Writing,feminine,0.595
2026-05-01,US,Writing,masculine,0.405
2026-05-01,UY,Practical Guidance,feminine,0.664
2026-05-01,UY,Practical Guidance,masculine,0.336
2026-05-01,UZ,Practical Guidance,feminine,0.494
2026-05-01,UZ,Practical Guidance,masculine,0.506
2026-05-01,UZ,Seeking information,feminine,0.366
2026-05-01,UZ,Seeking information,masculine,0.634
2026-05-01,UZ,Writing,feminine,0.549
2026-05-01,UZ,Writing,masculine,0.451
2026-05-01,VN,Practical Guidance,feminine,0.538
2026-05-01,VN,Practical Guidance,masculine,0.462
2026-05-01,VN,Seeking information,feminine,0.526
2026-05-01,VN,Seeking information,masculine,0.474
2026-05-01,VN,Writing,feminine,0.533
2026-05-01,VN,Writing,masculine,0.467
2026-05-01,ZA,Practical Guidance,feminine,0.530
2026-05-01,ZA,Practical Guidance,masculine,0.470
2026-05-01,ZA,Seeking information,feminine,0.503
2026-05-01,ZA,Seeking information,masculine,0.497
2026-05-01,ZA,Writing,feminine,0.576
2026-05-01,ZA,Writing,masculine,0.424
2026-06-01,AE,Practical Guidance,feminine,0.534
2026-06-01,AE,Practical Guidance,masculine,0.466
2026-06-01,AE,Seeking information,feminine,0.429
2026-06-01,AE,Seeking information,masculine,0.571
2026-06-01,AE,Writing,feminine,0.496
2026-06-01,AE,Writing,masculine,0.504
2026-06-01,AR,Multimedia,feminine,0.586
2026-06-01,AR,Multimedia,masculine,0.414
2026-06-01,AR,Other/Unknown,feminine,0.585
2026-06-01,AR,Other/Unknown,masculine,0.415
2026-06-01,AR,Practical Guidance,feminine,0.597
2026-06-01,AR,Practical Guidance,masculine,0.403
2026-06-01,AR,Seeking information,feminine,0.557
2026-06-01,AR,Seeking information,masculine,0.443
2026-06-01,AR,Self-expression,feminine,0.655
2026-06-01,AR,Self-expression,masculine,0.345
2026-06-01,AR,Technical help,feminine,0.379
2026-06-01,AR,Technical help,masculine,0.621
2026-06-01,AR,Writing,feminine,0.688
2026-06-01,AR,Writing,masculine,0.312
2026-06-01,AT,Practical Guidance,feminine,0.586
2026-06-01,AT,Practical Guidance,masculine,0.414
2026-06-01,AT,Seeking information,feminine,0.483
2026-06-01,AT,Seeking information,masculine,0.517
2026-06-01,AT,Writing,feminine,0.596
2026-06-01,AT,Writing,masculine,0.404
2026-06-01,AU,Multimedia,feminine,0.543
2026-06-01,AU,Multimedia,masculine,0.457
2026-06-01,AU,Other/Unknown,feminine,0.448
2026-06-01,AU,Other/Unknown,masculine,0.552
2026-06-01,AU,Practical Guidance,feminine,0.542
2026-06-01,AU,Practical Guidance,masculine,0.458
2026-06-01,AU,Seeking information,feminine,0.488
2026-06-01,AU,Seeking information,masculine,0.512
2026-06-01,AU,Self-expression,feminine,0.596
2026-06-01,AU,Self-expression,masculine,0.404
2026-06-01,AU,Technical help,feminine,0.472
2026-06-01,AU,Technical help,masculine,0.528
2026-06-01,AU,Writing,feminine,0.594
2026-06-01,AU,Writing,masculine,0.406
2026-06-01,AZ,Multimedia,feminine,0.578
2026-06-01,AZ,Multimedia,masculine,0.422
2026-06-01,AZ,Other/Unknown,feminine,0.548
2026-06-01,AZ,Other/Unknown,masculine,0.452
2026-06-01,AZ,Practical Guidance,feminine,0.494
2026-06-01,AZ,Practical Guidance,masculine,0.506
2026-06-01,AZ,Seeking information,feminine,0.445
2026-06-01,AZ,Seeking information,masculine,0.555
2026-06-01,AZ,Self-expression,feminine,0.706
2026-06-01,AZ,Self-expression,masculine,0.294
2026-06-01,AZ,Writing,feminine,0.532
2026-06-01,AZ,Writing,masculine,0.468
2026-06-01,BD,Multimedia,feminine,0.249
2026-06-01,BD,Multimedia,masculine,0.751
2026-06-01,BD,Other/Unknown,feminine,0.415
2026-06-01,BD,Other/Unknown,masculine,0.585
2026-06-01,BD,Practical Guidance,feminine,0.436
2026-06-01,BD,Practical Guidance,masculine,0.564
2026-06-01,BD,Seeking information,feminine,0.348
2026-06-01,BD,Seeking information,masculine,0.652
2026-06-01,BD,Writing,feminine,0.402
2026-06-01,BD,Writing,masculine,0.598
2026-06-01,BE,Practical Guidance,feminine,0.556
2026-06-01,BE,Practical Guidance,masculine,0.444
2026-06-01,BE,Seeking information,feminine,0.504
2026-06-01,BE,Seeking information,masculine,0.496
2026-06-01,BE,Writing,feminine,0.673
2026-06-01,BE,Writing,masculine,0.327
2026-06-01,BG,Practical Guidance,feminine,0.590
2026-06-01,BG,Practical Guidance,masculine,0.410
2026-06-01,BG,Seeking information,feminine,0.463
2026-06-01,BG,Seeking information,masculine,0.537
2026-06-01,BO,Practical Guidance,feminine,0.570
2026-06-01,BO,Practical Guidance,masculine,0.430
2026-06-01,BO,Writing,feminine,0.610
2026-06-01,BO,Writing,masculine,0.390
2026-06-01,BR,Multimedia,feminine,0.614
2026-06-01,BR,Multimedia,masculine,0.386
2026-06-01,BR,Other/Unknown,feminine,0.599
2026-06-01,BR,Other/Unknown,masculine,0.401
2026-06-01,BR,Practical Guidance,feminine,0.615
2026-06-01,BR,Practical Guidance,masculine,0.385
2026-06-01,BR,Seeking information,feminine,0.528
2026-06-01,BR,Seeking information,masculine,0.472
2026-06-01,BR,Self-expression,feminine,0.694
2026-06-01,BR,Self-expression,masculine,0.306
2026-06-01,BR,Technical help,feminine,0.425
2026-06-01,BR,Technical help,masculine,0.575
2026-06-01,BR,Writing,feminine,0.656
2026-06-01,BR,Writing,masculine,0.344
2026-06-01,CA,Multimedia,feminine,0.519
2026-06-01,CA,Multimedia,masculine,0.481
2026-06-01,CA,Other/Unknown,feminine,0.477
2026-06-01,CA,Other/Unknown,masculine,0.523
2026-06-01,CA,Practical Guidance,feminine,0.530
2026-06-01,CA,Practical Guidance,masculine,0.470
2026-06-01,CA,Seeking information,feminine,0.462
2026-06-01,CA,Seeking information,masculine,0.538
2026-06-01,CA,Self-expression,feminine,0.667
2026-06-01,CA,Self-expression,masculine,0.333
2026-06-01,CA,Technical help,feminine,0.387
2026-06-01,CA,Technical help,masculine,0.613
2026-06-01,CA,Writing,feminine,0.597
2026-06-01,CA,Writing,masculine,0.403
2026-06-01,CH,Practical Guidance,feminine,0.502
2026-06-01,CH,Practical Guidance,masculine,0.498
2026-06-01,CH,Seeking information,feminine,0.423
2026-06-01,CH,Seeking information,masculine,0.577
2026-06-01,CH,Writing,feminine,0.594
2026-06-01,CH,Writing,masculine,0.406
2026-06-01,CL,Multimedia,feminine,0.584
2026-06-01,CL,Multimedia,masculine,0.416
2026-06-01,CL,Other/Unknown,feminine,0.478
2026-06-01,CL,Other/Unknown,masculine,0.522
2026-06-01,CL,Practical Guidance,feminine,0.584
2026-06-01,CL,Practical Guidance,masculine,0.416
2026-06-01,CL,Seeking information,feminine,0.503
2026-06-01,CL,Seeking information,masculine,0.497
2026-06-01,CL,Self-expression,feminine,0.607
2026-06-01,CL,Self-expression,masculine,0.393
2026-06-01,CL,Writing,feminine,0.607
2026-06-01,CL,Writing,masculine,0.393
2026-06-01,CO,Multimedia,feminine,0.588
2026-06-01,CO,Multimedia,masculine,0.412
2026-06-01,CO,Other/Unknown,feminine,0.555
2026-06-01,CO,Other/Unknown,masculine,0.445
2026-06-01,CO,Practical Guidance,feminine,0.597
2026-06-01,CO,Practical Guidance,masculine,0.403
2026-06-01,CO,Seeking information,feminine,0.521
2026-06-01,CO,Seeking information,masculine,0.479
2026-06-01,CO,Self-expression,feminine,0.674
2026-06-01,CO,Self-expression,masculine,0.326
2026-06-01,CO,Writing,feminine,0.648
2026-06-01,CO,Writing,masculine,0.352
2026-06-01,CR,Practical Guidance,feminine,0.531
2026-06-01,CR,Practical Guidance,masculine,0.469
2026-06-01,CR,Writing,feminine,0.579
2026-06-01,CR,Writing,masculine,0.421
2026-06-01,CZ,Practical Guidance,feminine,0.634
2026-06-01,CZ,Practical Guidance,masculine,0.366
2026-06-01,CZ,Seeking information,feminine,0.528
2026-06-01,CZ,Seeking information,masculine,0.472
2026-06-01,CZ,Writing,feminine,0.695
2026-06-01,CZ,Writing,masculine,0.305
2026-06-01,DE,Multimedia,feminine,0.517
2026-06-01,DE,Multimedia,masculine,0.483
2026-06-01,DE,Other/Unknown,feminine,0.495
2026-06-01,DE,Other/Unknown,masculine,0.505
2026-06-01,DE,Practical Guidance,feminine,0.553
2026-06-01,DE,Practical Guidance,masculine,0.447
2026-06-01,DE,Seeking information,feminine,0.492
2026-06-01,DE,Seeking information,masculine,0.508
2026-06-01,DE,Self-expression,feminine,0.641
2026-06-01,DE,Self-expression,masculine,0.359
2026-06-01,DE,Technical help,feminine,0.360
2026-06-01,DE,Technical help,masculine,0.640
2026-06-01,DE,Writing,feminine,0.559
2026-06-01,DE,Writing,masculine,0.441
2026-06-01,DK,Practical Guidance,feminine,0.542
2026-06-01,DK,Practical Guidance,masculine,0.458
2026-06-01,DK,Seeking information,feminine,0.440
2026-06-01,DK,Seeking information,masculine,0.560
2026-06-01,DK,Writing,feminine,0.602
2026-06-01,DK,Writing,masculine,0.398
2026-06-01,DO,Practical Guidance,feminine,0.590
2026-06-01,DO,Practical Guidance,masculine,0.410
2026-06-01,DO,Writing,feminine,0.567
2026-06-01,DO,Writing,masculine,0.433
2026-06-01,DZ,Other/Unknown,feminine,0.553
2026-06-01,DZ,Other/Unknown,masculine,0.447
2026-06-01,DZ,Practical Guidance,feminine,0.563
2026-06-01,DZ,Practical Guidance,masculine,0.437
2026-06-01,DZ,Seeking information,feminine,0.424
2026-06-01,DZ,Seeking information,masculine,0.576
2026-06-01,DZ,Self-expression,feminine,0.686
2026-06-01,DZ,Self-expression,masculine,0.314
2026-06-01,DZ,Writing,feminine,0.582
2026-06-01,DZ,Writing,masculine,0.418
2026-06-01,EC,Multimedia,feminine,0.541
2026-06-01,EC,Multimedia,masculine,0.459
2026-06-01,EC,Practical Guidance,feminine,0.598
2026-06-01,EC,Practical Guidance,masculine,0.402
2026-06-01,EC,Seeking information,feminine,0.547
2026-06-01,EC,Seeking information,masculine,0.453
2026-06-01,EC,Writing,feminine,0.659
2026-06-01,EC,Writing,masculine,0.341
2026-06-01,EG,Multimedia,feminine,0.483
2026-06-01,EG,Multimedia,masculine,0.517
2026-06-01,EG,Other/Unknown,feminine,0.457
2026-06-01,EG,Other/Unknown,masculine,0.543
2026-06-01,EG,Practical Guidance,feminine,0.540
2026-06-01,EG,Practical Guidance,masculine,0.460
2026-06-01,EG,Seeking information,feminine,0.467
2026-06-01,EG,Seeking information,masculine,0.533
2026-06-01,EG,Self-expression,feminine,0.696
2026-06-01,EG,Self-expression,masculine,0.304
2026-06-01,EG,Writing,feminine,0.507
2026-06-01,EG,Writing,masculine,0.493
2026-06-01,ES,Multimedia,feminine,0.522
2026-06-01,ES,Multimedia,masculine,0.478
2026-06-01,ES,Other/Unknown,feminine,0.485
2026-06-01,ES,Other/Unknown,masculine,0.515
2026-06-01,ES,Practical Guidance,feminine,0.583
2026-06-01,ES,Practical Guidance,masculine,0.417
2026-06-01,ES,Seeking information,feminine,0.510
2026-06-01,ES,Seeking information,masculine,0.490
2026-06-01,ES,Self-expression,feminine,0.636
2026-06-01,ES,Self-expression,masculine,0.364
2026-06-01,ES,Technical help,feminine,0.453
2026-06-01,ES,Technical help,masculine,0.547
2026-06-01,ES,Writing,feminine,0.565
2026-06-01,ES,Writing,masculine,0.435
2026-06-01,FI,Practical Guidance,feminine,0.509
2026-06-01,FI,Practical Guidance,masculine,0.491
2026-06-01,FI,Seeking information,feminine,0.422
2026-06-01,FI,Seeking information,masculine,0.578
2026-06-01,FI,Writing,feminine,0.601
2026-06-01,FI,Writing,masculine,0.399
2026-06-01,FR,Multimedia,feminine,0.538
2026-06-01,FR,Multimedia,masculine,0.462
2026-06-01,FR,Other/Unknown,feminine,0.555
2026-06-01,FR,Other/Unknown,masculine,0.445
2026-06-01,FR,Practical Guidance,feminine,0.569
2026-06-01,FR,Practical Guidance,masculine,0.431
2026-06-01,FR,Seeking information,feminine,0.539
2026-06-01,FR,Seeking information,masculine,0.461
2026-06-01,FR,Self-expression,feminine,0.671
2026-06-01,FR,Self-expression,masculine,0.329
2026-06-01,FR,Technical help,feminine,0.375
2026-06-01,FR,Technical help,masculine,0.625
2026-06-01,FR,Writing,feminine,0.597
2026-06-01,FR,Writing,masculine,0.403
2026-06-01,GB,Multimedia,feminine,0.474
2026-06-01,GB,Multimedia,masculine,0.526
2026-06-01,GB,Other/Unknown,feminine,0.516
2026-06-01,GB,Other/Unknown,masculine,0.484
2026-06-01,GB,Practical Guidance,feminine,0.524
2026-06-01,GB,Practical Guidance,masculine,0.476
2026-06-01,GB,Seeking information,feminine,0.460
2026-06-01,GB,Seeking information,masculine,0.540
2026-06-01,GB,Self-expression,feminine,0.644
2026-06-01,GB,Self-expression,masculine,0.356
2026-06-01,GB,Technical help,feminine,0.391
2026-06-01,GB,Technical help,masculine,0.609
2026-06-01,GB,Writing,feminine,0.581
2026-06-01,GB,Writing,masculine,0.419
2026-06-01,GE,Practical Guidance,feminine,0.612
2026-06-01,GE,Practical Guidance,masculine,0.388
2026-06-01,GH,Practical Guidance,feminine,0.480
2026-06-01,GH,Practical Guidance,masculine,0.520
2026-06-01,GR,Practical Guidance,feminine,0.524
2026-06-01,GR,Practical Guidance,masculine,0.476
2026-06-01,GR,Seeking information,feminine,0.434
2026-06-01,GR,Seeking information,masculine,0.566
2026-06-01,GR,Writing,feminine,0.518
2026-06-01,GR,Writing,masculine,0.482
2026-06-01,GT,Practical Guidance,feminine,0.482
2026-06-01,GT,Practical Guidance,masculine,0.518
2026-06-01,HR,Practical Guidance,feminine,0.524
2026-06-01,HR,Practical Guidance,masculine,0.476
2026-06-01,HU,Practical Guidance,feminine,0.557
2026-06-01,HU,Practical Guidance,masculine,0.443
2026-06-01,HU,Seeking information,feminine,0.462
2026-06-01,HU,Seeking information,masculine,0.538
2026-06-01,ID,Multimedia,feminine,0.563
2026-06-01,ID,Multimedia,masculine,0.437
2026-06-01,ID,Other/Unknown,feminine,0.595
2026-06-01,ID,Other/Unknown,masculine,0.405
2026-06-01,ID,Practical Guidance,feminine,0.616
2026-06-01,ID,Practical Guidance,masculine,0.384
2026-06-01,ID,Seeking information,feminine,0.524
2026-06-01,ID,Seeking information,masculine,0.476
2026-06-01,ID,Self-expression,feminine,0.655
2026-06-01,ID,Self-expression,masculine,0.345
2026-06-01,ID,Technical help,feminine,0.479
2026-06-01,ID,Technical help,masculine,0.521
2026-06-01,ID,Writing,feminine,0.673
2026-06-01,ID,Writing,masculine,0.327
2026-06-01,IE,Practical Guidance,feminine,0.531
2026-06-01,IE,Practical Guidance,masculine,0.469
2026-06-01,IE,Seeking information,feminine,0.484
2026-06-01,IE,Seeking information,masculine,0.516
2026-06-01,IE,Writing,feminine,0.550
2026-06-01,IE,Writing,masculine,0.450
2026-06-01,IL,Practical Guidance,feminine,0.514
2026-06-01,IL,Practical Guidance,masculine,0.486
2026-06-01,IL,Seeking information,feminine,0.419
2026-06-01,IL,Seeking information,masculine,0.581
2026-06-01,IL,Writing,feminine,0.554
2026-06-01,IL,Writing,masculine,0.446
2026-06-01,IN,Multimedia,feminine,0.363
2026-06-01,IN,Multimedia,masculine,0.637
2026-06-01,IN,Other/Unknown,feminine,0.420
2026-06-01,IN,Other/Unknown,masculine,0.580
2026-06-01,IN,Practical Guidance,feminine,0.458
2026-06-01,IN,Practical Guidance,masculine,0.542
2026-06-01,IN,Seeking information,feminine,0.388
2026-06-01,IN,Seeking information,masculine,0.612
2026-06-01,IN,Self-expression,feminine,0.553
2026-06-01,IN,Self-expression,masculine,0.447
2026-06-01,IN,Technical help,feminine,0.347
2026-06-01,IN,Technical help,masculine,0.653
2026-06-01,IN,Writing,feminine,0.448
2026-06-01,IN,Writing,masculine,0.552
2026-06-01,IQ,Practical Guidance,feminine,0.511
2026-06-01,IQ,Practical Guidance,masculine,0.489
2026-06-01,IQ,Seeking information,feminine,0.474
2026-06-01,IQ,Seeking information,masculine,0.526
2026-06-01,IQ,Writing,feminine,0.557
2026-06-01,IQ,Writing,masculine,0.443
2026-06-01,IT,Multimedia,feminine,0.461
2026-06-01,IT,Multimedia,masculine,0.539
2026-06-01,IT,Other/Unknown,feminine,0.546
2026-06-01,IT,Other/Unknown,masculine,0.454
2026-06-01,IT,Practical Guidance,feminine,0.558
2026-06-01,IT,Practical Guidance,masculine,0.442
2026-06-01,IT,Seeking information,feminine,0.528
2026-06-01,IT,Seeking information,masculine,0.472
2026-06-01,IT,Self-expression,feminine,0.616
2026-06-01,IT,Self-expression,masculine,0.384
2026-06-01,IT,Technical help,feminine,0.362
2026-06-01,IT,Technical help,masculine,0.638
2026-06-01,IT,Writing,feminine,0.612
2026-06-01,IT,Writing,masculine,0.388
2026-06-01,JO,Practical Guidance,feminine,0.631
2026-06-01,JO,Practical Guidance,masculine,0.369
2026-06-01,JP,Other/Unknown,feminine,0.572
2026-06-01,JP,Other/Unknown,masculine,0.428
2026-06-01,JP,Practical Guidance,feminine,0.434
2026-06-01,JP,Practical Guidance,masculine,0.566
2026-06-01,JP,Seeking information,feminine,0.392
2026-06-01,JP,Seeking information,masculine,0.608
2026-06-01,JP,Self-expression,feminine,0.588
2026-06-01,JP,Self-expression,masculine,0.412
2026-06-01,JP,Writing,feminine,0.475
2026-06-01,JP,Writing,masculine,0.525
2026-06-01,KE,Practical Guidance,feminine,0.590
2026-06-01,KE,Practical Guidance,masculine,0.410
2026-06-01,KE,Seeking information,feminine,0.515
2026-06-01,KE,Seeking information,masculine,0.485
2026-06-01,KE,Writing,feminine,0.578
2026-06-01,KE,Writing,masculine,0.422
2026-06-01,KR,Practical Guidance,feminine,0.643
2026-06-01,KR,Practical Guidance,masculine,0.357
2026-06-01,KR,Seeking information,feminine,0.627
2026-06-01,KR,Seeking information,masculine,0.373
2026-06-01,KR,Self-expression,feminine,0.591
2026-06-01,KR,Self-expression,masculine,0.409
2026-06-01,KR,Writing,feminine,0.606
2026-06-01,KR,Writing,masculine,0.394
2026-06-01,KZ,Practical Guidance,feminine,0.552
2026-06-01,KZ,Practical Guidance,masculine,0.448
2026-06-01,KZ,Seeking information,feminine,0.412
2026-06-01,KZ,Seeking information,masculine,0.588
2026-06-01,KZ,Writing,feminine,0.452
2026-06-01,KZ,Writing,masculine,0.548
2026-06-01,LB,Practical Guidance,feminine,0.567
2026-06-01,LB,Practical Guidance,masculine,0.433
2026-06-01,LT,Practical Guidance,feminine,0.499
2026-06-01,LT,Practical Guidance,masculine,0.501
2026-06-01,MA,Practical Guidance,feminine,0.598
2026-06-01,MA,Practical Guidance,masculine,0.402
2026-06-01,MA,Seeking information,feminine,0.478
2026-06-01,MA,Seeking information,masculine,0.522
2026-06-01,MA,Self-expression,feminine,0.617
2026-06-01,MA,Self-expression,masculine,0.383
2026-06-01,MA,Writing,feminine,0.547
2026-06-01,MA,Writing,masculine,0.453
2026-06-01,MX,Multimedia,feminine,0.543
2026-06-01,MX,Multimedia,masculine,0.457
2026-06-01,MX,Other/Unknown,feminine,0.561
2026-06-01,MX,Other/Unknown,masculine,0.439
2026-06-01,MX,Practical Guidance,feminine,0.535
2026-06-01,MX,Practical Guidance,masculine,0.465
2026-06-01,MX,Seeking information,feminine,0.480
2026-06-01,MX,Seeking information,masculine,0.520
2026-06-01,MX,Self-expression,feminine,0.617
2026-06-01,MX,Self-expression,masculine,0.383
2026-06-01,MX,Technical help,feminine,0.400
2026-06-01,MX,Technical help,masculine,0.600
2026-06-01,MX,Writing,feminine,0.594
2026-06-01,MX,Writing,masculine,0.406
2026-06-01,MY,Multimedia,feminine,0.474
2026-06-01,MY,Multimedia,masculine,0.526
2026-06-01,MY,Practical Guidance,feminine,0.513
2026-06-01,MY,Practical Guidance,masculine,0.487
2026-06-01,MY,Seeking information,feminine,0.488
2026-06-01,MY,Seeking information,masculine,0.512
2026-06-01,MY,Self-expression,feminine,0.592
2026-06-01,MY,Self-expression,masculine,0.408
2026-06-01,MY,Writing,feminine,0.546
2026-06-01,MY,Writing,masculine,0.454
2026-06-01,NG,Multimedia,feminine,0.264
2026-06-01,NG,Multimedia,masculine,0.736
2026-06-01,NG,Other/Unknown,feminine,0.393
2026-06-01,NG,Other/Unknown,masculine,0.607
2026-06-01,NG,Practical Guidance,feminine,0.489
2026-06-01,NG,Practical Guidance,masculine,0.511
2026-06-01,NG,Seeking information,feminine,0.389
2026-06-01,NG,Seeking information,masculine,0.611
2026-06-01,NG,Self-expression,feminine,0.593
2026-06-01,NG,Self-expression,masculine,0.407
2026-06-01,NG,Writing,feminine,0.376
2026-06-01,NG,Writing,masculine,0.624
2026-06-01,NL,Multimedia,feminine,0.498
2026-06-01,NL,Multimedia,masculine,0.502
2026-06-01,NL,Other/Unknown,feminine,0.500
2026-06-01,NL,Other/Unknown,masculine,0.500
2026-06-01,NL,Practical Guidance,feminine,0.510
2026-06-01,NL,Practical Guidance,masculine,0.490
2026-06-01,NL,Seeking information,feminine,0.429
2026-06-01,NL,Seeking information,masculine,0.571
2026-06-01,NL,Self-expression,feminine,0.616
2026-06-01,NL,Self-expression,masculine,0.384
2026-06-01,NL,Technical help,feminine,0.379
2026-06-01,NL,Technical help,masculine,0.621
2026-06-01,NL,Writing,feminine,0.546
2026-06-01,NL,Writing,masculine,0.454
2026-06-01,NO,Practical Guidance,feminine,0.487
2026-06-01,NO,Practical Guidance,masculine,0.513
2026-06-01,NO,Seeking information,feminine,0.410
2026-06-01,NO,Seeking information,masculine,0.590
2026-06-01,NO,Writing,feminine,0.626
2026-06-01,NO,Writing,masculine,0.374
2026-06-01,NP,Practical Guidance,feminine,0.547
2026-06-01,NP,Practical Guidance,masculine,0.453
2026-06-01,NP,Writing,feminine,0.532
2026-06-01,NP,Writing,masculine,0.468
2026-06-01,NZ,Practical Guidance,feminine,0.579
2026-06-01,NZ,Practical Guidance,masculine,0.421
2026-06-01,NZ,Writing,feminine,0.723
2026-06-01,NZ,Writing,masculine,0.277
2026-06-01,PE,Multimedia,feminine,0.507
2026-06-01,PE,Multimedia,masculine,0.493
2026-06-01,PE,Practical Guidance,feminine,0.568
2026-06-01,PE,Practical Guidance,masculine,0.432
2026-06-01,PE,Seeking information,feminine,0.483
2026-06-01,PE,Seeking information,masculine,0.517
2026-06-01,PE,Self-expression,feminine,0.654
2026-06-01,PE,Self-expression,masculine,0.346
2026-06-01,PE,Writing,feminine,0.611
2026-06-01,PE,Writing,masculine,0.389
2026-06-01,PH,Multimedia,feminine,0.592
2026-06-01,PH,Multimedia,masculine,0.408
2026-06-01,PH,Other/Unknown,feminine,0.515
2026-06-01,PH,Other/Unknown,masculine,0.485
2026-06-01,PH,Practical Guidance,feminine,0.564
2026-06-01,PH,Practical Guidance,masculine,0.436
2026-06-01,PH,Seeking information,feminine,0.506
2026-06-01,PH,Seeking information,masculine,0.494
2026-06-01,PH,Self-expression,feminine,0.596
2026-06-01,PH,Self-expression,masculine,0.404
2026-06-01,PH,Technical help,feminine,0.563
2026-06-01,PH,Technical help,masculine,0.437
2026-06-01,PH,Writing,feminine,0.612
2026-06-01,PH,Writing,masculine,0.388
2026-06-01,PK,Multimedia,feminine,0.344
2026-06-01,PK,Multimedia,masculine,0.656
2026-06-01,PK,Other/Unknown,feminine,0.345
2026-06-01,PK,Other/Unknown,masculine,0.655
2026-06-01,PK,Practical Guidance,feminine,0.406
2026-06-01,PK,Practical Guidance,masculine,0.594
2026-06-01,PK,Seeking information,feminine,0.291
2026-06-01,PK,Seeking information,masculine,0.709
2026-06-01,PK,Self-expression,feminine,0.472
2026-06-01,PK,Self-expression,masculine,0.528
2026-06-01,PK,Technical help,feminine,0.310
2026-06-01,PK,Technical help,masculine,0.690
2026-06-01,PK,Writing,feminine,0.387
2026-06-01,PK,Writing,masculine,0.613
2026-06-01,PL,Multimedia,feminine,0.608
2026-06-01,PL,Multimedia,masculine,0.392
2026-06-01,PL,Other/Unknown,feminine,0.588
2026-06-01,PL,Other/Unknown,masculine,0.412
2026-06-01,PL,Practical Guidance,feminine,0.582
2026-06-01,PL,Practical Guidance,masculine,0.418
2026-06-01,PL,Seeking information,feminine,0.549
2026-06-01,PL,Seeking information,masculine,0.451
2026-06-01,PL,Self-expression,feminine,0.667
2026-06-01,PL,Self-expression,masculine,0.333
2026-06-01,PL,Technical help,feminine,0.403
2026-06-01,PL,Technical help,masculine,0.597
2026-06-01,PL,Writing,feminine,0.643
2026-06-01,PL,Writing,masculine,0.357
2026-06-01,PT,Practical Guidance,feminine,0.626
2026-06-01,PT,Practical Guidance,masculine,0.374
2026-06-01,PT,Seeking information,feminine,0.505
2026-06-01,PT,Seeking information,masculine,0.495
2026-06-01,PT,Writing,feminine,0.612
2026-06-01,PT,Writing,masculine,0.388
2026-06-01,RO,Practical Guidance,feminine,0.648
2026-06-01,RO,Practical Guidance,masculine,0.352
2026-06-01,RO,Seeking information,feminine,0.523
2026-06-01,RO,Seeking information,masculine,0.477
2026-06-01,RO,Writing,feminine,0.637
2026-06-01,RO,Writing,masculine,0.363
2026-06-01,RS,Practical Guidance,feminine,0.598
2026-06-01,RS,Practical Guidance,masculine,0.402
2026-06-01,RS,Seeking information,feminine,0.616
2026-06-01,RS,Seeking information,masculine,0.384
2026-06-01,SA,Practical Guidance,feminine,0.492
2026-06-01,SA,Practical Guidance,masculine,0.508
2026-06-01,SA,Seeking information,feminine,0.357
2026-06-01,SA,Seeking information,masculine,0.643
2026-06-01,SA,Self-expression,feminine,0.579
2026-06-01,SA,Self-expression,masculine,0.421
2026-06-01,SA,Writing,feminine,0.428
2026-06-01,SA,Writing,masculine,0.572
2026-06-01,SE,Practical Guidance,feminine,0.526
2026-06-01,SE,Practical Guidance,masculine,0.474
2026-06-01,SE,Seeking information,feminine,0.482
2026-06-01,SE,Seeking information,masculine,0.518
2026-06-01,SE,Self-expression,feminine,0.707
2026-06-01,SE,Self-expression,masculine,0.293
2026-06-01,SE,Writing,feminine,0.631
2026-06-01,SE,Writing,masculine,0.369
2026-06-01,SG,Practical Guidance,feminine,0.466
2026-06-01,SG,Practical Guidance,masculine,0.534
2026-06-01,SG,Seeking information,feminine,0.428
2026-06-01,SG,Seeking information,masculine,0.572
2026-06-01,SG,Writing,feminine,0.547
2026-06-01,SG,Writing,masculine,0.453
2026-06-01,SK,Practical Guidance,feminine,0.563
2026-06-01,SK,Practical Guidance,masculine,0.437
2026-06-01,SK,Seeking information,feminine,0.514
2026-06-01,SK,Seeking information,masculine,0.486
2026-06-01,TH,Practical Guidance,feminine,0.568
2026-06-01,TH,Practical Guidance,masculine,0.432
2026-06-01,TH,Writing,feminine,0.533
2026-06-01,TH,Writing,masculine,0.467
2026-06-01,TN,Practical Guidance,feminine,0.621
2026-06-01,TN,Practical Guidance,masculine,0.379
2026-06-01,TR,Multimedia,feminine,0.452
2026-06-01,TR,Multimedia,masculine,0.548
2026-06-01,TR,Other/Unknown,feminine,0.492
2026-06-01,TR,Other/Unknown,masculine,0.508
2026-06-01,TR,Practical Guidance,feminine,0.546
2026-06-01,TR,Practical Guidance,masculine,0.454
2026-06-01,TR,Seeking information,feminine,0.483
2026-06-01,TR,Seeking information,masculine,0.517
2026-06-01,TR,Self-expression,feminine,0.629
2026-06-01,TR,Self-expression,masculine,0.371
2026-06-01,TR,Technical help,feminine,0.367
2026-06-01,TR,Technical help,masculine,0.633
2026-06-01,TR,Writing,feminine,0.556
2026-06-01,TR,Writing,masculine,0.444
2026-06-01,TW,Practical Guidance,feminine,0.472
2026-06-01,TW,Practical Guidance,masculine,0.528
2026-06-01,TW,Writing,feminine,0.554
2026-06-01,TW,Writing,masculine,0.446
2026-06-01,TZ,Practical Guidance,feminine,0.466
2026-06-01,TZ,Practical Guidance,masculine,0.534
2026-06-01,UA,Multimedia,feminine,0.588
2026-06-01,UA,Multimedia,masculine,0.412
2026-06-01,UA,Practical Guidance,feminine,0.619
2026-06-01,UA,Practical Guidance,masculine,0.381
2026-06-01,UA,Seeking information,feminine,0.560
2026-06-01,UA,Seeking information,masculine,0.440
2026-06-01,UA,Self-expression,feminine,0.642
2026-06-01,UA,Self-expression,masculine,0.358
2026-06-01,UA,Writing,feminine,0.639
2026-06-01,UA,Writing,masculine,0.361
2026-06-01,US,Multimedia,feminine,0.521
2026-06-01,US,Multimedia,masculine,0.479
2026-06-01,US,Other/Unknown,feminine,0.484
2026-06-01,US,Other/Unknown,masculine,0.516
2026-06-01,US,Practical Guidance,feminine,0.547
2026-06-01,US,Practical Guidance,masculine,0.453
2026-06-01,US,Seeking information,feminine,0.475
2026-06-01,US,Seeking information,masculine,0.525
2026-06-01,US,Self-expression,feminine,0.593
2026-06-01,US,Self-expression,masculine,0.407
2026-06-01,US,Technical help,feminine,0.401
2026-06-01,US,Technical help,masculine,0.599
2026-06-01,US,Writing,feminine,0.603
2026-06-01,US,Writing,masculine,0.397
2026-06-01,UY,Practical Guidance,feminine,0.675
2026-06-01,UY,Practical Guidance,masculine,0.325
2026-06-01,UZ,Practical Guidance,feminine,0.493
2026-06-01,UZ,Practical Guidance,masculine,0.507
2026-06-01,VN,Practical Guidance,feminine,0.500
2026-06-01,VN,Practical Guidance,masculine,0.500
2026-06-01,VN,Seeking information,feminine,0.484
2026-06-01,VN,Seeking information,masculine,0.516
2026-06-01,VN,Writing,feminine,0.545
2026-06-01,VN,Writing,masculine,0.455
2026-06-01,ZA,Practical Guidance,feminine,0.609
2026-06-01,ZA,Practical Guidance,masculine,0.391
2026-06-01,ZA,Seeking information,feminine,0.499
2026-06-01,ZA,Seeking information,masculine,0.501
2026-06-01,ZA,Writing,feminine,0.592
2026-06-01,ZA,Writing,masculine,0.408
