month,country,topic,share_of_messages
2024-07-01,AE,Multimedia,0.019
2024-07-01,AE,Other/Unknown,0.040
2024-07-01,AE,Practical Guidance,0.177
2024-07-01,AE,Seeking information,0.134
2024-07-01,AE,Self-expression,0.024
2024-07-01,AE,Technical help,0.087
2024-07-01,AE,Writing,0.520
2024-07-01,AF,Multimedia,0.000
2024-07-01,AF,Other/Unknown,0.000
2024-07-01,AF,Practical Guidance,0.293
2024-07-01,AF,Seeking information,0.256
2024-07-01,AF,Self-expression,0.031
2024-07-01,AF,Technical help,0.029
2024-07-01,AF,Writing,0.391
2024-07-01,AL,Multimedia,0.035
2024-07-01,AL,Other/Unknown,0.050
2024-07-01,AL,Practical Guidance,0.205
2024-07-01,AL,Seeking information,0.125
2024-07-01,AL,Self-expression,0.012
2024-07-01,AL,Technical help,0.251
2024-07-01,AL,Writing,0.322
2024-07-01,AM,Multimedia,0.011
2024-07-01,AM,Other/Unknown,0.093
2024-07-01,AM,Practical Guidance,0.198
2024-07-01,AM,Seeking information,0.152
2024-07-01,AM,Self-expression,0.064
2024-07-01,AM,Technical help,0.227
2024-07-01,AM,Writing,0.255
2024-07-01,AO,Multimedia,0.047
2024-07-01,AO,Other/Unknown,0.028
2024-07-01,AO,Practical Guidance,0.296
2024-07-01,AO,Seeking information,0.178
2024-07-01,AO,Self-expression,0.107
2024-07-01,AO,Technical help,0.085
2024-07-01,AO,Writing,0.259
2024-07-01,AR,Multimedia,0.020
2024-07-01,AR,Other/Unknown,0.033
2024-07-01,AR,Practical Guidance,0.303
2024-07-01,AR,Seeking information,0.196
2024-07-01,AR,Self-expression,0.044
2024-07-01,AR,Technical help,0.120
2024-07-01,AR,Writing,0.285
2024-07-01,AT,Multimedia,0.023
2024-07-01,AT,Other/Unknown,0.024
2024-07-01,AT,Practical Guidance,0.216
2024-07-01,AT,Seeking information,0.184
2024-07-01,AT,Self-expression,0.015
2024-07-01,AT,Technical help,0.107
2024-07-01,AT,Writing,0.430
2024-07-01,AU,Multimedia,0.016
2024-07-01,AU,Other/Unknown,0.025
2024-07-01,AU,Practical Guidance,0.249
2024-07-01,AU,Seeking information,0.145
2024-07-01,AU,Self-expression,0.023
2024-07-01,AU,Technical help,0.103
2024-07-01,AU,Writing,0.438
2024-07-01,AZ,Multimedia,0.012
2024-07-01,AZ,Other/Unknown,0.072
2024-07-01,AZ,Practical Guidance,0.284
2024-07-01,AZ,Seeking information,0.194
2024-07-01,AZ,Self-expression,0.039
2024-07-01,AZ,Technical help,0.146
2024-07-01,AZ,Writing,0.253
2024-07-01,BA,Multimedia,0.009
2024-07-01,BA,Other/Unknown,0.029
2024-07-01,BA,Practical Guidance,0.191
2024-07-01,BA,Seeking information,0.251
2024-07-01,BA,Self-expression,0.063
2024-07-01,BA,Technical help,0.167
2024-07-01,BA,Writing,0.291
2024-07-01,BD,Multimedia,0.021
2024-07-01,BD,Other/Unknown,0.032
2024-07-01,BD,Practical Guidance,0.297
2024-07-01,BD,Seeking information,0.146
2024-07-01,BD,Self-expression,0.045
2024-07-01,BD,Technical help,0.135
2024-07-01,BD,Writing,0.324
2024-07-01,BE,Multimedia,0.019
2024-07-01,BE,Other/Unknown,0.028
2024-07-01,BE,Practical Guidance,0.220
2024-07-01,BE,Seeking information,0.195
2024-07-01,BE,Self-expression,0.034
2024-07-01,BE,Technical help,0.081
2024-07-01,BE,Writing,0.424
2024-07-01,BG,Multimedia,0.010
2024-07-01,BG,Other/Unknown,0.033
2024-07-01,BG,Practical Guidance,0.280
2024-07-01,BG,Seeking information,0.191
2024-07-01,BG,Self-expression,0.056
2024-07-01,BG,Technical help,0.139
2024-07-01,BG,Writing,0.290
2024-07-01,BJ,Multimedia,0.000
2024-07-01,BJ,Other/Unknown,0.037
2024-07-01,BJ,Practical Guidance,0.267
2024-07-01,BJ,Seeking information,0.211
2024-07-01,BJ,Self-expression,0.000
2024-07-01,BJ,Technical help,0.113
2024-07-01,BJ,Writing,0.372
2024-07-01,BO,Multimedia,0.022
2024-07-01,BO,Other/Unknown,0.033
2024-07-01,BO,Practical Guidance,0.335
2024-07-01,BO,Seeking information,0.258
2024-07-01,BO,Self-expression,0.050
2024-07-01,BO,Technical help,0.081
2024-07-01,BO,Writing,0.220
2024-07-01,BR,Multimedia,0.023
2024-07-01,BR,Other/Unknown,0.035
2024-07-01,BR,Practical Guidance,0.265
2024-07-01,BR,Seeking information,0.157
2024-07-01,BR,Self-expression,0.037
2024-07-01,BR,Technical help,0.113
2024-07-01,BR,Writing,0.370
2024-07-01,CA,Multimedia,0.020
2024-07-01,CA,Other/Unknown,0.023
2024-07-01,CA,Practical Guidance,0.260
2024-07-01,CA,Seeking information,0.168
2024-07-01,CA,Self-expression,0.022
2024-07-01,CA,Technical help,0.121
2024-07-01,CA,Writing,0.386
2024-07-01,CD,Multimedia,0.022
2024-07-01,CD,Other/Unknown,0.087
2024-07-01,CD,Practical Guidance,0.187
2024-07-01,CD,Seeking information,0.230
2024-07-01,CD,Self-expression,0.076
2024-07-01,CD,Technical help,0.053
2024-07-01,CD,Writing,0.344
2024-07-01,CH,Multimedia,0.025
2024-07-01,CH,Other/Unknown,0.030
2024-07-01,CH,Practical Guidance,0.201
2024-07-01,CH,Seeking information,0.171
2024-07-01,CH,Self-expression,0.017
2024-07-01,CH,Technical help,0.109
2024-07-01,CH,Writing,0.447
2024-07-01,CI,Multimedia,0.020
2024-07-01,CI,Other/Unknown,0.017
2024-07-01,CI,Practical Guidance,0.320
2024-07-01,CI,Seeking information,0.171
2024-07-01,CI,Self-expression,0.075
2024-07-01,CI,Technical help,0.098
2024-07-01,CI,Writing,0.299
2024-07-01,CL,Multimedia,0.022
2024-07-01,CL,Other/Unknown,0.031
2024-07-01,CL,Practical Guidance,0.308
2024-07-01,CL,Seeking information,0.170
2024-07-01,CL,Self-expression,0.041
2024-07-01,CL,Technical help,0.117
2024-07-01,CL,Writing,0.311
2024-07-01,CM,Multimedia,0.004
2024-07-01,CM,Other/Unknown,0.016
2024-07-01,CM,Practical Guidance,0.263
2024-07-01,CM,Seeking information,0.210
2024-07-01,CM,Self-expression,0.037
2024-07-01,CM,Technical help,0.121
2024-07-01,CM,Writing,0.347
2024-07-01,CO,Multimedia,0.018
2024-07-01,CO,Other/Unknown,0.035
2024-07-01,CO,Practical Guidance,0.313
2024-07-01,CO,Seeking information,0.176
2024-07-01,CO,Self-expression,0.036
2024-07-01,CO,Technical help,0.097
2024-07-01,CO,Writing,0.325
2024-07-01,CR,Multimedia,0.017
2024-07-01,CR,Other/Unknown,0.031
2024-07-01,CR,Practical Guidance,0.274
2024-07-01,CR,Seeking information,0.199
2024-07-01,CR,Self-expression,0.037
2024-07-01,CR,Technical help,0.123
2024-07-01,CR,Writing,0.318
2024-07-01,CY,Multimedia,0.043
2024-07-01,CY,Other/Unknown,0.017
2024-07-01,CY,Practical Guidance,0.212
2024-07-01,CY,Seeking information,0.172
2024-07-01,CY,Self-expression,0.037
2024-07-01,CY,Technical help,0.135
2024-07-01,CY,Writing,0.384
2024-07-01,CZ,Multimedia,0.043
2024-07-01,CZ,Other/Unknown,0.025
2024-07-01,CZ,Practical Guidance,0.237
2024-07-01,CZ,Seeking information,0.233
2024-07-01,CZ,Self-expression,0.042
2024-07-01,CZ,Technical help,0.114
2024-07-01,CZ,Writing,0.307
2024-07-01,DE,Multimedia,0.023
2024-07-01,DE,Other/Unknown,0.028
2024-07-01,DE,Practical Guidance,0.260
2024-07-01,DE,Seeking information,0.158
2024-07-01,DE,Self-expression,0.027
2024-07-01,DE,Technical help,0.121
2024-07-01,DE,Writing,0.383
2024-07-01,DK,Multimedia,0.021
2024-07-01,DK,Other/Unknown,0.029
2024-07-01,DK,Practical Guidance,0.231
2024-07-01,DK,Seeking information,0.206
2024-07-01,DK,Self-expression,0.031
2024-07-01,DK,Technical help,0.117
2024-07-01,DK,Writing,0.365
2024-07-01,DO,Multimedia,0.020
2024-07-01,DO,Other/Unknown,0.033
2024-07-01,DO,Practical Guidance,0.339
2024-07-01,DO,Seeking information,0.216
2024-07-01,DO,Self-expression,0.039
2024-07-01,DO,Technical help,0.089
2024-07-01,DO,Writing,0.265
2024-07-01,DZ,Multimedia,0.025
2024-07-01,DZ,Other/Unknown,0.053
2024-07-01,DZ,Practical Guidance,0.236
2024-07-01,DZ,Seeking information,0.193
2024-07-01,DZ,Self-expression,0.049
2024-07-01,DZ,Technical help,0.090
2024-07-01,DZ,Writing,0.354
2024-07-01,EC,Multimedia,0.015
2024-07-01,EC,Other/Unknown,0.027
2024-07-01,EC,Practical Guidance,0.365
2024-07-01,EC,Seeking information,0.203
2024-07-01,EC,Self-expression,0.021
2024-07-01,EC,Technical help,0.092
2024-07-01,EC,Writing,0.277
2024-07-01,EE,Multimedia,0.039
2024-07-01,EE,Other/Unknown,0.060
2024-07-01,EE,Practical Guidance,0.132
2024-07-01,EE,Seeking information,0.221
2024-07-01,EE,Self-expression,0.077
2024-07-01,EE,Technical help,0.138
2024-07-01,EE,Writing,0.332
2024-07-01,EG,Multimedia,0.024
2024-07-01,EG,Other/Unknown,0.048
2024-07-01,EG,Practical Guidance,0.242
2024-07-01,EG,Seeking information,0.155
2024-07-01,EG,Self-expression,0.053
2024-07-01,EG,Technical help,0.171
2024-07-01,EG,Writing,0.307
2024-07-01,ES,Multimedia,0.022
2024-07-01,ES,Other/Unknown,0.028
2024-07-01,ES,Practical Guidance,0.254
2024-07-01,ES,Seeking information,0.188
2024-07-01,ES,Self-expression,0.032
2024-07-01,ES,Technical help,0.125
2024-07-01,ES,Writing,0.350
2024-07-01,ET,Multimedia,0.024
2024-07-01,ET,Other/Unknown,0.025
2024-07-01,ET,Practical Guidance,0.283
2024-07-01,ET,Seeking information,0.153
2024-07-01,ET,Self-expression,0.041
2024-07-01,ET,Technical help,0.184
2024-07-01,ET,Writing,0.290
2024-07-01,FI,Multimedia,0.011
2024-07-01,FI,Other/Unknown,0.035
2024-07-01,FI,Practical Guidance,0.237
2024-07-01,FI,Seeking information,0.177
2024-07-01,FI,Self-expression,0.039
2024-07-01,FI,Technical help,0.137
2024-07-01,FI,Writing,0.365
2024-07-01,FR,Multimedia,0.021
2024-07-01,FR,Other/Unknown,0.027
2024-07-01,FR,Practical Guidance,0.198
2024-07-01,FR,Seeking information,0.161
2024-07-01,FR,Self-expression,0.029
2024-07-01,FR,Technical help,0.120
2024-07-01,FR,Writing,0.444
2024-07-01,GB,Multimedia,0.020
2024-07-01,GB,Other/Unknown,0.025
2024-07-01,GB,Practical Guidance,0.222
2024-07-01,GB,Seeking information,0.148
2024-07-01,GB,Self-expression,0.025
2024-07-01,GB,Technical help,0.125
2024-07-01,GB,Writing,0.435
2024-07-01,GE,Multimedia,0.048
2024-07-01,GE,Other/Unknown,0.039
2024-07-01,GE,Practical Guidance,0.301
2024-07-01,GE,Seeking information,0.188
2024-07-01,GE,Self-expression,0.059
2024-07-01,GE,Technical help,0.113
2024-07-01,GE,Writing,0.253
2024-07-01,GH,Multimedia,0.018
2024-07-01,GH,Other/Unknown,0.035
2024-07-01,GH,Practical Guidance,0.329
2024-07-01,GH,Seeking information,0.203
2024-07-01,GH,Self-expression,0.023
2024-07-01,GH,Technical help,0.102
2024-07-01,GH,Writing,0.290
2024-07-01,GR,Multimedia,0.021
2024-07-01,GR,Other/Unknown,0.032
2024-07-01,GR,Practical Guidance,0.223
2024-07-01,GR,Seeking information,0.184
2024-07-01,GR,Self-expression,0.048
2024-07-01,GR,Technical help,0.150
2024-07-01,GR,Writing,0.342
2024-07-01,GT,Multimedia,0.017
2024-07-01,GT,Other/Unknown,0.024
2024-07-01,GT,Practical Guidance,0.362
2024-07-01,GT,Seeking information,0.206
2024-07-01,GT,Self-expression,0.026
2024-07-01,GT,Technical help,0.117
2024-07-01,GT,Writing,0.248
2024-07-01,HN,Multimedia,0.021
2024-07-01,HN,Other/Unknown,0.026
2024-07-01,HN,Practical Guidance,0.303
2024-07-01,HN,Seeking information,0.213
2024-07-01,HN,Self-expression,0.025
2024-07-01,HN,Technical help,0.121
2024-07-01,HN,Writing,0.291
2024-07-01,HR,Multimedia,0.005
2024-07-01,HR,Other/Unknown,0.016
2024-07-01,HR,Practical Guidance,0.171
2024-07-01,HR,Seeking information,0.212
2024-07-01,HR,Self-expression,0.022
2024-07-01,HR,Technical help,0.204
2024-07-01,HR,Writing,0.370
2024-07-01,HT,Multimedia,0.034
2024-07-01,HT,Other/Unknown,0.029
2024-07-01,HT,Practical Guidance,0.299
2024-07-01,HT,Seeking information,0.204
2024-07-01,HT,Self-expression,0.034
2024-07-01,HT,Technical help,0.018
2024-07-01,HT,Writing,0.381
2024-07-01,HU,Multimedia,0.033
2024-07-01,HU,Other/Unknown,0.027
2024-07-01,HU,Practical Guidance,0.266
2024-07-01,HU,Seeking information,0.198
2024-07-01,HU,Self-expression,0.051
2024-07-01,HU,Technical help,0.100
2024-07-01,HU,Writing,0.325
2024-07-01,ID,Multimedia,0.014
2024-07-01,ID,Other/Unknown,0.027
2024-07-01,ID,Practical Guidance,0.316
2024-07-01,ID,Seeking information,0.177
2024-07-01,ID,Self-expression,0.027
2024-07-01,ID,Technical help,0.110
2024-07-01,ID,Writing,0.328
2024-07-01,IE,Multimedia,0.014
2024-07-01,IE,Other/Unknown,0.025
2024-07-01,IE,Practical Guidance,0.206
2024-07-01,IE,Seeking information,0.147
2024-07-01,IE,Self-expression,0.022
2024-07-01,IE,Technical help,0.155
2024-07-01,IE,Writing,0.430
2024-07-01,IL,Multimedia,0.026
2024-07-01,IL,Other/Unknown,0.028
2024-07-01,IL,Practical Guidance,0.259
2024-07-01,IL,Seeking information,0.173
2024-07-01,IL,Self-expression,0.031
2024-07-01,IL,Technical help,0.229
2024-07-01,IL,Writing,0.254
2024-07-01,IN,Multimedia,0.014
2024-07-01,IN,Other/Unknown,0.034
2024-07-01,IN,Practical Guidance,0.264
2024-07-01,IN,Seeking information,0.153
2024-07-01,IN,Self-expression,0.020
2024-07-01,IN,Technical help,0.224
2024-07-01,IN,Writing,0.291
2024-07-01,IQ,Multimedia,0.027
2024-07-01,IQ,Other/Unknown,0.052
2024-07-01,IQ,Practical Guidance,0.304
2024-07-01,IQ,Seeking information,0.228
2024-07-01,IQ,Self-expression,0.053
2024-07-01,IQ,Technical help,0.075
2024-07-01,IQ,Writing,0.260
2024-07-01,IT,Multimedia,0.022
2024-07-01,IT,Other/Unknown,0.029
2024-07-01,IT,Practical Guidance,0.243
2024-07-01,IT,Seeking information,0.191
2024-07-01,IT,Self-expression,0.033
2024-07-01,IT,Technical help,0.122
2024-07-01,IT,Writing,0.360
2024-07-01,JM,Multimedia,0.024
2024-07-01,JM,Other/Unknown,0.013
2024-07-01,JM,Practical Guidance,0.341
2024-07-01,JM,Seeking information,0.147
2024-07-01,JM,Self-expression,0.000
2024-07-01,JM,Technical help,0.100
2024-07-01,JM,Writing,0.374
2024-07-01,JO,Multimedia,0.006
2024-07-01,JO,Other/Unknown,0.053
2024-07-01,JO,Practical Guidance,0.206
2024-07-01,JO,Seeking information,0.159
2024-07-01,JO,Self-expression,0.027
2024-07-01,JO,Technical help,0.136
2024-07-01,JO,Writing,0.413
2024-07-01,JP,Multimedia,0.025
2024-07-01,JP,Other/Unknown,0.032
2024-07-01,JP,Practical Guidance,0.251
2024-07-01,JP,Seeking information,0.155
2024-07-01,JP,Self-expression,0.038
2024-07-01,JP,Technical help,0.170
2024-07-01,JP,Writing,0.329
2024-07-01,KE,Multimedia,0.008
2024-07-01,KE,Other/Unknown,0.032
2024-07-01,KE,Practical Guidance,0.340
2024-07-01,KE,Seeking information,0.213
2024-07-01,KE,Self-expression,0.030
2024-07-01,KE,Technical help,0.099
2024-07-01,KE,Writing,0.279
2024-07-01,KG,Multimedia,0.062
2024-07-01,KG,Other/Unknown,0.054
2024-07-01,KG,Practical Guidance,0.189
2024-07-01,KG,Seeking information,0.136
2024-07-01,KG,Self-expression,0.106
2024-07-01,KG,Technical help,0.108
2024-07-01,KG,Writing,0.347
2024-07-01,KH,Multimedia,0.007
2024-07-01,KH,Other/Unknown,0.002
2024-07-01,KH,Practical Guidance,0.257
2024-07-01,KH,Seeking information,0.153
2024-07-01,KH,Self-expression,0.074
2024-07-01,KH,Technical help,0.134
2024-07-01,KH,Writing,0.373
2024-07-01,KR,Multimedia,0.032
2024-07-01,KR,Other/Unknown,0.034
2024-07-01,KR,Practical Guidance,0.232
2024-07-01,KR,Seeking information,0.148
2024-07-01,KR,Self-expression,0.038
2024-07-01,KR,Technical help,0.174
2024-07-01,KR,Writing,0.343
2024-07-01,KW,Multimedia,0.003
2024-07-01,KW,Other/Unknown,0.000
2024-07-01,KW,Practical Guidance,0.288
2024-07-01,KW,Seeking information,0.148
2024-07-01,KW,Self-expression,0.043
2024-07-01,KW,Technical help,0.098
2024-07-01,KW,Writing,0.419
2024-07-01,KZ,Multimedia,0.019
2024-07-01,KZ,Other/Unknown,0.044
2024-07-01,KZ,Practical Guidance,0.253
2024-07-01,KZ,Seeking information,0.208
2024-07-01,KZ,Self-expression,0.039
2024-07-01,KZ,Technical help,0.138
2024-07-01,KZ,Writing,0.299
2024-07-01,LB,Multimedia,0.029
2024-07-01,LB,Other/Unknown,0.046
2024-07-01,LB,Practical Guidance,0.199
2024-07-01,LB,Seeking information,0.162
2024-07-01,LB,Self-expression,0.063
2024-07-01,LB,Technical help,0.140
2024-07-01,LB,Writing,0.362
2024-07-01,LK,Multimedia,0.025
2024-07-01,LK,Other/Unknown,0.032
2024-07-01,LK,Practical Guidance,0.284
2024-07-01,LK,Seeking information,0.131
2024-07-01,LK,Self-expression,0.018
2024-07-01,LK,Technical help,0.158
2024-07-01,LK,Writing,0.350
2024-07-01,LT,Multimedia,0.024
2024-07-01,LT,Other/Unknown,0.049
2024-07-01,LT,Practical Guidance,0.239
2024-07-01,LT,Seeking information,0.204
2024-07-01,LT,Self-expression,0.047
2024-07-01,LT,Technical help,0.123
2024-07-01,LT,Writing,0.315
2024-07-01,LU,Multimedia,0.017
2024-07-01,LU,Other/Unknown,0.008
2024-07-01,LU,Practical Guidance,0.238
2024-07-01,LU,Seeking information,0.191
2024-07-01,LU,Self-expression,0.034
2024-07-01,LU,Technical help,0.124
2024-07-01,LU,Writing,0.387
2024-07-01,LV,Multimedia,0.027
2024-07-01,LV,Other/Unknown,0.066
2024-07-01,LV,Practical Guidance,0.253
2024-07-01,LV,Seeking information,0.128
2024-07-01,LV,Self-expression,0.048
2024-07-01,LV,Technical help,0.145
2024-07-01,LV,Writing,0.333
2024-07-01,LY,Multimedia,0.024
2024-07-01,LY,Other/Unknown,0.072
2024-07-01,LY,Practical Guidance,0.287
2024-07-01,LY,Seeking information,0.168
2024-07-01,LY,Self-expression,0.071
2024-07-01,LY,Technical help,0.083
2024-07-01,LY,Writing,0.295
2024-07-01,MA,Multimedia,0.017
2024-07-01,MA,Other/Unknown,0.041
2024-07-01,MA,Practical Guidance,0.238
2024-07-01,MA,Seeking information,0.163
2024-07-01,MA,Self-expression,0.037
2024-07-01,MA,Technical help,0.107
2024-07-01,MA,Writing,0.397
2024-07-01,MD,Multimedia,0.041
2024-07-01,MD,Other/Unknown,0.053
2024-07-01,MD,Practical Guidance,0.207
2024-07-01,MD,Seeking information,0.159
2024-07-01,MD,Self-expression,0.058
2024-07-01,MD,Technical help,0.175
2024-07-01,MD,Writing,0.306
2024-07-01,MG,Multimedia,0.000
2024-07-01,MG,Other/Unknown,0.047
2024-07-01,MG,Practical Guidance,0.267
2024-07-01,MG,Seeking information,0.159
2024-07-01,MG,Self-expression,0.017
2024-07-01,MG,Technical help,0.128
2024-07-01,MG,Writing,0.382
2024-07-01,MM,Multimedia,0.021
2024-07-01,MM,Other/Unknown,0.024
2024-07-01,MM,Practical Guidance,0.316
2024-07-01,MM,Seeking information,0.141
2024-07-01,MM,Self-expression,0.048
2024-07-01,MM,Technical help,0.114
2024-07-01,MM,Writing,0.336
2024-07-01,MT,Multimedia,0.000
2024-07-01,MT,Other/Unknown,0.022
2024-07-01,MT,Practical Guidance,0.182
2024-07-01,MT,Seeking information,0.035
2024-07-01,MT,Self-expression,0.043
2024-07-01,MT,Technical help,0.168
2024-07-01,MT,Writing,0.551
2024-07-01,MU,Multimedia,0.011
2024-07-01,MU,Other/Unknown,0.053
2024-07-01,MU,Practical Guidance,0.293
2024-07-01,MU,Seeking information,0.064
2024-07-01,MU,Self-expression,0.050
2024-07-01,MU,Technical help,0.141
2024-07-01,MU,Writing,0.389
2024-07-01,MW,Multimedia,0.060
2024-07-01,MW,Other/Unknown,0.067
2024-07-01,MW,Practical Guidance,0.300
2024-07-01,MW,Seeking information,0.099
2024-07-01,MW,Self-expression,0.000
2024-07-01,MW,Technical help,0.055
2024-07-01,MW,Writing,0.419
2024-07-01,MX,Multimedia,0.022
2024-07-01,MX,Other/Unknown,0.029
2024-07-01,MX,Practical Guidance,0.304
2024-07-01,MX,Seeking information,0.201
2024-07-01,MX,Self-expression,0.048
2024-07-01,MX,Technical help,0.106
2024-07-01,MX,Writing,0.289
2024-07-01,MY,Multimedia,0.017
2024-07-01,MY,Other/Unknown,0.029
2024-07-01,MY,Practical Guidance,0.283
2024-07-01,MY,Seeking information,0.147
2024-07-01,MY,Self-expression,0.027
2024-07-01,MY,Technical help,0.080
2024-07-01,MY,Writing,0.416
2024-07-01,MZ,Multimedia,0.000
2024-07-01,MZ,Other/Unknown,0.076
2024-07-01,MZ,Practical Guidance,0.350
2024-07-01,MZ,Seeking information,0.163
2024-07-01,MZ,Self-expression,0.005
2024-07-01,MZ,Technical help,0.108
2024-07-01,MZ,Writing,0.296
2024-07-01,NG,Multimedia,0.017
2024-07-01,NG,Other/Unknown,0.034
2024-07-01,NG,Practical Guidance,0.269
2024-07-01,NG,Seeking information,0.184
2024-07-01,NG,Self-expression,0.032
2024-07-01,NG,Technical help,0.089
2024-07-01,NG,Writing,0.374
2024-07-01,NI,Multimedia,0.021
2024-07-01,NI,Other/Unknown,0.013
2024-07-01,NI,Practical Guidance,0.355
2024-07-01,NI,Seeking information,0.198
2024-07-01,NI,Self-expression,0.044
2024-07-01,NI,Technical help,0.045
2024-07-01,NI,Writing,0.325
2024-07-01,NL,Multimedia,0.020
2024-07-01,NL,Other/Unknown,0.027
2024-07-01,NL,Practical Guidance,0.215
2024-07-01,NL,Seeking information,0.155
2024-07-01,NL,Self-expression,0.028
2024-07-01,NL,Technical help,0.141
2024-07-01,NL,Writing,0.414
2024-07-01,NO,Multimedia,0.039
2024-07-01,NO,Other/Unknown,0.023
2024-07-01,NO,Practical Guidance,0.226
2024-07-01,NO,Seeking information,0.212
2024-07-01,NO,Self-expression,0.021
2024-07-01,NO,Technical help,0.118
2024-07-01,NO,Writing,0.361
2024-07-01,NP,Multimedia,0.013
2024-07-01,NP,Other/Unknown,0.040
2024-07-01,NP,Practical Guidance,0.307
2024-07-01,NP,Seeking information,0.168
2024-07-01,NP,Self-expression,0.027
2024-07-01,NP,Technical help,0.152
2024-07-01,NP,Writing,0.292
2024-07-01,NZ,Multimedia,0.019
2024-07-01,NZ,Other/Unknown,0.041
2024-07-01,NZ,Practical Guidance,0.217
2024-07-01,NZ,Seeking information,0.162
2024-07-01,NZ,Self-expression,0.025
2024-07-01,NZ,Technical help,0.104
2024-07-01,NZ,Writing,0.433
2024-07-01,OM,Multimedia,0.025
2024-07-01,OM,Other/Unknown,0.014
2024-07-01,OM,Practical Guidance,0.285
2024-07-01,OM,Seeking information,0.115
2024-07-01,OM,Self-expression,0.044
2024-07-01,OM,Technical help,0.121
2024-07-01,OM,Writing,0.396
2024-07-01,PA,Multimedia,0.014
2024-07-01,PA,Other/Unknown,0.034
2024-07-01,PA,Practical Guidance,0.326
2024-07-01,PA,Seeking information,0.235
2024-07-01,PA,Self-expression,0.026
2024-07-01,PA,Technical help,0.079
2024-07-01,PA,Writing,0.286
2024-07-01,PE,Multimedia,0.018
2024-07-01,PE,Other/Unknown,0.032
2024-07-01,PE,Practical Guidance,0.312
2024-07-01,PE,Seeking information,0.204
2024-07-01,PE,Self-expression,0.027
2024-07-01,PE,Technical help,0.092
2024-07-01,PE,Writing,0.315
2024-07-01,PH,Multimedia,0.008
2024-07-01,PH,Other/Unknown,0.030
2024-07-01,PH,Practical Guidance,0.258
2024-07-01,PH,Seeking information,0.140
2024-07-01,PH,Self-expression,0.030
2024-07-01,PH,Technical help,0.074
2024-07-01,PH,Writing,0.461
2024-07-01,PK,Multimedia,0.014
2024-07-01,PK,Other/Unknown,0.036
2024-07-01,PK,Practical Guidance,0.273
2024-07-01,PK,Seeking information,0.150
2024-07-01,PK,Self-expression,0.027
2024-07-01,PK,Technical help,0.154
2024-07-01,PK,Writing,0.345
2024-07-01,PL,Multimedia,0.024
2024-07-01,PL,Other/Unknown,0.034
2024-07-01,PL,Practical Guidance,0.245
2024-07-01,PL,Seeking information,0.202
2024-07-01,PL,Self-expression,0.033
2024-07-01,PL,Technical help,0.139
2024-07-01,PL,Writing,0.323
2024-07-01,PR,Multimedia,0.006
2024-07-01,PR,Other/Unknown,0.041
2024-07-01,PR,Practical Guidance,0.264
2024-07-01,PR,Seeking information,0.194
2024-07-01,PR,Self-expression,0.048
2024-07-01,PR,Technical help,0.052
2024-07-01,PR,Writing,0.395
2024-07-01,PS,Multimedia,0.053
2024-07-01,PS,Other/Unknown,0.000
2024-07-01,PS,Practical Guidance,0.332
2024-07-01,PS,Seeking information,0.248
2024-07-01,PS,Self-expression,0.028
2024-07-01,PS,Technical help,0.126
2024-07-01,PS,Writing,0.213
2024-07-01,PT,Multimedia,0.013
2024-07-01,PT,Other/Unknown,0.030
2024-07-01,PT,Practical Guidance,0.247
2024-07-01,PT,Seeking information,0.175
2024-07-01,PT,Self-expression,0.039
2024-07-01,PT,Technical help,0.135
2024-07-01,PT,Writing,0.361
2024-07-01,PY,Multimedia,0.019
2024-07-01,PY,Other/Unknown,0.029
2024-07-01,PY,Practical Guidance,0.362
2024-07-01,PY,Seeking information,0.193
2024-07-01,PY,Self-expression,0.081
2024-07-01,PY,Technical help,0.091
2024-07-01,PY,Writing,0.224
2024-07-01,QA,Multimedia,0.037
2024-07-01,QA,Other/Unknown,0.015
2024-07-01,QA,Practical Guidance,0.209
2024-07-01,QA,Seeking information,0.161
2024-07-01,QA,Self-expression,0.014
2024-07-01,QA,Technical help,0.107
2024-07-01,QA,Writing,0.457
2024-07-01,RO,Multimedia,0.020
2024-07-01,RO,Other/Unknown,0.039
2024-07-01,RO,Practical Guidance,0.239
2024-07-01,RO,Seeking information,0.182
2024-07-01,RO,Self-expression,0.046
2024-07-01,RO,Technical help,0.144
2024-07-01,RO,Writing,0.330
2024-07-01,RS,Multimedia,0.009
2024-07-01,RS,Other/Unknown,0.033
2024-07-01,RS,Practical Guidance,0.227
2024-07-01,RS,Seeking information,0.155
2024-07-01,RS,Self-expression,0.041
2024-07-01,RS,Technical help,0.193
2024-07-01,RS,Writing,0.342
2024-07-01,RW,Multimedia,0.000
2024-07-01,RW,Other/Unknown,0.050
2024-07-01,RW,Practical Guidance,0.331
2024-07-01,RW,Seeking information,0.141
2024-07-01,RW,Self-expression,0.035
2024-07-01,RW,Technical help,0.143
2024-07-01,RW,Writing,0.301
2024-07-01,SA,Multimedia,0.017
2024-07-01,SA,Other/Unknown,0.039
2024-07-01,SA,Practical Guidance,0.234
2024-07-01,SA,Seeking information,0.186
2024-07-01,SA,Self-expression,0.040
2024-07-01,SA,Technical help,0.068
2024-07-01,SA,Writing,0.415
2024-07-01,SC,Multimedia,0.036
2024-07-01,SC,Other/Unknown,0.009
2024-07-01,SC,Practical Guidance,0.089
2024-07-01,SC,Seeking information,0.054
2024-07-01,SC,Self-expression,0.013
2024-07-01,SC,Technical help,0.110
2024-07-01,SC,Writing,0.690
2024-07-01,SE,Multimedia,0.027
2024-07-01,SE,Other/Unknown,0.020
2024-07-01,SE,Practical Guidance,0.236
2024-07-01,SE,Seeking information,0.220
2024-07-01,SE,Self-expression,0.030
2024-07-01,SE,Technical help,0.138
2024-07-01,SE,Writing,0.330
2024-07-01,SG,Multimedia,0.016
2024-07-01,SG,Other/Unknown,0.026
2024-07-01,SG,Practical Guidance,0.234
2024-07-01,SG,Seeking information,0.129
2024-07-01,SG,Self-expression,0.017
2024-07-01,SG,Technical help,0.195
2024-07-01,SG,Writing,0.384
2024-07-01,SI,Multimedia,0.018
2024-07-01,SI,Other/Unknown,0.056
2024-07-01,SI,Practical Guidance,0.241
2024-07-01,SI,Seeking information,0.168
2024-07-01,SI,Self-expression,0.037
2024-07-01,SI,Technical help,0.116
2024-07-01,SI,Writing,0.364
2024-07-01,SK,Multimedia,0.013
2024-07-01,SK,Other/Unknown,0.035
2024-07-01,SK,Practical Guidance,0.236
2024-07-01,SK,Seeking information,0.254
2024-07-01,SK,Self-expression,0.041
2024-07-01,SK,Technical help,0.127
2024-07-01,SK,Writing,0.294
2024-07-01,SN,Multimedia,0.049
2024-07-01,SN,Other/Unknown,0.015
2024-07-01,SN,Practical Guidance,0.312
2024-07-01,SN,Seeking information,0.133
2024-07-01,SN,Self-expression,0.024
2024-07-01,SN,Technical help,0.112
2024-07-01,SN,Writing,0.356
2024-07-01,SO,Multimedia,0.043
2024-07-01,SO,Other/Unknown,0.111
2024-07-01,SO,Practical Guidance,0.169
2024-07-01,SO,Seeking information,0.185
2024-07-01,SO,Self-expression,0.260
2024-07-01,SO,Technical help,0.077
2024-07-01,SO,Writing,0.154
2024-07-01,SV,Multimedia,0.009
2024-07-01,SV,Other/Unknown,0.037
2024-07-01,SV,Practical Guidance,0.309
2024-07-01,SV,Seeking information,0.225
2024-07-01,SV,Self-expression,0.056
2024-07-01,SV,Technical help,0.119
2024-07-01,SV,Writing,0.246
2024-07-01,TH,Multimedia,0.024
2024-07-01,TH,Other/Unknown,0.037
2024-07-01,TH,Practical Guidance,0.250
2024-07-01,TH,Seeking information,0.187
2024-07-01,TH,Self-expression,0.031
2024-07-01,TH,Technical help,0.138
2024-07-01,TH,Writing,0.333
2024-07-01,TN,Multimedia,0.012
2024-07-01,TN,Other/Unknown,0.042
2024-07-01,TN,Practical Guidance,0.188
2024-07-01,TN,Seeking information,0.157
2024-07-01,TN,Self-expression,0.035
2024-07-01,TN,Technical help,0.188
2024-07-01,TN,Writing,0.377
2024-07-01,TR,Multimedia,0.029
2024-07-01,TR,Other/Unknown,0.049
2024-07-01,TR,Practical Guidance,0.237
2024-07-01,TR,Seeking information,0.175
2024-07-01,TR,Self-expression,0.050
2024-07-01,TR,Technical help,0.152
2024-07-01,TR,Writing,0.308
2024-07-01,TW,Multimedia,0.028
2024-07-01,TW,Other/Unknown,0.044
2024-07-01,TW,Practical Guidance,0.209
2024-07-01,TW,Seeking information,0.119
2024-07-01,TW,Self-expression,0.037
2024-07-01,TW,Technical help,0.184
2024-07-01,TW,Writing,0.380
2024-07-01,TZ,Multimedia,0.013
2024-07-01,TZ,Other/Unknown,0.049
2024-07-01,TZ,Practical Guidance,0.289
2024-07-01,TZ,Seeking information,0.217
2024-07-01,TZ,Self-expression,0.023
2024-07-01,TZ,Technical help,0.101
2024-07-01,TZ,Writing,0.308
2024-07-01,UA,Multimedia,0.015
2024-07-01,UA,Other/Unknown,0.028
2024-07-01,UA,Practical Guidance,0.246
2024-07-01,UA,Seeking information,0.153
2024-07-01,UA,Self-expression,0.054
2024-07-01,UA,Technical help,0.177
2024-07-01,UA,Writing,0.327
2024-07-01,UG,Multimedia,0.009
2024-07-01,UG,Other/Unknown,0.033
2024-07-01,UG,Practical Guidance,0.317
2024-07-01,UG,Seeking information,0.188
2024-07-01,UG,Self-expression,0.045
2024-07-01,UG,Technical help,0.100
2024-07-01,UG,Writing,0.307
2024-07-01,US,Multimedia,0.025
2024-07-01,US,Other/Unknown,0.024
2024-07-01,US,Practical Guidance,0.262
2024-07-01,US,Seeking information,0.185
2024-07-01,US,Self-expression,0.025
2024-07-01,US,Technical help,0.139
2024-07-01,US,Writing,0.339
2024-07-01,UY,Multimedia,0.012
2024-07-01,UY,Other/Unknown,0.033
2024-07-01,UY,Practical Guidance,0.320
2024-07-01,UY,Seeking information,0.213
2024-07-01,UY,Self-expression,0.033
2024-07-01,UY,Technical help,0.101
2024-07-01,UY,Writing,0.288
2024-07-01,UZ,Multimedia,0.022
2024-07-01,UZ,Other/Unknown,0.048
2024-07-01,UZ,Practical Guidance,0.253
2024-07-01,UZ,Seeking information,0.150
2024-07-01,UZ,Self-expression,0.068
2024-07-01,UZ,Technical help,0.169
2024-07-01,UZ,Writing,0.290
2024-07-01,VN,Multimedia,0.019
2024-07-01,VN,Other/Unknown,0.047
2024-07-01,VN,Practical Guidance,0.205
2024-07-01,VN,Seeking information,0.122
2024-07-01,VN,Self-expression,0.192
2024-07-01,VN,Technical help,0.122
2024-07-01,VN,Writing,0.294
2024-07-01,ZA,Multimedia,0.016
2024-07-01,ZA,Other/Unknown,0.032
2024-07-01,ZA,Practical Guidance,0.295
2024-07-01,ZA,Seeking information,0.148
2024-07-01,ZA,Self-expression,0.027
2024-07-01,ZA,Technical help,0.116
2024-07-01,ZA,Writing,0.365
2024-07-01,ZM,Multimedia,0.040
2024-07-01,ZM,Other/Unknown,0.058
2024-07-01,ZM,Practical Guidance,0.363
2024-07-01,ZM,Seeking information,0.159
2024-07-01,ZM,Self-expression,0.047
2024-07-01,ZM,Technical help,0.106
2024-07-01,ZM,Writing,0.228
2024-08-01,AE,Multimedia,0.035
2024-08-01,AE,Other/Unknown,0.035
2024-08-01,AE,Practical Guidance,0.226
2024-08-01,AE,Seeking information,0.138
2024-08-01,AE,Self-expression,0.029
2024-08-01,AE,Technical help,0.077
2024-08-01,AE,Writing,0.459
2024-08-01,AF,Multimedia,0.001
2024-08-01,AF,Other/Unknown,0.037
2024-08-01,AF,Practical Guidance,0.278
2024-08-01,AF,Seeking information,0.249
2024-08-01,AF,Self-expression,0.123
2024-08-01,AF,Technical help,0.017
2024-08-01,AF,Writing,0.294
2024-08-01,AL,Multimedia,0.003
2024-08-01,AL,Other/Unknown,0.038
2024-08-01,AL,Practical Guidance,0.244
2024-08-01,AL,Seeking information,0.247
2024-08-01,AL,Self-expression,0.077
2024-08-01,AL,Technical help,0.083
2024-08-01,AL,Writing,0.309
2024-08-01,AM,Multimedia,0.024
2024-08-01,AM,Other/Unknown,0.028
2024-08-01,AM,Practical Guidance,0.274
2024-08-01,AM,Seeking information,0.123
2024-08-01,AM,Self-expression,0.043
2024-08-01,AM,Technical help,0.170
2024-08-01,AM,Writing,0.339
2024-08-01,AO,Multimedia,0.004
2024-08-01,AO,Other/Unknown,0.065
2024-08-01,AO,Practical Guidance,0.330
2024-08-01,AO,Seeking information,0.132
2024-08-01,AO,Self-expression,0.030
2024-08-01,AO,Technical help,0.113
2024-08-01,AO,Writing,0.325
2024-08-01,AR,Multimedia,0.024
2024-08-01,AR,Other/Unknown,0.036
2024-08-01,AR,Practical Guidance,0.302
2024-08-01,AR,Seeking information,0.202
2024-08-01,AR,Self-expression,0.045
2024-08-01,AR,Technical help,0.115
2024-08-01,AR,Writing,0.276
2024-08-01,AT,Multimedia,0.021
2024-08-01,AT,Other/Unknown,0.035
2024-08-01,AT,Practical Guidance,0.213
2024-08-01,AT,Seeking information,0.151
2024-08-01,AT,Self-expression,0.031
2024-08-01,AT,Technical help,0.103
2024-08-01,AT,Writing,0.446
2024-08-01,AU,Multimedia,0.018
2024-08-01,AU,Other/Unknown,0.028
2024-08-01,AU,Practical Guidance,0.269
2024-08-01,AU,Seeking information,0.153
2024-08-01,AU,Self-expression,0.026
2024-08-01,AU,Technical help,0.103
2024-08-01,AU,Writing,0.403
2024-08-01,AZ,Multimedia,0.024
2024-08-01,AZ,Other/Unknown,0.016
2024-08-01,AZ,Practical Guidance,0.293
2024-08-01,AZ,Seeking information,0.197
2024-08-01,AZ,Self-expression,0.105
2024-08-01,AZ,Technical help,0.111
2024-08-01,AZ,Writing,0.254
2024-08-01,BA,Multimedia,0.004
2024-08-01,BA,Other/Unknown,0.022
2024-08-01,BA,Practical Guidance,0.258
2024-08-01,BA,Seeking information,0.216
2024-08-01,BA,Self-expression,0.053
2024-08-01,BA,Technical help,0.190
2024-08-01,BA,Writing,0.257
2024-08-01,BD,Multimedia,0.018
2024-08-01,BD,Other/Unknown,0.076
2024-08-01,BD,Practical Guidance,0.192
2024-08-01,BD,Seeking information,0.130
2024-08-01,BD,Self-expression,0.204
2024-08-01,BD,Technical help,0.093
2024-08-01,BD,Writing,0.288
2024-08-01,BE,Multimedia,0.023
2024-08-01,BE,Other/Unknown,0.030
2024-08-01,BE,Practical Guidance,0.257
2024-08-01,BE,Seeking information,0.189
2024-08-01,BE,Self-expression,0.029
2024-08-01,BE,Technical help,0.091
2024-08-01,BE,Writing,0.381
2024-08-01,BG,Multimedia,0.041
2024-08-01,BG,Other/Unknown,0.052
2024-08-01,BG,Practical Guidance,0.246
2024-08-01,BG,Seeking information,0.191
2024-08-01,BG,Self-expression,0.052
2024-08-01,BG,Technical help,0.162
2024-08-01,BG,Writing,0.257
2024-08-01,BJ,Multimedia,0.023
2024-08-01,BJ,Other/Unknown,0.000
2024-08-01,BJ,Practical Guidance,0.258
2024-08-01,BJ,Seeking information,0.167
2024-08-01,BJ,Self-expression,0.013
2024-08-01,BJ,Technical help,0.113
2024-08-01,BJ,Writing,0.426
2024-08-01,BO,Multimedia,0.033
2024-08-01,BO,Other/Unknown,0.034
2024-08-01,BO,Practical Guidance,0.326
2024-08-01,BO,Seeking information,0.241
2024-08-01,BO,Self-expression,0.032
2024-08-01,BO,Technical help,0.070
2024-08-01,BO,Writing,0.263
2024-08-01,BR,Multimedia,0.029
2024-08-01,BR,Other/Unknown,0.035
2024-08-01,BR,Practical Guidance,0.292
2024-08-01,BR,Seeking information,0.162
2024-08-01,BR,Self-expression,0.038
2024-08-01,BR,Technical help,0.103
2024-08-01,BR,Writing,0.341
2024-08-01,BT,Multimedia,0.078
2024-08-01,BT,Other/Unknown,0.040
2024-08-01,BT,Practical Guidance,0.282
2024-08-01,BT,Seeking information,0.156
2024-08-01,BT,Self-expression,0.065
2024-08-01,BT,Technical help,0.059
2024-08-01,BT,Writing,0.320
2024-08-01,CA,Multimedia,0.023
2024-08-01,CA,Other/Unknown,0.030
2024-08-01,CA,Practical Guidance,0.240
2024-08-01,CA,Seeking information,0.179
2024-08-01,CA,Self-expression,0.028
2024-08-01,CA,Technical help,0.114
2024-08-01,CA,Writing,0.386
2024-08-01,CD,Multimedia,0.050
2024-08-01,CD,Other/Unknown,0.029
2024-08-01,CD,Practical Guidance,0.204
2024-08-01,CD,Seeking information,0.172
2024-08-01,CD,Self-expression,0.060
2024-08-01,CD,Technical help,0.122
2024-08-01,CD,Writing,0.364
2024-08-01,CH,Multimedia,0.029
2024-08-01,CH,Other/Unknown,0.035
2024-08-01,CH,Practical Guidance,0.216
2024-08-01,CH,Seeking information,0.176
2024-08-01,CH,Self-expression,0.036
2024-08-01,CH,Technical help,0.092
2024-08-01,CH,Writing,0.416
2024-08-01,CI,Multimedia,0.001
2024-08-01,CI,Other/Unknown,0.057
2024-08-01,CI,Practical Guidance,0.195
2024-08-01,CI,Seeking information,0.199
2024-08-01,CI,Self-expression,0.042
2024-08-01,CI,Technical help,0.117
2024-08-01,CI,Writing,0.388
2024-08-01,CL,Multimedia,0.031
2024-08-01,CL,Other/Unknown,0.034
2024-08-01,CL,Practical Guidance,0.311
2024-08-01,CL,Seeking information,0.180
2024-08-01,CL,Self-expression,0.042
2024-08-01,CL,Technical help,0.113
2024-08-01,CL,Writing,0.289
2024-08-01,CM,Multimedia,0.014
2024-08-01,CM,Other/Unknown,0.014
2024-08-01,CM,Practical Guidance,0.352
2024-08-01,CM,Seeking information,0.159
2024-08-01,CM,Self-expression,0.021
2024-08-01,CM,Technical help,0.120
2024-08-01,CM,Writing,0.320
2024-08-01,CO,Multimedia,0.023
2024-08-01,CO,Other/Unknown,0.031
2024-08-01,CO,Practical Guidance,0.317
2024-08-01,CO,Seeking information,0.191
2024-08-01,CO,Self-expression,0.031
2024-08-01,CO,Technical help,0.097
2024-08-01,CO,Writing,0.310
2024-08-01,CR,Multimedia,0.047
2024-08-01,CR,Other/Unknown,0.057
2024-08-01,CR,Practical Guidance,0.279
2024-08-01,CR,Seeking information,0.174
2024-08-01,CR,Self-expression,0.017
2024-08-01,CR,Technical help,0.104
2024-08-01,CR,Writing,0.322
2024-08-01,CY,Multimedia,0.064
2024-08-01,CY,Other/Unknown,0.000
2024-08-01,CY,Practical Guidance,0.223
2024-08-01,CY,Seeking information,0.192
2024-08-01,CY,Self-expression,0.076
2024-08-01,CY,Technical help,0.067
2024-08-01,CY,Writing,0.378
2024-08-01,CZ,Multimedia,0.044
2024-08-01,CZ,Other/Unknown,0.035
2024-08-01,CZ,Practical Guidance,0.250
2024-08-01,CZ,Seeking information,0.220
2024-08-01,CZ,Self-expression,0.061
2024-08-01,CZ,Technical help,0.101
2024-08-01,CZ,Writing,0.289
2024-08-01,DE,Multimedia,0.031
2024-08-01,DE,Other/Unknown,0.033
2024-08-01,DE,Practical Guidance,0.239
2024-08-01,DE,Seeking information,0.170
2024-08-01,DE,Self-expression,0.034
2024-08-01,DE,Technical help,0.112
2024-08-01,DE,Writing,0.383
2024-08-01,DK,Multimedia,0.030
2024-08-01,DK,Other/Unknown,0.039
2024-08-01,DK,Practical Guidance,0.245
2024-08-01,DK,Seeking information,0.176
2024-08-01,DK,Self-expression,0.031
2024-08-01,DK,Technical help,0.107
2024-08-01,DK,Writing,0.372
2024-08-01,DO,Multimedia,0.024
2024-08-01,DO,Other/Unknown,0.029
2024-08-01,DO,Practical Guidance,0.330
2024-08-01,DO,Seeking information,0.245
2024-08-01,DO,Self-expression,0.048
2024-08-01,DO,Technical help,0.081
2024-08-01,DO,Writing,0.243
2024-08-01,DZ,Multimedia,0.032
2024-08-01,DZ,Other/Unknown,0.060
2024-08-01,DZ,Practical Guidance,0.237
2024-08-01,DZ,Seeking information,0.198
2024-08-01,DZ,Self-expression,0.049
2024-08-01,DZ,Technical help,0.070
2024-08-01,DZ,Writing,0.355
2024-08-01,EC,Multimedia,0.023
2024-08-01,EC,Other/Unknown,0.032
2024-08-01,EC,Practical Guidance,0.358
2024-08-01,EC,Seeking information,0.181
2024-08-01,EC,Self-expression,0.031
2024-08-01,EC,Technical help,0.089
2024-08-01,EC,Writing,0.286
2024-08-01,EE,Multimedia,0.000
2024-08-01,EE,Other/Unknown,0.000
2024-08-01,EE,Practical Guidance,0.226
2024-08-01,EE,Seeking information,0.188
2024-08-01,EE,Self-expression,0.046
2024-08-01,EE,Technical help,0.173
2024-08-01,EE,Writing,0.367
2024-08-01,EG,Multimedia,0.037
2024-08-01,EG,Other/Unknown,0.045
2024-08-01,EG,Practical Guidance,0.257
2024-08-01,EG,Seeking information,0.175
2024-08-01,EG,Self-expression,0.052
2024-08-01,EG,Technical help,0.144
2024-08-01,EG,Writing,0.290
2024-08-01,ES,Multimedia,0.029
2024-08-01,ES,Other/Unknown,0.037
2024-08-01,ES,Practical Guidance,0.240
2024-08-01,ES,Seeking information,0.202
2024-08-01,ES,Self-expression,0.047
2024-08-01,ES,Technical help,0.119
2024-08-01,ES,Writing,0.326
2024-08-01,ET,Multimedia,0.038
2024-08-01,ET,Other/Unknown,0.040
2024-08-01,ET,Practical Guidance,0.275
2024-08-01,ET,Seeking information,0.138
2024-08-01,ET,Self-expression,0.014
2024-08-01,ET,Technical help,0.184
2024-08-01,ET,Writing,0.312
2024-08-01,FI,Multimedia,0.032
2024-08-01,FI,Other/Unknown,0.028
2024-08-01,FI,Practical Guidance,0.251
2024-08-01,FI,Seeking information,0.193
2024-08-01,FI,Self-expression,0.025
2024-08-01,FI,Technical help,0.125
2024-08-01,FI,Writing,0.347
2024-08-01,FR,Multimedia,0.035
2024-08-01,FR,Other/Unknown,0.030
2024-08-01,FR,Practical Guidance,0.211
2024-08-01,FR,Seeking information,0.180
2024-08-01,FR,Self-expression,0.037
2024-08-01,FR,Technical help,0.115
2024-08-01,FR,Writing,0.391
2024-08-01,GB,Multimedia,0.031
2024-08-01,GB,Other/Unknown,0.027
2024-08-01,GB,Practical Guidance,0.223
2024-08-01,GB,Seeking information,0.158
2024-08-01,GB,Self-expression,0.030
2024-08-01,GB,Technical help,0.120
2024-08-01,GB,Writing,0.410
2024-08-01,GE,Multimedia,0.038
2024-08-01,GE,Other/Unknown,0.057
2024-08-01,GE,Practical Guidance,0.225
2024-08-01,GE,Seeking information,0.149
2024-08-01,GE,Self-expression,0.101
2024-08-01,GE,Technical help,0.154
2024-08-01,GE,Writing,0.276
2024-08-01,GH,Multimedia,0.009
2024-08-01,GH,Other/Unknown,0.051
2024-08-01,GH,Practical Guidance,0.330
2024-08-01,GH,Seeking information,0.195
2024-08-01,GH,Self-expression,0.022
2024-08-01,GH,Technical help,0.101
2024-08-01,GH,Writing,0.292
2024-08-01,GR,Multimedia,0.018
2024-08-01,GR,Other/Unknown,0.043
2024-08-01,GR,Practical Guidance,0.240
2024-08-01,GR,Seeking information,0.189
2024-08-01,GR,Self-expression,0.055
2024-08-01,GR,Technical help,0.134
2024-08-01,GR,Writing,0.322
2024-08-01,GT,Multimedia,0.038
2024-08-01,GT,Other/Unknown,0.031
2024-08-01,GT,Practical Guidance,0.329
2024-08-01,GT,Seeking information,0.213
2024-08-01,GT,Self-expression,0.030
2024-08-01,GT,Technical help,0.103
2024-08-01,GT,Writing,0.256
2024-08-01,HN,Multimedia,0.025
2024-08-01,HN,Other/Unknown,0.019
2024-08-01,HN,Practical Guidance,0.318
2024-08-01,HN,Seeking information,0.190
2024-08-01,HN,Self-expression,0.048
2024-08-01,HN,Technical help,0.093
2024-08-01,HN,Writing,0.307
2024-08-01,HR,Multimedia,0.014
2024-08-01,HR,Other/Unknown,0.047
2024-08-01,HR,Practical Guidance,0.226
2024-08-01,HR,Seeking information,0.203
2024-08-01,HR,Self-expression,0.031
2024-08-01,HR,Technical help,0.140
2024-08-01,HR,Writing,0.338
2024-08-01,HT,Multimedia,0.018
2024-08-01,HT,Other/Unknown,0.052
2024-08-01,HT,Practical Guidance,0.332
2024-08-01,HT,Seeking information,0.166
2024-08-01,HT,Self-expression,0.069
2024-08-01,HT,Technical help,0.085
2024-08-01,HT,Writing,0.278
2024-08-01,HU,Multimedia,0.044
2024-08-01,HU,Other/Unknown,0.036
2024-08-01,HU,Practical Guidance,0.212
2024-08-01,HU,Seeking information,0.203
2024-08-01,HU,Self-expression,0.087
2024-08-01,HU,Technical help,0.113
2024-08-01,HU,Writing,0.306
2024-08-01,ID,Multimedia,0.023
2024-08-01,ID,Other/Unknown,0.033
2024-08-01,ID,Practical Guidance,0.305
2024-08-01,ID,Seeking information,0.176
2024-08-01,ID,Self-expression,0.047
2024-08-01,ID,Technical help,0.098
2024-08-01,ID,Writing,0.320
2024-08-01,IE,Multimedia,0.025
2024-08-01,IE,Other/Unknown,0.033
2024-08-01,IE,Practical Guidance,0.212
2024-08-01,IE,Seeking information,0.167
2024-08-01,IE,Self-expression,0.041
2024-08-01,IE,Technical help,0.136
2024-08-01,IE,Writing,0.385
2024-08-01,IL,Multimedia,0.035
2024-08-01,IL,Other/Unknown,0.035
2024-08-01,IL,Practical Guidance,0.256
2024-08-01,IL,Seeking information,0.186
2024-08-01,IL,Self-expression,0.042
2024-08-01,IL,Technical help,0.208
2024-08-01,IL,Writing,0.239
2024-08-01,IN,Multimedia,0.021
2024-08-01,IN,Other/Unknown,0.032
2024-08-01,IN,Practical Guidance,0.270
2024-08-01,IN,Seeking information,0.149
2024-08-01,IN,Self-expression,0.020
2024-08-01,IN,Technical help,0.215
2024-08-01,IN,Writing,0.294
2024-08-01,IQ,Multimedia,0.028
2024-08-01,IQ,Other/Unknown,0.062
2024-08-01,IQ,Practical Guidance,0.260
2024-08-01,IQ,Seeking information,0.219
2024-08-01,IQ,Self-expression,0.066
2024-08-01,IQ,Technical help,0.092
2024-08-01,IQ,Writing,0.273
2024-08-01,IT,Multimedia,0.027
2024-08-01,IT,Other/Unknown,0.037
2024-08-01,IT,Practical Guidance,0.238
2024-08-01,IT,Seeking information,0.193
2024-08-01,IT,Self-expression,0.042
2024-08-01,IT,Technical help,0.107
2024-08-01,IT,Writing,0.356
2024-08-01,JM,Multimedia,0.028
2024-08-01,JM,Other/Unknown,0.066
2024-08-01,JM,Practical Guidance,0.262
2024-08-01,JM,Seeking information,0.146
2024-08-01,JM,Self-expression,0.139
2024-08-01,JM,Technical help,0.042
2024-08-01,JM,Writing,0.318
2024-08-01,JO,Multimedia,0.021
2024-08-01,JO,Other/Unknown,0.034
2024-08-01,JO,Practical Guidance,0.314
2024-08-01,JO,Seeking information,0.184
2024-08-01,JO,Self-expression,0.020
2024-08-01,JO,Technical help,0.097
2024-08-01,JO,Writing,0.330
2024-08-01,JP,Multimedia,0.038
2024-08-01,JP,Other/Unknown,0.031
2024-08-01,JP,Practical Guidance,0.225
2024-08-01,JP,Seeking information,0.154
2024-08-01,JP,Self-expression,0.066
2024-08-01,JP,Technical help,0.158
2024-08-01,JP,Writing,0.329
2024-08-01,KE,Multimedia,0.020
2024-08-01,KE,Other/Unknown,0.035
2024-08-01,KE,Practical Guidance,0.325
2024-08-01,KE,Seeking information,0.203
2024-08-01,KE,Self-expression,0.025
2024-08-01,KE,Technical help,0.110
2024-08-01,KE,Writing,0.282
2024-08-01,KG,Multimedia,0.000
2024-08-01,KG,Other/Unknown,0.055
2024-08-01,KG,Practical Guidance,0.249
2024-08-01,KG,Seeking information,0.132
2024-08-01,KG,Self-expression,0.066
2024-08-01,KG,Technical help,0.151
2024-08-01,KG,Writing,0.347
2024-08-01,KH,Multimedia,0.008
2024-08-01,KH,Other/Unknown,0.030
2024-08-01,KH,Practical Guidance,0.263
2024-08-01,KH,Seeking information,0.152
2024-08-01,KH,Self-expression,0.037
2024-08-01,KH,Technical help,0.139
2024-08-01,KH,Writing,0.370
2024-08-01,KR,Multimedia,0.035
2024-08-01,KR,Other/Unknown,0.036
2024-08-01,KR,Practical Guidance,0.228
2024-08-01,KR,Seeking information,0.156
2024-08-01,KR,Self-expression,0.034
2024-08-01,KR,Technical help,0.167
2024-08-01,KR,Writing,0.344
2024-08-01,KW,Multimedia,0.026
2024-08-01,KW,Other/Unknown,0.071
2024-08-01,KW,Practical Guidance,0.254
2024-08-01,KW,Seeking information,0.204
2024-08-01,KW,Self-expression,0.078
2024-08-01,KW,Technical help,0.105
2024-08-01,KW,Writing,0.262
2024-08-01,KZ,Multimedia,0.055
2024-08-01,KZ,Other/Unknown,0.057
2024-08-01,KZ,Practical Guidance,0.233
2024-08-01,KZ,Seeking information,0.161
2024-08-01,KZ,Self-expression,0.098
2024-08-01,KZ,Technical help,0.110
2024-08-01,KZ,Writing,0.286
2024-08-01,LB,Multimedia,0.016
2024-08-01,LB,Other/Unknown,0.047
2024-08-01,LB,Practical Guidance,0.252
2024-08-01,LB,Seeking information,0.167
2024-08-01,LB,Self-expression,0.040
2024-08-01,LB,Technical help,0.090
2024-08-01,LB,Writing,0.388
2024-08-01,LK,Multimedia,0.020
2024-08-01,LK,Other/Unknown,0.043
2024-08-01,LK,Practical Guidance,0.277
2024-08-01,LK,Seeking information,0.132
2024-08-01,LK,Self-expression,0.034
2024-08-01,LK,Technical help,0.149
2024-08-01,LK,Writing,0.346
2024-08-01,LT,Multimedia,0.049
2024-08-01,LT,Other/Unknown,0.032
2024-08-01,LT,Practical Guidance,0.190
2024-08-01,LT,Seeking information,0.198
2024-08-01,LT,Self-expression,0.052
2024-08-01,LT,Technical help,0.173
2024-08-01,LT,Writing,0.306
2024-08-01,LU,Multimedia,0.079
2024-08-01,LU,Other/Unknown,0.038
2024-08-01,LU,Practical Guidance,0.202
2024-08-01,LU,Seeking information,0.207
2024-08-01,LU,Self-expression,0.025
2024-08-01,LU,Technical help,0.083
2024-08-01,LU,Writing,0.367
2024-08-01,LV,Multimedia,0.011
2024-08-01,LV,Other/Unknown,0.036
2024-08-01,LV,Practical Guidance,0.243
2024-08-01,LV,Seeking information,0.189
2024-08-01,LV,Self-expression,0.028
2024-08-01,LV,Technical help,0.154
2024-08-01,LV,Writing,0.338
2024-08-01,LY,Multimedia,0.064
2024-08-01,LY,Other/Unknown,0.108
2024-08-01,LY,Practical Guidance,0.257
2024-08-01,LY,Seeking information,0.214
2024-08-01,LY,Self-expression,0.073
2024-08-01,LY,Technical help,0.078
2024-08-01,LY,Writing,0.206
2024-08-01,MA,Multimedia,0.024
2024-08-01,MA,Other/Unknown,0.045
2024-08-01,MA,Practical Guidance,0.236
2024-08-01,MA,Seeking information,0.168
2024-08-01,MA,Self-expression,0.049
2024-08-01,MA,Technical help,0.104
2024-08-01,MA,Writing,0.374
2024-08-01,MD,Multimedia,0.054
2024-08-01,MD,Other/Unknown,0.030
2024-08-01,MD,Practical Guidance,0.246
2024-08-01,MD,Seeking information,0.184
2024-08-01,MD,Self-expression,0.080
2024-08-01,MD,Technical help,0.134
2024-08-01,MD,Writing,0.272
2024-08-01,MG,Multimedia,0.030
2024-08-01,MG,Other/Unknown,0.026
2024-08-01,MG,Practical Guidance,0.225
2024-08-01,MG,Seeking information,0.201
2024-08-01,MG,Self-expression,0.028
2024-08-01,MG,Technical help,0.123
2024-08-01,MG,Writing,0.367
2024-08-01,MK,Multimedia,0.039
2024-08-01,MK,Other/Unknown,0.072
2024-08-01,MK,Practical Guidance,0.232
2024-08-01,MK,Seeking information,0.162
2024-08-01,MK,Self-expression,0.044
2024-08-01,MK,Technical help,0.136
2024-08-01,MK,Writing,0.315
2024-08-01,MM,Multimedia,0.009
2024-08-01,MM,Other/Unknown,0.038
2024-08-01,MM,Practical Guidance,0.319
2024-08-01,MM,Seeking information,0.136
2024-08-01,MM,Self-expression,0.063
2024-08-01,MM,Technical help,0.098
2024-08-01,MM,Writing,0.336
2024-08-01,MT,Multimedia,0.039
2024-08-01,MT,Other/Unknown,0.050
2024-08-01,MT,Practical Guidance,0.195
2024-08-01,MT,Seeking information,0.170
2024-08-01,MT,Self-expression,0.046
2024-08-01,MT,Technical help,0.082
2024-08-01,MT,Writing,0.417
2024-08-01,MU,Multimedia,0.030
2024-08-01,MU,Other/Unknown,0.036
2024-08-01,MU,Practical Guidance,0.238
2024-08-01,MU,Seeking information,0.147
2024-08-01,MU,Self-expression,0.023
2024-08-01,MU,Technical help,0.149
2024-08-01,MU,Writing,0.377
2024-08-01,MX,Multimedia,0.028
2024-08-01,MX,Other/Unknown,0.037
2024-08-01,MX,Practical Guidance,0.311
2024-08-01,MX,Seeking information,0.210
2024-08-01,MX,Self-expression,0.042
2024-08-01,MX,Technical help,0.100
2024-08-01,MX,Writing,0.272
2024-08-01,MY,Multimedia,0.018
2024-08-01,MY,Other/Unknown,0.041
2024-08-01,MY,Practical Guidance,0.238
2024-08-01,MY,Seeking information,0.134
2024-08-01,MY,Self-expression,0.072
2024-08-01,MY,Technical help,0.078
2024-08-01,MY,Writing,0.419
2024-08-01,MZ,Multimedia,0.041
2024-08-01,MZ,Other/Unknown,0.061
2024-08-01,MZ,Practical Guidance,0.309
2024-08-01,MZ,Seeking information,0.211
2024-08-01,MZ,Self-expression,0.040
2024-08-01,MZ,Technical help,0.082
2024-08-01,MZ,Writing,0.256
2024-08-01,NA,Multimedia,0.050
2024-08-01,NA,Other/Unknown,0.000
2024-08-01,NA,Practical Guidance,0.415
2024-08-01,NA,Seeking information,0.127
2024-08-01,NA,Self-expression,0.064
2024-08-01,NA,Technical help,0.128
2024-08-01,NA,Writing,0.216
2024-08-01,NG,Multimedia,0.013
2024-08-01,NG,Other/Unknown,0.037
2024-08-01,NG,Practical Guidance,0.254
2024-08-01,NG,Seeking information,0.175
2024-08-01,NG,Self-expression,0.052
2024-08-01,NG,Technical help,0.085
2024-08-01,NG,Writing,0.384
2024-08-01,NI,Multimedia,0.004
2024-08-01,NI,Other/Unknown,0.063
2024-08-01,NI,Practical Guidance,0.349
2024-08-01,NI,Seeking information,0.189
2024-08-01,NI,Self-expression,0.059
2024-08-01,NI,Technical help,0.053
2024-08-01,NI,Writing,0.283
2024-08-01,NL,Multimedia,0.028
2024-08-01,NL,Other/Unknown,0.031
2024-08-01,NL,Practical Guidance,0.225
2024-08-01,NL,Seeking information,0.151
2024-08-01,NL,Self-expression,0.027
2024-08-01,NL,Technical help,0.128
2024-08-01,NL,Writing,0.410
2024-08-01,NO,Multimedia,0.024
2024-08-01,NO,Other/Unknown,0.033
2024-08-01,NO,Practical Guidance,0.244
2024-08-01,NO,Seeking information,0.200
2024-08-01,NO,Self-expression,0.021
2024-08-01,NO,Technical help,0.122
2024-08-01,NO,Writing,0.355
2024-08-01,NP,Multimedia,0.018
2024-08-01,NP,Other/Unknown,0.045
2024-08-01,NP,Practical Guidance,0.308
2024-08-01,NP,Seeking information,0.192
2024-08-01,NP,Self-expression,0.029
2024-08-01,NP,Technical help,0.136
2024-08-01,NP,Writing,0.271
2024-08-01,NZ,Multimedia,0.017
2024-08-01,NZ,Other/Unknown,0.022
2024-08-01,NZ,Practical Guidance,0.268
2024-08-01,NZ,Seeking information,0.143
2024-08-01,NZ,Self-expression,0.022
2024-08-01,NZ,Technical help,0.113
2024-08-01,NZ,Writing,0.414
2024-08-01,OM,Multimedia,0.041
2024-08-01,OM,Other/Unknown,0.038
2024-08-01,OM,Practical Guidance,0.268
2024-08-01,OM,Seeking information,0.087
2024-08-01,OM,Self-expression,0.013
2024-08-01,OM,Technical help,0.092
2024-08-01,OM,Writing,0.461
2024-08-01,PA,Multimedia,0.027
2024-08-01,PA,Other/Unknown,0.041
2024-08-01,PA,Practical Guidance,0.278
2024-08-01,PA,Seeking information,0.216
2024-08-01,PA,Self-expression,0.051
2024-08-01,PA,Technical help,0.062
2024-08-01,PA,Writing,0.324
2024-08-01,PE,Multimedia,0.025
2024-08-01,PE,Other/Unknown,0.028
2024-08-01,PE,Practical Guidance,0.333
2024-08-01,PE,Seeking information,0.197
2024-08-01,PE,Self-expression,0.035
2024-08-01,PE,Technical help,0.078
2024-08-01,PE,Writing,0.303
2024-08-01,PH,Multimedia,0.016
2024-08-01,PH,Other/Unknown,0.033
2024-08-01,PH,Practical Guidance,0.305
2024-08-01,PH,Seeking information,0.153
2024-08-01,PH,Self-expression,0.030
2024-08-01,PH,Technical help,0.060
2024-08-01,PH,Writing,0.403
2024-08-01,PK,Multimedia,0.027
2024-08-01,PK,Other/Unknown,0.034
2024-08-01,PK,Practical Guidance,0.272
2024-08-01,PK,Seeking information,0.137
2024-08-01,PK,Self-expression,0.029
2024-08-01,PK,Technical help,0.141
2024-08-01,PK,Writing,0.360
2024-08-01,PL,Multimedia,0.035
2024-08-01,PL,Other/Unknown,0.032
2024-08-01,PL,Practical Guidance,0.234
2024-08-01,PL,Seeking information,0.193
2024-08-01,PL,Self-expression,0.046
2024-08-01,PL,Technical help,0.129
2024-08-01,PL,Writing,0.331
2024-08-01,PR,Multimedia,0.012
2024-08-01,PR,Other/Unknown,0.044
2024-08-01,PR,Practical Guidance,0.260
2024-08-01,PR,Seeking information,0.242
2024-08-01,PR,Self-expression,0.070
2024-08-01,PR,Technical help,0.055
2024-08-01,PR,Writing,0.317
2024-08-01,PS,Multimedia,0.001
2024-08-01,PS,Other/Unknown,0.000
2024-08-01,PS,Practical Guidance,0.416
2024-08-01,PS,Seeking information,0.198
2024-08-01,PS,Self-expression,0.003
2024-08-01,PS,Technical help,0.169
2024-08-01,PS,Writing,0.213
2024-08-01,PT,Multimedia,0.022
2024-08-01,PT,Other/Unknown,0.017
2024-08-01,PT,Practical Guidance,0.227
2024-08-01,PT,Seeking information,0.199
2024-08-01,PT,Self-expression,0.054
2024-08-01,PT,Technical help,0.120
2024-08-01,PT,Writing,0.360
2024-08-01,PY,Multimedia,0.021
2024-08-01,PY,Other/Unknown,0.042
2024-08-01,PY,Practical Guidance,0.305
2024-08-01,PY,Seeking information,0.178
2024-08-01,PY,Self-expression,0.054
2024-08-01,PY,Technical help,0.078
2024-08-01,PY,Writing,0.322
2024-08-01,QA,Multimedia,0.009
2024-08-01,QA,Other/Unknown,0.015
2024-08-01,QA,Practical Guidance,0.249
2024-08-01,QA,Seeking information,0.109
2024-08-01,QA,Self-expression,0.057
2024-08-01,QA,Technical help,0.053
2024-08-01,QA,Writing,0.509
2024-08-01,RO,Multimedia,0.031
2024-08-01,RO,Other/Unknown,0.041
2024-08-01,RO,Practical Guidance,0.237
2024-08-01,RO,Seeking information,0.202
2024-08-01,RO,Self-expression,0.055
2024-08-01,RO,Technical help,0.123
2024-08-01,RO,Writing,0.311
2024-08-01,RS,Multimedia,0.042
2024-08-01,RS,Other/Unknown,0.035
2024-08-01,RS,Practical Guidance,0.268
2024-08-01,RS,Seeking information,0.175
2024-08-01,RS,Self-expression,0.032
2024-08-01,RS,Technical help,0.177
2024-08-01,RS,Writing,0.269
2024-08-01,RW,Multimedia,0.000
2024-08-01,RW,Other/Unknown,0.000
2024-08-01,RW,Practical Guidance,0.327
2024-08-01,RW,Seeking information,0.144
2024-08-01,RW,Self-expression,0.026
2024-08-01,RW,Technical help,0.117
2024-08-01,RW,Writing,0.387
2024-08-01,SA,Multimedia,0.043
2024-08-01,SA,Other/Unknown,0.043
2024-08-01,SA,Practical Guidance,0.229
2024-08-01,SA,Seeking information,0.160
2024-08-01,SA,Self-expression,0.046
2024-08-01,SA,Technical help,0.081
2024-08-01,SA,Writing,0.398
2024-08-01,SC,Multimedia,0.028
2024-08-01,SC,Other/Unknown,0.039
2024-08-01,SC,Practical Guidance,0.101
2024-08-01,SC,Seeking information,0.046
2024-08-01,SC,Self-expression,0.026
2024-08-01,SC,Technical help,0.119
2024-08-01,SC,Writing,0.641
2024-08-01,SE,Multimedia,0.029
2024-08-01,SE,Other/Unknown,0.027
2024-08-01,SE,Practical Guidance,0.235
2024-08-01,SE,Seeking information,0.190
2024-08-01,SE,Self-expression,0.027
2024-08-01,SE,Technical help,0.140
2024-08-01,SE,Writing,0.353
2024-08-01,SG,Multimedia,0.019
2024-08-01,SG,Other/Unknown,0.029
2024-08-01,SG,Practical Guidance,0.230
2024-08-01,SG,Seeking information,0.125
2024-08-01,SG,Self-expression,0.021
2024-08-01,SG,Technical help,0.180
2024-08-01,SG,Writing,0.396
2024-08-01,SI,Multimedia,0.000
2024-08-01,SI,Other/Unknown,0.050
2024-08-01,SI,Practical Guidance,0.173
2024-08-01,SI,Seeking information,0.243
2024-08-01,SI,Self-expression,0.066
2024-08-01,SI,Technical help,0.103
2024-08-01,SI,Writing,0.365
2024-08-01,SK,Multimedia,0.040
2024-08-01,SK,Other/Unknown,0.032
2024-08-01,SK,Practical Guidance,0.255
2024-08-01,SK,Seeking information,0.228
2024-08-01,SK,Self-expression,0.040
2024-08-01,SK,Technical help,0.098
2024-08-01,SK,Writing,0.307
2024-08-01,SN,Multimedia,0.022
2024-08-01,SN,Other/Unknown,0.044
2024-08-01,SN,Practical Guidance,0.234
2024-08-01,SN,Seeking information,0.170
2024-08-01,SN,Self-expression,0.033
2024-08-01,SN,Technical help,0.142
2024-08-01,SN,Writing,0.355
2024-08-01,SO,Multimedia,0.000
2024-08-01,SO,Other/Unknown,0.088
2024-08-01,SO,Practical Guidance,0.181
2024-08-01,SO,Seeking information,0.218
2024-08-01,SO,Self-expression,0.131
2024-08-01,SO,Technical help,0.090
2024-08-01,SO,Writing,0.291
2024-08-01,SV,Multimedia,0.019
2024-08-01,SV,Other/Unknown,0.013
2024-08-01,SV,Practical Guidance,0.324
2024-08-01,SV,Seeking information,0.218
2024-08-01,SV,Self-expression,0.052
2024-08-01,SV,Technical help,0.086
2024-08-01,SV,Writing,0.288
2024-08-01,TH,Multimedia,0.035
2024-08-01,TH,Other/Unknown,0.034
2024-08-01,TH,Practical Guidance,0.266
2024-08-01,TH,Seeking information,0.192
2024-08-01,TH,Self-expression,0.047
2024-08-01,TH,Technical help,0.098
2024-08-01,TH,Writing,0.327
2024-08-01,TN,Multimedia,0.024
2024-08-01,TN,Other/Unknown,0.049
2024-08-01,TN,Practical Guidance,0.201
2024-08-01,TN,Seeking information,0.141
2024-08-01,TN,Self-expression,0.039
2024-08-01,TN,Technical help,0.198
2024-08-01,TN,Writing,0.347
2024-08-01,TR,Multimedia,0.048
2024-08-01,TR,Other/Unknown,0.046
2024-08-01,TR,Practical Guidance,0.220
2024-08-01,TR,Seeking information,0.165
2024-08-01,TR,Self-expression,0.061
2024-08-01,TR,Technical help,0.157
2024-08-01,TR,Writing,0.302
2024-08-01,TW,Multimedia,0.032
2024-08-01,TW,Other/Unknown,0.031
2024-08-01,TW,Practical Guidance,0.214
2024-08-01,TW,Seeking information,0.136
2024-08-01,TW,Self-expression,0.043
2024-08-01,TW,Technical help,0.163
2024-08-01,TW,Writing,0.382
2024-08-01,TZ,Multimedia,0.030
2024-08-01,TZ,Other/Unknown,0.052
2024-08-01,TZ,Practical Guidance,0.265
2024-08-01,TZ,Seeking information,0.208
2024-08-01,TZ,Self-expression,0.035
2024-08-01,TZ,Technical help,0.102
2024-08-01,TZ,Writing,0.307
2024-08-01,UA,Multimedia,0.034
2024-08-01,UA,Other/Unknown,0.038
2024-08-01,UA,Practical Guidance,0.243
2024-08-01,UA,Seeking information,0.156
2024-08-01,UA,Self-expression,0.063
2024-08-01,UA,Technical help,0.134
2024-08-01,UA,Writing,0.333
2024-08-01,UG,Multimedia,0.003
2024-08-01,UG,Other/Unknown,0.044
2024-08-01,UG,Practical Guidance,0.268
2024-08-01,UG,Seeking information,0.216
2024-08-01,UG,Self-expression,0.063
2024-08-01,UG,Technical help,0.074
2024-08-01,UG,Writing,0.331
2024-08-01,US,Multimedia,0.029
2024-08-01,US,Other/Unknown,0.028
2024-08-01,US,Practical Guidance,0.249
2024-08-01,US,Seeking information,0.172
2024-08-01,US,Self-expression,0.033
2024-08-01,US,Technical help,0.119
2024-08-01,US,Writing,0.369
2024-08-01,UY,Multimedia,0.027
2024-08-01,UY,Other/Unknown,0.040
2024-08-01,UY,Practical Guidance,0.331
2024-08-01,UY,Seeking information,0.154
2024-08-01,UY,Self-expression,0.055
2024-08-01,UY,Technical help,0.123
2024-08-01,UY,Writing,0.270
2024-08-01,UZ,Multimedia,0.058
2024-08-01,UZ,Other/Unknown,0.068
2024-08-01,UZ,Practical Guidance,0.253
2024-08-01,UZ,Seeking information,0.168
2024-08-01,UZ,Self-expression,0.078
2024-08-01,UZ,Technical help,0.105
2024-08-01,UZ,Writing,0.271
2024-08-01,VN,Multimedia,0.027
2024-08-01,VN,Other/Unknown,0.052
2024-08-01,VN,Practical Guidance,0.223
2024-08-01,VN,Seeking information,0.131
2024-08-01,VN,Self-expression,0.158
2024-08-01,VN,Technical help,0.112
2024-08-01,VN,Writing,0.297
2024-08-01,YE,Multimedia,0.043
2024-08-01,YE,Other/Unknown,0.052
2024-08-01,YE,Practical Guidance,0.229
2024-08-01,YE,Seeking information,0.225
2024-08-01,YE,Self-expression,0.022
2024-08-01,YE,Technical help,0.055
2024-08-01,YE,Writing,0.375
2024-08-01,ZA,Multimedia,0.020
2024-08-01,ZA,Other/Unknown,0.040
2024-08-01,ZA,Practical Guidance,0.309
2024-08-01,ZA,Seeking information,0.151
2024-08-01,ZA,Self-expression,0.027
2024-08-01,ZA,Technical help,0.116
2024-08-01,ZA,Writing,0.336
2024-08-01,ZM,Multimedia,0.007
2024-08-01,ZM,Other/Unknown,0.022
2024-08-01,ZM,Practical Guidance,0.360
2024-08-01,ZM,Seeking information,0.197
2024-08-01,ZM,Self-expression,0.031
2024-08-01,ZM,Technical help,0.092
2024-08-01,ZM,Writing,0.291
2024-09-01,AE,Multimedia,0.033
2024-09-01,AE,Other/Unknown,0.031
2024-09-01,AE,Practical Guidance,0.250
2024-09-01,AE,Seeking information,0.144
2024-09-01,AE,Self-expression,0.036
2024-09-01,AE,Technical help,0.081
2024-09-01,AE,Writing,0.425
2024-09-01,AF,Multimedia,0.044
2024-09-01,AF,Other/Unknown,0.089
2024-09-01,AF,Practical Guidance,0.236
2024-09-01,AF,Seeking information,0.164
2024-09-01,AF,Self-expression,0.102
2024-09-01,AF,Technical help,0.085
2024-09-01,AF,Writing,0.280
2024-09-01,AL,Multimedia,0.030
2024-09-01,AL,Other/Unknown,0.022
2024-09-01,AL,Practical Guidance,0.332
2024-09-01,AL,Seeking information,0.126
2024-09-01,AL,Self-expression,0.009
2024-09-01,AL,Technical help,0.098
2024-09-01,AL,Writing,0.383
2024-09-01,AM,Multimedia,0.014
2024-09-01,AM,Other/Unknown,0.078
2024-09-01,AM,Practical Guidance,0.219
2024-09-01,AM,Seeking information,0.141
2024-09-01,AM,Self-expression,0.071
2024-09-01,AM,Technical help,0.168
2024-09-01,AM,Writing,0.309
2024-09-01,AO,Multimedia,0.029
2024-09-01,AO,Other/Unknown,0.000
2024-09-01,AO,Practical Guidance,0.277
2024-09-01,AO,Seeking information,0.226
2024-09-01,AO,Self-expression,0.073
2024-09-01,AO,Technical help,0.099
2024-09-01,AO,Writing,0.296
2024-09-01,AR,Multimedia,0.030
2024-09-01,AR,Other/Unknown,0.039
2024-09-01,AR,Practical Guidance,0.316
2024-09-01,AR,Seeking information,0.173
2024-09-01,AR,Self-expression,0.050
2024-09-01,AR,Technical help,0.107
2024-09-01,AR,Writing,0.285
2024-09-01,AT,Multimedia,0.032
2024-09-01,AT,Other/Unknown,0.043
2024-09-01,AT,Practical Guidance,0.216
2024-09-01,AT,Seeking information,0.193
2024-09-01,AT,Self-expression,0.032
2024-09-01,AT,Technical help,0.088
2024-09-01,AT,Writing,0.396
2024-09-01,AU,Multimedia,0.024
2024-09-01,AU,Other/Unknown,0.027
2024-09-01,AU,Practical Guidance,0.253
2024-09-01,AU,Seeking information,0.148
2024-09-01,AU,Self-expression,0.027
2024-09-01,AU,Technical help,0.114
2024-09-01,AU,Writing,0.407
2024-09-01,AZ,Multimedia,0.034
2024-09-01,AZ,Other/Unknown,0.070
2024-09-01,AZ,Practical Guidance,0.248
2024-09-01,AZ,Seeking information,0.208
2024-09-01,AZ,Self-expression,0.104
2024-09-01,AZ,Technical help,0.074
2024-09-01,AZ,Writing,0.261
2024-09-01,BA,Multimedia,0.063
2024-09-01,BA,Other/Unknown,0.028
2024-09-01,BA,Practical Guidance,0.194
2024-09-01,BA,Seeking information,0.291
2024-09-01,BA,Self-expression,0.067
2024-09-01,BA,Technical help,0.128
2024-09-01,BA,Writing,0.229
2024-09-01,BD,Multimedia,0.034
2024-09-01,BD,Other/Unknown,0.056
2024-09-01,BD,Practical Guidance,0.258
2024-09-01,BD,Seeking information,0.168
2024-09-01,BD,Self-expression,0.085
2024-09-01,BD,Technical help,0.110
2024-09-01,BD,Writing,0.290
2024-09-01,BE,Multimedia,0.033
2024-09-01,BE,Other/Unknown,0.026
2024-09-01,BE,Practical Guidance,0.228
2024-09-01,BE,Seeking information,0.186
2024-09-01,BE,Self-expression,0.045
2024-09-01,BE,Technical help,0.095
2024-09-01,BE,Writing,0.388
2024-09-01,BG,Multimedia,0.042
2024-09-01,BG,Other/Unknown,0.034
2024-09-01,BG,Practical Guidance,0.308
2024-09-01,BG,Seeking information,0.185
2024-09-01,BG,Self-expression,0.056
2024-09-01,BG,Technical help,0.161
2024-09-01,BG,Writing,0.214
2024-09-01,BH,Multimedia,0.054
2024-09-01,BH,Other/Unknown,0.090
2024-09-01,BH,Practical Guidance,0.266
2024-09-01,BH,Seeking information,0.202
2024-09-01,BH,Self-expression,0.076
2024-09-01,BH,Technical help,0.042
2024-09-01,BH,Writing,0.270
2024-09-01,BJ,Multimedia,0.039
2024-09-01,BJ,Other/Unknown,0.040
2024-09-01,BJ,Practical Guidance,0.236
2024-09-01,BJ,Seeking information,0.155
2024-09-01,BJ,Self-expression,0.035
2024-09-01,BJ,Technical help,0.117
2024-09-01,BJ,Writing,0.378
2024-09-01,BO,Multimedia,0.039
2024-09-01,BO,Other/Unknown,0.041
2024-09-01,BO,Practical Guidance,0.332
2024-09-01,BO,Seeking information,0.234
2024-09-01,BO,Self-expression,0.032
2024-09-01,BO,Technical help,0.081
2024-09-01,BO,Writing,0.242
2024-09-01,BR,Multimedia,0.036
2024-09-01,BR,Other/Unknown,0.037
2024-09-01,BR,Practical Guidance,0.285
2024-09-01,BR,Seeking information,0.156
2024-09-01,BR,Self-expression,0.055
2024-09-01,BR,Technical help,0.101
2024-09-01,BR,Writing,0.330
2024-09-01,CA,Multimedia,0.028
2024-09-01,CA,Other/Unknown,0.031
2024-09-01,CA,Practical Guidance,0.273
2024-09-01,CA,Seeking information,0.170
2024-09-01,CA,Self-expression,0.032
2024-09-01,CA,Technical help,0.111
2024-09-01,CA,Writing,0.355
2024-09-01,CD,Multimedia,0.007
2024-09-01,CD,Other/Unknown,0.042
2024-09-01,CD,Practical Guidance,0.307
2024-09-01,CD,Seeking information,0.163
2024-09-01,CD,Self-expression,0.092
2024-09-01,CD,Technical help,0.093
2024-09-01,CD,Writing,0.296
2024-09-01,CH,Multimedia,0.035
2024-09-01,CH,Other/Unknown,0.035
2024-09-01,CH,Practical Guidance,0.232
2024-09-01,CH,Seeking information,0.167
2024-09-01,CH,Self-expression,0.030
2024-09-01,CH,Technical help,0.087
2024-09-01,CH,Writing,0.415
2024-09-01,CI,Multimedia,0.015
2024-09-01,CI,Other/Unknown,0.070
2024-09-01,CI,Practical Guidance,0.295
2024-09-01,CI,Seeking information,0.174
2024-09-01,CI,Self-expression,0.067
2024-09-01,CI,Technical help,0.060
2024-09-01,CI,Writing,0.320
2024-09-01,CL,Multimedia,0.039
2024-09-01,CL,Other/Unknown,0.040
2024-09-01,CL,Practical Guidance,0.305
2024-09-01,CL,Seeking information,0.176
2024-09-01,CL,Self-expression,0.051
2024-09-01,CL,Technical help,0.099
2024-09-01,CL,Writing,0.290
2024-09-01,CM,Multimedia,0.000
2024-09-01,CM,Other/Unknown,0.062
2024-09-01,CM,Practical Guidance,0.261
2024-09-01,CM,Seeking information,0.161
2024-09-01,CM,Self-expression,0.000
2024-09-01,CM,Technical help,0.105
2024-09-01,CM,Writing,0.413
2024-09-01,CO,Multimedia,0.034
2024-09-01,CO,Other/Unknown,0.032
2024-09-01,CO,Practical Guidance,0.315
2024-09-01,CO,Seeking information,0.163
2024-09-01,CO,Self-expression,0.036
2024-09-01,CO,Technical help,0.117
2024-09-01,CO,Writing,0.302
2024-09-01,CR,Multimedia,0.024
2024-09-01,CR,Other/Unknown,0.040
2024-09-01,CR,Practical Guidance,0.277
2024-09-01,CR,Seeking information,0.182
2024-09-01,CR,Self-expression,0.055
2024-09-01,CR,Technical help,0.111
2024-09-01,CR,Writing,0.311
2024-09-01,CY,Multimedia,0.065
2024-09-01,CY,Other/Unknown,0.050
2024-09-01,CY,Practical Guidance,0.213
2024-09-01,CY,Seeking information,0.141
2024-09-01,CY,Self-expression,0.053
2024-09-01,CY,Technical help,0.099
2024-09-01,CY,Writing,0.380
2024-09-01,CZ,Multimedia,0.049
2024-09-01,CZ,Other/Unknown,0.029
2024-09-01,CZ,Practical Guidance,0.250
2024-09-01,CZ,Seeking information,0.210
2024-09-01,CZ,Self-expression,0.048
2024-09-01,CZ,Technical help,0.112
2024-09-01,CZ,Writing,0.302
2024-09-01,DE,Multimedia,0.039
2024-09-01,DE,Other/Unknown,0.035
2024-09-01,DE,Practical Guidance,0.242
2024-09-01,DE,Seeking information,0.167
2024-09-01,DE,Self-expression,0.035
2024-09-01,DE,Technical help,0.094
2024-09-01,DE,Writing,0.388
2024-09-01,DK,Multimedia,0.025
2024-09-01,DK,Other/Unknown,0.022
2024-09-01,DK,Practical Guidance,0.277
2024-09-01,DK,Seeking information,0.166
2024-09-01,DK,Self-expression,0.034
2024-09-01,DK,Technical help,0.121
2024-09-01,DK,Writing,0.354
2024-09-01,DO,Multimedia,0.025
2024-09-01,DO,Other/Unknown,0.054
2024-09-01,DO,Practical Guidance,0.347
2024-09-01,DO,Seeking information,0.216
2024-09-01,DO,Self-expression,0.046
2024-09-01,DO,Technical help,0.064
2024-09-01,DO,Writing,0.249
2024-09-01,DZ,Multimedia,0.030
2024-09-01,DZ,Other/Unknown,0.065
2024-09-01,DZ,Practical Guidance,0.242
2024-09-01,DZ,Seeking information,0.204
2024-09-01,DZ,Self-expression,0.082
2024-09-01,DZ,Technical help,0.058
2024-09-01,DZ,Writing,0.318
2024-09-01,EC,Multimedia,0.030
2024-09-01,EC,Other/Unknown,0.029
2024-09-01,EC,Practical Guidance,0.343
2024-09-01,EC,Seeking information,0.202
2024-09-01,EC,Self-expression,0.032
2024-09-01,EC,Technical help,0.075
2024-09-01,EC,Writing,0.289
2024-09-01,EE,Multimedia,0.036
2024-09-01,EE,Other/Unknown,0.029
2024-09-01,EE,Practical Guidance,0.270
2024-09-01,EE,Seeking information,0.153
2024-09-01,EE,Self-expression,0.012
2024-09-01,EE,Technical help,0.122
2024-09-01,EE,Writing,0.378
2024-09-01,EG,Multimedia,0.056
2024-09-01,EG,Other/Unknown,0.053
2024-09-01,EG,Practical Guidance,0.243
2024-09-01,EG,Seeking information,0.162
2024-09-01,EG,Self-expression,0.091
2024-09-01,EG,Technical help,0.137
2024-09-01,EG,Writing,0.259
2024-09-01,ES,Multimedia,0.049
2024-09-01,ES,Other/Unknown,0.036
2024-09-01,ES,Practical Guidance,0.255
2024-09-01,ES,Seeking information,0.190
2024-09-01,ES,Self-expression,0.046
2024-09-01,ES,Technical help,0.115
2024-09-01,ES,Writing,0.309
2024-09-01,ET,Multimedia,0.021
2024-09-01,ET,Other/Unknown,0.052
2024-09-01,ET,Practical Guidance,0.310
2024-09-01,ET,Seeking information,0.169
2024-09-01,ET,Self-expression,0.054
2024-09-01,ET,Technical help,0.190
2024-09-01,ET,Writing,0.205
2024-09-01,FI,Multimedia,0.040
2024-09-01,FI,Other/Unknown,0.039
2024-09-01,FI,Practical Guidance,0.273
2024-09-01,FI,Seeking information,0.173
2024-09-01,FI,Self-expression,0.048
2024-09-01,FI,Technical help,0.136
2024-09-01,FI,Writing,0.291
2024-09-01,FR,Multimedia,0.039
2024-09-01,FR,Other/Unknown,0.029
2024-09-01,FR,Practical Guidance,0.246
2024-09-01,FR,Seeking information,0.162
2024-09-01,FR,Self-expression,0.041
2024-09-01,FR,Technical help,0.108
2024-09-01,FR,Writing,0.374
2024-09-01,GB,Multimedia,0.032
2024-09-01,GB,Other/Unknown,0.031
2024-09-01,GB,Practical Guidance,0.228
2024-09-01,GB,Seeking information,0.164
2024-09-01,GB,Self-expression,0.039
2024-09-01,GB,Technical help,0.106
2024-09-01,GB,Writing,0.400
2024-09-01,GE,Multimedia,0.043
2024-09-01,GE,Other/Unknown,0.034
2024-09-01,GE,Practical Guidance,0.249
2024-09-01,GE,Seeking information,0.138
2024-09-01,GE,Self-expression,0.178
2024-09-01,GE,Technical help,0.114
2024-09-01,GE,Writing,0.244
2024-09-01,GH,Multimedia,0.026
2024-09-01,GH,Other/Unknown,0.036
2024-09-01,GH,Practical Guidance,0.279
2024-09-01,GH,Seeking information,0.143
2024-09-01,GH,Self-expression,0.037
2024-09-01,GH,Technical help,0.118
2024-09-01,GH,Writing,0.361
2024-09-01,GR,Multimedia,0.071
2024-09-01,GR,Other/Unknown,0.037
2024-09-01,GR,Practical Guidance,0.265
2024-09-01,GR,Seeking information,0.184
2024-09-01,GR,Self-expression,0.054
2024-09-01,GR,Technical help,0.115
2024-09-01,GR,Writing,0.275
2024-09-01,GT,Multimedia,0.037
2024-09-01,GT,Other/Unknown,0.032
2024-09-01,GT,Practical Guidance,0.314
2024-09-01,GT,Seeking information,0.211
2024-09-01,GT,Self-expression,0.056
2024-09-01,GT,Technical help,0.104
2024-09-01,GT,Writing,0.246
2024-09-01,HN,Multimedia,0.028
2024-09-01,HN,Other/Unknown,0.040
2024-09-01,HN,Practical Guidance,0.276
2024-09-01,HN,Seeking information,0.225
2024-09-01,HN,Self-expression,0.069
2024-09-01,HN,Technical help,0.111
2024-09-01,HN,Writing,0.251
2024-09-01,HR,Multimedia,0.033
2024-09-01,HR,Other/Unknown,0.032
2024-09-01,HR,Practical Guidance,0.205
2024-09-01,HR,Seeking information,0.179
2024-09-01,HR,Self-expression,0.043
2024-09-01,HR,Technical help,0.140
2024-09-01,HR,Writing,0.367
2024-09-01,HU,Multimedia,0.035
2024-09-01,HU,Other/Unknown,0.048
2024-09-01,HU,Practical Guidance,0.237
2024-09-01,HU,Seeking information,0.197
2024-09-01,HU,Self-expression,0.080
2024-09-01,HU,Technical help,0.120
2024-09-01,HU,Writing,0.282
2024-09-01,ID,Multimedia,0.026
2024-09-01,ID,Other/Unknown,0.028
2024-09-01,ID,Practical Guidance,0.331
2024-09-01,ID,Seeking information,0.179
2024-09-01,ID,Self-expression,0.052
2024-09-01,ID,Technical help,0.093
2024-09-01,ID,Writing,0.290
2024-09-01,IE,Multimedia,0.037
2024-09-01,IE,Other/Unknown,0.025
2024-09-01,IE,Practical Guidance,0.234
2024-09-01,IE,Seeking information,0.169
2024-09-01,IE,Self-expression,0.040
2024-09-01,IE,Technical help,0.108
2024-09-01,IE,Writing,0.387
2024-09-01,IL,Multimedia,0.044
2024-09-01,IL,Other/Unknown,0.038
2024-09-01,IL,Practical Guidance,0.264
2024-09-01,IL,Seeking information,0.168
2024-09-01,IL,Self-expression,0.052
2024-09-01,IL,Technical help,0.161
2024-09-01,IL,Writing,0.273
2024-09-01,IN,Multimedia,0.028
2024-09-01,IN,Other/Unknown,0.034
2024-09-01,IN,Practical Guidance,0.273
2024-09-01,IN,Seeking information,0.146
2024-09-01,IN,Self-expression,0.023
2024-09-01,IN,Technical help,0.213
2024-09-01,IN,Writing,0.283
2024-09-01,IQ,Multimedia,0.079
2024-09-01,IQ,Other/Unknown,0.060
2024-09-01,IQ,Practical Guidance,0.254
2024-09-01,IQ,Seeking information,0.203
2024-09-01,IQ,Self-expression,0.070
2024-09-01,IQ,Technical help,0.091
2024-09-01,IQ,Writing,0.242
2024-09-01,IT,Multimedia,0.036
2024-09-01,IT,Other/Unknown,0.034
2024-09-01,IT,Practical Guidance,0.248
2024-09-01,IT,Seeking information,0.180
2024-09-01,IT,Self-expression,0.049
2024-09-01,IT,Technical help,0.111
2024-09-01,IT,Writing,0.341
2024-09-01,JM,Multimedia,0.016
2024-09-01,JM,Other/Unknown,0.060
2024-09-01,JM,Practical Guidance,0.433
2024-09-01,JM,Seeking information,0.151
2024-09-01,JM,Self-expression,0.049
2024-09-01,JM,Technical help,0.006
2024-09-01,JM,Writing,0.285
2024-09-01,JO,Multimedia,0.026
2024-09-01,JO,Other/Unknown,0.030
2024-09-01,JO,Practical Guidance,0.259
2024-09-01,JO,Seeking information,0.146
2024-09-01,JO,Self-expression,0.051
2024-09-01,JO,Technical help,0.111
2024-09-01,JO,Writing,0.378
2024-09-01,JP,Multimedia,0.040
2024-09-01,JP,Other/Unknown,0.032
2024-09-01,JP,Practical Guidance,0.214
2024-09-01,JP,Seeking information,0.139
2024-09-01,JP,Self-expression,0.075
2024-09-01,JP,Technical help,0.155
2024-09-01,JP,Writing,0.344
2024-09-01,KE,Multimedia,0.015
2024-09-01,KE,Other/Unknown,0.031
2024-09-01,KE,Practical Guidance,0.278
2024-09-01,KE,Seeking information,0.176
2024-09-01,KE,Self-expression,0.039
2024-09-01,KE,Technical help,0.120
2024-09-01,KE,Writing,0.341
2024-09-01,KG,Multimedia,0.075
2024-09-01,KG,Other/Unknown,0.064
2024-09-01,KG,Practical Guidance,0.213
2024-09-01,KG,Seeking information,0.170
2024-09-01,KG,Self-expression,0.089
2024-09-01,KG,Technical help,0.087
2024-09-01,KG,Writing,0.301
2024-09-01,KH,Multimedia,0.008
2024-09-01,KH,Other/Unknown,0.054
2024-09-01,KH,Practical Guidance,0.214
2024-09-01,KH,Seeking information,0.151
2024-09-01,KH,Self-expression,0.073
2024-09-01,KH,Technical help,0.120
2024-09-01,KH,Writing,0.381
2024-09-01,KR,Multimedia,0.033
2024-09-01,KR,Other/Unknown,0.032
2024-09-01,KR,Practical Guidance,0.233
2024-09-01,KR,Seeking information,0.156
2024-09-01,KR,Self-expression,0.038
2024-09-01,KR,Technical help,0.143
2024-09-01,KR,Writing,0.366
2024-09-01,KW,Multimedia,0.071
2024-09-01,KW,Other/Unknown,0.018
2024-09-01,KW,Practical Guidance,0.283
2024-09-01,KW,Seeking information,0.138
2024-09-01,KW,Self-expression,0.026
2024-09-01,KW,Technical help,0.089
2024-09-01,KW,Writing,0.376
2024-09-01,KZ,Multimedia,0.043
2024-09-01,KZ,Other/Unknown,0.052
2024-09-01,KZ,Practical Guidance,0.280
2024-09-01,KZ,Seeking information,0.171
2024-09-01,KZ,Self-expression,0.099
2024-09-01,KZ,Technical help,0.094
2024-09-01,KZ,Writing,0.260
2024-09-01,LB,Multimedia,0.042
2024-09-01,LB,Other/Unknown,0.041
2024-09-01,LB,Practical Guidance,0.267
2024-09-01,LB,Seeking information,0.143
2024-09-01,LB,Self-expression,0.033
2024-09-01,LB,Technical help,0.107
2024-09-01,LB,Writing,0.367
2024-09-01,LK,Multimedia,0.037
2024-09-01,LK,Other/Unknown,0.045
2024-09-01,LK,Practical Guidance,0.273
2024-09-01,LK,Seeking information,0.143
2024-09-01,LK,Self-expression,0.035
2024-09-01,LK,Technical help,0.155
2024-09-01,LK,Writing,0.313
2024-09-01,LT,Multimedia,0.028
2024-09-01,LT,Other/Unknown,0.047
2024-09-01,LT,Practical Guidance,0.286
2024-09-01,LT,Seeking information,0.181
2024-09-01,LT,Self-expression,0.017
2024-09-01,LT,Technical help,0.146
2024-09-01,LT,Writing,0.295
2024-09-01,LU,Multimedia,0.006
2024-09-01,LU,Other/Unknown,0.083
2024-09-01,LU,Practical Guidance,0.213
2024-09-01,LU,Seeking information,0.200
2024-09-01,LU,Self-expression,0.045
2024-09-01,LU,Technical help,0.074
2024-09-01,LU,Writing,0.379
2024-09-01,LV,Multimedia,0.039
2024-09-01,LV,Other/Unknown,0.013
2024-09-01,LV,Practical Guidance,0.261
2024-09-01,LV,Seeking information,0.204
2024-09-01,LV,Self-expression,0.041
2024-09-01,LV,Technical help,0.162
2024-09-01,LV,Writing,0.280
2024-09-01,LY,Multimedia,0.051
2024-09-01,LY,Other/Unknown,0.000
2024-09-01,LY,Practical Guidance,0.292
2024-09-01,LY,Seeking information,0.244
2024-09-01,LY,Self-expression,0.129
2024-09-01,LY,Technical help,0.054
2024-09-01,LY,Writing,0.229
2024-09-01,MA,Multimedia,0.033
2024-09-01,MA,Other/Unknown,0.056
2024-09-01,MA,Practical Guidance,0.242
2024-09-01,MA,Seeking information,0.176
2024-09-01,MA,Self-expression,0.067
2024-09-01,MA,Technical help,0.086
2024-09-01,MA,Writing,0.341
2024-09-01,MD,Multimedia,0.039
2024-09-01,MD,Other/Unknown,0.043
2024-09-01,MD,Practical Guidance,0.307
2024-09-01,MD,Seeking information,0.176
2024-09-01,MD,Self-expression,0.026
2024-09-01,MD,Technical help,0.106
2024-09-01,MD,Writing,0.303
2024-09-01,MG,Multimedia,0.017
2024-09-01,MG,Other/Unknown,0.049
2024-09-01,MG,Practical Guidance,0.248
2024-09-01,MG,Seeking information,0.143
2024-09-01,MG,Self-expression,0.070
2024-09-01,MG,Technical help,0.106
2024-09-01,MG,Writing,0.366
2024-09-01,MM,Multimedia,0.037
2024-09-01,MM,Other/Unknown,0.038
2024-09-01,MM,Practical Guidance,0.325
2024-09-01,MM,Seeking information,0.141
2024-09-01,MM,Self-expression,0.045
2024-09-01,MM,Technical help,0.125
2024-09-01,MM,Writing,0.288
2024-09-01,MN,Multimedia,0.000
2024-09-01,MN,Other/Unknown,0.062
2024-09-01,MN,Practical Guidance,0.326
2024-09-01,MN,Seeking information,0.159
2024-09-01,MN,Self-expression,0.063
2024-09-01,MN,Technical help,0.079
2024-09-01,MN,Writing,0.311
2024-09-01,MT,Multimedia,0.030
2024-09-01,MT,Other/Unknown,0.013
2024-09-01,MT,Practical Guidance,0.303
2024-09-01,MT,Seeking information,0.200
2024-09-01,MT,Self-expression,0.015
2024-09-01,MT,Technical help,0.067
2024-09-01,MT,Writing,0.372
2024-09-01,MU,Multimedia,0.028
2024-09-01,MU,Other/Unknown,0.054
2024-09-01,MU,Practical Guidance,0.193
2024-09-01,MU,Seeking information,0.212
2024-09-01,MU,Self-expression,0.006
2024-09-01,MU,Technical help,0.064
2024-09-01,MU,Writing,0.444
2024-09-01,MX,Multimedia,0.033
2024-09-01,MX,Other/Unknown,0.030
2024-09-01,MX,Practical Guidance,0.320
2024-09-01,MX,Seeking information,0.206
2024-09-01,MX,Self-expression,0.038
2024-09-01,MX,Technical help,0.098
2024-09-01,MX,Writing,0.275
2024-09-01,MY,Multimedia,0.032
2024-09-01,MY,Other/Unknown,0.045
2024-09-01,MY,Practical Guidance,0.230
2024-09-01,MY,Seeking information,0.138
2024-09-01,MY,Self-expression,0.095
2024-09-01,MY,Technical help,0.079
2024-09-01,MY,Writing,0.380
2024-09-01,MZ,Multimedia,0.040
2024-09-01,MZ,Other/Unknown,0.055
2024-09-01,MZ,Practical Guidance,0.315
2024-09-01,MZ,Seeking information,0.186
2024-09-01,MZ,Self-expression,0.014
2024-09-01,MZ,Technical help,0.088
2024-09-01,MZ,Writing,0.302
2024-09-01,NG,Multimedia,0.028
2024-09-01,NG,Other/Unknown,0.041
2024-09-01,NG,Practical Guidance,0.267
2024-09-01,NG,Seeking information,0.151
2024-09-01,NG,Self-expression,0.045
2024-09-01,NG,Technical help,0.085
2024-09-01,NG,Writing,0.384
2024-09-01,NI,Multimedia,0.056
2024-09-01,NI,Other/Unknown,0.068
2024-09-01,NI,Practical Guidance,0.270
2024-09-01,NI,Seeking information,0.224
2024-09-01,NI,Self-expression,0.046
2024-09-01,NI,Technical help,0.057
2024-09-01,NI,Writing,0.279
2024-09-01,NL,Multimedia,0.034
2024-09-01,NL,Other/Unknown,0.034
2024-09-01,NL,Practical Guidance,0.228
2024-09-01,NL,Seeking information,0.164
2024-09-01,NL,Self-expression,0.037
2024-09-01,NL,Technical help,0.125
2024-09-01,NL,Writing,0.379
2024-09-01,NO,Multimedia,0.030
2024-09-01,NO,Other/Unknown,0.029
2024-09-01,NO,Practical Guidance,0.270
2024-09-01,NO,Seeking information,0.181
2024-09-01,NO,Self-expression,0.024
2024-09-01,NO,Technical help,0.121
2024-09-01,NO,Writing,0.345
2024-09-01,NP,Multimedia,0.013
2024-09-01,NP,Other/Unknown,0.037
2024-09-01,NP,Practical Guidance,0.308
2024-09-01,NP,Seeking information,0.174
2024-09-01,NP,Self-expression,0.032
2024-09-01,NP,Technical help,0.146
2024-09-01,NP,Writing,0.290
2024-09-01,NZ,Multimedia,0.035
2024-09-01,NZ,Other/Unknown,0.031
2024-09-01,NZ,Practical Guidance,0.264
2024-09-01,NZ,Seeking information,0.145
2024-09-01,NZ,Self-expression,0.032
2024-09-01,NZ,Technical help,0.111
2024-09-01,NZ,Writing,0.383
2024-09-01,OM,Multimedia,0.075
2024-09-01,OM,Other/Unknown,0.019
2024-09-01,OM,Practical Guidance,0.216
2024-09-01,OM,Seeking information,0.161
2024-09-01,OM,Self-expression,0.074
2024-09-01,OM,Technical help,0.078
2024-09-01,OM,Writing,0.377
2024-09-01,PA,Multimedia,0.049
2024-09-01,PA,Other/Unknown,0.030
2024-09-01,PA,Practical Guidance,0.283
2024-09-01,PA,Seeking information,0.235
2024-09-01,PA,Self-expression,0.039
2024-09-01,PA,Technical help,0.070
2024-09-01,PA,Writing,0.294
2024-09-01,PE,Multimedia,0.029
2024-09-01,PE,Other/Unknown,0.032
2024-09-01,PE,Practical Guidance,0.336
2024-09-01,PE,Seeking information,0.186
2024-09-01,PE,Self-expression,0.026
2024-09-01,PE,Technical help,0.079
2024-09-01,PE,Writing,0.312
2024-09-01,PH,Multimedia,0.020
2024-09-01,PH,Other/Unknown,0.030
2024-09-01,PH,Practical Guidance,0.320
2024-09-01,PH,Seeking information,0.154
2024-09-01,PH,Self-expression,0.030
2024-09-01,PH,Technical help,0.068
2024-09-01,PH,Writing,0.378
2024-09-01,PK,Multimedia,0.026
2024-09-01,PK,Other/Unknown,0.033
2024-09-01,PK,Practical Guidance,0.268
2024-09-01,PK,Seeking information,0.134
2024-09-01,PK,Self-expression,0.031
2024-09-01,PK,Technical help,0.145
2024-09-01,PK,Writing,0.364
2024-09-01,PL,Multimedia,0.039
2024-09-01,PL,Other/Unknown,0.040
2024-09-01,PL,Practical Guidance,0.250
2024-09-01,PL,Seeking information,0.185
2024-09-01,PL,Self-expression,0.035
2024-09-01,PL,Technical help,0.116
2024-09-01,PL,Writing,0.335
2024-09-01,PR,Multimedia,0.039
2024-09-01,PR,Other/Unknown,0.020
2024-09-01,PR,Practical Guidance,0.309
2024-09-01,PR,Seeking information,0.216
2024-09-01,PR,Self-expression,0.047
2024-09-01,PR,Technical help,0.070
2024-09-01,PR,Writing,0.299
2024-09-01,PS,Multimedia,0.032
2024-09-01,PS,Other/Unknown,0.014
2024-09-01,PS,Practical Guidance,0.357
2024-09-01,PS,Seeking information,0.172
2024-09-01,PS,Self-expression,0.030
2024-09-01,PS,Technical help,0.112
2024-09-01,PS,Writing,0.284
2024-09-01,PT,Multimedia,0.039
2024-09-01,PT,Other/Unknown,0.043
2024-09-01,PT,Practical Guidance,0.248
2024-09-01,PT,Seeking information,0.192
2024-09-01,PT,Self-expression,0.053
2024-09-01,PT,Technical help,0.115
2024-09-01,PT,Writing,0.310
2024-09-01,PY,Multimedia,0.044
2024-09-01,PY,Other/Unknown,0.012
2024-09-01,PY,Practical Guidance,0.312
2024-09-01,PY,Seeking information,0.205
2024-09-01,PY,Self-expression,0.071
2024-09-01,PY,Technical help,0.083
2024-09-01,PY,Writing,0.272
2024-09-01,QA,Multimedia,0.024
2024-09-01,QA,Other/Unknown,0.009
2024-09-01,QA,Practical Guidance,0.234
2024-09-01,QA,Seeking information,0.138
2024-09-01,QA,Self-expression,0.046
2024-09-01,QA,Technical help,0.086
2024-09-01,QA,Writing,0.463
2024-09-01,RE,Multimedia,0.033
2024-09-01,RE,Other/Unknown,0.000
2024-09-01,RE,Practical Guidance,0.325
2024-09-01,RE,Seeking information,0.171
2024-09-01,RE,Self-expression,0.024
2024-09-01,RE,Technical help,0.108
2024-09-01,RE,Writing,0.339
2024-09-01,RO,Multimedia,0.043
2024-09-01,RO,Other/Unknown,0.034
2024-09-01,RO,Practical Guidance,0.274
2024-09-01,RO,Seeking information,0.178
2024-09-01,RO,Self-expression,0.060
2024-09-01,RO,Technical help,0.103
2024-09-01,RO,Writing,0.309
2024-09-01,RS,Multimedia,0.037
2024-09-01,RS,Other/Unknown,0.039
2024-09-01,RS,Practical Guidance,0.248
2024-09-01,RS,Seeking information,0.160
2024-09-01,RS,Self-expression,0.050
2024-09-01,RS,Technical help,0.141
2024-09-01,RS,Writing,0.324
2024-09-01,RW,Multimedia,0.022
2024-09-01,RW,Other/Unknown,0.053
2024-09-01,RW,Practical Guidance,0.403
2024-09-01,RW,Seeking information,0.095
2024-09-01,RW,Self-expression,0.000
2024-09-01,RW,Technical help,0.000
2024-09-01,RW,Writing,0.427
2024-09-01,SA,Multimedia,0.045
2024-09-01,SA,Other/Unknown,0.055
2024-09-01,SA,Practical Guidance,0.259
2024-09-01,SA,Seeking information,0.154
2024-09-01,SA,Self-expression,0.067
2024-09-01,SA,Technical help,0.080
2024-09-01,SA,Writing,0.339
2024-09-01,SC,Multimedia,0.039
2024-09-01,SC,Other/Unknown,0.053
2024-09-01,SC,Practical Guidance,0.177
2024-09-01,SC,Seeking information,0.067
2024-09-01,SC,Self-expression,0.030
2024-09-01,SC,Technical help,0.157
2024-09-01,SC,Writing,0.477
2024-09-01,SE,Multimedia,0.040
2024-09-01,SE,Other/Unknown,0.030
2024-09-01,SE,Practical Guidance,0.263
2024-09-01,SE,Seeking information,0.155
2024-09-01,SE,Self-expression,0.037
2024-09-01,SE,Technical help,0.127
2024-09-01,SE,Writing,0.348
2024-09-01,SG,Multimedia,0.020
2024-09-01,SG,Other/Unknown,0.024
2024-09-01,SG,Practical Guidance,0.255
2024-09-01,SG,Seeking information,0.119
2024-09-01,SG,Self-expression,0.023
2024-09-01,SG,Technical help,0.196
2024-09-01,SG,Writing,0.363
2024-09-01,SI,Multimedia,0.000
2024-09-01,SI,Other/Unknown,0.013
2024-09-01,SI,Practical Guidance,0.245
2024-09-01,SI,Seeking information,0.219
2024-09-01,SI,Self-expression,0.055
2024-09-01,SI,Technical help,0.116
2024-09-01,SI,Writing,0.351
2024-09-01,SK,Multimedia,0.039
2024-09-01,SK,Other/Unknown,0.042
2024-09-01,SK,Practical Guidance,0.276
2024-09-01,SK,Seeking information,0.211
2024-09-01,SK,Self-expression,0.033
2024-09-01,SK,Technical help,0.123
2024-09-01,SK,Writing,0.275
2024-09-01,SN,Multimedia,0.018
2024-09-01,SN,Other/Unknown,0.042
2024-09-01,SN,Practical Guidance,0.229
2024-09-01,SN,Seeking information,0.237
2024-09-01,SN,Self-expression,0.040
2024-09-01,SN,Technical help,0.107
2024-09-01,SN,Writing,0.328
2024-09-01,SO,Multimedia,0.032
2024-09-01,SO,Other/Unknown,0.089
2024-09-01,SO,Practical Guidance,0.245
2024-09-01,SO,Seeking information,0.180
2024-09-01,SO,Self-expression,0.083
2024-09-01,SO,Technical help,0.105
2024-09-01,SO,Writing,0.267
2024-09-01,SV,Multimedia,0.037
2024-09-01,SV,Other/Unknown,0.030
2024-09-01,SV,Practical Guidance,0.333
2024-09-01,SV,Seeking information,0.198
2024-09-01,SV,Self-expression,0.038
2024-09-01,SV,Technical help,0.099
2024-09-01,SV,Writing,0.265
2024-09-01,TH,Multimedia,0.041
2024-09-01,TH,Other/Unknown,0.033
2024-09-01,TH,Practical Guidance,0.287
2024-09-01,TH,Seeking information,0.197
2024-09-01,TH,Self-expression,0.047
2024-09-01,TH,Technical help,0.093
2024-09-01,TH,Writing,0.302
2024-09-01,TN,Multimedia,0.017
2024-09-01,TN,Other/Unknown,0.059
2024-09-01,TN,Practical Guidance,0.260
2024-09-01,TN,Seeking information,0.134
2024-09-01,TN,Self-expression,0.045
2024-09-01,TN,Technical help,0.135
2024-09-01,TN,Writing,0.351
2024-09-01,TR,Multimedia,0.055
2024-09-01,TR,Other/Unknown,0.048
2024-09-01,TR,Practical Guidance,0.228
2024-09-01,TR,Seeking information,0.160
2024-09-01,TR,Self-expression,0.067
2024-09-01,TR,Technical help,0.142
2024-09-01,TR,Writing,0.300
2024-09-01,TW,Multimedia,0.040
2024-09-01,TW,Other/Unknown,0.037
2024-09-01,TW,Practical Guidance,0.228
2024-09-01,TW,Seeking information,0.137
2024-09-01,TW,Self-expression,0.036
2024-09-01,TW,Technical help,0.163
2024-09-01,TW,Writing,0.359
2024-09-01,TZ,Multimedia,0.047
2024-09-01,TZ,Other/Unknown,0.057
2024-09-01,TZ,Practical Guidance,0.249
2024-09-01,TZ,Seeking information,0.185
2024-09-01,TZ,Self-expression,0.053
2024-09-01,TZ,Technical help,0.085
2024-09-01,TZ,Writing,0.324
2024-09-01,UA,Multimedia,0.046
2024-09-01,UA,Other/Unknown,0.033
2024-09-01,UA,Practical Guidance,0.291
2024-09-01,UA,Seeking information,0.185
2024-09-01,UA,Self-expression,0.048
2024-09-01,UA,Technical help,0.121
2024-09-01,UA,Writing,0.276
2024-09-01,UG,Multimedia,0.032
2024-09-01,UG,Other/Unknown,0.019
2024-09-01,UG,Practical Guidance,0.296
2024-09-01,UG,Seeking information,0.194
2024-09-01,UG,Self-expression,0.065
2024-09-01,UG,Technical help,0.100
2024-09-01,UG,Writing,0.294
2024-09-01,US,Multimedia,0.030
2024-09-01,US,Other/Unknown,0.027
2024-09-01,US,Practical Guidance,0.288
2024-09-01,US,Seeking information,0.173
2024-09-01,US,Self-expression,0.031
2024-09-01,US,Technical help,0.130
2024-09-01,US,Writing,0.321
2024-09-01,UY,Multimedia,0.039
2024-09-01,UY,Other/Unknown,0.031
2024-09-01,UY,Practical Guidance,0.306
2024-09-01,UY,Seeking information,0.180
2024-09-01,UY,Self-expression,0.046
2024-09-01,UY,Technical help,0.114
2024-09-01,UY,Writing,0.284
2024-09-01,UZ,Multimedia,0.069
2024-09-01,UZ,Other/Unknown,0.074
2024-09-01,UZ,Practical Guidance,0.222
2024-09-01,UZ,Seeking information,0.192
2024-09-01,UZ,Self-expression,0.108
2024-09-01,UZ,Technical help,0.080
2024-09-01,UZ,Writing,0.255
2024-09-01,VN,Multimedia,0.035
2024-09-01,VN,Other/Unknown,0.040
2024-09-01,VN,Practical Guidance,0.261
2024-09-01,VN,Seeking information,0.148
2024-09-01,VN,Self-expression,0.065
2024-09-01,VN,Technical help,0.123
2024-09-01,VN,Writing,0.330
2024-09-01,YE,Multimedia,0.065
2024-09-01,YE,Other/Unknown,0.035
2024-09-01,YE,Practical Guidance,0.293
2024-09-01,YE,Seeking information,0.230
2024-09-01,YE,Self-expression,0.053
2024-09-01,YE,Technical help,0.122
2024-09-01,YE,Writing,0.202
2024-09-01,ZA,Multimedia,0.019
2024-09-01,ZA,Other/Unknown,0.037
2024-09-01,ZA,Practical Guidance,0.301
2024-09-01,ZA,Seeking information,0.165
2024-09-01,ZA,Self-expression,0.041
2024-09-01,ZA,Technical help,0.113
2024-09-01,ZA,Writing,0.324
2024-09-01,ZM,Multimedia,0.013
2024-09-01,ZM,Other/Unknown,0.021
2024-09-01,ZM,Practical Guidance,0.378
2024-09-01,ZM,Seeking information,0.244
2024-09-01,ZM,Self-expression,0.007
2024-09-01,ZM,Technical help,0.101
2024-09-01,ZM,Writing,0.236
2024-10-01,AE,Multimedia,0.038
2024-10-01,AE,Other/Unknown,0.037
2024-10-01,AE,Practical Guidance,0.269
2024-10-01,AE,Seeking information,0.148
2024-10-01,AE,Self-expression,0.042
2024-10-01,AE,Technical help,0.080
2024-10-01,AE,Writing,0.386
2024-10-01,AF,Multimedia,0.004
2024-10-01,AF,Other/Unknown,0.074
2024-10-01,AF,Practical Guidance,0.327
2024-10-01,AF,Seeking information,0.213
2024-10-01,AF,Self-expression,0.095
2024-10-01,AF,Technical help,0.035
2024-10-01,AF,Writing,0.252
2024-10-01,AL,Multimedia,0.035
2024-10-01,AL,Other/Unknown,0.077
2024-10-01,AL,Practical Guidance,0.308
2024-10-01,AL,Seeking information,0.168
2024-10-01,AL,Self-expression,0.022
2024-10-01,AL,Technical help,0.148
2024-10-01,AL,Writing,0.241
2024-10-01,AM,Multimedia,0.045
2024-10-01,AM,Other/Unknown,0.046
2024-10-01,AM,Practical Guidance,0.330
2024-10-01,AM,Seeking information,0.122
2024-10-01,AM,Self-expression,0.059
2024-10-01,AM,Technical help,0.154
2024-10-01,AM,Writing,0.245
2024-10-01,AO,Multimedia,0.057
2024-10-01,AO,Other/Unknown,0.045
2024-10-01,AO,Practical Guidance,0.309
2024-10-01,AO,Seeking information,0.217
2024-10-01,AO,Self-expression,0.064
2024-10-01,AO,Technical help,0.025
2024-10-01,AO,Writing,0.283
2024-10-01,AR,Multimedia,0.041
2024-10-01,AR,Other/Unknown,0.037
2024-10-01,AR,Practical Guidance,0.316
2024-10-01,AR,Seeking information,0.169
2024-10-01,AR,Self-expression,0.046
2024-10-01,AR,Technical help,0.113
2024-10-01,AR,Writing,0.277
2024-10-01,AT,Multimedia,0.039
2024-10-01,AT,Other/Unknown,0.038
2024-10-01,AT,Practical Guidance,0.244
2024-10-01,AT,Seeking information,0.179
2024-10-01,AT,Self-expression,0.044
2024-10-01,AT,Technical help,0.103
2024-10-01,AT,Writing,0.352
2024-10-01,AU,Multimedia,0.033
2024-10-01,AU,Other/Unknown,0.030
2024-10-01,AU,Practical Guidance,0.255
2024-10-01,AU,Seeking information,0.150
2024-10-01,AU,Self-expression,0.026
2024-10-01,AU,Technical help,0.118
2024-10-01,AU,Writing,0.389
2024-10-01,AZ,Multimedia,0.051
2024-10-01,AZ,Other/Unknown,0.060
2024-10-01,AZ,Practical Guidance,0.273
2024-10-01,AZ,Seeking information,0.166
2024-10-01,AZ,Self-expression,0.113
2024-10-01,AZ,Technical help,0.088
2024-10-01,AZ,Writing,0.249
2024-10-01,BA,Multimedia,0.033
2024-10-01,BA,Other/Unknown,0.034
2024-10-01,BA,Practical Guidance,0.244
2024-10-01,BA,Seeking information,0.203
2024-10-01,BA,Self-expression,0.068
2024-10-01,BA,Technical help,0.074
2024-10-01,BA,Writing,0.344
2024-10-01,BD,Multimedia,0.052
2024-10-01,BD,Other/Unknown,0.054
2024-10-01,BD,Practical Guidance,0.258
2024-10-01,BD,Seeking information,0.163
2024-10-01,BD,Self-expression,0.088
2024-10-01,BD,Technical help,0.102
2024-10-01,BD,Writing,0.283
2024-10-01,BE,Multimedia,0.042
2024-10-01,BE,Other/Unknown,0.041
2024-10-01,BE,Practical Guidance,0.240
2024-10-01,BE,Seeking information,0.183
2024-10-01,BE,Self-expression,0.032
2024-10-01,BE,Technical help,0.089
2024-10-01,BE,Writing,0.373
2024-10-01,BG,Multimedia,0.055
2024-10-01,BG,Other/Unknown,0.051
2024-10-01,BG,Practical Guidance,0.269
2024-10-01,BG,Seeking information,0.173
2024-10-01,BG,Self-expression,0.057
2024-10-01,BG,Technical help,0.110
2024-10-01,BG,Writing,0.286
2024-10-01,BH,Multimedia,0.046
2024-10-01,BH,Other/Unknown,0.043
2024-10-01,BH,Practical Guidance,0.238
2024-10-01,BH,Seeking information,0.260
2024-10-01,BH,Self-expression,0.018
2024-10-01,BH,Technical help,0.137
2024-10-01,BH,Writing,0.258
2024-10-01,BJ,Multimedia,0.067
2024-10-01,BJ,Other/Unknown,0.021
2024-10-01,BJ,Practical Guidance,0.283
2024-10-01,BJ,Seeking information,0.067
2024-10-01,BJ,Self-expression,0.076
2024-10-01,BJ,Technical help,0.067
2024-10-01,BJ,Writing,0.419
2024-10-01,BO,Multimedia,0.036
2024-10-01,BO,Other/Unknown,0.043
2024-10-01,BO,Practical Guidance,0.309
2024-10-01,BO,Seeking information,0.222
2024-10-01,BO,Self-expression,0.045
2024-10-01,BO,Technical help,0.093
2024-10-01,BO,Writing,0.252
2024-10-01,BR,Multimedia,0.055
2024-10-01,BR,Other/Unknown,0.040
2024-10-01,BR,Practical Guidance,0.277
2024-10-01,BR,Seeking information,0.159
2024-10-01,BR,Self-expression,0.054
2024-10-01,BR,Technical help,0.093
2024-10-01,BR,Writing,0.323
2024-10-01,BW,Multimedia,0.046
2024-10-01,BW,Other/Unknown,0.016
2024-10-01,BW,Practical Guidance,0.507
2024-10-01,BW,Seeking information,0.104
2024-10-01,BW,Self-expression,0.014
2024-10-01,BW,Technical help,0.036
2024-10-01,BW,Writing,0.277
2024-10-01,CA,Multimedia,0.032
2024-10-01,CA,Other/Unknown,0.031
2024-10-01,CA,Practical Guidance,0.303
2024-10-01,CA,Seeking information,0.161
2024-10-01,CA,Self-expression,0.036
2024-10-01,CA,Technical help,0.117
2024-10-01,CA,Writing,0.320
2024-10-01,CD,Multimedia,0.109
2024-10-01,CD,Other/Unknown,0.084
2024-10-01,CD,Practical Guidance,0.237
2024-10-01,CD,Seeking information,0.128
2024-10-01,CD,Self-expression,0.043
2024-10-01,CD,Technical help,0.077
2024-10-01,CD,Writing,0.322
2024-10-01,CH,Multimedia,0.047
2024-10-01,CH,Other/Unknown,0.035
2024-10-01,CH,Practical Guidance,0.242
2024-10-01,CH,Seeking information,0.167
2024-10-01,CH,Self-expression,0.043
2024-10-01,CH,Technical help,0.095
2024-10-01,CH,Writing,0.373
2024-10-01,CI,Multimedia,0.020
2024-10-01,CI,Other/Unknown,0.034
2024-10-01,CI,Practical Guidance,0.265
2024-10-01,CI,Seeking information,0.187
2024-10-01,CI,Self-expression,0.081
2024-10-01,CI,Technical help,0.049
2024-10-01,CI,Writing,0.364
2024-10-01,CL,Multimedia,0.046
2024-10-01,CL,Other/Unknown,0.035
2024-10-01,CL,Practical Guidance,0.301
2024-10-01,CL,Seeking information,0.160
2024-10-01,CL,Self-expression,0.047
2024-10-01,CL,Technical help,0.118
2024-10-01,CL,Writing,0.293
2024-10-01,CM,Multimedia,0.000
2024-10-01,CM,Other/Unknown,0.065
2024-10-01,CM,Practical Guidance,0.227
2024-10-01,CM,Seeking information,0.201
2024-10-01,CM,Self-expression,0.081
2024-10-01,CM,Technical help,0.056
2024-10-01,CM,Writing,0.370
2024-10-01,CO,Multimedia,0.045
2024-10-01,CO,Other/Unknown,0.031
2024-10-01,CO,Practical Guidance,0.309
2024-10-01,CO,Seeking information,0.163
2024-10-01,CO,Self-expression,0.039
2024-10-01,CO,Technical help,0.106
2024-10-01,CO,Writing,0.308
2024-10-01,CR,Multimedia,0.043
2024-10-01,CR,Other/Unknown,0.051
2024-10-01,CR,Practical Guidance,0.290
2024-10-01,CR,Seeking information,0.151
2024-10-01,CR,Self-expression,0.062
2024-10-01,CR,Technical help,0.108
2024-10-01,CR,Writing,0.295
2024-10-01,CY,Multimedia,0.057
2024-10-01,CY,Other/Unknown,0.089
2024-10-01,CY,Practical Guidance,0.226
2024-10-01,CY,Seeking information,0.160
2024-10-01,CY,Self-expression,0.035
2024-10-01,CY,Technical help,0.090
2024-10-01,CY,Writing,0.343
2024-10-01,CZ,Multimedia,0.060
2024-10-01,CZ,Other/Unknown,0.042
2024-10-01,CZ,Practical Guidance,0.266
2024-10-01,CZ,Seeking information,0.216
2024-10-01,CZ,Self-expression,0.052
2024-10-01,CZ,Technical help,0.111
2024-10-01,CZ,Writing,0.252
2024-10-01,DE,Multimedia,0.053
2024-10-01,DE,Other/Unknown,0.036
2024-10-01,DE,Practical Guidance,0.254
2024-10-01,DE,Seeking information,0.176
2024-10-01,DE,Self-expression,0.049
2024-10-01,DE,Technical help,0.091
2024-10-01,DE,Writing,0.340
2024-10-01,DK,Multimedia,0.035
2024-10-01,DK,Other/Unknown,0.051
2024-10-01,DK,Practical Guidance,0.250
2024-10-01,DK,Seeking information,0.168
2024-10-01,DK,Self-expression,0.028
2024-10-01,DK,Technical help,0.103
2024-10-01,DK,Writing,0.365
2024-10-01,DO,Multimedia,0.043
2024-10-01,DO,Other/Unknown,0.038
2024-10-01,DO,Practical Guidance,0.354
2024-10-01,DO,Seeking information,0.188
2024-10-01,DO,Self-expression,0.047
2024-10-01,DO,Technical help,0.066
2024-10-01,DO,Writing,0.263
2024-10-01,DZ,Multimedia,0.035
2024-10-01,DZ,Other/Unknown,0.064
2024-10-01,DZ,Practical Guidance,0.272
2024-10-01,DZ,Seeking information,0.179
2024-10-01,DZ,Self-expression,0.090
2024-10-01,DZ,Technical help,0.064
2024-10-01,DZ,Writing,0.296
2024-10-01,EC,Multimedia,0.041
2024-10-01,EC,Other/Unknown,0.031
2024-10-01,EC,Practical Guidance,0.351
2024-10-01,EC,Seeking information,0.186
2024-10-01,EC,Self-expression,0.031
2024-10-01,EC,Technical help,0.070
2024-10-01,EC,Writing,0.289
2024-10-01,EE,Multimedia,0.013
2024-10-01,EE,Other/Unknown,0.047
2024-10-01,EE,Practical Guidance,0.242
2024-10-01,EE,Seeking information,0.161
2024-10-01,EE,Self-expression,0.053
2024-10-01,EE,Technical help,0.161
2024-10-01,EE,Writing,0.324
2024-10-01,EG,Multimedia,0.053
2024-10-01,EG,Other/Unknown,0.064
2024-10-01,EG,Practical Guidance,0.280
2024-10-01,EG,Seeking information,0.152
2024-10-01,EG,Self-expression,0.115
2024-10-01,EG,Technical help,0.096
2024-10-01,EG,Writing,0.242
2024-10-01,ES,Multimedia,0.052
2024-10-01,ES,Other/Unknown,0.037
2024-10-01,ES,Practical Guidance,0.290
2024-10-01,ES,Seeking information,0.180
2024-10-01,ES,Self-expression,0.042
2024-10-01,ES,Technical help,0.103
2024-10-01,ES,Writing,0.296
2024-10-01,ET,Multimedia,0.038
2024-10-01,ET,Other/Unknown,0.067
2024-10-01,ET,Practical Guidance,0.255
2024-10-01,ET,Seeking information,0.174
2024-10-01,ET,Self-expression,0.088
2024-10-01,ET,Technical help,0.119
2024-10-01,ET,Writing,0.259
2024-10-01,FI,Multimedia,0.038
2024-10-01,FI,Other/Unknown,0.047
2024-10-01,FI,Practical Guidance,0.240
2024-10-01,FI,Seeking information,0.154
2024-10-01,FI,Self-expression,0.063
2024-10-01,FI,Technical help,0.140
2024-10-01,FI,Writing,0.318
2024-10-01,FR,Multimedia,0.055
2024-10-01,FR,Other/Unknown,0.036
2024-10-01,FR,Practical Guidance,0.250
2024-10-01,FR,Seeking information,0.166
2024-10-01,FR,Self-expression,0.042
2024-10-01,FR,Technical help,0.106
2024-10-01,FR,Writing,0.345
2024-10-01,GB,Multimedia,0.045
2024-10-01,GB,Other/Unknown,0.030
2024-10-01,GB,Practical Guidance,0.244
2024-10-01,GB,Seeking information,0.158
2024-10-01,GB,Self-expression,0.044
2024-10-01,GB,Technical help,0.110
2024-10-01,GB,Writing,0.369
2024-10-01,GE,Multimedia,0.028
2024-10-01,GE,Other/Unknown,0.081
2024-10-01,GE,Practical Guidance,0.228
2024-10-01,GE,Seeking information,0.187
2024-10-01,GE,Self-expression,0.067
2024-10-01,GE,Technical help,0.138
2024-10-01,GE,Writing,0.271
2024-10-01,GH,Multimedia,0.029
2024-10-01,GH,Other/Unknown,0.065
2024-10-01,GH,Practical Guidance,0.236
2024-10-01,GH,Seeking information,0.201
2024-10-01,GH,Self-expression,0.037
2024-10-01,GH,Technical help,0.080
2024-10-01,GH,Writing,0.352
2024-10-01,GR,Multimedia,0.051
2024-10-01,GR,Other/Unknown,0.034
2024-10-01,GR,Practical Guidance,0.265
2024-10-01,GR,Seeking information,0.186
2024-10-01,GR,Self-expression,0.064
2024-10-01,GR,Technical help,0.109
2024-10-01,GR,Writing,0.290
2024-10-01,GT,Multimedia,0.020
2024-10-01,GT,Other/Unknown,0.019
2024-10-01,GT,Practical Guidance,0.327
2024-10-01,GT,Seeking information,0.193
2024-10-01,GT,Self-expression,0.041
2024-10-01,GT,Technical help,0.086
2024-10-01,GT,Writing,0.315
2024-10-01,HN,Multimedia,0.020
2024-10-01,HN,Other/Unknown,0.044
2024-10-01,HN,Practical Guidance,0.311
2024-10-01,HN,Seeking information,0.200
2024-10-01,HN,Self-expression,0.067
2024-10-01,HN,Technical help,0.087
2024-10-01,HN,Writing,0.271
2024-10-01,HR,Multimedia,0.059
2024-10-01,HR,Other/Unknown,0.010
2024-10-01,HR,Practical Guidance,0.271
2024-10-01,HR,Seeking information,0.192
2024-10-01,HR,Self-expression,0.015
2024-10-01,HR,Technical help,0.120
2024-10-01,HR,Writing,0.334
2024-10-01,HT,Multimedia,0.107
2024-10-01,HT,Other/Unknown,0.080
2024-10-01,HT,Practical Guidance,0.237
2024-10-01,HT,Seeking information,0.188
2024-10-01,HT,Self-expression,0.102
2024-10-01,HT,Technical help,0.027
2024-10-01,HT,Writing,0.259
2024-10-01,HU,Multimedia,0.057
2024-10-01,HU,Other/Unknown,0.035
2024-10-01,HU,Practical Guidance,0.259
2024-10-01,HU,Seeking information,0.177
2024-10-01,HU,Self-expression,0.065
2024-10-01,HU,Technical help,0.147
2024-10-01,HU,Writing,0.260
2024-10-01,ID,Multimedia,0.034
2024-10-01,ID,Other/Unknown,0.029
2024-10-01,ID,Practical Guidance,0.343
2024-10-01,ID,Seeking information,0.177
2024-10-01,ID,Self-expression,0.045
2024-10-01,ID,Technical help,0.092
2024-10-01,ID,Writing,0.280
2024-10-01,IE,Multimedia,0.038
2024-10-01,IE,Other/Unknown,0.032
2024-10-01,IE,Practical Guidance,0.265
2024-10-01,IE,Seeking information,0.181
2024-10-01,IE,Self-expression,0.035
2024-10-01,IE,Technical help,0.121
2024-10-01,IE,Writing,0.328
2024-10-01,IL,Multimedia,0.058
2024-10-01,IL,Other/Unknown,0.042
2024-10-01,IL,Practical Guidance,0.272
2024-10-01,IL,Seeking information,0.171
2024-10-01,IL,Self-expression,0.074
2024-10-01,IL,Technical help,0.131
2024-10-01,IL,Writing,0.253
2024-10-01,IN,Multimedia,0.041
2024-10-01,IN,Other/Unknown,0.037
2024-10-01,IN,Practical Guidance,0.270
2024-10-01,IN,Seeking information,0.145
2024-10-01,IN,Self-expression,0.031
2024-10-01,IN,Technical help,0.200
2024-10-01,IN,Writing,0.277
2024-10-01,IQ,Multimedia,0.061
2024-10-01,IQ,Other/Unknown,0.077
2024-10-01,IQ,Practical Guidance,0.295
2024-10-01,IQ,Seeking information,0.182
2024-10-01,IQ,Self-expression,0.094
2024-10-01,IQ,Technical help,0.045
2024-10-01,IQ,Writing,0.246
2024-10-01,IT,Multimedia,0.055
2024-10-01,IT,Other/Unknown,0.040
2024-10-01,IT,Practical Guidance,0.253
2024-10-01,IT,Seeking information,0.174
2024-10-01,IT,Self-expression,0.050
2024-10-01,IT,Technical help,0.107
2024-10-01,IT,Writing,0.321
2024-10-01,JM,Multimedia,0.012
2024-10-01,JM,Other/Unknown,0.048
2024-10-01,JM,Practical Guidance,0.331
2024-10-01,JM,Seeking information,0.188
2024-10-01,JM,Self-expression,0.028
2024-10-01,JM,Technical help,0.103
2024-10-01,JM,Writing,0.289
2024-10-01,JO,Multimedia,0.053
2024-10-01,JO,Other/Unknown,0.045
2024-10-01,JO,Practical Guidance,0.256
2024-10-01,JO,Seeking information,0.177
2024-10-01,JO,Self-expression,0.064
2024-10-01,JO,Technical help,0.094
2024-10-01,JO,Writing,0.310
2024-10-01,JP,Multimedia,0.048
2024-10-01,JP,Other/Unknown,0.034
2024-10-01,JP,Practical Guidance,0.233
2024-10-01,JP,Seeking information,0.149
2024-10-01,JP,Self-expression,0.060
2024-10-01,JP,Technical help,0.135
2024-10-01,JP,Writing,0.340
2024-10-01,KE,Multimedia,0.048
2024-10-01,KE,Other/Unknown,0.041
2024-10-01,KE,Practical Guidance,0.313
2024-10-01,KE,Seeking information,0.184
2024-10-01,KE,Self-expression,0.050
2024-10-01,KE,Technical help,0.081
2024-10-01,KE,Writing,0.283
2024-10-01,KG,Multimedia,0.059
2024-10-01,KG,Other/Unknown,0.088
2024-10-01,KG,Practical Guidance,0.259
2024-10-01,KG,Seeking information,0.138
2024-10-01,KG,Self-expression,0.072
2024-10-01,KG,Technical help,0.072
2024-10-01,KG,Writing,0.311
2024-10-01,KH,Multimedia,0.017
2024-10-01,KH,Other/Unknown,0.048
2024-10-01,KH,Practical Guidance,0.201
2024-10-01,KH,Seeking information,0.129
2024-10-01,KH,Self-expression,0.085
2024-10-01,KH,Technical help,0.083
2024-10-01,KH,Writing,0.437
2024-10-01,KR,Multimedia,0.043
2024-10-01,KR,Other/Unknown,0.039
2024-10-01,KR,Practical Guidance,0.259
2024-10-01,KR,Seeking information,0.147
2024-10-01,KR,Self-expression,0.039
2024-10-01,KR,Technical help,0.147
2024-10-01,KR,Writing,0.326
2024-10-01,KW,Multimedia,0.076
2024-10-01,KW,Other/Unknown,0.069
2024-10-01,KW,Practical Guidance,0.295
2024-10-01,KW,Seeking information,0.137
2024-10-01,KW,Self-expression,0.014
2024-10-01,KW,Technical help,0.101
2024-10-01,KW,Writing,0.309
2024-10-01,KZ,Multimedia,0.045
2024-10-01,KZ,Other/Unknown,0.060
2024-10-01,KZ,Practical Guidance,0.297
2024-10-01,KZ,Seeking information,0.177
2024-10-01,KZ,Self-expression,0.077
2024-10-01,KZ,Technical help,0.104
2024-10-01,KZ,Writing,0.240
2024-10-01,LA,Multimedia,0.063
2024-10-01,LA,Other/Unknown,0.084
2024-10-01,LA,Practical Guidance,0.114
2024-10-01,LA,Seeking information,0.172
2024-10-01,LA,Self-expression,0.164
2024-10-01,LA,Technical help,0.065
2024-10-01,LA,Writing,0.339
2024-10-01,LB,Multimedia,0.031
2024-10-01,LB,Other/Unknown,0.062
2024-10-01,LB,Practical Guidance,0.287
2024-10-01,LB,Seeking information,0.150
2024-10-01,LB,Self-expression,0.041
2024-10-01,LB,Technical help,0.121
2024-10-01,LB,Writing,0.308
2024-10-01,LK,Multimedia,0.044
2024-10-01,LK,Other/Unknown,0.041
2024-10-01,LK,Practical Guidance,0.255
2024-10-01,LK,Seeking information,0.137
2024-10-01,LK,Self-expression,0.046
2024-10-01,LK,Technical help,0.154
2024-10-01,LK,Writing,0.323
2024-10-01,LT,Multimedia,0.019
2024-10-01,LT,Other/Unknown,0.030
2024-10-01,LT,Practical Guidance,0.281
2024-10-01,LT,Seeking information,0.189
2024-10-01,LT,Self-expression,0.054
2024-10-01,LT,Technical help,0.155
2024-10-01,LT,Writing,0.273
2024-10-01,LU,Multimedia,0.026
2024-10-01,LU,Other/Unknown,0.010
2024-10-01,LU,Practical Guidance,0.198
2024-10-01,LU,Seeking information,0.156
2024-10-01,LU,Self-expression,0.063
2024-10-01,LU,Technical help,0.097
2024-10-01,LU,Writing,0.450
2024-10-01,LV,Multimedia,0.060
2024-10-01,LV,Other/Unknown,0.048
2024-10-01,LV,Practical Guidance,0.321
2024-10-01,LV,Seeking information,0.107
2024-10-01,LV,Self-expression,0.060
2024-10-01,LV,Technical help,0.136
2024-10-01,LV,Writing,0.269
2024-10-01,LY,Multimedia,0.040
2024-10-01,LY,Other/Unknown,0.105
2024-10-01,LY,Practical Guidance,0.215
2024-10-01,LY,Seeking information,0.159
2024-10-01,LY,Self-expression,0.213
2024-10-01,LY,Technical help,0.064
2024-10-01,LY,Writing,0.204
2024-10-01,MA,Multimedia,0.043
2024-10-01,MA,Other/Unknown,0.079
2024-10-01,MA,Practical Guidance,0.241
2024-10-01,MA,Seeking information,0.143
2024-10-01,MA,Self-expression,0.103
2024-10-01,MA,Technical help,0.085
2024-10-01,MA,Writing,0.306
2024-10-01,MD,Multimedia,0.047
2024-10-01,MD,Other/Unknown,0.023
2024-10-01,MD,Practical Guidance,0.331
2024-10-01,MD,Seeking information,0.182
2024-10-01,MD,Self-expression,0.045
2024-10-01,MD,Technical help,0.057
2024-10-01,MD,Writing,0.315
2024-10-01,MG,Multimedia,0.027
2024-10-01,MG,Other/Unknown,0.050
2024-10-01,MG,Practical Guidance,0.300
2024-10-01,MG,Seeking information,0.158
2024-10-01,MG,Self-expression,0.040
2024-10-01,MG,Technical help,0.112
2024-10-01,MG,Writing,0.313
2024-10-01,MM,Multimedia,0.027
2024-10-01,MM,Other/Unknown,0.059
2024-10-01,MM,Practical Guidance,0.264
2024-10-01,MM,Seeking information,0.138
2024-10-01,MM,Self-expression,0.097
2024-10-01,MM,Technical help,0.118
2024-10-01,MM,Writing,0.297
2024-10-01,MN,Multimedia,0.017
2024-10-01,MN,Other/Unknown,0.030
2024-10-01,MN,Practical Guidance,0.350
2024-10-01,MN,Seeking information,0.147
2024-10-01,MN,Self-expression,0.021
2024-10-01,MN,Technical help,0.133
2024-10-01,MN,Writing,0.301
2024-10-01,MT,Multimedia,0.087
2024-10-01,MT,Other/Unknown,0.065
2024-10-01,MT,Practical Guidance,0.229
2024-10-01,MT,Seeking information,0.096
2024-10-01,MT,Self-expression,0.038
2024-10-01,MT,Technical help,0.091
2024-10-01,MT,Writing,0.393
2024-10-01,MU,Multimedia,0.044
2024-10-01,MU,Other/Unknown,0.064
2024-10-01,MU,Practical Guidance,0.249
2024-10-01,MU,Seeking information,0.078
2024-10-01,MU,Self-expression,0.037
2024-10-01,MU,Technical help,0.148
2024-10-01,MU,Writing,0.379
2024-10-01,MW,Multimedia,0.036
2024-10-01,MW,Other/Unknown,0.053
2024-10-01,MW,Practical Guidance,0.394
2024-10-01,MW,Seeking information,0.256
2024-10-01,MW,Self-expression,0.007
2024-10-01,MW,Technical help,0.057
2024-10-01,MW,Writing,0.196
2024-10-01,MX,Multimedia,0.042
2024-10-01,MX,Other/Unknown,0.030
2024-10-01,MX,Practical Guidance,0.317
2024-10-01,MX,Seeking information,0.206
2024-10-01,MX,Self-expression,0.038
2024-10-01,MX,Technical help,0.100
2024-10-01,MX,Writing,0.267
2024-10-01,MY,Multimedia,0.035
2024-10-01,MY,Other/Unknown,0.041
2024-10-01,MY,Practical Guidance,0.268
2024-10-01,MY,Seeking information,0.151
2024-10-01,MY,Self-expression,0.061
2024-10-01,MY,Technical help,0.083
2024-10-01,MY,Writing,0.361
2024-10-01,MZ,Multimedia,0.023
2024-10-01,MZ,Other/Unknown,0.028
2024-10-01,MZ,Practical Guidance,0.338
2024-10-01,MZ,Seeking information,0.188
2024-10-01,MZ,Self-expression,0.044
2024-10-01,MZ,Technical help,0.105
2024-10-01,MZ,Writing,0.273
2024-10-01,NA,Multimedia,0.004
2024-10-01,NA,Other/Unknown,0.040
2024-10-01,NA,Practical Guidance,0.390
2024-10-01,NA,Seeking information,0.145
2024-10-01,NA,Self-expression,0.045
2024-10-01,NA,Technical help,0.070
2024-10-01,NA,Writing,0.307
2024-10-01,NG,Multimedia,0.026
2024-10-01,NG,Other/Unknown,0.037
2024-10-01,NG,Practical Guidance,0.243
2024-10-01,NG,Seeking information,0.147
2024-10-01,NG,Self-expression,0.061
2024-10-01,NG,Technical help,0.093
2024-10-01,NG,Writing,0.394
2024-10-01,NI,Multimedia,0.044
2024-10-01,NI,Other/Unknown,0.030
2024-10-01,NI,Practical Guidance,0.356
2024-10-01,NI,Seeking information,0.199
2024-10-01,NI,Self-expression,0.047
2024-10-01,NI,Technical help,0.034
2024-10-01,NI,Writing,0.290
2024-10-01,NL,Multimedia,0.048
2024-10-01,NL,Other/Unknown,0.029
2024-10-01,NL,Practical Guidance,0.244
2024-10-01,NL,Seeking information,0.154
2024-10-01,NL,Self-expression,0.038
2024-10-01,NL,Technical help,0.131
2024-10-01,NL,Writing,0.356
2024-10-01,NO,Multimedia,0.043
2024-10-01,NO,Other/Unknown,0.033
2024-10-01,NO,Practical Guidance,0.265
2024-10-01,NO,Seeking information,0.177
2024-10-01,NO,Self-expression,0.029
2024-10-01,NO,Technical help,0.132
2024-10-01,NO,Writing,0.321
2024-10-01,NP,Multimedia,0.055
2024-10-01,NP,Other/Unknown,0.095
2024-10-01,NP,Practical Guidance,0.248
2024-10-01,NP,Seeking information,0.159
2024-10-01,NP,Self-expression,0.096
2024-10-01,NP,Technical help,0.097
2024-10-01,NP,Writing,0.249
2024-10-01,NZ,Multimedia,0.027
2024-10-01,NZ,Other/Unknown,0.043
2024-10-01,NZ,Practical Guidance,0.271
2024-10-01,NZ,Seeking information,0.173
2024-10-01,NZ,Self-expression,0.033
2024-10-01,NZ,Technical help,0.082
2024-10-01,NZ,Writing,0.371
2024-10-01,OM,Multimedia,0.098
2024-10-01,OM,Other/Unknown,0.054
2024-10-01,OM,Practical Guidance,0.254
2024-10-01,OM,Seeking information,0.117
2024-10-01,OM,Self-expression,0.056
2024-10-01,OM,Technical help,0.057
2024-10-01,OM,Writing,0.366
2024-10-01,PA,Multimedia,0.067
2024-10-01,PA,Other/Unknown,0.032
2024-10-01,PA,Practical Guidance,0.311
2024-10-01,PA,Seeking information,0.222
2024-10-01,PA,Self-expression,0.036
2024-10-01,PA,Technical help,0.071
2024-10-01,PA,Writing,0.261
2024-10-01,PE,Multimedia,0.036
2024-10-01,PE,Other/Unknown,0.035
2024-10-01,PE,Practical Guidance,0.326
2024-10-01,PE,Seeking information,0.177
2024-10-01,PE,Self-expression,0.035
2024-10-01,PE,Technical help,0.084
2024-10-01,PE,Writing,0.306
2024-10-01,PH,Multimedia,0.032
2024-10-01,PH,Other/Unknown,0.031
2024-10-01,PH,Practical Guidance,0.295
2024-10-01,PH,Seeking information,0.151
2024-10-01,PH,Self-expression,0.027
2024-10-01,PH,Technical help,0.077
2024-10-01,PH,Writing,0.387
2024-10-01,PK,Multimedia,0.044
2024-10-01,PK,Other/Unknown,0.041
2024-10-01,PK,Practical Guidance,0.282
2024-10-01,PK,Seeking information,0.132
2024-10-01,PK,Self-expression,0.033
2024-10-01,PK,Technical help,0.138
2024-10-01,PK,Writing,0.330
2024-10-01,PL,Multimedia,0.054
2024-10-01,PL,Other/Unknown,0.035
2024-10-01,PL,Practical Guidance,0.245
2024-10-01,PL,Seeking information,0.193
2024-10-01,PL,Self-expression,0.053
2024-10-01,PL,Technical help,0.123
2024-10-01,PL,Writing,0.296
2024-10-01,PR,Multimedia,0.025
2024-10-01,PR,Other/Unknown,0.043
2024-10-01,PR,Practical Guidance,0.289
2024-10-01,PR,Seeking information,0.236
2024-10-01,PR,Self-expression,0.040
2024-10-01,PR,Technical help,0.099
2024-10-01,PR,Writing,0.267
2024-10-01,PS,Multimedia,0.035
2024-10-01,PS,Other/Unknown,0.030
2024-10-01,PS,Practical Guidance,0.271
2024-10-01,PS,Seeking information,0.194
2024-10-01,PS,Self-expression,0.000
2024-10-01,PS,Technical help,0.149
2024-10-01,PS,Writing,0.321
2024-10-01,PT,Multimedia,0.050
2024-10-01,PT,Other/Unknown,0.042
2024-10-01,PT,Practical Guidance,0.253
2024-10-01,PT,Seeking information,0.170
2024-10-01,PT,Self-expression,0.045
2024-10-01,PT,Technical help,0.120
2024-10-01,PT,Writing,0.320
2024-10-01,PY,Multimedia,0.044
2024-10-01,PY,Other/Unknown,0.038
2024-10-01,PY,Practical Guidance,0.326
2024-10-01,PY,Seeking information,0.195
2024-10-01,PY,Self-expression,0.066
2024-10-01,PY,Technical help,0.075
2024-10-01,PY,Writing,0.256
2024-10-01,QA,Multimedia,0.048
2024-10-01,QA,Other/Unknown,0.058
2024-10-01,QA,Practical Guidance,0.226
2024-10-01,QA,Seeking information,0.165
2024-10-01,QA,Self-expression,0.030
2024-10-01,QA,Technical help,0.059
2024-10-01,QA,Writing,0.413
2024-10-01,RO,Multimedia,0.050
2024-10-01,RO,Other/Unknown,0.045
2024-10-01,RO,Practical Guidance,0.254
2024-10-01,RO,Seeking information,0.187
2024-10-01,RO,Self-expression,0.054
2024-10-01,RO,Technical help,0.139
2024-10-01,RO,Writing,0.272
2024-10-01,RS,Multimedia,0.049
2024-10-01,RS,Other/Unknown,0.046
2024-10-01,RS,Practical Guidance,0.228
2024-10-01,RS,Seeking information,0.219
2024-10-01,RS,Self-expression,0.047
2024-10-01,RS,Technical help,0.158
2024-10-01,RS,Writing,0.253
2024-10-01,RW,Multimedia,0.020
2024-10-01,RW,Other/Unknown,0.005
2024-10-01,RW,Practical Guidance,0.288
2024-10-01,RW,Seeking information,0.195
2024-10-01,RW,Self-expression,0.069
2024-10-01,RW,Technical help,0.096
2024-10-01,RW,Writing,0.327
2024-10-01,SA,Multimedia,0.047
2024-10-01,SA,Other/Unknown,0.062
2024-10-01,SA,Practical Guidance,0.256
2024-10-01,SA,Seeking information,0.158
2024-10-01,SA,Self-expression,0.117
2024-10-01,SA,Technical help,0.063
2024-10-01,SA,Writing,0.298
2024-10-01,SC,Multimedia,0.035
2024-10-01,SC,Other/Unknown,0.075
2024-10-01,SC,Practical Guidance,0.187
2024-10-01,SC,Seeking information,0.094
2024-10-01,SC,Self-expression,0.000
2024-10-01,SC,Technical help,0.194
2024-10-01,SC,Writing,0.415
2024-10-01,SE,Multimedia,0.045
2024-10-01,SE,Other/Unknown,0.033
2024-10-01,SE,Practical Guidance,0.285
2024-10-01,SE,Seeking information,0.145
2024-10-01,SE,Self-expression,0.039
2024-10-01,SE,Technical help,0.133
2024-10-01,SE,Writing,0.320
2024-10-01,SG,Multimedia,0.033
2024-10-01,SG,Other/Unknown,0.024
2024-10-01,SG,Practical Guidance,0.259
2024-10-01,SG,Seeking information,0.138
2024-10-01,SG,Self-expression,0.029
2024-10-01,SG,Technical help,0.177
2024-10-01,SG,Writing,0.339
2024-10-01,SI,Multimedia,0.058
2024-10-01,SI,Other/Unknown,0.009
2024-10-01,SI,Practical Guidance,0.263
2024-10-01,SI,Seeking information,0.192
2024-10-01,SI,Self-expression,0.031
2024-10-01,SI,Technical help,0.126
2024-10-01,SI,Writing,0.320
2024-10-01,SK,Multimedia,0.056
2024-10-01,SK,Other/Unknown,0.023
2024-10-01,SK,Practical Guidance,0.241
2024-10-01,SK,Seeking information,0.206
2024-10-01,SK,Self-expression,0.078
2024-10-01,SK,Technical help,0.117
2024-10-01,SK,Writing,0.280
2024-10-01,SN,Multimedia,0.047
2024-10-01,SN,Other/Unknown,0.018
2024-10-01,SN,Practical Guidance,0.205
2024-10-01,SN,Seeking information,0.160
2024-10-01,SN,Self-expression,0.068
2024-10-01,SN,Technical help,0.119
2024-10-01,SN,Writing,0.384
2024-10-01,SO,Multimedia,0.090
2024-10-01,SO,Other/Unknown,0.068
2024-10-01,SO,Practical Guidance,0.234
2024-10-01,SO,Seeking information,0.187
2024-10-01,SO,Self-expression,0.110
2024-10-01,SO,Technical help,0.036
2024-10-01,SO,Writing,0.275
2024-10-01,SV,Multimedia,0.032
2024-10-01,SV,Other/Unknown,0.038
2024-10-01,SV,Practical Guidance,0.358
2024-10-01,SV,Seeking information,0.162
2024-10-01,SV,Self-expression,0.059
2024-10-01,SV,Technical help,0.102
2024-10-01,SV,Writing,0.249
2024-10-01,TH,Multimedia,0.044
2024-10-01,TH,Other/Unknown,0.053
2024-10-01,TH,Practical Guidance,0.254
2024-10-01,TH,Seeking information,0.181
2024-10-01,TH,Self-expression,0.079
2024-10-01,TH,Technical help,0.090
2024-10-01,TH,Writing,0.299
2024-10-01,TN,Multimedia,0.043
2024-10-01,TN,Other/Unknown,0.049
2024-10-01,TN,Practical Guidance,0.266
2024-10-01,TN,Seeking information,0.110
2024-10-01,TN,Self-expression,0.052
2024-10-01,TN,Technical help,0.154
2024-10-01,TN,Writing,0.326
2024-10-01,TR,Multimedia,0.071
2024-10-01,TR,Other/Unknown,0.054
2024-10-01,TR,Practical Guidance,0.252
2024-10-01,TR,Seeking information,0.156
2024-10-01,TR,Self-expression,0.068
2024-10-01,TR,Technical help,0.122
2024-10-01,TR,Writing,0.277
2024-10-01,TT,Multimedia,0.000
2024-10-01,TT,Other/Unknown,0.022
2024-10-01,TT,Practical Guidance,0.327
2024-10-01,TT,Seeking information,0.155
2024-10-01,TT,Self-expression,0.085
2024-10-01,TT,Technical help,0.123
2024-10-01,TT,Writing,0.289
2024-10-01,TW,Multimedia,0.044
2024-10-01,TW,Other/Unknown,0.042
2024-10-01,TW,Practical Guidance,0.248
2024-10-01,TW,Seeking information,0.124
2024-10-01,TW,Self-expression,0.046
2024-10-01,TW,Technical help,0.153
2024-10-01,TW,Writing,0.343
2024-10-01,TZ,Multimedia,0.041
2024-10-01,TZ,Other/Unknown,0.043
2024-10-01,TZ,Practical Guidance,0.248
2024-10-01,TZ,Seeking information,0.194
2024-10-01,TZ,Self-expression,0.090
2024-10-01,TZ,Technical help,0.068
2024-10-01,TZ,Writing,0.316
2024-10-01,UA,Multimedia,0.046
2024-10-01,UA,Other/Unknown,0.031
2024-10-01,UA,Practical Guidance,0.315
2024-10-01,UA,Seeking information,0.203
2024-10-01,UA,Self-expression,0.053
2024-10-01,UA,Technical help,0.109
2024-10-01,UA,Writing,0.242
2024-10-01,UG,Multimedia,0.044
2024-10-01,UG,Other/Unknown,0.028
2024-10-01,UG,Practical Guidance,0.345
2024-10-01,UG,Seeking information,0.210
2024-10-01,UG,Self-expression,0.039
2024-10-01,UG,Technical help,0.115
2024-10-01,UG,Writing,0.219
2024-10-01,US,Multimedia,0.039
2024-10-01,US,Other/Unknown,0.028
2024-10-01,US,Practical Guidance,0.298
2024-10-01,US,Seeking information,0.175
2024-10-01,US,Self-expression,0.033
2024-10-01,US,Technical help,0.139
2024-10-01,US,Writing,0.289
2024-10-01,UY,Multimedia,0.062
2024-10-01,UY,Other/Unknown,0.000
2024-10-01,UY,Practical Guidance,0.315
2024-10-01,UY,Seeking information,0.173
2024-10-01,UY,Self-expression,0.026
2024-10-01,UY,Technical help,0.151
2024-10-01,UY,Writing,0.274
2024-10-01,UZ,Multimedia,0.074
2024-10-01,UZ,Other/Unknown,0.086
2024-10-01,UZ,Practical Guidance,0.230
2024-10-01,UZ,Seeking information,0.171
2024-10-01,UZ,Self-expression,0.108
2024-10-01,UZ,Technical help,0.081
2024-10-01,UZ,Writing,0.250
2024-10-01,VN,Multimedia,0.040
2024-10-01,VN,Other/Unknown,0.042
2024-10-01,VN,Practical Guidance,0.283
2024-10-01,VN,Seeking information,0.151
2024-10-01,VN,Self-expression,0.060
2024-10-01,VN,Technical help,0.130
2024-10-01,VN,Writing,0.293
2024-10-01,YE,Multimedia,0.066
2024-10-01,YE,Other/Unknown,0.063
2024-10-01,YE,Practical Guidance,0.256
2024-10-01,YE,Seeking information,0.151
2024-10-01,YE,Self-expression,0.090
2024-10-01,YE,Technical help,0.094
2024-10-01,YE,Writing,0.280
2024-10-01,ZA,Multimedia,0.036
2024-10-01,ZA,Other/Unknown,0.031
2024-10-01,ZA,Practical Guidance,0.312
2024-10-01,ZA,Seeking information,0.152
2024-10-01,ZA,Self-expression,0.030
2024-10-01,ZA,Technical help,0.120
2024-10-01,ZA,Writing,0.320
2024-10-01,ZM,Multimedia,0.020
2024-10-01,ZM,Other/Unknown,0.042
2024-10-01,ZM,Practical Guidance,0.264
2024-10-01,ZM,Seeking information,0.278
2024-10-01,ZM,Self-expression,0.040
2024-10-01,ZM,Technical help,0.104
2024-10-01,ZM,Writing,0.251
2024-11-01,AE,Multimedia,0.045
2024-11-01,AE,Other/Unknown,0.042
2024-11-01,AE,Practical Guidance,0.257
2024-11-01,AE,Seeking information,0.140
2024-11-01,AE,Self-expression,0.055
2024-11-01,AE,Technical help,0.072
2024-11-01,AE,Writing,0.388
2024-11-01,AF,Multimedia,0.072
2024-11-01,AF,Other/Unknown,0.091
2024-11-01,AF,Practical Guidance,0.233
2024-11-01,AF,Seeking information,0.199
2024-11-01,AF,Self-expression,0.153
2024-11-01,AF,Technical help,0.027
2024-11-01,AF,Writing,0.225
2024-11-01,AL,Multimedia,0.044
2024-11-01,AL,Other/Unknown,0.059
2024-11-01,AL,Practical Guidance,0.280
2024-11-01,AL,Seeking information,0.178
2024-11-01,AL,Self-expression,0.067
2024-11-01,AL,Technical help,0.112
2024-11-01,AL,Writing,0.260
2024-11-01,AM,Multimedia,0.060
2024-11-01,AM,Other/Unknown,0.037
2024-11-01,AM,Practical Guidance,0.229
2024-11-01,AM,Seeking information,0.130
2024-11-01,AM,Self-expression,0.059
2024-11-01,AM,Technical help,0.170
2024-11-01,AM,Writing,0.316
2024-11-01,AO,Multimedia,0.019
2024-11-01,AO,Other/Unknown,0.070
2024-11-01,AO,Practical Guidance,0.298
2024-11-01,AO,Seeking information,0.130
2024-11-01,AO,Self-expression,0.058
2024-11-01,AO,Technical help,0.100
2024-11-01,AO,Writing,0.326
2024-11-01,AR,Multimedia,0.043
2024-11-01,AR,Other/Unknown,0.043
2024-11-01,AR,Practical Guidance,0.310
2024-11-01,AR,Seeking information,0.178
2024-11-01,AR,Self-expression,0.055
2024-11-01,AR,Technical help,0.093
2024-11-01,AR,Writing,0.279
2024-11-01,AT,Multimedia,0.035
2024-11-01,AT,Other/Unknown,0.036
2024-11-01,AT,Practical Guidance,0.258
2024-11-01,AT,Seeking information,0.193
2024-11-01,AT,Self-expression,0.037
2024-11-01,AT,Technical help,0.094
2024-11-01,AT,Writing,0.347
2024-11-01,AU,Multimedia,0.024
2024-11-01,AU,Other/Unknown,0.032
2024-11-01,AU,Practical Guidance,0.264
2024-11-01,AU,Seeking information,0.161
2024-11-01,AU,Self-expression,0.036
2024-11-01,AU,Technical help,0.094
2024-11-01,AU,Writing,0.389
2024-11-01,AZ,Multimedia,0.068
2024-11-01,AZ,Other/Unknown,0.072
2024-11-01,AZ,Practical Guidance,0.228
2024-11-01,AZ,Seeking information,0.153
2024-11-01,AZ,Self-expression,0.186
2024-11-01,AZ,Technical help,0.067
2024-11-01,AZ,Writing,0.226
2024-11-01,BA,Multimedia,0.044
2024-11-01,BA,Other/Unknown,0.047
2024-11-01,BA,Practical Guidance,0.266
2024-11-01,BA,Seeking information,0.206
2024-11-01,BA,Self-expression,0.062
2024-11-01,BA,Technical help,0.131
2024-11-01,BA,Writing,0.244
2024-11-01,BD,Multimedia,0.046
2024-11-01,BD,Other/Unknown,0.059
2024-11-01,BD,Practical Guidance,0.263
2024-11-01,BD,Seeking information,0.171
2024-11-01,BD,Self-expression,0.082
2024-11-01,BD,Technical help,0.100
2024-11-01,BD,Writing,0.279
2024-11-01,BE,Multimedia,0.042
2024-11-01,BE,Other/Unknown,0.036
2024-11-01,BE,Practical Guidance,0.251
2024-11-01,BE,Seeking information,0.188
2024-11-01,BE,Self-expression,0.037
2024-11-01,BE,Technical help,0.081
2024-11-01,BE,Writing,0.365
2024-11-01,BG,Multimedia,0.052
2024-11-01,BG,Other/Unknown,0.044
2024-11-01,BG,Practical Guidance,0.302
2024-11-01,BG,Seeking information,0.188
2024-11-01,BG,Self-expression,0.076
2024-11-01,BG,Technical help,0.118
2024-11-01,BG,Writing,0.220
2024-11-01,BH,Multimedia,0.090
2024-11-01,BH,Other/Unknown,0.043
2024-11-01,BH,Practical Guidance,0.269
2024-11-01,BH,Seeking information,0.163
2024-11-01,BH,Self-expression,0.145
2024-11-01,BH,Technical help,0.050
2024-11-01,BH,Writing,0.240
2024-11-01,BJ,Multimedia,0.092
2024-11-01,BJ,Other/Unknown,0.000
2024-11-01,BJ,Practical Guidance,0.283
2024-11-01,BJ,Seeking information,0.161
2024-11-01,BJ,Self-expression,0.072
2024-11-01,BJ,Technical help,0.012
2024-11-01,BJ,Writing,0.380
2024-11-01,BO,Multimedia,0.040
2024-11-01,BO,Other/Unknown,0.038
2024-11-01,BO,Practical Guidance,0.297
2024-11-01,BO,Seeking information,0.235
2024-11-01,BO,Self-expression,0.049
2024-11-01,BO,Technical help,0.072
2024-11-01,BO,Writing,0.268
2024-11-01,BR,Multimedia,0.044
2024-11-01,BR,Other/Unknown,0.037
2024-11-01,BR,Practical Guidance,0.279
2024-11-01,BR,Seeking information,0.167
2024-11-01,BR,Self-expression,0.053
2024-11-01,BR,Technical help,0.093
2024-11-01,BR,Writing,0.329
2024-11-01,CA,Multimedia,0.032
2024-11-01,CA,Other/Unknown,0.032
2024-11-01,CA,Practical Guidance,0.281
2024-11-01,CA,Seeking information,0.170
2024-11-01,CA,Self-expression,0.032
2024-11-01,CA,Technical help,0.116
2024-11-01,CA,Writing,0.337
2024-11-01,CD,Multimedia,0.081
2024-11-01,CD,Other/Unknown,0.043
2024-11-01,CD,Practical Guidance,0.253
2024-11-01,CD,Seeking information,0.158
2024-11-01,CD,Self-expression,0.113
2024-11-01,CD,Technical help,0.074
2024-11-01,CD,Writing,0.278
2024-11-01,CH,Multimedia,0.033
2024-11-01,CH,Other/Unknown,0.034
2024-11-01,CH,Practical Guidance,0.239
2024-11-01,CH,Seeking information,0.172
2024-11-01,CH,Self-expression,0.039
2024-11-01,CH,Technical help,0.103
2024-11-01,CH,Writing,0.379
2024-11-01,CI,Multimedia,0.037
2024-11-01,CI,Other/Unknown,0.087
2024-11-01,CI,Practical Guidance,0.238
2024-11-01,CI,Seeking information,0.167
2024-11-01,CI,Self-expression,0.074
2024-11-01,CI,Technical help,0.083
2024-11-01,CI,Writing,0.313
2024-11-01,CL,Multimedia,0.045
2024-11-01,CL,Other/Unknown,0.035
2024-11-01,CL,Practical Guidance,0.284
2024-11-01,CL,Seeking information,0.177
2024-11-01,CL,Self-expression,0.038
2024-11-01,CL,Technical help,0.110
2024-11-01,CL,Writing,0.312
2024-11-01,CM,Multimedia,0.096
2024-11-01,CM,Other/Unknown,0.021
2024-11-01,CM,Practical Guidance,0.300
2024-11-01,CM,Seeking information,0.194
2024-11-01,CM,Self-expression,0.069
2024-11-01,CM,Technical help,0.102
2024-11-01,CM,Writing,0.218
2024-11-01,CO,Multimedia,0.044
2024-11-01,CO,Other/Unknown,0.035
2024-11-01,CO,Practical Guidance,0.305
2024-11-01,CO,Seeking information,0.164
2024-11-01,CO,Self-expression,0.032
2024-11-01,CO,Technical help,0.109
2024-11-01,CO,Writing,0.311
2024-11-01,CR,Multimedia,0.061
2024-11-01,CR,Other/Unknown,0.059
2024-11-01,CR,Practical Guidance,0.289
2024-11-01,CR,Seeking information,0.185
2024-11-01,CR,Self-expression,0.063
2024-11-01,CR,Technical help,0.078
2024-11-01,CR,Writing,0.266
2024-11-01,CY,Multimedia,0.030
2024-11-01,CY,Other/Unknown,0.070
2024-11-01,CY,Practical Guidance,0.268
2024-11-01,CY,Seeking information,0.159
2024-11-01,CY,Self-expression,0.036
2024-11-01,CY,Technical help,0.091
2024-11-01,CY,Writing,0.346
2024-11-01,CZ,Multimedia,0.052
2024-11-01,CZ,Other/Unknown,0.038
2024-11-01,CZ,Practical Guidance,0.241
2024-11-01,CZ,Seeking information,0.216
2024-11-01,CZ,Self-expression,0.082
2024-11-01,CZ,Technical help,0.118
2024-11-01,CZ,Writing,0.254
2024-11-01,DE,Multimedia,0.046
2024-11-01,DE,Other/Unknown,0.039
2024-11-01,DE,Practical Guidance,0.256
2024-11-01,DE,Seeking information,0.182
2024-11-01,DE,Self-expression,0.049
2024-11-01,DE,Technical help,0.087
2024-11-01,DE,Writing,0.340
2024-11-01,DK,Multimedia,0.032
2024-11-01,DK,Other/Unknown,0.044
2024-11-01,DK,Practical Guidance,0.265
2024-11-01,DK,Seeking information,0.165
2024-11-01,DK,Self-expression,0.029
2024-11-01,DK,Technical help,0.125
2024-11-01,DK,Writing,0.340
2024-11-01,DO,Multimedia,0.027
2024-11-01,DO,Other/Unknown,0.041
2024-11-01,DO,Practical Guidance,0.335
2024-11-01,DO,Seeking information,0.207
2024-11-01,DO,Self-expression,0.046
2024-11-01,DO,Technical help,0.080
2024-11-01,DO,Writing,0.263
2024-11-01,DZ,Multimedia,0.047
2024-11-01,DZ,Other/Unknown,0.075
2024-11-01,DZ,Practical Guidance,0.249
2024-11-01,DZ,Seeking information,0.181
2024-11-01,DZ,Self-expression,0.109
2024-11-01,DZ,Technical help,0.057
2024-11-01,DZ,Writing,0.281
2024-11-01,EC,Multimedia,0.035
2024-11-01,EC,Other/Unknown,0.029
2024-11-01,EC,Practical Guidance,0.368
2024-11-01,EC,Seeking information,0.206
2024-11-01,EC,Self-expression,0.019
2024-11-01,EC,Technical help,0.067
2024-11-01,EC,Writing,0.276
2024-11-01,EE,Multimedia,0.004
2024-11-01,EE,Other/Unknown,0.053
2024-11-01,EE,Practical Guidance,0.283
2024-11-01,EE,Seeking information,0.136
2024-11-01,EE,Self-expression,0.096
2024-11-01,EE,Technical help,0.122
2024-11-01,EE,Writing,0.306
2024-11-01,EG,Multimedia,0.053
2024-11-01,EG,Other/Unknown,0.075
2024-11-01,EG,Practical Guidance,0.272
2024-11-01,EG,Seeking information,0.148
2024-11-01,EG,Self-expression,0.180
2024-11-01,EG,Technical help,0.063
2024-11-01,EG,Writing,0.209
2024-11-01,ES,Multimedia,0.044
2024-11-01,ES,Other/Unknown,0.034
2024-11-01,ES,Practical Guidance,0.297
2024-11-01,ES,Seeking information,0.187
2024-11-01,ES,Self-expression,0.040
2024-11-01,ES,Technical help,0.103
2024-11-01,ES,Writing,0.295
2024-11-01,ET,Multimedia,0.053
2024-11-01,ET,Other/Unknown,0.072
2024-11-01,ET,Practical Guidance,0.299
2024-11-01,ET,Seeking information,0.159
2024-11-01,ET,Self-expression,0.046
2024-11-01,ET,Technical help,0.133
2024-11-01,ET,Writing,0.239
2024-11-01,FI,Multimedia,0.031
2024-11-01,FI,Other/Unknown,0.039
2024-11-01,FI,Practical Guidance,0.240
2024-11-01,FI,Seeking information,0.202
2024-11-01,FI,Self-expression,0.058
2024-11-01,FI,Technical help,0.142
2024-11-01,FI,Writing,0.288
2024-11-01,FR,Multimedia,0.044
2024-11-01,FR,Other/Unknown,0.039
2024-11-01,FR,Practical Guidance,0.244
2024-11-01,FR,Seeking information,0.185
2024-11-01,FR,Self-expression,0.045
2024-11-01,FR,Technical help,0.093
2024-11-01,FR,Writing,0.349
2024-11-01,GB,Multimedia,0.037
2024-11-01,GB,Other/Unknown,0.034
2024-11-01,GB,Practical Guidance,0.240
2024-11-01,GB,Seeking information,0.174
2024-11-01,GB,Self-expression,0.040
2024-11-01,GB,Technical help,0.111
2024-11-01,GB,Writing,0.363
2024-11-01,GE,Multimedia,0.043
2024-11-01,GE,Other/Unknown,0.058
2024-11-01,GE,Practical Guidance,0.269
2024-11-01,GE,Seeking information,0.151
2024-11-01,GE,Self-expression,0.104
2024-11-01,GE,Technical help,0.112
2024-11-01,GE,Writing,0.264
2024-11-01,GH,Multimedia,0.030
2024-11-01,GH,Other/Unknown,0.033
2024-11-01,GH,Practical Guidance,0.328
2024-11-01,GH,Seeking information,0.203
2024-11-01,GH,Self-expression,0.045
2024-11-01,GH,Technical help,0.066
2024-11-01,GH,Writing,0.296
2024-11-01,GR,Multimedia,0.035
2024-11-01,GR,Other/Unknown,0.043
2024-11-01,GR,Practical Guidance,0.288
2024-11-01,GR,Seeking information,0.157
2024-11-01,GR,Self-expression,0.063
2024-11-01,GR,Technical help,0.135
2024-11-01,GR,Writing,0.279
2024-11-01,GT,Multimedia,0.040
2024-11-01,GT,Other/Unknown,0.031
2024-11-01,GT,Practical Guidance,0.345
2024-11-01,GT,Seeking information,0.175
2024-11-01,GT,Self-expression,0.063
2024-11-01,GT,Technical help,0.091
2024-11-01,GT,Writing,0.255
2024-11-01,HN,Multimedia,0.050
2024-11-01,HN,Other/Unknown,0.044
2024-11-01,HN,Practical Guidance,0.272
2024-11-01,HN,Seeking information,0.178
2024-11-01,HN,Self-expression,0.046
2024-11-01,HN,Technical help,0.128
2024-11-01,HN,Writing,0.283
2024-11-01,HR,Multimedia,0.024
2024-11-01,HR,Other/Unknown,0.062
2024-11-01,HR,Practical Guidance,0.281
2024-11-01,HR,Seeking information,0.177
2024-11-01,HR,Self-expression,0.048
2024-11-01,HR,Technical help,0.111
2024-11-01,HR,Writing,0.296
2024-11-01,HT,Multimedia,0.092
2024-11-01,HT,Other/Unknown,0.027
2024-11-01,HT,Practical Guidance,0.310
2024-11-01,HT,Seeking information,0.213
2024-11-01,HT,Self-expression,0.048
2024-11-01,HT,Technical help,0.024
2024-11-01,HT,Writing,0.285
2024-11-01,HU,Multimedia,0.043
2024-11-01,HU,Other/Unknown,0.037
2024-11-01,HU,Practical Guidance,0.242
2024-11-01,HU,Seeking information,0.204
2024-11-01,HU,Self-expression,0.071
2024-11-01,HU,Technical help,0.141
2024-11-01,HU,Writing,0.262
2024-11-01,ID,Multimedia,0.032
2024-11-01,ID,Other/Unknown,0.033
2024-11-01,ID,Practical Guidance,0.337
2024-11-01,ID,Seeking information,0.173
2024-11-01,ID,Self-expression,0.053
2024-11-01,ID,Technical help,0.087
2024-11-01,ID,Writing,0.285
2024-11-01,IE,Multimedia,0.029
2024-11-01,IE,Other/Unknown,0.026
2024-11-01,IE,Practical Guidance,0.226
2024-11-01,IE,Seeking information,0.186
2024-11-01,IE,Self-expression,0.055
2024-11-01,IE,Technical help,0.136
2024-11-01,IE,Writing,0.342
2024-11-01,IL,Multimedia,0.052
2024-11-01,IL,Other/Unknown,0.056
2024-11-01,IL,Practical Guidance,0.265
2024-11-01,IL,Seeking information,0.185
2024-11-01,IL,Self-expression,0.077
2024-11-01,IL,Technical help,0.119
2024-11-01,IL,Writing,0.245
2024-11-01,IN,Multimedia,0.038
2024-11-01,IN,Other/Unknown,0.037
2024-11-01,IN,Practical Guidance,0.288
2024-11-01,IN,Seeking information,0.150
2024-11-01,IN,Self-expression,0.031
2024-11-01,IN,Technical help,0.189
2024-11-01,IN,Writing,0.267
2024-11-01,IQ,Multimedia,0.060
2024-11-01,IQ,Other/Unknown,0.085
2024-11-01,IQ,Practical Guidance,0.248
2024-11-01,IQ,Seeking information,0.173
2024-11-01,IQ,Self-expression,0.164
2024-11-01,IQ,Technical help,0.049
2024-11-01,IQ,Writing,0.220
2024-11-01,IT,Multimedia,0.047
2024-11-01,IT,Other/Unknown,0.044
2024-11-01,IT,Practical Guidance,0.260
2024-11-01,IT,Seeking information,0.174
2024-11-01,IT,Self-expression,0.063
2024-11-01,IT,Technical help,0.100
2024-11-01,IT,Writing,0.312
2024-11-01,JM,Multimedia,0.059
2024-11-01,JM,Other/Unknown,0.064
2024-11-01,JM,Practical Guidance,0.304
2024-11-01,JM,Seeking information,0.191
2024-11-01,JM,Self-expression,0.028
2024-11-01,JM,Technical help,0.087
2024-11-01,JM,Writing,0.268
2024-11-01,JO,Multimedia,0.046
2024-11-01,JO,Other/Unknown,0.046
2024-11-01,JO,Practical Guidance,0.293
2024-11-01,JO,Seeking information,0.167
2024-11-01,JO,Self-expression,0.081
2024-11-01,JO,Technical help,0.078
2024-11-01,JO,Writing,0.290
2024-11-01,JP,Multimedia,0.031
2024-11-01,JP,Other/Unknown,0.035
2024-11-01,JP,Practical Guidance,0.249
2024-11-01,JP,Seeking information,0.146
2024-11-01,JP,Self-expression,0.057
2024-11-01,JP,Technical help,0.144
2024-11-01,JP,Writing,0.338
2024-11-01,KE,Multimedia,0.033
2024-11-01,KE,Other/Unknown,0.038
2024-11-01,KE,Practical Guidance,0.317
2024-11-01,KE,Seeking information,0.192
2024-11-01,KE,Self-expression,0.050
2024-11-01,KE,Technical help,0.095
2024-11-01,KE,Writing,0.275
2024-11-01,KG,Multimedia,0.066
2024-11-01,KG,Other/Unknown,0.041
2024-11-01,KG,Practical Guidance,0.299
2024-11-01,KG,Seeking information,0.181
2024-11-01,KG,Self-expression,0.096
2024-11-01,KG,Technical help,0.056
2024-11-01,KG,Writing,0.260
2024-11-01,KH,Multimedia,0.024
2024-11-01,KH,Other/Unknown,0.052
2024-11-01,KH,Practical Guidance,0.224
2024-11-01,KH,Seeking information,0.171
2024-11-01,KH,Self-expression,0.054
2024-11-01,KH,Technical help,0.090
2024-11-01,KH,Writing,0.386
2024-11-01,KR,Multimedia,0.036
2024-11-01,KR,Other/Unknown,0.036
2024-11-01,KR,Practical Guidance,0.242
2024-11-01,KR,Seeking information,0.160
2024-11-01,KR,Self-expression,0.042
2024-11-01,KR,Technical help,0.139
2024-11-01,KR,Writing,0.345
2024-11-01,KW,Multimedia,0.052
2024-11-01,KW,Other/Unknown,0.046
2024-11-01,KW,Practical Guidance,0.269
2024-11-01,KW,Seeking information,0.127
2024-11-01,KW,Self-expression,0.115
2024-11-01,KW,Technical help,0.065
2024-11-01,KW,Writing,0.327
2024-11-01,KZ,Multimedia,0.061
2024-11-01,KZ,Other/Unknown,0.059
2024-11-01,KZ,Practical Guidance,0.299
2024-11-01,KZ,Seeking information,0.178
2024-11-01,KZ,Self-expression,0.069
2024-11-01,KZ,Technical help,0.088
2024-11-01,KZ,Writing,0.247
2024-11-01,LB,Multimedia,0.057
2024-11-01,LB,Other/Unknown,0.043
2024-11-01,LB,Practical Guidance,0.306
2024-11-01,LB,Seeking information,0.143
2024-11-01,LB,Self-expression,0.060
2024-11-01,LB,Technical help,0.103
2024-11-01,LB,Writing,0.287
2024-11-01,LK,Multimedia,0.065
2024-11-01,LK,Other/Unknown,0.033
2024-11-01,LK,Practical Guidance,0.261
2024-11-01,LK,Seeking information,0.136
2024-11-01,LK,Self-expression,0.068
2024-11-01,LK,Technical help,0.122
2024-11-01,LK,Writing,0.315
2024-11-01,LT,Multimedia,0.037
2024-11-01,LT,Other/Unknown,0.020
2024-11-01,LT,Practical Guidance,0.283
2024-11-01,LT,Seeking information,0.196
2024-11-01,LT,Self-expression,0.045
2024-11-01,LT,Technical help,0.113
2024-11-01,LT,Writing,0.306
2024-11-01,LU,Multimedia,0.034
2024-11-01,LU,Other/Unknown,0.012
2024-11-01,LU,Practical Guidance,0.269
2024-11-01,LU,Seeking information,0.160
2024-11-01,LU,Self-expression,0.033
2024-11-01,LU,Technical help,0.086
2024-11-01,LU,Writing,0.406
2024-11-01,LV,Multimedia,0.061
2024-11-01,LV,Other/Unknown,0.023
2024-11-01,LV,Practical Guidance,0.305
2024-11-01,LV,Seeking information,0.180
2024-11-01,LV,Self-expression,0.044
2024-11-01,LV,Technical help,0.112
2024-11-01,LV,Writing,0.275
2024-11-01,LY,Multimedia,0.037
2024-11-01,LY,Other/Unknown,0.123
2024-11-01,LY,Practical Guidance,0.247
2024-11-01,LY,Seeking information,0.171
2024-11-01,LY,Self-expression,0.174
2024-11-01,LY,Technical help,0.057
2024-11-01,LY,Writing,0.192
2024-11-01,MA,Multimedia,0.042
2024-11-01,MA,Other/Unknown,0.070
2024-11-01,MA,Practical Guidance,0.270
2024-11-01,MA,Seeking information,0.146
2024-11-01,MA,Self-expression,0.085
2024-11-01,MA,Technical help,0.065
2024-11-01,MA,Writing,0.321
2024-11-01,MD,Multimedia,0.038
2024-11-01,MD,Other/Unknown,0.025
2024-11-01,MD,Practical Guidance,0.279
2024-11-01,MD,Seeking information,0.171
2024-11-01,MD,Self-expression,0.064
2024-11-01,MD,Technical help,0.067
2024-11-01,MD,Writing,0.356
2024-11-01,MG,Multimedia,0.034
2024-11-01,MG,Other/Unknown,0.081
2024-11-01,MG,Practical Guidance,0.201
2024-11-01,MG,Seeking information,0.138
2024-11-01,MG,Self-expression,0.030
2024-11-01,MG,Technical help,0.159
2024-11-01,MG,Writing,0.358
2024-11-01,MK,Multimedia,0.060
2024-11-01,MK,Other/Unknown,0.065
2024-11-01,MK,Practical Guidance,0.220
2024-11-01,MK,Seeking information,0.167
2024-11-01,MK,Self-expression,0.070
2024-11-01,MK,Technical help,0.196
2024-11-01,MK,Writing,0.221
2024-11-01,MM,Multimedia,0.052
2024-11-01,MM,Other/Unknown,0.092
2024-11-01,MM,Practical Guidance,0.286
2024-11-01,MM,Seeking information,0.192
2024-11-01,MM,Self-expression,0.082
2024-11-01,MM,Technical help,0.054
2024-11-01,MM,Writing,0.243
2024-11-01,MN,Multimedia,0.047
2024-11-01,MN,Other/Unknown,0.064
2024-11-01,MN,Practical Guidance,0.291
2024-11-01,MN,Seeking information,0.190
2024-11-01,MN,Self-expression,0.073
2024-11-01,MN,Technical help,0.081
2024-11-01,MN,Writing,0.252
2024-11-01,MX,Multimedia,0.040
2024-11-01,MX,Other/Unknown,0.030
2024-11-01,MX,Practical Guidance,0.314
2024-11-01,MX,Seeking information,0.203
2024-11-01,MX,Self-expression,0.047
2024-11-01,MX,Technical help,0.101
2024-11-01,MX,Writing,0.265
2024-11-01,MY,Multimedia,0.038
2024-11-01,MY,Other/Unknown,0.041
2024-11-01,MY,Practical Guidance,0.255
2024-11-01,MY,Seeking information,0.158
2024-11-01,MY,Self-expression,0.056
2024-11-01,MY,Technical help,0.076
2024-11-01,MY,Writing,0.376
2024-11-01,MZ,Multimedia,0.078
2024-11-01,MZ,Other/Unknown,0.047
2024-11-01,MZ,Practical Guidance,0.276
2024-11-01,MZ,Seeking information,0.142
2024-11-01,MZ,Self-expression,0.068
2024-11-01,MZ,Technical help,0.034
2024-11-01,MZ,Writing,0.355
2024-11-01,NG,Multimedia,0.025
2024-11-01,NG,Other/Unknown,0.045
2024-11-01,NG,Practical Guidance,0.234
2024-11-01,NG,Seeking information,0.153
2024-11-01,NG,Self-expression,0.054
2024-11-01,NG,Technical help,0.081
2024-11-01,NG,Writing,0.407
2024-11-01,NI,Multimedia,0.049
2024-11-01,NI,Other/Unknown,0.053
2024-11-01,NI,Practical Guidance,0.340
2024-11-01,NI,Seeking information,0.144
2024-11-01,NI,Self-expression,0.074
2024-11-01,NI,Technical help,0.072
2024-11-01,NI,Writing,0.268
2024-11-01,NL,Multimedia,0.045
2024-11-01,NL,Other/Unknown,0.034
2024-11-01,NL,Practical Guidance,0.253
2024-11-01,NL,Seeking information,0.165
2024-11-01,NL,Self-expression,0.042
2024-11-01,NL,Technical help,0.116
2024-11-01,NL,Writing,0.346
2024-11-01,NO,Multimedia,0.045
2024-11-01,NO,Other/Unknown,0.030
2024-11-01,NO,Practical Guidance,0.302
2024-11-01,NO,Seeking information,0.161
2024-11-01,NO,Self-expression,0.014
2024-11-01,NO,Technical help,0.143
2024-11-01,NO,Writing,0.305
2024-11-01,NP,Multimedia,0.040
2024-11-01,NP,Other/Unknown,0.069
2024-11-01,NP,Practical Guidance,0.289
2024-11-01,NP,Seeking information,0.169
2024-11-01,NP,Self-expression,0.110
2024-11-01,NP,Technical help,0.075
2024-11-01,NP,Writing,0.248
2024-11-01,NZ,Multimedia,0.031
2024-11-01,NZ,Other/Unknown,0.014
2024-11-01,NZ,Practical Guidance,0.266
2024-11-01,NZ,Seeking information,0.153
2024-11-01,NZ,Self-expression,0.050
2024-11-01,NZ,Technical help,0.054
2024-11-01,NZ,Writing,0.433
2024-11-01,OM,Multimedia,0.067
2024-11-01,OM,Other/Unknown,0.063
2024-11-01,OM,Practical Guidance,0.236
2024-11-01,OM,Seeking information,0.129
2024-11-01,OM,Self-expression,0.086
2024-11-01,OM,Technical help,0.066
2024-11-01,OM,Writing,0.353
2024-11-01,PA,Multimedia,0.035
2024-11-01,PA,Other/Unknown,0.012
2024-11-01,PA,Practical Guidance,0.270
2024-11-01,PA,Seeking information,0.229
2024-11-01,PA,Self-expression,0.079
2024-11-01,PA,Technical help,0.070
2024-11-01,PA,Writing,0.305
2024-11-01,PE,Multimedia,0.033
2024-11-01,PE,Other/Unknown,0.034
2024-11-01,PE,Practical Guidance,0.314
2024-11-01,PE,Seeking information,0.165
2024-11-01,PE,Self-expression,0.041
2024-11-01,PE,Technical help,0.085
2024-11-01,PE,Writing,0.328
2024-11-01,PH,Multimedia,0.030
2024-11-01,PH,Other/Unknown,0.030
2024-11-01,PH,Practical Guidance,0.300
2024-11-01,PH,Seeking information,0.150
2024-11-01,PH,Self-expression,0.030
2024-11-01,PH,Technical help,0.075
2024-11-01,PH,Writing,0.384
2024-11-01,PK,Multimedia,0.040
2024-11-01,PK,Other/Unknown,0.046
2024-11-01,PK,Practical Guidance,0.285
2024-11-01,PK,Seeking information,0.139
2024-11-01,PK,Self-expression,0.046
2024-11-01,PK,Technical help,0.132
2024-11-01,PK,Writing,0.313
2024-11-01,PL,Multimedia,0.047
2024-11-01,PL,Other/Unknown,0.032
2024-11-01,PL,Practical Guidance,0.276
2024-11-01,PL,Seeking information,0.207
2024-11-01,PL,Self-expression,0.050
2024-11-01,PL,Technical help,0.123
2024-11-01,PL,Writing,0.265
2024-11-01,PR,Multimedia,0.044
2024-11-01,PR,Other/Unknown,0.036
2024-11-01,PR,Practical Guidance,0.283
2024-11-01,PR,Seeking information,0.231
2024-11-01,PR,Self-expression,0.067
2024-11-01,PR,Technical help,0.056
2024-11-01,PR,Writing,0.283
2024-11-01,PS,Multimedia,0.023
2024-11-01,PS,Other/Unknown,0.047
2024-11-01,PS,Practical Guidance,0.329
2024-11-01,PS,Seeking information,0.221
2024-11-01,PS,Self-expression,0.088
2024-11-01,PS,Technical help,0.100
2024-11-01,PS,Writing,0.192
2024-11-01,PT,Multimedia,0.041
2024-11-01,PT,Other/Unknown,0.035
2024-11-01,PT,Practical Guidance,0.252
2024-11-01,PT,Seeking information,0.175
2024-11-01,PT,Self-expression,0.053
2024-11-01,PT,Technical help,0.121
2024-11-01,PT,Writing,0.322
2024-11-01,PY,Multimedia,0.060
2024-11-01,PY,Other/Unknown,0.023
2024-11-01,PY,Practical Guidance,0.307
2024-11-01,PY,Seeking information,0.150
2024-11-01,PY,Self-expression,0.053
2024-11-01,PY,Technical help,0.087
2024-11-01,PY,Writing,0.320
2024-11-01,QA,Multimedia,0.039
2024-11-01,QA,Other/Unknown,0.040
2024-11-01,QA,Practical Guidance,0.256
2024-11-01,QA,Seeking information,0.170
2024-11-01,QA,Self-expression,0.041
2024-11-01,QA,Technical help,0.044
2024-11-01,QA,Writing,0.411
2024-11-01,RO,Multimedia,0.046
2024-11-01,RO,Other/Unknown,0.049
2024-11-01,RO,Practical Guidance,0.275
2024-11-01,RO,Seeking information,0.193
2024-11-01,RO,Self-expression,0.064
2024-11-01,RO,Technical help,0.110
2024-11-01,RO,Writing,0.263
2024-11-01,RS,Multimedia,0.039
2024-11-01,RS,Other/Unknown,0.045
2024-11-01,RS,Practical Guidance,0.265
2024-11-01,RS,Seeking information,0.187
2024-11-01,RS,Self-expression,0.078
2024-11-01,RS,Technical help,0.134
2024-11-01,RS,Writing,0.251
2024-11-01,RW,Multimedia,0.000
2024-11-01,RW,Other/Unknown,0.091
2024-11-01,RW,Practical Guidance,0.294
2024-11-01,RW,Seeking information,0.214
2024-11-01,RW,Self-expression,0.032
2024-11-01,RW,Technical help,0.097
2024-11-01,RW,Writing,0.272
2024-11-01,SA,Multimedia,0.047
2024-11-01,SA,Other/Unknown,0.080
2024-11-01,SA,Practical Guidance,0.219
2024-11-01,SA,Seeking information,0.153
2024-11-01,SA,Self-expression,0.153
2024-11-01,SA,Technical help,0.055
2024-11-01,SA,Writing,0.293
2024-11-01,SC,Multimedia,0.021
2024-11-01,SC,Other/Unknown,0.015
2024-11-01,SC,Practical Guidance,0.181
2024-11-01,SC,Seeking information,0.105
2024-11-01,SC,Self-expression,0.057
2024-11-01,SC,Technical help,0.259
2024-11-01,SC,Writing,0.363
2024-11-01,SD,Multimedia,0.051
2024-11-01,SD,Other/Unknown,0.056
2024-11-01,SD,Practical Guidance,0.195
2024-11-01,SD,Seeking information,0.267
2024-11-01,SD,Self-expression,0.204
2024-11-01,SD,Technical help,0.000
2024-11-01,SD,Writing,0.226
2024-11-01,SE,Multimedia,0.046
2024-11-01,SE,Other/Unknown,0.033
2024-11-01,SE,Practical Guidance,0.261
2024-11-01,SE,Seeking information,0.185
2024-11-01,SE,Self-expression,0.033
2024-11-01,SE,Technical help,0.122
2024-11-01,SE,Writing,0.320
2024-11-01,SG,Multimedia,0.029
2024-11-01,SG,Other/Unknown,0.024
2024-11-01,SG,Practical Guidance,0.252
2024-11-01,SG,Seeking information,0.134
2024-11-01,SG,Self-expression,0.031
2024-11-01,SG,Technical help,0.173
2024-11-01,SG,Writing,0.357
2024-11-01,SI,Multimedia,0.049
2024-11-01,SI,Other/Unknown,0.037
2024-11-01,SI,Practical Guidance,0.258
2024-11-01,SI,Seeking information,0.188
2024-11-01,SI,Self-expression,0.043
2024-11-01,SI,Technical help,0.125
2024-11-01,SI,Writing,0.300
2024-11-01,SK,Multimedia,0.045
2024-11-01,SK,Other/Unknown,0.048
2024-11-01,SK,Practical Guidance,0.317
2024-11-01,SK,Seeking information,0.185
2024-11-01,SK,Self-expression,0.051
2024-11-01,SK,Technical help,0.096
2024-11-01,SK,Writing,0.259
2024-11-01,SN,Multimedia,0.000
2024-11-01,SN,Other/Unknown,0.034
2024-11-01,SN,Practical Guidance,0.316
2024-11-01,SN,Seeking information,0.191
2024-11-01,SN,Self-expression,0.036
2024-11-01,SN,Technical help,0.087
2024-11-01,SN,Writing,0.335
2024-11-01,SO,Multimedia,0.018
2024-11-01,SO,Other/Unknown,0.057
2024-11-01,SO,Practical Guidance,0.358
2024-11-01,SO,Seeking information,0.133
2024-11-01,SO,Self-expression,0.123
2024-11-01,SO,Technical help,0.060
2024-11-01,SO,Writing,0.251
2024-11-01,SV,Multimedia,0.067
2024-11-01,SV,Other/Unknown,0.025
2024-11-01,SV,Practical Guidance,0.336
2024-11-01,SV,Seeking information,0.186
2024-11-01,SV,Self-expression,0.065
2024-11-01,SV,Technical help,0.095
2024-11-01,SV,Writing,0.226
2024-11-01,TH,Multimedia,0.050
2024-11-01,TH,Other/Unknown,0.041
2024-11-01,TH,Practical Guidance,0.269
2024-11-01,TH,Seeking information,0.180
2024-11-01,TH,Self-expression,0.060
2024-11-01,TH,Technical help,0.089
2024-11-01,TH,Writing,0.311
2024-11-01,TN,Multimedia,0.034
2024-11-01,TN,Other/Unknown,0.046
2024-11-01,TN,Practical Guidance,0.247
2024-11-01,TN,Seeking information,0.136
2024-11-01,TN,Self-expression,0.081
2024-11-01,TN,Technical help,0.140
2024-11-01,TN,Writing,0.316
2024-11-01,TR,Multimedia,0.081
2024-11-01,TR,Other/Unknown,0.044
2024-11-01,TR,Practical Guidance,0.266
2024-11-01,TR,Seeking information,0.164
2024-11-01,TR,Self-expression,0.078
2024-11-01,TR,Technical help,0.110
2024-11-01,TR,Writing,0.257
2024-11-01,TT,Multimedia,0.038
2024-11-01,TT,Other/Unknown,0.033
2024-11-01,TT,Practical Guidance,0.287
2024-11-01,TT,Seeking information,0.243
2024-11-01,TT,Self-expression,0.000
2024-11-01,TT,Technical help,0.104
2024-11-01,TT,Writing,0.295
2024-11-01,TW,Multimedia,0.039
2024-11-01,TW,Other/Unknown,0.043
2024-11-01,TW,Practical Guidance,0.239
2024-11-01,TW,Seeking information,0.146
2024-11-01,TW,Self-expression,0.054
2024-11-01,TW,Technical help,0.144
2024-11-01,TW,Writing,0.336
2024-11-01,TZ,Multimedia,0.045
2024-11-01,TZ,Other/Unknown,0.072
2024-11-01,TZ,Practical Guidance,0.280
2024-11-01,TZ,Seeking information,0.218
2024-11-01,TZ,Self-expression,0.032
2024-11-01,TZ,Technical help,0.085
2024-11-01,TZ,Writing,0.268
2024-11-01,UA,Multimedia,0.042
2024-11-01,UA,Other/Unknown,0.038
2024-11-01,UA,Practical Guidance,0.312
2024-11-01,UA,Seeking information,0.213
2024-11-01,UA,Self-expression,0.057
2024-11-01,UA,Technical help,0.096
2024-11-01,UA,Writing,0.243
2024-11-01,UG,Multimedia,0.040
2024-11-01,UG,Other/Unknown,0.054
2024-11-01,UG,Practical Guidance,0.380
2024-11-01,UG,Seeking information,0.190
2024-11-01,UG,Self-expression,0.004
2024-11-01,UG,Technical help,0.072
2024-11-01,UG,Writing,0.260
2024-11-01,US,Multimedia,0.034
2024-11-01,US,Other/Unknown,0.027
2024-11-01,US,Practical Guidance,0.292
2024-11-01,US,Seeking information,0.187
2024-11-01,US,Self-expression,0.036
2024-11-01,US,Technical help,0.131
2024-11-01,US,Writing,0.292
2024-11-01,UY,Multimedia,0.055
2024-11-01,UY,Other/Unknown,0.041
2024-11-01,UY,Practical Guidance,0.311
2024-11-01,UY,Seeking information,0.178
2024-11-01,UY,Self-expression,0.046
2024-11-01,UY,Technical help,0.081
2024-11-01,UY,Writing,0.287
2024-11-01,UZ,Multimedia,0.058
2024-11-01,UZ,Other/Unknown,0.087
2024-11-01,UZ,Practical Guidance,0.257
2024-11-01,UZ,Seeking information,0.181
2024-11-01,UZ,Self-expression,0.111
2024-11-01,UZ,Technical help,0.064
2024-11-01,UZ,Writing,0.242
2024-11-01,VN,Multimedia,0.037
2024-11-01,VN,Other/Unknown,0.039
2024-11-01,VN,Practical Guidance,0.274
2024-11-01,VN,Seeking information,0.157
2024-11-01,VN,Self-expression,0.051
2024-11-01,VN,Technical help,0.129
2024-11-01,VN,Writing,0.313
2024-11-01,YE,Multimedia,0.041
2024-11-01,YE,Other/Unknown,0.078
2024-11-01,YE,Practical Guidance,0.259
2024-11-01,YE,Seeking information,0.193
2024-11-01,YE,Self-expression,0.128
2024-11-01,YE,Technical help,0.105
2024-11-01,YE,Writing,0.198
2024-11-01,ZA,Multimedia,0.034
2024-11-01,ZA,Other/Unknown,0.033
2024-11-01,ZA,Practical Guidance,0.266
2024-11-01,ZA,Seeking information,0.175
2024-11-01,ZA,Self-expression,0.045
2024-11-01,ZA,Technical help,0.106
2024-11-01,ZA,Writing,0.341
2024-11-01,ZM,Multimedia,0.046
2024-11-01,ZM,Other/Unknown,0.048
2024-11-01,ZM,Practical Guidance,0.367
2024-11-01,ZM,Seeking information,0.276
2024-11-01,ZM,Self-expression,0.056
2024-11-01,ZM,Technical help,0.042
2024-11-01,ZM,Writing,0.164
2024-12-01,AE,Multimedia,0.039
2024-12-01,AE,Other/Unknown,0.057
2024-12-01,AE,Practical Guidance,0.228
2024-12-01,AE,Seeking information,0.164
2024-12-01,AE,Self-expression,0.054
2024-12-01,AE,Technical help,0.055
2024-12-01,AE,Writing,0.402
2024-12-01,AF,Multimedia,0.082
2024-12-01,AF,Other/Unknown,0.099
2024-12-01,AF,Practical Guidance,0.213
2024-12-01,AF,Seeking information,0.194
2024-12-01,AF,Self-expression,0.157
2024-12-01,AF,Technical help,0.011
2024-12-01,AF,Writing,0.244
2024-12-01,AL,Multimedia,0.078
2024-12-01,AL,Other/Unknown,0.040
2024-12-01,AL,Practical Guidance,0.277
2024-12-01,AL,Seeking information,0.213
2024-12-01,AL,Self-expression,0.091
2024-12-01,AL,Technical help,0.059
2024-12-01,AL,Writing,0.241
2024-12-01,AM,Multimedia,0.075
2024-12-01,AM,Other/Unknown,0.087
2024-12-01,AM,Practical Guidance,0.235
2024-12-01,AM,Seeking information,0.125
2024-12-01,AM,Self-expression,0.106
2024-12-01,AM,Technical help,0.114
2024-12-01,AM,Writing,0.259
2024-12-01,AO,Multimedia,0.039
2024-12-01,AO,Other/Unknown,0.016
2024-12-01,AO,Practical Guidance,0.299
2024-12-01,AO,Seeking information,0.194
2024-12-01,AO,Self-expression,0.051
2024-12-01,AO,Technical help,0.099
2024-12-01,AO,Writing,0.301
2024-12-01,AR,Multimedia,0.038
2024-12-01,AR,Other/Unknown,0.035
2024-12-01,AR,Practical Guidance,0.303
2024-12-01,AR,Seeking information,0.185
2024-12-01,AR,Self-expression,0.084
2024-12-01,AR,Technical help,0.084
2024-12-01,AR,Writing,0.270
2024-12-01,AT,Multimedia,0.038
2024-12-01,AT,Other/Unknown,0.041
2024-12-01,AT,Practical Guidance,0.240
2024-12-01,AT,Seeking information,0.197
2024-12-01,AT,Self-expression,0.064
2024-12-01,AT,Technical help,0.096
2024-12-01,AT,Writing,0.325
2024-12-01,AU,Multimedia,0.029
2024-12-01,AU,Other/Unknown,0.036
2024-12-01,AU,Practical Guidance,0.245
2024-12-01,AU,Seeking information,0.174
2024-12-01,AU,Self-expression,0.052
2024-12-01,AU,Technical help,0.077
2024-12-01,AU,Writing,0.386
2024-12-01,AZ,Multimedia,0.051
2024-12-01,AZ,Other/Unknown,0.068
2024-12-01,AZ,Practical Guidance,0.245
2024-12-01,AZ,Seeking information,0.145
2024-12-01,AZ,Self-expression,0.147
2024-12-01,AZ,Technical help,0.083
2024-12-01,AZ,Writing,0.260
2024-12-01,BA,Multimedia,0.003
2024-12-01,BA,Other/Unknown,0.041
2024-12-01,BA,Practical Guidance,0.315
2024-12-01,BA,Seeking information,0.190
2024-12-01,BA,Self-expression,0.078
2024-12-01,BA,Technical help,0.111
2024-12-01,BA,Writing,0.263
2024-12-01,BD,Multimedia,0.047
2024-12-01,BD,Other/Unknown,0.053
2024-12-01,BD,Practical Guidance,0.282
2024-12-01,BD,Seeking information,0.166
2024-12-01,BD,Self-expression,0.089
2024-12-01,BD,Technical help,0.082
2024-12-01,BD,Writing,0.282
2024-12-01,BE,Multimedia,0.033
2024-12-01,BE,Other/Unknown,0.037
2024-12-01,BE,Practical Guidance,0.273
2024-12-01,BE,Seeking information,0.179
2024-12-01,BE,Self-expression,0.045
2024-12-01,BE,Technical help,0.085
2024-12-01,BE,Writing,0.348
2024-12-01,BG,Multimedia,0.056
2024-12-01,BG,Other/Unknown,0.053
2024-12-01,BG,Practical Guidance,0.278
2024-12-01,BG,Seeking information,0.182
2024-12-01,BG,Self-expression,0.072
2024-12-01,BG,Technical help,0.101
2024-12-01,BG,Writing,0.259
2024-12-01,BH,Multimedia,0.036
2024-12-01,BH,Other/Unknown,0.050
2024-12-01,BH,Practical Guidance,0.276
2024-12-01,BH,Seeking information,0.181
2024-12-01,BH,Self-expression,0.146
2024-12-01,BH,Technical help,0.059
2024-12-01,BH,Writing,0.251
2024-12-01,BJ,Multimedia,0.000
2024-12-01,BJ,Other/Unknown,0.102
2024-12-01,BJ,Practical Guidance,0.285
2024-12-01,BJ,Seeking information,0.139
2024-12-01,BJ,Self-expression,0.029
2024-12-01,BJ,Technical help,0.097
2024-12-01,BJ,Writing,0.347
2024-12-01,BO,Multimedia,0.019
2024-12-01,BO,Other/Unknown,0.046
2024-12-01,BO,Practical Guidance,0.303
2024-12-01,BO,Seeking information,0.202
2024-12-01,BO,Self-expression,0.062
2024-12-01,BO,Technical help,0.097
2024-12-01,BO,Writing,0.271
2024-12-01,BR,Multimedia,0.038
2024-12-01,BR,Other/Unknown,0.038
2024-12-01,BR,Practical Guidance,0.264
2024-12-01,BR,Seeking information,0.175
2024-12-01,BR,Self-expression,0.066
2024-12-01,BR,Technical help,0.089
2024-12-01,BR,Writing,0.331
2024-12-01,CA,Multimedia,0.031
2024-12-01,CA,Other/Unknown,0.033
2024-12-01,CA,Practical Guidance,0.278
2024-12-01,CA,Seeking information,0.198
2024-12-01,CA,Self-expression,0.048
2024-12-01,CA,Technical help,0.098
2024-12-01,CA,Writing,0.315
2024-12-01,CD,Multimedia,0.033
2024-12-01,CD,Other/Unknown,0.037
2024-12-01,CD,Practical Guidance,0.274
2024-12-01,CD,Seeking information,0.193
2024-12-01,CD,Self-expression,0.077
2024-12-01,CD,Technical help,0.099
2024-12-01,CD,Writing,0.287
2024-12-01,CH,Multimedia,0.042
2024-12-01,CH,Other/Unknown,0.038
2024-12-01,CH,Practical Guidance,0.240
2024-12-01,CH,Seeking information,0.181
2024-12-01,CH,Self-expression,0.052
2024-12-01,CH,Technical help,0.079
2024-12-01,CH,Writing,0.368
2024-12-01,CI,Multimedia,0.042
2024-12-01,CI,Other/Unknown,0.056
2024-12-01,CI,Practical Guidance,0.268
2024-12-01,CI,Seeking information,0.090
2024-12-01,CI,Self-expression,0.074
2024-12-01,CI,Technical help,0.118
2024-12-01,CI,Writing,0.352
2024-12-01,CL,Multimedia,0.041
2024-12-01,CL,Other/Unknown,0.042
2024-12-01,CL,Practical Guidance,0.296
2024-12-01,CL,Seeking information,0.167
2024-12-01,CL,Self-expression,0.077
2024-12-01,CL,Technical help,0.096
2024-12-01,CL,Writing,0.280
2024-12-01,CM,Multimedia,0.053
2024-12-01,CM,Other/Unknown,0.051
2024-12-01,CM,Practical Guidance,0.324
2024-12-01,CM,Seeking information,0.135
2024-12-01,CM,Self-expression,0.044
2024-12-01,CM,Technical help,0.074
2024-12-01,CM,Writing,0.319
2024-12-01,CO,Multimedia,0.030
2024-12-01,CO,Other/Unknown,0.035
2024-12-01,CO,Practical Guidance,0.274
2024-12-01,CO,Seeking information,0.158
2024-12-01,CO,Self-expression,0.065
2024-12-01,CO,Technical help,0.100
2024-12-01,CO,Writing,0.338
2024-12-01,CR,Multimedia,0.017
2024-12-01,CR,Other/Unknown,0.030
2024-12-01,CR,Practical Guidance,0.273
2024-12-01,CR,Seeking information,0.176
2024-12-01,CR,Self-expression,0.092
2024-12-01,CR,Technical help,0.101
2024-12-01,CR,Writing,0.312
2024-12-01,CY,Multimedia,0.063
2024-12-01,CY,Other/Unknown,0.027
2024-12-01,CY,Practical Guidance,0.235
2024-12-01,CY,Seeking information,0.218
2024-12-01,CY,Self-expression,0.083
2024-12-01,CY,Technical help,0.107
2024-12-01,CY,Writing,0.267
2024-12-01,CZ,Multimedia,0.046
2024-12-01,CZ,Other/Unknown,0.043
2024-12-01,CZ,Practical Guidance,0.275
2024-12-01,CZ,Seeking information,0.226
2024-12-01,CZ,Self-expression,0.072
2024-12-01,CZ,Technical help,0.081
2024-12-01,CZ,Writing,0.258
2024-12-01,DE,Multimedia,0.044
2024-12-01,DE,Other/Unknown,0.041
2024-12-01,DE,Practical Guidance,0.258
2024-12-01,DE,Seeking information,0.199
2024-12-01,DE,Self-expression,0.058
2024-12-01,DE,Technical help,0.080
2024-12-01,DE,Writing,0.319
2024-12-01,DK,Multimedia,0.025
2024-12-01,DK,Other/Unknown,0.035
2024-12-01,DK,Practical Guidance,0.262
2024-12-01,DK,Seeking information,0.175
2024-12-01,DK,Self-expression,0.048
2024-12-01,DK,Technical help,0.103
2024-12-01,DK,Writing,0.352
2024-12-01,DO,Multimedia,0.036
2024-12-01,DO,Other/Unknown,0.050
2024-12-01,DO,Practical Guidance,0.301
2024-12-01,DO,Seeking information,0.200
2024-12-01,DO,Self-expression,0.076
2024-12-01,DO,Technical help,0.068
2024-12-01,DO,Writing,0.270
2024-12-01,DZ,Multimedia,0.057
2024-12-01,DZ,Other/Unknown,0.078
2024-12-01,DZ,Practical Guidance,0.246
2024-12-01,DZ,Seeking information,0.170
2024-12-01,DZ,Self-expression,0.142
2024-12-01,DZ,Technical help,0.057
2024-12-01,DZ,Writing,0.251
2024-12-01,EC,Multimedia,0.040
2024-12-01,EC,Other/Unknown,0.021
2024-12-01,EC,Practical Guidance,0.346
2024-12-01,EC,Seeking information,0.170
2024-12-01,EC,Self-expression,0.039
2024-12-01,EC,Technical help,0.071
2024-12-01,EC,Writing,0.312
2024-12-01,EE,Multimedia,0.039
2024-12-01,EE,Other/Unknown,0.060
2024-12-01,EE,Practical Guidance,0.313
2024-12-01,EE,Seeking information,0.156
2024-12-01,EE,Self-expression,0.067
2024-12-01,EE,Technical help,0.074
2024-12-01,EE,Writing,0.292
2024-12-01,EG,Multimedia,0.050
2024-12-01,EG,Other/Unknown,0.071
2024-12-01,EG,Practical Guidance,0.284
2024-12-01,EG,Seeking information,0.148
2024-12-01,EG,Self-expression,0.151
2024-12-01,EG,Technical help,0.071
2024-12-01,EG,Writing,0.225
2024-12-01,ES,Multimedia,0.045
2024-12-01,ES,Other/Unknown,0.039
2024-12-01,ES,Practical Guidance,0.285
2024-12-01,ES,Seeking information,0.194
2024-12-01,ES,Self-expression,0.054
2024-12-01,ES,Technical help,0.093
2024-12-01,ES,Writing,0.290
2024-12-01,ET,Multimedia,0.034
2024-12-01,ET,Other/Unknown,0.051
2024-12-01,ET,Practical Guidance,0.365
2024-12-01,ET,Seeking information,0.158
2024-12-01,ET,Self-expression,0.047
2024-12-01,ET,Technical help,0.118
2024-12-01,ET,Writing,0.227
2024-12-01,FI,Multimedia,0.037
2024-12-01,FI,Other/Unknown,0.043
2024-12-01,FI,Practical Guidance,0.270
2024-12-01,FI,Seeking information,0.177
2024-12-01,FI,Self-expression,0.071
2024-12-01,FI,Technical help,0.119
2024-12-01,FI,Writing,0.283
2024-12-01,FR,Multimedia,0.042
2024-12-01,FR,Other/Unknown,0.036
2024-12-01,FR,Practical Guidance,0.258
2024-12-01,FR,Seeking information,0.185
2024-12-01,FR,Self-expression,0.049
2024-12-01,FR,Technical help,0.093
2024-12-01,FR,Writing,0.339
2024-12-01,GB,Multimedia,0.034
2024-12-01,GB,Other/Unknown,0.036
2024-12-01,GB,Practical Guidance,0.248
2024-12-01,GB,Seeking information,0.179
2024-12-01,GB,Self-expression,0.051
2024-12-01,GB,Technical help,0.096
2024-12-01,GB,Writing,0.358
2024-12-01,GE,Multimedia,0.049
2024-12-01,GE,Other/Unknown,0.068
2024-12-01,GE,Practical Guidance,0.262
2024-12-01,GE,Seeking information,0.204
2024-12-01,GE,Self-expression,0.090
2024-12-01,GE,Technical help,0.086
2024-12-01,GE,Writing,0.241
2024-12-01,GH,Multimedia,0.064
2024-12-01,GH,Other/Unknown,0.040
2024-12-01,GH,Practical Guidance,0.276
2024-12-01,GH,Seeking information,0.124
2024-12-01,GH,Self-expression,0.053
2024-12-01,GH,Technical help,0.080
2024-12-01,GH,Writing,0.363
2024-12-01,GR,Multimedia,0.049
2024-12-01,GR,Other/Unknown,0.057
2024-12-01,GR,Practical Guidance,0.241
2024-12-01,GR,Seeking information,0.195
2024-12-01,GR,Self-expression,0.071
2024-12-01,GR,Technical help,0.112
2024-12-01,GR,Writing,0.276
2024-12-01,GT,Multimedia,0.039
2024-12-01,GT,Other/Unknown,0.003
2024-12-01,GT,Practical Guidance,0.287
2024-12-01,GT,Seeking information,0.162
2024-12-01,GT,Self-expression,0.122
2024-12-01,GT,Technical help,0.096
2024-12-01,GT,Writing,0.292
2024-12-01,HN,Multimedia,0.027
2024-12-01,HN,Other/Unknown,0.070
2024-12-01,HN,Practical Guidance,0.313
2024-12-01,HN,Seeking information,0.144
2024-12-01,HN,Self-expression,0.073
2024-12-01,HN,Technical help,0.052
2024-12-01,HN,Writing,0.320
2024-12-01,HR,Multimedia,0.049
2024-12-01,HR,Other/Unknown,0.034
2024-12-01,HR,Practical Guidance,0.261
2024-12-01,HR,Seeking information,0.207
2024-12-01,HR,Self-expression,0.066
2024-12-01,HR,Technical help,0.089
2024-12-01,HR,Writing,0.294
2024-12-01,HT,Multimedia,0.122
2024-12-01,HT,Other/Unknown,0.000
2024-12-01,HT,Practical Guidance,0.243
2024-12-01,HT,Seeking information,0.281
2024-12-01,HT,Self-expression,0.058
2024-12-01,HT,Technical help,0.034
2024-12-01,HT,Writing,0.262
2024-12-01,HU,Multimedia,0.052
2024-12-01,HU,Other/Unknown,0.040
2024-12-01,HU,Practical Guidance,0.256
2024-12-01,HU,Seeking information,0.230
2024-12-01,HU,Self-expression,0.083
2024-12-01,HU,Technical help,0.084
2024-12-01,HU,Writing,0.255
2024-12-01,ID,Multimedia,0.025
2024-12-01,ID,Other/Unknown,0.031
2024-12-01,ID,Practical Guidance,0.324
2024-12-01,ID,Seeking information,0.190
2024-12-01,ID,Self-expression,0.097
2024-12-01,ID,Technical help,0.080
2024-12-01,ID,Writing,0.252
2024-12-01,IE,Multimedia,0.036
2024-12-01,IE,Other/Unknown,0.041
2024-12-01,IE,Practical Guidance,0.261
2024-12-01,IE,Seeking information,0.189
2024-12-01,IE,Self-expression,0.032
2024-12-01,IE,Technical help,0.111
2024-12-01,IE,Writing,0.330
2024-12-01,IL,Multimedia,0.043
2024-12-01,IL,Other/Unknown,0.048
2024-12-01,IL,Practical Guidance,0.262
2024-12-01,IL,Seeking information,0.204
2024-12-01,IL,Self-expression,0.091
2024-12-01,IL,Technical help,0.112
2024-12-01,IL,Writing,0.241
2024-12-01,IN,Multimedia,0.036
2024-12-01,IN,Other/Unknown,0.039
2024-12-01,IN,Practical Guidance,0.301
2024-12-01,IN,Seeking information,0.159
2024-12-01,IN,Self-expression,0.033
2024-12-01,IN,Technical help,0.172
2024-12-01,IN,Writing,0.261
2024-12-01,IQ,Multimedia,0.065
2024-12-01,IQ,Other/Unknown,0.078
2024-12-01,IQ,Practical Guidance,0.269
2024-12-01,IQ,Seeking information,0.159
2024-12-01,IQ,Self-expression,0.164
2024-12-01,IQ,Technical help,0.046
2024-12-01,IQ,Writing,0.219
2024-12-01,IT,Multimedia,0.042
2024-12-01,IT,Other/Unknown,0.038
2024-12-01,IT,Practical Guidance,0.276
2024-12-01,IT,Seeking information,0.189
2024-12-01,IT,Self-expression,0.077
2024-12-01,IT,Technical help,0.083
2024-12-01,IT,Writing,0.295
2024-12-01,JM,Multimedia,0.024
2024-12-01,JM,Other/Unknown,0.090
2024-12-01,JM,Practical Guidance,0.279
2024-12-01,JM,Seeking information,0.199
2024-12-01,JM,Self-expression,0.021
2024-12-01,JM,Technical help,0.072
2024-12-01,JM,Writing,0.315
2024-12-01,JO,Multimedia,0.036
2024-12-01,JO,Other/Unknown,0.051
2024-12-01,JO,Practical Guidance,0.312
2024-12-01,JO,Seeking information,0.168
2024-12-01,JO,Self-expression,0.075
2024-12-01,JO,Technical help,0.081
2024-12-01,JO,Writing,0.276
2024-12-01,JP,Multimedia,0.027
2024-12-01,JP,Other/Unknown,0.037
2024-12-01,JP,Practical Guidance,0.238
2024-12-01,JP,Seeking information,0.156
2024-12-01,JP,Self-expression,0.071
2024-12-01,JP,Technical help,0.133
2024-12-01,JP,Writing,0.339
2024-12-01,KE,Multimedia,0.024
2024-12-01,KE,Other/Unknown,0.048
2024-12-01,KE,Practical Guidance,0.319
2024-12-01,KE,Seeking information,0.169
2024-12-01,KE,Self-expression,0.061
2024-12-01,KE,Technical help,0.096
2024-12-01,KE,Writing,0.283
2024-12-01,KG,Multimedia,0.031
2024-12-01,KG,Other/Unknown,0.070
2024-12-01,KG,Practical Guidance,0.304
2024-12-01,KG,Seeking information,0.213
2024-12-01,KG,Self-expression,0.084
2024-12-01,KG,Technical help,0.070
2024-12-01,KG,Writing,0.228
2024-12-01,KH,Multimedia,0.022
2024-12-01,KH,Other/Unknown,0.060
2024-12-01,KH,Practical Guidance,0.174
2024-12-01,KH,Seeking information,0.128
2024-12-01,KH,Self-expression,0.068
2024-12-01,KH,Technical help,0.074
2024-12-01,KH,Writing,0.474
2024-12-01,KR,Multimedia,0.034
2024-12-01,KR,Other/Unknown,0.035
2024-12-01,KR,Practical Guidance,0.257
2024-12-01,KR,Seeking information,0.165
2024-12-01,KR,Self-expression,0.047
2024-12-01,KR,Technical help,0.126
2024-12-01,KR,Writing,0.337
2024-12-01,KW,Multimedia,0.054
2024-12-01,KW,Other/Unknown,0.023
2024-12-01,KW,Practical Guidance,0.308
2024-12-01,KW,Seeking information,0.161
2024-12-01,KW,Self-expression,0.131
2024-12-01,KW,Technical help,0.051
2024-12-01,KW,Writing,0.273
2024-12-01,KZ,Multimedia,0.037
2024-12-01,KZ,Other/Unknown,0.058
2024-12-01,KZ,Practical Guidance,0.299
2024-12-01,KZ,Seeking information,0.179
2024-12-01,KZ,Self-expression,0.081
2024-12-01,KZ,Technical help,0.088
2024-12-01,KZ,Writing,0.259
2024-12-01,LB,Multimedia,0.041
2024-12-01,LB,Other/Unknown,0.058
2024-12-01,LB,Practical Guidance,0.256
2024-12-01,LB,Seeking information,0.151
2024-12-01,LB,Self-expression,0.069
2024-12-01,LB,Technical help,0.085
2024-12-01,LB,Writing,0.339
2024-12-01,LK,Multimedia,0.048
2024-12-01,LK,Other/Unknown,0.054
2024-12-01,LK,Practical Guidance,0.282
2024-12-01,LK,Seeking information,0.151
2024-12-01,LK,Self-expression,0.054
2024-12-01,LK,Technical help,0.129
2024-12-01,LK,Writing,0.283
2024-12-01,LT,Multimedia,0.041
2024-12-01,LT,Other/Unknown,0.051
2024-12-01,LT,Practical Guidance,0.278
2024-12-01,LT,Seeking information,0.213
2024-12-01,LT,Self-expression,0.045
2024-12-01,LT,Technical help,0.113
2024-12-01,LT,Writing,0.259
2024-12-01,LU,Multimedia,0.015
2024-12-01,LU,Other/Unknown,0.050
2024-12-01,LU,Practical Guidance,0.209
2024-12-01,LU,Seeking information,0.207
2024-12-01,LU,Self-expression,0.040
2024-12-01,LU,Technical help,0.047
2024-12-01,LU,Writing,0.432
2024-12-01,LV,Multimedia,0.031
2024-12-01,LV,Other/Unknown,0.044
2024-12-01,LV,Practical Guidance,0.295
2024-12-01,LV,Seeking information,0.192
2024-12-01,LV,Self-expression,0.077
2024-12-01,LV,Technical help,0.097
2024-12-01,LV,Writing,0.264
2024-12-01,LY,Multimedia,0.056
2024-12-01,LY,Other/Unknown,0.093
2024-12-01,LY,Practical Guidance,0.238
2024-12-01,LY,Seeking information,0.154
2024-12-01,LY,Self-expression,0.218
2024-12-01,LY,Technical help,0.024
2024-12-01,LY,Writing,0.218
2024-12-01,MA,Multimedia,0.047
2024-12-01,MA,Other/Unknown,0.064
2024-12-01,MA,Practical Guidance,0.279
2024-12-01,MA,Seeking information,0.137
2024-12-01,MA,Self-expression,0.084
2024-12-01,MA,Technical help,0.074
2024-12-01,MA,Writing,0.315
2024-12-01,MD,Multimedia,0.048
2024-12-01,MD,Other/Unknown,0.045
2024-12-01,MD,Practical Guidance,0.276
2024-12-01,MD,Seeking information,0.167
2024-12-01,MD,Self-expression,0.067
2024-12-01,MD,Technical help,0.086
2024-12-01,MD,Writing,0.311
2024-12-01,MG,Multimedia,0.019
2024-12-01,MG,Other/Unknown,0.026
2024-12-01,MG,Practical Guidance,0.266
2024-12-01,MG,Seeking information,0.095
2024-12-01,MG,Self-expression,0.090
2024-12-01,MG,Technical help,0.148
2024-12-01,MG,Writing,0.357
2024-12-01,MK,Multimedia,0.113
2024-12-01,MK,Other/Unknown,0.000
2024-12-01,MK,Practical Guidance,0.260
2024-12-01,MK,Seeking information,0.146
2024-12-01,MK,Self-expression,0.082
2024-12-01,MK,Technical help,0.181
2024-12-01,MK,Writing,0.217
2024-12-01,MM,Multimedia,0.008
2024-12-01,MM,Other/Unknown,0.038
2024-12-01,MM,Practical Guidance,0.329
2024-12-01,MM,Seeking information,0.174
2024-12-01,MM,Self-expression,0.121
2024-12-01,MM,Technical help,0.052
2024-12-01,MM,Writing,0.278
2024-12-01,MN,Multimedia,0.061
2024-12-01,MN,Other/Unknown,0.049
2024-12-01,MN,Practical Guidance,0.312
2024-12-01,MN,Seeking information,0.174
2024-12-01,MN,Self-expression,0.056
2024-12-01,MN,Technical help,0.104
2024-12-01,MN,Writing,0.244
2024-12-01,MT,Multimedia,0.012
2024-12-01,MT,Other/Unknown,0.101
2024-12-01,MT,Practical Guidance,0.234
2024-12-01,MT,Seeking information,0.208
2024-12-01,MT,Self-expression,0.070
2024-12-01,MT,Technical help,0.064
2024-12-01,MT,Writing,0.311
2024-12-01,MX,Multimedia,0.039
2024-12-01,MX,Other/Unknown,0.038
2024-12-01,MX,Practical Guidance,0.288
2024-12-01,MX,Seeking information,0.187
2024-12-01,MX,Self-expression,0.078
2024-12-01,MX,Technical help,0.085
2024-12-01,MX,Writing,0.285
2024-12-01,MY,Multimedia,0.030
2024-12-01,MY,Other/Unknown,0.040
2024-12-01,MY,Practical Guidance,0.255
2024-12-01,MY,Seeking information,0.158
2024-12-01,MY,Self-expression,0.072
2024-12-01,MY,Technical help,0.072
2024-12-01,MY,Writing,0.373
2024-12-01,MZ,Multimedia,0.055
2024-12-01,MZ,Other/Unknown,0.032
2024-12-01,MZ,Practical Guidance,0.243
2024-12-01,MZ,Seeking information,0.187
2024-12-01,MZ,Self-expression,0.061
2024-12-01,MZ,Technical help,0.092
2024-12-01,MZ,Writing,0.329
2024-12-01,NG,Multimedia,0.029
2024-12-01,NG,Other/Unknown,0.045
2024-12-01,NG,Practical Guidance,0.236
2024-12-01,NG,Seeking information,0.156
2024-12-01,NG,Self-expression,0.063
2024-12-01,NG,Technical help,0.066
2024-12-01,NG,Writing,0.405
2024-12-01,NI,Multimedia,0.002
2024-12-01,NI,Other/Unknown,0.056
2024-12-01,NI,Practical Guidance,0.246
2024-12-01,NI,Seeking information,0.204
2024-12-01,NI,Self-expression,0.209
2024-12-01,NI,Technical help,0.018
2024-12-01,NI,Writing,0.265
2024-12-01,NL,Multimedia,0.037
2024-12-01,NL,Other/Unknown,0.035
2024-12-01,NL,Practical Guidance,0.239
2024-12-01,NL,Seeking information,0.174
2024-12-01,NL,Self-expression,0.049
2024-12-01,NL,Technical help,0.119
2024-12-01,NL,Writing,0.348
2024-12-01,NO,Multimedia,0.042
2024-12-01,NO,Other/Unknown,0.044
2024-12-01,NO,Practical Guidance,0.255
2024-12-01,NO,Seeking information,0.207
2024-12-01,NO,Self-expression,0.056
2024-12-01,NO,Technical help,0.088
2024-12-01,NO,Writing,0.310
2024-12-01,NP,Multimedia,0.033
2024-12-01,NP,Other/Unknown,0.058
2024-12-01,NP,Practical Guidance,0.273
2024-12-01,NP,Seeking information,0.172
2024-12-01,NP,Self-expression,0.065
2024-12-01,NP,Technical help,0.136
2024-12-01,NP,Writing,0.262
2024-12-01,NZ,Multimedia,0.015
2024-12-01,NZ,Other/Unknown,0.038
2024-12-01,NZ,Practical Guidance,0.230
2024-12-01,NZ,Seeking information,0.176
2024-12-01,NZ,Self-expression,0.057
2024-12-01,NZ,Technical help,0.080
2024-12-01,NZ,Writing,0.405
2024-12-01,OM,Multimedia,0.047
2024-12-01,OM,Other/Unknown,0.052
2024-12-01,OM,Practical Guidance,0.267
2024-12-01,OM,Seeking information,0.175
2024-12-01,OM,Self-expression,0.073
2024-12-01,OM,Technical help,0.041
2024-12-01,OM,Writing,0.345
2024-12-01,PA,Multimedia,0.015
2024-12-01,PA,Other/Unknown,0.064
2024-12-01,PA,Practical Guidance,0.294
2024-12-01,PA,Seeking information,0.193
2024-12-01,PA,Self-expression,0.081
2024-12-01,PA,Technical help,0.036
2024-12-01,PA,Writing,0.317
2024-12-01,PE,Multimedia,0.032
2024-12-01,PE,Other/Unknown,0.033
2024-12-01,PE,Practical Guidance,0.294
2024-12-01,PE,Seeking information,0.183
2024-12-01,PE,Self-expression,0.052
2024-12-01,PE,Technical help,0.090
2024-12-01,PE,Writing,0.316
2024-12-01,PH,Multimedia,0.020
2024-12-01,PH,Other/Unknown,0.029
2024-12-01,PH,Practical Guidance,0.285
2024-12-01,PH,Seeking information,0.148
2024-12-01,PH,Self-expression,0.035
2024-12-01,PH,Technical help,0.067
2024-12-01,PH,Writing,0.417
2024-12-01,PK,Multimedia,0.042
2024-12-01,PK,Other/Unknown,0.041
2024-12-01,PK,Practical Guidance,0.272
2024-12-01,PK,Seeking information,0.149
2024-12-01,PK,Self-expression,0.042
2024-12-01,PK,Technical help,0.131
2024-12-01,PK,Writing,0.323
2024-12-01,PL,Multimedia,0.045
2024-12-01,PL,Other/Unknown,0.036
2024-12-01,PL,Practical Guidance,0.273
2024-12-01,PL,Seeking information,0.196
2024-12-01,PL,Self-expression,0.063
2024-12-01,PL,Technical help,0.112
2024-12-01,PL,Writing,0.275
2024-12-01,PR,Multimedia,0.035
2024-12-01,PR,Other/Unknown,0.031
2024-12-01,PR,Practical Guidance,0.300
2024-12-01,PR,Seeking information,0.237
2024-12-01,PR,Self-expression,0.063
2024-12-01,PR,Technical help,0.043
2024-12-01,PR,Writing,0.290
2024-12-01,PS,Multimedia,0.045
2024-12-01,PS,Other/Unknown,0.036
2024-12-01,PS,Practical Guidance,0.351
2024-12-01,PS,Seeking information,0.186
2024-12-01,PS,Self-expression,0.073
2024-12-01,PS,Technical help,0.088
2024-12-01,PS,Writing,0.221
2024-12-01,PT,Multimedia,0.039
2024-12-01,PT,Other/Unknown,0.040
2024-12-01,PT,Practical Guidance,0.262
2024-12-01,PT,Seeking information,0.202
2024-12-01,PT,Self-expression,0.046
2024-12-01,PT,Technical help,0.103
2024-12-01,PT,Writing,0.309
2024-12-01,PY,Multimedia,0.037
2024-12-01,PY,Other/Unknown,0.052
2024-12-01,PY,Practical Guidance,0.365
2024-12-01,PY,Seeking information,0.215
2024-12-01,PY,Self-expression,0.074
2024-12-01,PY,Technical help,0.058
2024-12-01,PY,Writing,0.198
2024-12-01,QA,Multimedia,0.029
2024-12-01,QA,Other/Unknown,0.074
2024-12-01,QA,Practical Guidance,0.225
2024-12-01,QA,Seeking information,0.149
2024-12-01,QA,Self-expression,0.066
2024-12-01,QA,Technical help,0.042
2024-12-01,QA,Writing,0.415
2024-12-01,RO,Multimedia,0.045
2024-12-01,RO,Other/Unknown,0.044
2024-12-01,RO,Practical Guidance,0.266
2024-12-01,RO,Seeking information,0.216
2024-12-01,RO,Self-expression,0.079
2024-12-01,RO,Technical help,0.092
2024-12-01,RO,Writing,0.259
2024-12-01,RS,Multimedia,0.037
2024-12-01,RS,Other/Unknown,0.046
2024-12-01,RS,Practical Guidance,0.244
2024-12-01,RS,Seeking information,0.198
2024-12-01,RS,Self-expression,0.083
2024-12-01,RS,Technical help,0.085
2024-12-01,RS,Writing,0.307
2024-12-01,RW,Multimedia,0.019
2024-12-01,RW,Other/Unknown,0.016
2024-12-01,RW,Practical Guidance,0.333
2024-12-01,RW,Seeking information,0.123
2024-12-01,RW,Self-expression,0.081
2024-12-01,RW,Technical help,0.075
2024-12-01,RW,Writing,0.352
2024-12-01,SA,Multimedia,0.045
2024-12-01,SA,Other/Unknown,0.069
2024-12-01,SA,Practical Guidance,0.255
2024-12-01,SA,Seeking information,0.167
2024-12-01,SA,Self-expression,0.121
2024-12-01,SA,Technical help,0.059
2024-12-01,SA,Writing,0.285
2024-12-01,SC,Multimedia,0.058
2024-12-01,SC,Other/Unknown,0.106
2024-12-01,SC,Practical Guidance,0.160
2024-12-01,SC,Seeking information,0.076
2024-12-01,SC,Self-expression,0.036
2024-12-01,SC,Technical help,0.158
2024-12-01,SC,Writing,0.407
2024-12-01,SD,Multimedia,0.074
2024-12-01,SD,Other/Unknown,0.070
2024-12-01,SD,Practical Guidance,0.265
2024-12-01,SD,Seeking information,0.244
2024-12-01,SD,Self-expression,0.075
2024-12-01,SD,Technical help,0.031
2024-12-01,SD,Writing,0.241
2024-12-01,SE,Multimedia,0.039
2024-12-01,SE,Other/Unknown,0.033
2024-12-01,SE,Practical Guidance,0.252
2024-12-01,SE,Seeking information,0.189
2024-12-01,SE,Self-expression,0.051
2024-12-01,SE,Technical help,0.129
2024-12-01,SE,Writing,0.307
2024-12-01,SG,Multimedia,0.025
2024-12-01,SG,Other/Unknown,0.029
2024-12-01,SG,Practical Guidance,0.246
2024-12-01,SG,Seeking information,0.137
2024-12-01,SG,Self-expression,0.049
2024-12-01,SG,Technical help,0.176
2024-12-01,SG,Writing,0.338
2024-12-01,SI,Multimedia,0.032
2024-12-01,SI,Other/Unknown,0.032
2024-12-01,SI,Practical Guidance,0.254
2024-12-01,SI,Seeking information,0.224
2024-12-01,SI,Self-expression,0.070
2024-12-01,SI,Technical help,0.110
2024-12-01,SI,Writing,0.278
2024-12-01,SK,Multimedia,0.048
2024-12-01,SK,Other/Unknown,0.043
2024-12-01,SK,Practical Guidance,0.265
2024-12-01,SK,Seeking information,0.242
2024-12-01,SK,Self-expression,0.051
2024-12-01,SK,Technical help,0.089
2024-12-01,SK,Writing,0.262
2024-12-01,SN,Multimedia,0.067
2024-12-01,SN,Other/Unknown,0.050
2024-12-01,SN,Practical Guidance,0.281
2024-12-01,SN,Seeking information,0.141
2024-12-01,SN,Self-expression,0.099
2024-12-01,SN,Technical help,0.090
2024-12-01,SN,Writing,0.272
2024-12-01,SO,Multimedia,0.017
2024-12-01,SO,Other/Unknown,0.110
2024-12-01,SO,Practical Guidance,0.310
2024-12-01,SO,Seeking information,0.145
2024-12-01,SO,Self-expression,0.142
2024-12-01,SO,Technical help,0.057
2024-12-01,SO,Writing,0.220
2024-12-01,SV,Multimedia,0.049
2024-12-01,SV,Other/Unknown,0.045
2024-12-01,SV,Practical Guidance,0.268
2024-12-01,SV,Seeking information,0.198
2024-12-01,SV,Self-expression,0.105
2024-12-01,SV,Technical help,0.047
2024-12-01,SV,Writing,0.288
2024-12-01,TH,Multimedia,0.036
2024-12-01,TH,Other/Unknown,0.046
2024-12-01,TH,Practical Guidance,0.279
2024-12-01,TH,Seeking information,0.185
2024-12-01,TH,Self-expression,0.065
2024-12-01,TH,Technical help,0.075
2024-12-01,TH,Writing,0.314
2024-12-01,TJ,Multimedia,0.063
2024-12-01,TJ,Other/Unknown,0.109
2024-12-01,TJ,Practical Guidance,0.217
2024-12-01,TJ,Seeking information,0.225
2024-12-01,TJ,Self-expression,0.131
2024-12-01,TJ,Technical help,0.000
2024-12-01,TJ,Writing,0.255
2024-12-01,TN,Multimedia,0.044
2024-12-01,TN,Other/Unknown,0.059
2024-12-01,TN,Practical Guidance,0.245
2024-12-01,TN,Seeking information,0.120
2024-12-01,TN,Self-expression,0.110
2024-12-01,TN,Technical help,0.135
2024-12-01,TN,Writing,0.288
2024-12-01,TR,Multimedia,0.070
2024-12-01,TR,Other/Unknown,0.053
2024-12-01,TR,Practical Guidance,0.248
2024-12-01,TR,Seeking information,0.160
2024-12-01,TR,Self-expression,0.091
2024-12-01,TR,Technical help,0.109
2024-12-01,TR,Writing,0.269
2024-12-01,TW,Multimedia,0.039
2024-12-01,TW,Other/Unknown,0.036
2024-12-01,TW,Practical Guidance,0.228
2024-12-01,TW,Seeking information,0.148
2024-12-01,TW,Self-expression,0.069
2024-12-01,TW,Technical help,0.139
2024-12-01,TW,Writing,0.341
2024-12-01,TZ,Multimedia,0.038
2024-12-01,TZ,Other/Unknown,0.032
2024-12-01,TZ,Practical Guidance,0.327
2024-12-01,TZ,Seeking information,0.232
2024-12-01,TZ,Self-expression,0.040
2024-12-01,TZ,Technical help,0.067
2024-12-01,TZ,Writing,0.263
2024-12-01,UA,Multimedia,0.040
2024-12-01,UA,Other/Unknown,0.045
2024-12-01,UA,Practical Guidance,0.300
2024-12-01,UA,Seeking information,0.191
2024-12-01,UA,Self-expression,0.082
2024-12-01,UA,Technical help,0.091
2024-12-01,UA,Writing,0.251
2024-12-01,UG,Multimedia,0.000
2024-12-01,UG,Other/Unknown,0.033
2024-12-01,UG,Practical Guidance,0.286
2024-12-01,UG,Seeking information,0.228
2024-12-01,UG,Self-expression,0.063
2024-12-01,UG,Technical help,0.076
2024-12-01,UG,Writing,0.314
2024-12-01,US,Multimedia,0.034
2024-12-01,US,Other/Unknown,0.032
2024-12-01,US,Practical Guidance,0.278
2024-12-01,US,Seeking information,0.191
2024-12-01,US,Self-expression,0.049
2024-12-01,US,Technical help,0.113
2024-12-01,US,Writing,0.303
2024-12-01,UY,Multimedia,0.022
2024-12-01,UY,Other/Unknown,0.062
2024-12-01,UY,Practical Guidance,0.265
2024-12-01,UY,Seeking information,0.194
2024-12-01,UY,Self-expression,0.131
2024-12-01,UY,Technical help,0.095
2024-12-01,UY,Writing,0.231
2024-12-01,UZ,Multimedia,0.057
2024-12-01,UZ,Other/Unknown,0.092
2024-12-01,UZ,Practical Guidance,0.258
2024-12-01,UZ,Seeking information,0.183
2024-12-01,UZ,Self-expression,0.121
2024-12-01,UZ,Technical help,0.069
2024-12-01,UZ,Writing,0.219
2024-12-01,VN,Multimedia,0.036
2024-12-01,VN,Other/Unknown,0.045
2024-12-01,VN,Practical Guidance,0.273
2024-12-01,VN,Seeking information,0.143
2024-12-01,VN,Self-expression,0.078
2024-12-01,VN,Technical help,0.107
2024-12-01,VN,Writing,0.319
2024-12-01,YE,Multimedia,0.026
2024-12-01,YE,Other/Unknown,0.094
2024-12-01,YE,Practical Guidance,0.232
2024-12-01,YE,Seeking information,0.151
2024-12-01,YE,Self-expression,0.124
2024-12-01,YE,Technical help,0.110
2024-12-01,YE,Writing,0.263
2024-12-01,ZA,Multimedia,0.048
2024-12-01,ZA,Other/Unknown,0.047
2024-12-01,ZA,Practical Guidance,0.231
2024-12-01,ZA,Seeking information,0.188
2024-12-01,ZA,Self-expression,0.052
2024-12-01,ZA,Technical help,0.085
2024-12-01,ZA,Writing,0.350
2024-12-01,ZM,Multimedia,0.029
2024-12-01,ZM,Other/Unknown,0.017
2024-12-01,ZM,Practical Guidance,0.351
2024-12-01,ZM,Seeking information,0.232
2024-12-01,ZM,Self-expression,0.037
2024-12-01,ZM,Technical help,0.088
2024-12-01,ZM,Writing,0.246
2025-01-01,AE,Multimedia,0.030
2025-01-01,AE,Other/Unknown,0.038
2025-01-01,AE,Practical Guidance,0.264
2025-01-01,AE,Seeking information,0.167
2025-01-01,AE,Self-expression,0.056
2025-01-01,AE,Technical help,0.070
2025-01-01,AE,Writing,0.374
2025-01-01,AF,Multimedia,0.068
2025-01-01,AF,Other/Unknown,0.088
2025-01-01,AF,Practical Guidance,0.215
2025-01-01,AF,Seeking information,0.214
2025-01-01,AF,Self-expression,0.167
2025-01-01,AF,Technical help,0.030
2025-01-01,AF,Writing,0.217
2025-01-01,AL,Multimedia,0.035
2025-01-01,AL,Other/Unknown,0.073
2025-01-01,AL,Practical Guidance,0.275
2025-01-01,AL,Seeking information,0.190
2025-01-01,AL,Self-expression,0.046
2025-01-01,AL,Technical help,0.073
2025-01-01,AL,Writing,0.308
2025-01-01,AM,Multimedia,0.039
2025-01-01,AM,Other/Unknown,0.074
2025-01-01,AM,Practical Guidance,0.245
2025-01-01,AM,Seeking information,0.142
2025-01-01,AM,Self-expression,0.145
2025-01-01,AM,Technical help,0.095
2025-01-01,AM,Writing,0.261
2025-01-01,AO,Multimedia,0.039
2025-01-01,AO,Other/Unknown,0.016
2025-01-01,AO,Practical Guidance,0.366
2025-01-01,AO,Seeking information,0.186
2025-01-01,AO,Self-expression,0.063
2025-01-01,AO,Technical help,0.034
2025-01-01,AO,Writing,0.295
2025-01-01,AR,Multimedia,0.037
2025-01-01,AR,Other/Unknown,0.041
2025-01-01,AR,Practical Guidance,0.294
2025-01-01,AR,Seeking information,0.203
2025-01-01,AR,Self-expression,0.087
2025-01-01,AR,Technical help,0.090
2025-01-01,AR,Writing,0.248
2025-01-01,AT,Multimedia,0.038
2025-01-01,AT,Other/Unknown,0.038
2025-01-01,AT,Practical Guidance,0.286
2025-01-01,AT,Seeking information,0.172
2025-01-01,AT,Self-expression,0.047
2025-01-01,AT,Technical help,0.095
2025-01-01,AT,Writing,0.325
2025-01-01,AU,Multimedia,0.030
2025-01-01,AU,Other/Unknown,0.035
2025-01-01,AU,Practical Guidance,0.249
2025-01-01,AU,Seeking information,0.182
2025-01-01,AU,Self-expression,0.057
2025-01-01,AU,Technical help,0.072
2025-01-01,AU,Writing,0.376
2025-01-01,AZ,Multimedia,0.043
2025-01-01,AZ,Other/Unknown,0.081
2025-01-01,AZ,Practical Guidance,0.260
2025-01-01,AZ,Seeking information,0.202
2025-01-01,AZ,Self-expression,0.127
2025-01-01,AZ,Technical help,0.072
2025-01-01,AZ,Writing,0.216
2025-01-01,BA,Multimedia,0.056
2025-01-01,BA,Other/Unknown,0.019
2025-01-01,BA,Practical Guidance,0.218
2025-01-01,BA,Seeking information,0.230
2025-01-01,BA,Self-expression,0.048
2025-01-01,BA,Technical help,0.136
2025-01-01,BA,Writing,0.294
2025-01-01,BD,Multimedia,0.043
2025-01-01,BD,Other/Unknown,0.068
2025-01-01,BD,Practical Guidance,0.249
2025-01-01,BD,Seeking information,0.179
2025-01-01,BD,Self-expression,0.096
2025-01-01,BD,Technical help,0.088
2025-01-01,BD,Writing,0.278
2025-01-01,BE,Multimedia,0.035
2025-01-01,BE,Other/Unknown,0.036
2025-01-01,BE,Practical Guidance,0.308
2025-01-01,BE,Seeking information,0.202
2025-01-01,BE,Self-expression,0.045
2025-01-01,BE,Technical help,0.074
2025-01-01,BE,Writing,0.299
2025-01-01,BF,Multimedia,0.037
2025-01-01,BF,Other/Unknown,0.096
2025-01-01,BF,Practical Guidance,0.290
2025-01-01,BF,Seeking information,0.181
2025-01-01,BF,Self-expression,0.047
2025-01-01,BF,Technical help,0.112
2025-01-01,BF,Writing,0.236
2025-01-01,BG,Multimedia,0.057
2025-01-01,BG,Other/Unknown,0.041
2025-01-01,BG,Practical Guidance,0.288
2025-01-01,BG,Seeking information,0.219
2025-01-01,BG,Self-expression,0.066
2025-01-01,BG,Technical help,0.088
2025-01-01,BG,Writing,0.242
2025-01-01,BH,Multimedia,0.065
2025-01-01,BH,Other/Unknown,0.024
2025-01-01,BH,Practical Guidance,0.207
2025-01-01,BH,Seeking information,0.226
2025-01-01,BH,Self-expression,0.097
2025-01-01,BH,Technical help,0.072
2025-01-01,BH,Writing,0.309
2025-01-01,BJ,Multimedia,0.074
2025-01-01,BJ,Other/Unknown,0.095
2025-01-01,BJ,Practical Guidance,0.203
2025-01-01,BJ,Seeking information,0.136
2025-01-01,BJ,Self-expression,0.106
2025-01-01,BJ,Technical help,0.037
2025-01-01,BJ,Writing,0.350
2025-01-01,BO,Multimedia,0.035
2025-01-01,BO,Other/Unknown,0.039
2025-01-01,BO,Practical Guidance,0.292
2025-01-01,BO,Seeking information,0.173
2025-01-01,BO,Self-expression,0.099
2025-01-01,BO,Technical help,0.072
2025-01-01,BO,Writing,0.290
2025-01-01,BR,Multimedia,0.044
2025-01-01,BR,Other/Unknown,0.043
2025-01-01,BR,Practical Guidance,0.246
2025-01-01,BR,Seeking information,0.172
2025-01-01,BR,Self-expression,0.069
2025-01-01,BR,Technical help,0.088
2025-01-01,BR,Writing,0.339
2025-01-01,CA,Multimedia,0.031
2025-01-01,CA,Other/Unknown,0.032
2025-01-01,CA,Practical Guidance,0.276
2025-01-01,CA,Seeking information,0.191
2025-01-01,CA,Self-expression,0.045
2025-01-01,CA,Technical help,0.094
2025-01-01,CA,Writing,0.332
2025-01-01,CD,Multimedia,0.034
2025-01-01,CD,Other/Unknown,0.055
2025-01-01,CD,Practical Guidance,0.276
2025-01-01,CD,Seeking information,0.207
2025-01-01,CD,Self-expression,0.115
2025-01-01,CD,Technical help,0.017
2025-01-01,CD,Writing,0.296
2025-01-01,CH,Multimedia,0.037
2025-01-01,CH,Other/Unknown,0.041
2025-01-01,CH,Practical Guidance,0.254
2025-01-01,CH,Seeking information,0.194
2025-01-01,CH,Self-expression,0.054
2025-01-01,CH,Technical help,0.083
2025-01-01,CH,Writing,0.337
2025-01-01,CI,Multimedia,0.029
2025-01-01,CI,Other/Unknown,0.052
2025-01-01,CI,Practical Guidance,0.280
2025-01-01,CI,Seeking information,0.161
2025-01-01,CI,Self-expression,0.048
2025-01-01,CI,Technical help,0.079
2025-01-01,CI,Writing,0.351
2025-01-01,CL,Multimedia,0.033
2025-01-01,CL,Other/Unknown,0.032
2025-01-01,CL,Practical Guidance,0.265
2025-01-01,CL,Seeking information,0.211
2025-01-01,CL,Self-expression,0.082
2025-01-01,CL,Technical help,0.106
2025-01-01,CL,Writing,0.271
2025-01-01,CM,Multimedia,0.007
2025-01-01,CM,Other/Unknown,0.036
2025-01-01,CM,Practical Guidance,0.326
2025-01-01,CM,Seeking information,0.196
2025-01-01,CM,Self-expression,0.073
2025-01-01,CM,Technical help,0.092
2025-01-01,CM,Writing,0.270
2025-01-01,CO,Multimedia,0.044
2025-01-01,CO,Other/Unknown,0.032
2025-01-01,CO,Practical Guidance,0.291
2025-01-01,CO,Seeking information,0.171
2025-01-01,CO,Self-expression,0.052
2025-01-01,CO,Technical help,0.089
2025-01-01,CO,Writing,0.320
2025-01-01,CR,Multimedia,0.020
2025-01-01,CR,Other/Unknown,0.035
2025-01-01,CR,Practical Guidance,0.275
2025-01-01,CR,Seeking information,0.191
2025-01-01,CR,Self-expression,0.087
2025-01-01,CR,Technical help,0.060
2025-01-01,CR,Writing,0.331
2025-01-01,CY,Multimedia,0.047
2025-01-01,CY,Other/Unknown,0.033
2025-01-01,CY,Practical Guidance,0.276
2025-01-01,CY,Seeking information,0.177
2025-01-01,CY,Self-expression,0.081
2025-01-01,CY,Technical help,0.076
2025-01-01,CY,Writing,0.310
2025-01-01,CZ,Multimedia,0.051
2025-01-01,CZ,Other/Unknown,0.042
2025-01-01,CZ,Practical Guidance,0.290
2025-01-01,CZ,Seeking information,0.249
2025-01-01,CZ,Self-expression,0.065
2025-01-01,CZ,Technical help,0.082
2025-01-01,CZ,Writing,0.222
2025-01-01,DE,Multimedia,0.044
2025-01-01,DE,Other/Unknown,0.042
2025-01-01,DE,Practical Guidance,0.268
2025-01-01,DE,Seeking information,0.189
2025-01-01,DE,Self-expression,0.061
2025-01-01,DE,Technical help,0.078
2025-01-01,DE,Writing,0.319
2025-01-01,DK,Multimedia,0.033
2025-01-01,DK,Other/Unknown,0.039
2025-01-01,DK,Practical Guidance,0.274
2025-01-01,DK,Seeking information,0.184
2025-01-01,DK,Self-expression,0.037
2025-01-01,DK,Technical help,0.079
2025-01-01,DK,Writing,0.354
2025-01-01,DO,Multimedia,0.035
2025-01-01,DO,Other/Unknown,0.040
2025-01-01,DO,Practical Guidance,0.295
2025-01-01,DO,Seeking information,0.220
2025-01-01,DO,Self-expression,0.052
2025-01-01,DO,Technical help,0.074
2025-01-01,DO,Writing,0.284
2025-01-01,DZ,Multimedia,0.048
2025-01-01,DZ,Other/Unknown,0.076
2025-01-01,DZ,Practical Guidance,0.285
2025-01-01,DZ,Seeking information,0.173
2025-01-01,DZ,Self-expression,0.105
2025-01-01,DZ,Technical help,0.043
2025-01-01,DZ,Writing,0.270
2025-01-01,EC,Multimedia,0.033
2025-01-01,EC,Other/Unknown,0.034
2025-01-01,EC,Practical Guidance,0.335
2025-01-01,EC,Seeking information,0.192
2025-01-01,EC,Self-expression,0.027
2025-01-01,EC,Technical help,0.073
2025-01-01,EC,Writing,0.306
2025-01-01,EE,Multimedia,0.022
2025-01-01,EE,Other/Unknown,0.031
2025-01-01,EE,Practical Guidance,0.280
2025-01-01,EE,Seeking information,0.205
2025-01-01,EE,Self-expression,0.070
2025-01-01,EE,Technical help,0.096
2025-01-01,EE,Writing,0.295
2025-01-01,EG,Multimedia,0.045
2025-01-01,EG,Other/Unknown,0.069
2025-01-01,EG,Practical Guidance,0.283
2025-01-01,EG,Seeking information,0.183
2025-01-01,EG,Self-expression,0.132
2025-01-01,EG,Technical help,0.059
2025-01-01,EG,Writing,0.229
2025-01-01,ES,Multimedia,0.041
2025-01-01,ES,Other/Unknown,0.034
2025-01-01,ES,Practical Guidance,0.307
2025-01-01,ES,Seeking information,0.196
2025-01-01,ES,Self-expression,0.050
2025-01-01,ES,Technical help,0.092
2025-01-01,ES,Writing,0.279
2025-01-01,ET,Multimedia,0.033
2025-01-01,ET,Other/Unknown,0.063
2025-01-01,ET,Practical Guidance,0.357
2025-01-01,ET,Seeking information,0.186
2025-01-01,ET,Self-expression,0.059
2025-01-01,ET,Technical help,0.108
2025-01-01,ET,Writing,0.194
2025-01-01,FI,Multimedia,0.043
2025-01-01,FI,Other/Unknown,0.040
2025-01-01,FI,Practical Guidance,0.249
2025-01-01,FI,Seeking information,0.187
2025-01-01,FI,Self-expression,0.073
2025-01-01,FI,Technical help,0.101
2025-01-01,FI,Writing,0.306
2025-01-01,FR,Multimedia,0.044
2025-01-01,FR,Other/Unknown,0.039
2025-01-01,FR,Practical Guidance,0.252
2025-01-01,FR,Seeking information,0.184
2025-01-01,FR,Self-expression,0.052
2025-01-01,FR,Technical help,0.089
2025-01-01,FR,Writing,0.341
2025-01-01,GB,Multimedia,0.037
2025-01-01,GB,Other/Unknown,0.033
2025-01-01,GB,Practical Guidance,0.245
2025-01-01,GB,Seeking information,0.183
2025-01-01,GB,Self-expression,0.053
2025-01-01,GB,Technical help,0.089
2025-01-01,GB,Writing,0.361
2025-01-01,GE,Multimedia,0.041
2025-01-01,GE,Other/Unknown,0.072
2025-01-01,GE,Practical Guidance,0.265
2025-01-01,GE,Seeking information,0.187
2025-01-01,GE,Self-expression,0.080
2025-01-01,GE,Technical help,0.098
2025-01-01,GE,Writing,0.257
2025-01-01,GH,Multimedia,0.030
2025-01-01,GH,Other/Unknown,0.048
2025-01-01,GH,Practical Guidance,0.257
2025-01-01,GH,Seeking information,0.202
2025-01-01,GH,Self-expression,0.045
2025-01-01,GH,Technical help,0.071
2025-01-01,GH,Writing,0.348
2025-01-01,GR,Multimedia,0.048
2025-01-01,GR,Other/Unknown,0.045
2025-01-01,GR,Practical Guidance,0.284
2025-01-01,GR,Seeking information,0.195
2025-01-01,GR,Self-expression,0.077
2025-01-01,GR,Technical help,0.100
2025-01-01,GR,Writing,0.251
2025-01-01,GT,Multimedia,0.040
2025-01-01,GT,Other/Unknown,0.048
2025-01-01,GT,Practical Guidance,0.286
2025-01-01,GT,Seeking information,0.200
2025-01-01,GT,Self-expression,0.086
2025-01-01,GT,Technical help,0.067
2025-01-01,GT,Writing,0.273
2025-01-01,HN,Multimedia,0.066
2025-01-01,HN,Other/Unknown,0.038
2025-01-01,HN,Practical Guidance,0.258
2025-01-01,HN,Seeking information,0.198
2025-01-01,HN,Self-expression,0.067
2025-01-01,HN,Technical help,0.071
2025-01-01,HN,Writing,0.302
2025-01-01,HR,Multimedia,0.030
2025-01-01,HR,Other/Unknown,0.039
2025-01-01,HR,Practical Guidance,0.289
2025-01-01,HR,Seeking information,0.237
2025-01-01,HR,Self-expression,0.044
2025-01-01,HR,Technical help,0.091
2025-01-01,HR,Writing,0.269
2025-01-01,HT,Multimedia,0.049
2025-01-01,HT,Other/Unknown,0.053
2025-01-01,HT,Practical Guidance,0.287
2025-01-01,HT,Seeking information,0.130
2025-01-01,HT,Self-expression,0.105
2025-01-01,HT,Technical help,0.023
2025-01-01,HT,Writing,0.353
2025-01-01,HU,Multimedia,0.043
2025-01-01,HU,Other/Unknown,0.052
2025-01-01,HU,Practical Guidance,0.271
2025-01-01,HU,Seeking information,0.240
2025-01-01,HU,Self-expression,0.073
2025-01-01,HU,Technical help,0.078
2025-01-01,HU,Writing,0.242
2025-01-01,ID,Multimedia,0.029
2025-01-01,ID,Other/Unknown,0.036
2025-01-01,ID,Practical Guidance,0.298
2025-01-01,ID,Seeking information,0.182
2025-01-01,ID,Self-expression,0.060
2025-01-01,ID,Technical help,0.079
2025-01-01,ID,Writing,0.316
2025-01-01,IE,Multimedia,0.038
2025-01-01,IE,Other/Unknown,0.035
2025-01-01,IE,Practical Guidance,0.256
2025-01-01,IE,Seeking information,0.199
2025-01-01,IE,Self-expression,0.055
2025-01-01,IE,Technical help,0.104
2025-01-01,IE,Writing,0.314
2025-01-01,IL,Multimedia,0.056
2025-01-01,IL,Other/Unknown,0.047
2025-01-01,IL,Practical Guidance,0.270
2025-01-01,IL,Seeking information,0.202
2025-01-01,IL,Self-expression,0.083
2025-01-01,IL,Technical help,0.115
2025-01-01,IL,Writing,0.228
2025-01-01,IN,Multimedia,0.037
2025-01-01,IN,Other/Unknown,0.040
2025-01-01,IN,Practical Guidance,0.290
2025-01-01,IN,Seeking information,0.157
2025-01-01,IN,Self-expression,0.034
2025-01-01,IN,Technical help,0.167
2025-01-01,IN,Writing,0.274
2025-01-01,IQ,Multimedia,0.066
2025-01-01,IQ,Other/Unknown,0.074
2025-01-01,IQ,Practical Guidance,0.252
2025-01-01,IQ,Seeking information,0.189
2025-01-01,IQ,Self-expression,0.155
2025-01-01,IQ,Technical help,0.044
2025-01-01,IQ,Writing,0.220
2025-01-01,IT,Multimedia,0.044
2025-01-01,IT,Other/Unknown,0.039
2025-01-01,IT,Practical Guidance,0.292
2025-01-01,IT,Seeking information,0.187
2025-01-01,IT,Self-expression,0.055
2025-01-01,IT,Technical help,0.088
2025-01-01,IT,Writing,0.295
2025-01-01,JM,Multimedia,0.015
2025-01-01,JM,Other/Unknown,0.026
2025-01-01,JM,Practical Guidance,0.342
2025-01-01,JM,Seeking information,0.169
2025-01-01,JM,Self-expression,0.032
2025-01-01,JM,Technical help,0.034
2025-01-01,JM,Writing,0.382
2025-01-01,JO,Multimedia,0.050
2025-01-01,JO,Other/Unknown,0.058
2025-01-01,JO,Practical Guidance,0.305
2025-01-01,JO,Seeking information,0.140
2025-01-01,JO,Self-expression,0.085
2025-01-01,JO,Technical help,0.076
2025-01-01,JO,Writing,0.285
2025-01-01,JP,Multimedia,0.032
2025-01-01,JP,Other/Unknown,0.039
2025-01-01,JP,Practical Guidance,0.251
2025-01-01,JP,Seeking information,0.156
2025-01-01,JP,Self-expression,0.079
2025-01-01,JP,Technical help,0.103
2025-01-01,JP,Writing,0.340
2025-01-01,KE,Multimedia,0.029
2025-01-01,KE,Other/Unknown,0.046
2025-01-01,KE,Practical Guidance,0.334
2025-01-01,KE,Seeking information,0.192
2025-01-01,KE,Self-expression,0.049
2025-01-01,KE,Technical help,0.075
2025-01-01,KE,Writing,0.275
2025-01-01,KG,Multimedia,0.035
2025-01-01,KG,Other/Unknown,0.084
2025-01-01,KG,Practical Guidance,0.320
2025-01-01,KG,Seeking information,0.193
2025-01-01,KG,Self-expression,0.104
2025-01-01,KG,Technical help,0.040
2025-01-01,KG,Writing,0.224
2025-01-01,KH,Multimedia,0.027
2025-01-01,KH,Other/Unknown,0.068
2025-01-01,KH,Practical Guidance,0.186
2025-01-01,KH,Seeking information,0.140
2025-01-01,KH,Self-expression,0.043
2025-01-01,KH,Technical help,0.073
2025-01-01,KH,Writing,0.463
2025-01-01,KR,Multimedia,0.040
2025-01-01,KR,Other/Unknown,0.039
2025-01-01,KR,Practical Guidance,0.232
2025-01-01,KR,Seeking information,0.180
2025-01-01,KR,Self-expression,0.060
2025-01-01,KR,Technical help,0.115
2025-01-01,KR,Writing,0.335
2025-01-01,KW,Multimedia,0.065
2025-01-01,KW,Other/Unknown,0.078
2025-01-01,KW,Practical Guidance,0.242
2025-01-01,KW,Seeking information,0.182
2025-01-01,KW,Self-expression,0.087
2025-01-01,KW,Technical help,0.054
2025-01-01,KW,Writing,0.291
2025-01-01,KZ,Multimedia,0.042
2025-01-01,KZ,Other/Unknown,0.064
2025-01-01,KZ,Practical Guidance,0.281
2025-01-01,KZ,Seeking information,0.178
2025-01-01,KZ,Self-expression,0.077
2025-01-01,KZ,Technical help,0.085
2025-01-01,KZ,Writing,0.272
2025-01-01,LA,Multimedia,0.000
2025-01-01,LA,Other/Unknown,0.155
2025-01-01,LA,Practical Guidance,0.243
2025-01-01,LA,Seeking information,0.210
2025-01-01,LA,Self-expression,0.050
2025-01-01,LA,Technical help,0.004
2025-01-01,LA,Writing,0.337
2025-01-01,LB,Multimedia,0.050
2025-01-01,LB,Other/Unknown,0.060
2025-01-01,LB,Practical Guidance,0.300
2025-01-01,LB,Seeking information,0.139
2025-01-01,LB,Self-expression,0.081
2025-01-01,LB,Technical help,0.062
2025-01-01,LB,Writing,0.309
2025-01-01,LK,Multimedia,0.046
2025-01-01,LK,Other/Unknown,0.044
2025-01-01,LK,Practical Guidance,0.266
2025-01-01,LK,Seeking information,0.146
2025-01-01,LK,Self-expression,0.048
2025-01-01,LK,Technical help,0.128
2025-01-01,LK,Writing,0.322
2025-01-01,LT,Multimedia,0.031
2025-01-01,LT,Other/Unknown,0.031
2025-01-01,LT,Practical Guidance,0.279
2025-01-01,LT,Seeking information,0.243
2025-01-01,LT,Self-expression,0.057
2025-01-01,LT,Technical help,0.097
2025-01-01,LT,Writing,0.262
2025-01-01,LU,Multimedia,0.024
2025-01-01,LU,Other/Unknown,0.023
2025-01-01,LU,Practical Guidance,0.261
2025-01-01,LU,Seeking information,0.153
2025-01-01,LU,Self-expression,0.055
2025-01-01,LU,Technical help,0.090
2025-01-01,LU,Writing,0.395
2025-01-01,LV,Multimedia,0.025
2025-01-01,LV,Other/Unknown,0.042
2025-01-01,LV,Practical Guidance,0.263
2025-01-01,LV,Seeking information,0.162
2025-01-01,LV,Self-expression,0.068
2025-01-01,LV,Technical help,0.137
2025-01-01,LV,Writing,0.303
2025-01-01,LY,Multimedia,0.068
2025-01-01,LY,Other/Unknown,0.097
2025-01-01,LY,Practical Guidance,0.304
2025-01-01,LY,Seeking information,0.108
2025-01-01,LY,Self-expression,0.156
2025-01-01,LY,Technical help,0.044
2025-01-01,LY,Writing,0.222
2025-01-01,MA,Multimedia,0.043
2025-01-01,MA,Other/Unknown,0.061
2025-01-01,MA,Practical Guidance,0.273
2025-01-01,MA,Seeking information,0.145
2025-01-01,MA,Self-expression,0.084
2025-01-01,MA,Technical help,0.071
2025-01-01,MA,Writing,0.322
2025-01-01,MD,Multimedia,0.027
2025-01-01,MD,Other/Unknown,0.056
2025-01-01,MD,Practical Guidance,0.293
2025-01-01,MD,Seeking information,0.182
2025-01-01,MD,Self-expression,0.056
2025-01-01,MD,Technical help,0.111
2025-01-01,MD,Writing,0.273
2025-01-01,ME,Multimedia,0.066
2025-01-01,ME,Other/Unknown,0.093
2025-01-01,ME,Practical Guidance,0.284
2025-01-01,ME,Seeking information,0.215
2025-01-01,ME,Self-expression,0.048
2025-01-01,ME,Technical help,0.064
2025-01-01,ME,Writing,0.231
2025-01-01,MG,Multimedia,0.058
2025-01-01,MG,Other/Unknown,0.074
2025-01-01,MG,Practical Guidance,0.206
2025-01-01,MG,Seeking information,0.115
2025-01-01,MG,Self-expression,0.052
2025-01-01,MG,Technical help,0.112
2025-01-01,MG,Writing,0.383
2025-01-01,MK,Multimedia,0.029
2025-01-01,MK,Other/Unknown,0.021
2025-01-01,MK,Practical Guidance,0.281
2025-01-01,MK,Seeking information,0.184
2025-01-01,MK,Self-expression,0.085
2025-01-01,MK,Technical help,0.154
2025-01-01,MK,Writing,0.246
2025-01-01,MM,Multimedia,0.032
2025-01-01,MM,Other/Unknown,0.054
2025-01-01,MM,Practical Guidance,0.263
2025-01-01,MM,Seeking information,0.202
2025-01-01,MM,Self-expression,0.082
2025-01-01,MM,Technical help,0.045
2025-01-01,MM,Writing,0.321
2025-01-01,MN,Multimedia,0.090
2025-01-01,MN,Other/Unknown,0.106
2025-01-01,MN,Practical Guidance,0.279
2025-01-01,MN,Seeking information,0.158
2025-01-01,MN,Self-expression,0.052
2025-01-01,MN,Technical help,0.093
2025-01-01,MN,Writing,0.222
2025-01-01,MT,Multimedia,0.008
2025-01-01,MT,Other/Unknown,0.045
2025-01-01,MT,Practical Guidance,0.344
2025-01-01,MT,Seeking information,0.120
2025-01-01,MT,Self-expression,0.016
2025-01-01,MT,Technical help,0.044
2025-01-01,MT,Writing,0.422
2025-01-01,MU,Multimedia,0.000
2025-01-01,MU,Other/Unknown,0.044
2025-01-01,MU,Practical Guidance,0.238
2025-01-01,MU,Seeking information,0.177
2025-01-01,MU,Self-expression,0.021
2025-01-01,MU,Technical help,0.150
2025-01-01,MU,Writing,0.369
2025-01-01,MX,Multimedia,0.039
2025-01-01,MX,Other/Unknown,0.041
2025-01-01,MX,Practical Guidance,0.302
2025-01-01,MX,Seeking information,0.198
2025-01-01,MX,Self-expression,0.063
2025-01-01,MX,Technical help,0.078
2025-01-01,MX,Writing,0.279
2025-01-01,MY,Multimedia,0.031
2025-01-01,MY,Other/Unknown,0.043
2025-01-01,MY,Practical Guidance,0.255
2025-01-01,MY,Seeking information,0.168
2025-01-01,MY,Self-expression,0.061
2025-01-01,MY,Technical help,0.069
2025-01-01,MY,Writing,0.373
2025-01-01,MZ,Multimedia,0.107
2025-01-01,MZ,Other/Unknown,0.069
2025-01-01,MZ,Practical Guidance,0.337
2025-01-01,MZ,Seeking information,0.130
2025-01-01,MZ,Self-expression,0.012
2025-01-01,MZ,Technical help,0.000
2025-01-01,MZ,Writing,0.345
2025-01-01,NG,Multimedia,0.032
2025-01-01,NG,Other/Unknown,0.045
2025-01-01,NG,Practical Guidance,0.258
2025-01-01,NG,Seeking information,0.172
2025-01-01,NG,Self-expression,0.062
2025-01-01,NG,Technical help,0.060
2025-01-01,NG,Writing,0.370
2025-01-01,NI,Multimedia,0.047
2025-01-01,NI,Other/Unknown,0.052
2025-01-01,NI,Practical Guidance,0.318
2025-01-01,NI,Seeking information,0.156
2025-01-01,NI,Self-expression,0.053
2025-01-01,NI,Technical help,0.102
2025-01-01,NI,Writing,0.273
2025-01-01,NL,Multimedia,0.042
2025-01-01,NL,Other/Unknown,0.033
2025-01-01,NL,Practical Guidance,0.255
2025-01-01,NL,Seeking information,0.178
2025-01-01,NL,Self-expression,0.053
2025-01-01,NL,Technical help,0.101
2025-01-01,NL,Writing,0.338
2025-01-01,NO,Multimedia,0.034
2025-01-01,NO,Other/Unknown,0.045
2025-01-01,NO,Practical Guidance,0.271
2025-01-01,NO,Seeking information,0.194
2025-01-01,NO,Self-expression,0.049
2025-01-01,NO,Technical help,0.086
2025-01-01,NO,Writing,0.321
2025-01-01,NP,Multimedia,0.032
2025-01-01,NP,Other/Unknown,0.061
2025-01-01,NP,Practical Guidance,0.285
2025-01-01,NP,Seeking information,0.155
2025-01-01,NP,Self-expression,0.061
2025-01-01,NP,Technical help,0.111
2025-01-01,NP,Writing,0.295
2025-01-01,NZ,Multimedia,0.035
2025-01-01,NZ,Other/Unknown,0.020
2025-01-01,NZ,Practical Guidance,0.219
2025-01-01,NZ,Seeking information,0.202
2025-01-01,NZ,Self-expression,0.046
2025-01-01,NZ,Technical help,0.106
2025-01-01,NZ,Writing,0.372
2025-01-01,OM,Multimedia,0.053
2025-01-01,OM,Other/Unknown,0.065
2025-01-01,OM,Practical Guidance,0.225
2025-01-01,OM,Seeking information,0.162
2025-01-01,OM,Self-expression,0.071
2025-01-01,OM,Technical help,0.091
2025-01-01,OM,Writing,0.333
2025-01-01,PA,Multimedia,0.051
2025-01-01,PA,Other/Unknown,0.075
2025-01-01,PA,Practical Guidance,0.291
2025-01-01,PA,Seeking information,0.179
2025-01-01,PA,Self-expression,0.085
2025-01-01,PA,Technical help,0.041
2025-01-01,PA,Writing,0.278
2025-01-01,PE,Multimedia,0.025
2025-01-01,PE,Other/Unknown,0.031
2025-01-01,PE,Practical Guidance,0.305
2025-01-01,PE,Seeking information,0.197
2025-01-01,PE,Self-expression,0.068
2025-01-01,PE,Technical help,0.067
2025-01-01,PE,Writing,0.307
2025-01-01,PH,Multimedia,0.025
2025-01-01,PH,Other/Unknown,0.032
2025-01-01,PH,Practical Guidance,0.298
2025-01-01,PH,Seeking information,0.139
2025-01-01,PH,Self-expression,0.032
2025-01-01,PH,Technical help,0.054
2025-01-01,PH,Writing,0.421
2025-01-01,PK,Multimedia,0.049
2025-01-01,PK,Other/Unknown,0.045
2025-01-01,PK,Practical Guidance,0.270
2025-01-01,PK,Seeking information,0.153
2025-01-01,PK,Self-expression,0.045
2025-01-01,PK,Technical help,0.113
2025-01-01,PK,Writing,0.324
2025-01-01,PL,Multimedia,0.049
2025-01-01,PL,Other/Unknown,0.037
2025-01-01,PL,Practical Guidance,0.299
2025-01-01,PL,Seeking information,0.201
2025-01-01,PL,Self-expression,0.056
2025-01-01,PL,Technical help,0.094
2025-01-01,PL,Writing,0.263
2025-01-01,PR,Multimedia,0.039
2025-01-01,PR,Other/Unknown,0.046
2025-01-01,PR,Practical Guidance,0.290
2025-01-01,PR,Seeking information,0.206
2025-01-01,PR,Self-expression,0.069
2025-01-01,PR,Technical help,0.062
2025-01-01,PR,Writing,0.289
2025-01-01,PS,Multimedia,0.036
2025-01-01,PS,Other/Unknown,0.062
2025-01-01,PS,Practical Guidance,0.332
2025-01-01,PS,Seeking information,0.187
2025-01-01,PS,Self-expression,0.100
2025-01-01,PS,Technical help,0.088
2025-01-01,PS,Writing,0.196
2025-01-01,PT,Multimedia,0.030
2025-01-01,PT,Other/Unknown,0.038
2025-01-01,PT,Practical Guidance,0.285
2025-01-01,PT,Seeking information,0.200
2025-01-01,PT,Self-expression,0.043
2025-01-01,PT,Technical help,0.102
2025-01-01,PT,Writing,0.302
2025-01-01,PY,Multimedia,0.021
2025-01-01,PY,Other/Unknown,0.075
2025-01-01,PY,Practical Guidance,0.304
2025-01-01,PY,Seeking information,0.195
2025-01-01,PY,Self-expression,0.074
2025-01-01,PY,Technical help,0.050
2025-01-01,PY,Writing,0.281
2025-01-01,QA,Multimedia,0.042
2025-01-01,QA,Other/Unknown,0.052
2025-01-01,QA,Practical Guidance,0.237
2025-01-01,QA,Seeking information,0.169
2025-01-01,QA,Self-expression,0.080
2025-01-01,QA,Technical help,0.062
2025-01-01,QA,Writing,0.358
2025-01-01,RE,Multimedia,0.121
2025-01-01,RE,Other/Unknown,0.000
2025-01-01,RE,Practical Guidance,0.296
2025-01-01,RE,Seeking information,0.274
2025-01-01,RE,Self-expression,0.054
2025-01-01,RE,Technical help,0.042
2025-01-01,RE,Writing,0.212
2025-01-01,RO,Multimedia,0.044
2025-01-01,RO,Other/Unknown,0.052
2025-01-01,RO,Practical Guidance,0.293
2025-01-01,RO,Seeking information,0.206
2025-01-01,RO,Self-expression,0.074
2025-01-01,RO,Technical help,0.094
2025-01-01,RO,Writing,0.238
2025-01-01,RS,Multimedia,0.048
2025-01-01,RS,Other/Unknown,0.040
2025-01-01,RS,Practical Guidance,0.247
2025-01-01,RS,Seeking information,0.210
2025-01-01,RS,Self-expression,0.086
2025-01-01,RS,Technical help,0.094
2025-01-01,RS,Writing,0.275
2025-01-01,RW,Multimedia,0.078
2025-01-01,RW,Other/Unknown,0.022
2025-01-01,RW,Practical Guidance,0.262
2025-01-01,RW,Seeking information,0.101
2025-01-01,RW,Self-expression,0.079
2025-01-01,RW,Technical help,0.113
2025-01-01,RW,Writing,0.344
2025-01-01,SA,Multimedia,0.043
2025-01-01,SA,Other/Unknown,0.066
2025-01-01,SA,Practical Guidance,0.259
2025-01-01,SA,Seeking information,0.179
2025-01-01,SA,Self-expression,0.116
2025-01-01,SA,Technical help,0.052
2025-01-01,SA,Writing,0.285
2025-01-01,SC,Multimedia,0.070
2025-01-01,SC,Other/Unknown,0.110
2025-01-01,SC,Practical Guidance,0.131
2025-01-01,SC,Seeking information,0.062
2025-01-01,SC,Self-expression,0.127
2025-01-01,SC,Technical help,0.124
2025-01-01,SC,Writing,0.378
2025-01-01,SE,Multimedia,0.039
2025-01-01,SE,Other/Unknown,0.033
2025-01-01,SE,Practical Guidance,0.259
2025-01-01,SE,Seeking information,0.200
2025-01-01,SE,Self-expression,0.047
2025-01-01,SE,Technical help,0.100
2025-01-01,SE,Writing,0.321
2025-01-01,SG,Multimedia,0.017
2025-01-01,SG,Other/Unknown,0.033
2025-01-01,SG,Practical Guidance,0.241
2025-01-01,SG,Seeking information,0.143
2025-01-01,SG,Self-expression,0.055
2025-01-01,SG,Technical help,0.146
2025-01-01,SG,Writing,0.366
2025-01-01,SI,Multimedia,0.042
2025-01-01,SI,Other/Unknown,0.021
2025-01-01,SI,Practical Guidance,0.311
2025-01-01,SI,Seeking information,0.226
2025-01-01,SI,Self-expression,0.043
2025-01-01,SI,Technical help,0.117
2025-01-01,SI,Writing,0.239
2025-01-01,SK,Multimedia,0.057
2025-01-01,SK,Other/Unknown,0.036
2025-01-01,SK,Practical Guidance,0.315
2025-01-01,SK,Seeking information,0.221
2025-01-01,SK,Self-expression,0.052
2025-01-01,SK,Technical help,0.068
2025-01-01,SK,Writing,0.250
2025-01-01,SN,Multimedia,0.047
2025-01-01,SN,Other/Unknown,0.068
2025-01-01,SN,Practical Guidance,0.266
2025-01-01,SN,Seeking information,0.191
2025-01-01,SN,Self-expression,0.071
2025-01-01,SN,Technical help,0.087
2025-01-01,SN,Writing,0.270
2025-01-01,SO,Multimedia,0.084
2025-01-01,SO,Other/Unknown,0.106
2025-01-01,SO,Practical Guidance,0.272
2025-01-01,SO,Seeking information,0.128
2025-01-01,SO,Self-expression,0.106
2025-01-01,SO,Technical help,0.037
2025-01-01,SO,Writing,0.267
2025-01-01,SV,Multimedia,0.048
2025-01-01,SV,Other/Unknown,0.057
2025-01-01,SV,Practical Guidance,0.294
2025-01-01,SV,Seeking information,0.168
2025-01-01,SV,Self-expression,0.083
2025-01-01,SV,Technical help,0.069
2025-01-01,SV,Writing,0.281
2025-01-01,TH,Multimedia,0.044
2025-01-01,TH,Other/Unknown,0.034
2025-01-01,TH,Practical Guidance,0.279
2025-01-01,TH,Seeking information,0.208
2025-01-01,TH,Self-expression,0.062
2025-01-01,TH,Technical help,0.079
2025-01-01,TH,Writing,0.295
2025-01-01,TJ,Multimedia,0.052
2025-01-01,TJ,Other/Unknown,0.086
2025-01-01,TJ,Practical Guidance,0.149
2025-01-01,TJ,Seeking information,0.201
2025-01-01,TJ,Self-expression,0.197
2025-01-01,TJ,Technical help,0.056
2025-01-01,TJ,Writing,0.258
2025-01-01,TN,Multimedia,0.032
2025-01-01,TN,Other/Unknown,0.059
2025-01-01,TN,Practical Guidance,0.255
2025-01-01,TN,Seeking information,0.134
2025-01-01,TN,Self-expression,0.079
2025-01-01,TN,Technical help,0.103
2025-01-01,TN,Writing,0.339
2025-01-01,TR,Multimedia,0.062
2025-01-01,TR,Other/Unknown,0.058
2025-01-01,TR,Practical Guidance,0.251
2025-01-01,TR,Seeking information,0.184
2025-01-01,TR,Self-expression,0.100
2025-01-01,TR,Technical help,0.089
2025-01-01,TR,Writing,0.256
2025-01-01,TW,Multimedia,0.034
2025-01-01,TW,Other/Unknown,0.053
2025-01-01,TW,Practical Guidance,0.218
2025-01-01,TW,Seeking information,0.170
2025-01-01,TW,Self-expression,0.096
2025-01-01,TW,Technical help,0.110
2025-01-01,TW,Writing,0.319
2025-01-01,TZ,Multimedia,0.033
2025-01-01,TZ,Other/Unknown,0.058
2025-01-01,TZ,Practical Guidance,0.324
2025-01-01,TZ,Seeking information,0.187
2025-01-01,TZ,Self-expression,0.043
2025-01-01,TZ,Technical help,0.068
2025-01-01,TZ,Writing,0.287
2025-01-01,UA,Multimedia,0.053
2025-01-01,UA,Other/Unknown,0.049
2025-01-01,UA,Practical Guidance,0.285
2025-01-01,UA,Seeking information,0.187
2025-01-01,UA,Self-expression,0.075
2025-01-01,UA,Technical help,0.092
2025-01-01,UA,Writing,0.259
2025-01-01,UG,Multimedia,0.037
2025-01-01,UG,Other/Unknown,0.060
2025-01-01,UG,Practical Guidance,0.249
2025-01-01,UG,Seeking information,0.208
2025-01-01,UG,Self-expression,0.027
2025-01-01,UG,Technical help,0.087
2025-01-01,UG,Writing,0.333
2025-01-01,US,Multimedia,0.035
2025-01-01,US,Other/Unknown,0.032
2025-01-01,US,Practical Guidance,0.280
2025-01-01,US,Seeking information,0.190
2025-01-01,US,Self-expression,0.056
2025-01-01,US,Technical help,0.097
2025-01-01,US,Writing,0.309
2025-01-01,UY,Multimedia,0.058
2025-01-01,UY,Other/Unknown,0.057
2025-01-01,UY,Practical Guidance,0.246
2025-01-01,UY,Seeking information,0.279
2025-01-01,UY,Self-expression,0.112
2025-01-01,UY,Technical help,0.064
2025-01-01,UY,Writing,0.183
2025-01-01,UZ,Multimedia,0.047
2025-01-01,UZ,Other/Unknown,0.091
2025-01-01,UZ,Practical Guidance,0.262
2025-01-01,UZ,Seeking information,0.202
2025-01-01,UZ,Self-expression,0.119
2025-01-01,UZ,Technical help,0.067
2025-01-01,UZ,Writing,0.211
2025-01-01,VN,Multimedia,0.035
2025-01-01,VN,Other/Unknown,0.045
2025-01-01,VN,Practical Guidance,0.257
2025-01-01,VN,Seeking information,0.142
2025-01-01,VN,Self-expression,0.092
2025-01-01,VN,Technical help,0.086
2025-01-01,VN,Writing,0.341
2025-01-01,YE,Multimedia,0.051
2025-01-01,YE,Other/Unknown,0.090
2025-01-01,YE,Practical Guidance,0.229
2025-01-01,YE,Seeking information,0.145
2025-01-01,YE,Self-expression,0.108
2025-01-01,YE,Technical help,0.072
2025-01-01,YE,Writing,0.304
2025-01-01,ZA,Multimedia,0.032
2025-01-01,ZA,Other/Unknown,0.041
2025-01-01,ZA,Practical Guidance,0.255
2025-01-01,ZA,Seeking information,0.187
2025-01-01,ZA,Self-expression,0.046
2025-01-01,ZA,Technical help,0.087
2025-01-01,ZA,Writing,0.352
2025-01-01,ZM,Multimedia,0.039
2025-01-01,ZM,Other/Unknown,0.049
2025-01-01,ZM,Practical Guidance,0.371
2025-01-01,ZM,Seeking information,0.158
2025-01-01,ZM,Self-expression,0.078
2025-01-01,ZM,Technical help,0.049
2025-01-01,ZM,Writing,0.257
2025-02-01,AE,Multimedia,0.040
2025-02-01,AE,Other/Unknown,0.049
2025-02-01,AE,Practical Guidance,0.263
2025-02-01,AE,Seeking information,0.159
2025-02-01,AE,Self-expression,0.067
2025-02-01,AE,Technical help,0.077
2025-02-01,AE,Writing,0.344
2025-02-01,AF,Multimedia,0.068
2025-02-01,AF,Other/Unknown,0.073
2025-02-01,AF,Practical Guidance,0.255
2025-02-01,AF,Seeking information,0.203
2025-02-01,AF,Self-expression,0.155
2025-02-01,AF,Technical help,0.028
2025-02-01,AF,Writing,0.217
2025-02-01,AL,Multimedia,0.020
2025-02-01,AL,Other/Unknown,0.062
2025-02-01,AL,Practical Guidance,0.326
2025-02-01,AL,Seeking information,0.177
2025-02-01,AL,Self-expression,0.065
2025-02-01,AL,Technical help,0.057
2025-02-01,AL,Writing,0.292
2025-02-01,AM,Multimedia,0.048
2025-02-01,AM,Other/Unknown,0.087
2025-02-01,AM,Practical Guidance,0.237
2025-02-01,AM,Seeking information,0.183
2025-02-01,AM,Self-expression,0.118
2025-02-01,AM,Technical help,0.101
2025-02-01,AM,Writing,0.226
2025-02-01,AO,Multimedia,0.036
2025-02-01,AO,Other/Unknown,0.052
2025-02-01,AO,Practical Guidance,0.301
2025-02-01,AO,Seeking information,0.188
2025-02-01,AO,Self-expression,0.077
2025-02-01,AO,Technical help,0.068
2025-02-01,AO,Writing,0.279
2025-02-01,AR,Multimedia,0.029
2025-02-01,AR,Other/Unknown,0.037
2025-02-01,AR,Practical Guidance,0.326
2025-02-01,AR,Seeking information,0.193
2025-02-01,AR,Self-expression,0.093
2025-02-01,AR,Technical help,0.086
2025-02-01,AR,Writing,0.237
2025-02-01,AT,Multimedia,0.042
2025-02-01,AT,Other/Unknown,0.029
2025-02-01,AT,Practical Guidance,0.264
2025-02-01,AT,Seeking information,0.199
2025-02-01,AT,Self-expression,0.063
2025-02-01,AT,Technical help,0.087
2025-02-01,AT,Writing,0.316
2025-02-01,AU,Multimedia,0.027
2025-02-01,AU,Other/Unknown,0.037
2025-02-01,AU,Practical Guidance,0.267
2025-02-01,AU,Seeking information,0.170
2025-02-01,AU,Self-expression,0.060
2025-02-01,AU,Technical help,0.075
2025-02-01,AU,Writing,0.362
2025-02-01,AZ,Multimedia,0.031
2025-02-01,AZ,Other/Unknown,0.062
2025-02-01,AZ,Practical Guidance,0.257
2025-02-01,AZ,Seeking information,0.174
2025-02-01,AZ,Self-expression,0.182
2025-02-01,AZ,Technical help,0.082
2025-02-01,AZ,Writing,0.212
2025-02-01,BA,Multimedia,0.061
2025-02-01,BA,Other/Unknown,0.070
2025-02-01,BA,Practical Guidance,0.305
2025-02-01,BA,Seeking information,0.228
2025-02-01,BA,Self-expression,0.046
2025-02-01,BA,Technical help,0.057
2025-02-01,BA,Writing,0.234
2025-02-01,BD,Multimedia,0.048
2025-02-01,BD,Other/Unknown,0.055
2025-02-01,BD,Practical Guidance,0.284
2025-02-01,BD,Seeking information,0.172
2025-02-01,BD,Self-expression,0.108
2025-02-01,BD,Technical help,0.073
2025-02-01,BD,Writing,0.260
2025-02-01,BE,Multimedia,0.039
2025-02-01,BE,Other/Unknown,0.037
2025-02-01,BE,Practical Guidance,0.279
2025-02-01,BE,Seeking information,0.207
2025-02-01,BE,Self-expression,0.055
2025-02-01,BE,Technical help,0.072
2025-02-01,BE,Writing,0.311
2025-02-01,BF,Multimedia,0.059
2025-02-01,BF,Other/Unknown,0.125
2025-02-01,BF,Practical Guidance,0.250
2025-02-01,BF,Seeking information,0.266
2025-02-01,BF,Self-expression,0.060
2025-02-01,BF,Technical help,0.058
2025-02-01,BF,Writing,0.182
2025-02-01,BG,Multimedia,0.045
2025-02-01,BG,Other/Unknown,0.063
2025-02-01,BG,Practical Guidance,0.301
2025-02-01,BG,Seeking information,0.218
2025-02-01,BG,Self-expression,0.081
2025-02-01,BG,Technical help,0.087
2025-02-01,BG,Writing,0.205
2025-02-01,BH,Multimedia,0.063
2025-02-01,BH,Other/Unknown,0.045
2025-02-01,BH,Practical Guidance,0.275
2025-02-01,BH,Seeking information,0.207
2025-02-01,BH,Self-expression,0.000
2025-02-01,BH,Technical help,0.081
2025-02-01,BH,Writing,0.329
2025-02-01,BJ,Multimedia,0.047
2025-02-01,BJ,Other/Unknown,0.098
2025-02-01,BJ,Practical Guidance,0.266
2025-02-01,BJ,Seeking information,0.123
2025-02-01,BJ,Self-expression,0.104
2025-02-01,BJ,Technical help,0.035
2025-02-01,BJ,Writing,0.328
2025-02-01,BO,Multimedia,0.044
2025-02-01,BO,Other/Unknown,0.061
2025-02-01,BO,Practical Guidance,0.308
2025-02-01,BO,Seeking information,0.222
2025-02-01,BO,Self-expression,0.060
2025-02-01,BO,Technical help,0.063
2025-02-01,BO,Writing,0.243
2025-02-01,BR,Multimedia,0.043
2025-02-01,BR,Other/Unknown,0.037
2025-02-01,BR,Practical Guidance,0.270
2025-02-01,BR,Seeking information,0.169
2025-02-01,BR,Self-expression,0.071
2025-02-01,BR,Technical help,0.087
2025-02-01,BR,Writing,0.324
2025-02-01,CA,Multimedia,0.031
2025-02-01,CA,Other/Unknown,0.034
2025-02-01,CA,Practical Guidance,0.292
2025-02-01,CA,Seeking information,0.186
2025-02-01,CA,Self-expression,0.052
2025-02-01,CA,Technical help,0.100
2025-02-01,CA,Writing,0.305
2025-02-01,CD,Multimedia,0.036
2025-02-01,CD,Other/Unknown,0.039
2025-02-01,CD,Practical Guidance,0.266
2025-02-01,CD,Seeking information,0.271
2025-02-01,CD,Self-expression,0.059
2025-02-01,CD,Technical help,0.042
2025-02-01,CD,Writing,0.287
2025-02-01,CH,Multimedia,0.033
2025-02-01,CH,Other/Unknown,0.030
2025-02-01,CH,Practical Guidance,0.264
2025-02-01,CH,Seeking information,0.211
2025-02-01,CH,Self-expression,0.062
2025-02-01,CH,Technical help,0.066
2025-02-01,CH,Writing,0.334
2025-02-01,CI,Multimedia,0.057
2025-02-01,CI,Other/Unknown,0.067
2025-02-01,CI,Practical Guidance,0.254
2025-02-01,CI,Seeking information,0.186
2025-02-01,CI,Self-expression,0.059
2025-02-01,CI,Technical help,0.036
2025-02-01,CI,Writing,0.341
2025-02-01,CL,Multimedia,0.048
2025-02-01,CL,Other/Unknown,0.041
2025-02-01,CL,Practical Guidance,0.267
2025-02-01,CL,Seeking information,0.212
2025-02-01,CL,Self-expression,0.102
2025-02-01,CL,Technical help,0.089
2025-02-01,CL,Writing,0.241
2025-02-01,CM,Multimedia,0.047
2025-02-01,CM,Other/Unknown,0.005
2025-02-01,CM,Practical Guidance,0.416
2025-02-01,CM,Seeking information,0.158
2025-02-01,CM,Self-expression,0.082
2025-02-01,CM,Technical help,0.077
2025-02-01,CM,Writing,0.215
2025-02-01,CO,Multimedia,0.039
2025-02-01,CO,Other/Unknown,0.038
2025-02-01,CO,Practical Guidance,0.331
2025-02-01,CO,Seeking information,0.162
2025-02-01,CO,Self-expression,0.055
2025-02-01,CO,Technical help,0.086
2025-02-01,CO,Writing,0.290
2025-02-01,CR,Multimedia,0.050
2025-02-01,CR,Other/Unknown,0.047
2025-02-01,CR,Practical Guidance,0.318
2025-02-01,CR,Seeking information,0.183
2025-02-01,CR,Self-expression,0.082
2025-02-01,CR,Technical help,0.053
2025-02-01,CR,Writing,0.267
2025-02-01,CY,Multimedia,0.032
2025-02-01,CY,Other/Unknown,0.035
2025-02-01,CY,Practical Guidance,0.297
2025-02-01,CY,Seeking information,0.179
2025-02-01,CY,Self-expression,0.058
2025-02-01,CY,Technical help,0.077
2025-02-01,CY,Writing,0.323
2025-02-01,CZ,Multimedia,0.038
2025-02-01,CZ,Other/Unknown,0.046
2025-02-01,CZ,Practical Guidance,0.277
2025-02-01,CZ,Seeking information,0.252
2025-02-01,CZ,Self-expression,0.090
2025-02-01,CZ,Technical help,0.076
2025-02-01,CZ,Writing,0.222
2025-02-01,DE,Multimedia,0.039
2025-02-01,DE,Other/Unknown,0.043
2025-02-01,DE,Practical Guidance,0.278
2025-02-01,DE,Seeking information,0.197
2025-02-01,DE,Self-expression,0.067
2025-02-01,DE,Technical help,0.067
2025-02-01,DE,Writing,0.308
2025-02-01,DK,Multimedia,0.048
2025-02-01,DK,Other/Unknown,0.038
2025-02-01,DK,Practical Guidance,0.261
2025-02-01,DK,Seeking information,0.177
2025-02-01,DK,Self-expression,0.047
2025-02-01,DK,Technical help,0.098
2025-02-01,DK,Writing,0.331
2025-02-01,DO,Multimedia,0.042
2025-02-01,DO,Other/Unknown,0.051
2025-02-01,DO,Practical Guidance,0.343
2025-02-01,DO,Seeking information,0.211
2025-02-01,DO,Self-expression,0.049
2025-02-01,DO,Technical help,0.062
2025-02-01,DO,Writing,0.241
2025-02-01,DZ,Multimedia,0.051
2025-02-01,DZ,Other/Unknown,0.067
2025-02-01,DZ,Practical Guidance,0.285
2025-02-01,DZ,Seeking information,0.167
2025-02-01,DZ,Self-expression,0.133
2025-02-01,DZ,Technical help,0.042
2025-02-01,DZ,Writing,0.255
2025-02-01,EC,Multimedia,0.037
2025-02-01,EC,Other/Unknown,0.043
2025-02-01,EC,Practical Guidance,0.345
2025-02-01,EC,Seeking information,0.192
2025-02-01,EC,Self-expression,0.036
2025-02-01,EC,Technical help,0.063
2025-02-01,EC,Writing,0.285
2025-02-01,EE,Multimedia,0.035
2025-02-01,EE,Other/Unknown,0.045
2025-02-01,EE,Practical Guidance,0.296
2025-02-01,EE,Seeking information,0.233
2025-02-01,EE,Self-expression,0.061
2025-02-01,EE,Technical help,0.080
2025-02-01,EE,Writing,0.251
2025-02-01,EG,Multimedia,0.056
2025-02-01,EG,Other/Unknown,0.065
2025-02-01,EG,Practical Guidance,0.260
2025-02-01,EG,Seeking information,0.180
2025-02-01,EG,Self-expression,0.159
2025-02-01,EG,Technical help,0.058
2025-02-01,EG,Writing,0.222
2025-02-01,ES,Multimedia,0.042
2025-02-01,ES,Other/Unknown,0.036
2025-02-01,ES,Practical Guidance,0.295
2025-02-01,ES,Seeking information,0.200
2025-02-01,ES,Self-expression,0.056
2025-02-01,ES,Technical help,0.094
2025-02-01,ES,Writing,0.277
2025-02-01,ET,Multimedia,0.038
2025-02-01,ET,Other/Unknown,0.086
2025-02-01,ET,Practical Guidance,0.308
2025-02-01,ET,Seeking information,0.206
2025-02-01,ET,Self-expression,0.045
2025-02-01,ET,Technical help,0.089
2025-02-01,ET,Writing,0.228
2025-02-01,FI,Multimedia,0.046
2025-02-01,FI,Other/Unknown,0.033
2025-02-01,FI,Practical Guidance,0.267
2025-02-01,FI,Seeking information,0.160
2025-02-01,FI,Self-expression,0.106
2025-02-01,FI,Technical help,0.101
2025-02-01,FI,Writing,0.286
2025-02-01,FR,Multimedia,0.039
2025-02-01,FR,Other/Unknown,0.038
2025-02-01,FR,Practical Guidance,0.261
2025-02-01,FR,Seeking information,0.196
2025-02-01,FR,Self-expression,0.065
2025-02-01,FR,Technical help,0.075
2025-02-01,FR,Writing,0.327
2025-02-01,GB,Multimedia,0.035
2025-02-01,GB,Other/Unknown,0.036
2025-02-01,GB,Practical Guidance,0.258
2025-02-01,GB,Seeking information,0.182
2025-02-01,GB,Self-expression,0.066
2025-02-01,GB,Technical help,0.084
2025-02-01,GB,Writing,0.338
2025-02-01,GE,Multimedia,0.048
2025-02-01,GE,Other/Unknown,0.087
2025-02-01,GE,Practical Guidance,0.274
2025-02-01,GE,Seeking information,0.209
2025-02-01,GE,Self-expression,0.089
2025-02-01,GE,Technical help,0.078
2025-02-01,GE,Writing,0.214
2025-02-01,GH,Multimedia,0.049
2025-02-01,GH,Other/Unknown,0.049
2025-02-01,GH,Practical Guidance,0.302
2025-02-01,GH,Seeking information,0.195
2025-02-01,GH,Self-expression,0.055
2025-02-01,GH,Technical help,0.059
2025-02-01,GH,Writing,0.290
2025-02-01,GR,Multimedia,0.042
2025-02-01,GR,Other/Unknown,0.059
2025-02-01,GR,Practical Guidance,0.289
2025-02-01,GR,Seeking information,0.204
2025-02-01,GR,Self-expression,0.079
2025-02-01,GR,Technical help,0.087
2025-02-01,GR,Writing,0.240
2025-02-01,GT,Multimedia,0.043
2025-02-01,GT,Other/Unknown,0.032
2025-02-01,GT,Practical Guidance,0.340
2025-02-01,GT,Seeking information,0.194
2025-02-01,GT,Self-expression,0.068
2025-02-01,GT,Technical help,0.085
2025-02-01,GT,Writing,0.238
2025-02-01,HN,Multimedia,0.038
2025-02-01,HN,Other/Unknown,0.045
2025-02-01,HN,Practical Guidance,0.353
2025-02-01,HN,Seeking information,0.169
2025-02-01,HN,Self-expression,0.043
2025-02-01,HN,Technical help,0.088
2025-02-01,HN,Writing,0.264
2025-02-01,HR,Multimedia,0.040
2025-02-01,HR,Other/Unknown,0.043
2025-02-01,HR,Practical Guidance,0.303
2025-02-01,HR,Seeking information,0.229
2025-02-01,HR,Self-expression,0.065
2025-02-01,HR,Technical help,0.106
2025-02-01,HR,Writing,0.214
2025-02-01,HT,Multimedia,0.028
2025-02-01,HT,Other/Unknown,0.048
2025-02-01,HT,Practical Guidance,0.269
2025-02-01,HT,Seeking information,0.153
2025-02-01,HT,Self-expression,0.084
2025-02-01,HT,Technical help,0.064
2025-02-01,HT,Writing,0.354
2025-02-01,HU,Multimedia,0.038
2025-02-01,HU,Other/Unknown,0.054
2025-02-01,HU,Practical Guidance,0.279
2025-02-01,HU,Seeking information,0.233
2025-02-01,HU,Self-expression,0.098
2025-02-01,HU,Technical help,0.088
2025-02-01,HU,Writing,0.211
2025-02-01,ID,Multimedia,0.033
2025-02-01,ID,Other/Unknown,0.033
2025-02-01,ID,Practical Guidance,0.314
2025-02-01,ID,Seeking information,0.174
2025-02-01,ID,Self-expression,0.072
2025-02-01,ID,Technical help,0.074
2025-02-01,ID,Writing,0.301
2025-02-01,IE,Multimedia,0.044
2025-02-01,IE,Other/Unknown,0.038
2025-02-01,IE,Practical Guidance,0.258
2025-02-01,IE,Seeking information,0.189
2025-02-01,IE,Self-expression,0.080
2025-02-01,IE,Technical help,0.102
2025-02-01,IE,Writing,0.289
2025-02-01,IL,Multimedia,0.047
2025-02-01,IL,Other/Unknown,0.055
2025-02-01,IL,Practical Guidance,0.291
2025-02-01,IL,Seeking information,0.203
2025-02-01,IL,Self-expression,0.087
2025-02-01,IL,Technical help,0.091
2025-02-01,IL,Writing,0.225
2025-02-01,IN,Multimedia,0.045
2025-02-01,IN,Other/Unknown,0.044
2025-02-01,IN,Practical Guidance,0.294
2025-02-01,IN,Seeking information,0.153
2025-02-01,IN,Self-expression,0.052
2025-02-01,IN,Technical help,0.161
2025-02-01,IN,Writing,0.250
2025-02-01,IQ,Multimedia,0.047
2025-02-01,IQ,Other/Unknown,0.062
2025-02-01,IQ,Practical Guidance,0.286
2025-02-01,IQ,Seeking information,0.186
2025-02-01,IQ,Self-expression,0.165
2025-02-01,IQ,Technical help,0.037
2025-02-01,IQ,Writing,0.216
2025-02-01,IT,Multimedia,0.059
2025-02-01,IT,Other/Unknown,0.043
2025-02-01,IT,Practical Guidance,0.295
2025-02-01,IT,Seeking information,0.190
2025-02-01,IT,Self-expression,0.066
2025-02-01,IT,Technical help,0.075
2025-02-01,IT,Writing,0.272
2025-02-01,JM,Multimedia,0.055
2025-02-01,JM,Other/Unknown,0.027
2025-02-01,JM,Practical Guidance,0.252
2025-02-01,JM,Seeking information,0.150
2025-02-01,JM,Self-expression,0.039
2025-02-01,JM,Technical help,0.116
2025-02-01,JM,Writing,0.362
2025-02-01,JO,Multimedia,0.049
2025-02-01,JO,Other/Unknown,0.075
2025-02-01,JO,Practical Guidance,0.283
2025-02-01,JO,Seeking information,0.182
2025-02-01,JO,Self-expression,0.101
2025-02-01,JO,Technical help,0.086
2025-02-01,JO,Writing,0.224
2025-02-01,JP,Multimedia,0.032
2025-02-01,JP,Other/Unknown,0.038
2025-02-01,JP,Practical Guidance,0.243
2025-02-01,JP,Seeking information,0.173
2025-02-01,JP,Self-expression,0.105
2025-02-01,JP,Technical help,0.090
2025-02-01,JP,Writing,0.320
2025-02-01,KE,Multimedia,0.030
2025-02-01,KE,Other/Unknown,0.050
2025-02-01,KE,Practical Guidance,0.313
2025-02-01,KE,Seeking information,0.182
2025-02-01,KE,Self-expression,0.068
2025-02-01,KE,Technical help,0.078
2025-02-01,KE,Writing,0.279
2025-02-01,KG,Multimedia,0.035
2025-02-01,KG,Other/Unknown,0.057
2025-02-01,KG,Practical Guidance,0.290
2025-02-01,KG,Seeking information,0.197
2025-02-01,KG,Self-expression,0.132
2025-02-01,KG,Technical help,0.056
2025-02-01,KG,Writing,0.234
2025-02-01,KH,Multimedia,0.038
2025-02-01,KH,Other/Unknown,0.062
2025-02-01,KH,Practical Guidance,0.256
2025-02-01,KH,Seeking information,0.160
2025-02-01,KH,Self-expression,0.050
2025-02-01,KH,Technical help,0.064
2025-02-01,KH,Writing,0.370
2025-02-01,KR,Multimedia,0.034
2025-02-01,KR,Other/Unknown,0.051
2025-02-01,KR,Practical Guidance,0.249
2025-02-01,KR,Seeking information,0.193
2025-02-01,KR,Self-expression,0.081
2025-02-01,KR,Technical help,0.104
2025-02-01,KR,Writing,0.288
2025-02-01,KW,Multimedia,0.056
2025-02-01,KW,Other/Unknown,0.049
2025-02-01,KW,Practical Guidance,0.275
2025-02-01,KW,Seeking information,0.190
2025-02-01,KW,Self-expression,0.075
2025-02-01,KW,Technical help,0.099
2025-02-01,KW,Writing,0.255
2025-02-01,KZ,Multimedia,0.040
2025-02-01,KZ,Other/Unknown,0.060
2025-02-01,KZ,Practical Guidance,0.303
2025-02-01,KZ,Seeking information,0.178
2025-02-01,KZ,Self-expression,0.089
2025-02-01,KZ,Technical help,0.079
2025-02-01,KZ,Writing,0.251
2025-02-01,LB,Multimedia,0.033
2025-02-01,LB,Other/Unknown,0.062
2025-02-01,LB,Practical Guidance,0.300
2025-02-01,LB,Seeking information,0.147
2025-02-01,LB,Self-expression,0.100
2025-02-01,LB,Technical help,0.096
2025-02-01,LB,Writing,0.261
2025-02-01,LK,Multimedia,0.053
2025-02-01,LK,Other/Unknown,0.052
2025-02-01,LK,Practical Guidance,0.249
2025-02-01,LK,Seeking information,0.121
2025-02-01,LK,Self-expression,0.059
2025-02-01,LK,Technical help,0.141
2025-02-01,LK,Writing,0.325
2025-02-01,LT,Multimedia,0.052
2025-02-01,LT,Other/Unknown,0.039
2025-02-01,LT,Practical Guidance,0.272
2025-02-01,LT,Seeking information,0.229
2025-02-01,LT,Self-expression,0.064
2025-02-01,LT,Technical help,0.104
2025-02-01,LT,Writing,0.240
2025-02-01,LU,Multimedia,0.022
2025-02-01,LU,Other/Unknown,0.028
2025-02-01,LU,Practical Guidance,0.190
2025-02-01,LU,Seeking information,0.201
2025-02-01,LU,Self-expression,0.067
2025-02-01,LU,Technical help,0.077
2025-02-01,LU,Writing,0.414
2025-02-01,LV,Multimedia,0.051
2025-02-01,LV,Other/Unknown,0.032
2025-02-01,LV,Practical Guidance,0.303
2025-02-01,LV,Seeking information,0.185
2025-02-01,LV,Self-expression,0.080
2025-02-01,LV,Technical help,0.086
2025-02-01,LV,Writing,0.262
2025-02-01,LY,Multimedia,0.037
2025-02-01,LY,Other/Unknown,0.085
2025-02-01,LY,Practical Guidance,0.291
2025-02-01,LY,Seeking information,0.156
2025-02-01,LY,Self-expression,0.173
2025-02-01,LY,Technical help,0.036
2025-02-01,LY,Writing,0.222
2025-02-01,MA,Multimedia,0.036
2025-02-01,MA,Other/Unknown,0.063
2025-02-01,MA,Practical Guidance,0.256
2025-02-01,MA,Seeking information,0.155
2025-02-01,MA,Self-expression,0.084
2025-02-01,MA,Technical help,0.059
2025-02-01,MA,Writing,0.348
2025-02-01,MD,Multimedia,0.059
2025-02-01,MD,Other/Unknown,0.045
2025-02-01,MD,Practical Guidance,0.292
2025-02-01,MD,Seeking information,0.153
2025-02-01,MD,Self-expression,0.052
2025-02-01,MD,Technical help,0.078
2025-02-01,MD,Writing,0.322
2025-02-01,ME,Multimedia,0.040
2025-02-01,ME,Other/Unknown,0.051
2025-02-01,ME,Practical Guidance,0.252
2025-02-01,ME,Seeking information,0.186
2025-02-01,ME,Self-expression,0.088
2025-02-01,ME,Technical help,0.130
2025-02-01,ME,Writing,0.253
2025-02-01,MG,Multimedia,0.034
2025-02-01,MG,Other/Unknown,0.018
2025-02-01,MG,Practical Guidance,0.313
2025-02-01,MG,Seeking information,0.130
2025-02-01,MG,Self-expression,0.055
2025-02-01,MG,Technical help,0.113
2025-02-01,MG,Writing,0.336
2025-02-01,MK,Multimedia,0.043
2025-02-01,MK,Other/Unknown,0.053
2025-02-01,MK,Practical Guidance,0.363
2025-02-01,MK,Seeking information,0.205
2025-02-01,MK,Self-expression,0.041
2025-02-01,MK,Technical help,0.064
2025-02-01,MK,Writing,0.232
2025-02-01,MM,Multimedia,0.058
2025-02-01,MM,Other/Unknown,0.069
2025-02-01,MM,Practical Guidance,0.308
2025-02-01,MM,Seeking information,0.175
2025-02-01,MM,Self-expression,0.047
2025-02-01,MM,Technical help,0.087
2025-02-01,MM,Writing,0.257
2025-02-01,MN,Multimedia,0.021
2025-02-01,MN,Other/Unknown,0.067
2025-02-01,MN,Practical Guidance,0.320
2025-02-01,MN,Seeking information,0.190
2025-02-01,MN,Self-expression,0.076
2025-02-01,MN,Technical help,0.103
2025-02-01,MN,Writing,0.222
2025-02-01,MT,Multimedia,0.000
2025-02-01,MT,Other/Unknown,0.079
2025-02-01,MT,Practical Guidance,0.254
2025-02-01,MT,Seeking information,0.150
2025-02-01,MT,Self-expression,0.087
2025-02-01,MT,Technical help,0.091
2025-02-01,MT,Writing,0.339
2025-02-01,MU,Multimedia,0.053
2025-02-01,MU,Other/Unknown,0.054
2025-02-01,MU,Practical Guidance,0.176
2025-02-01,MU,Seeking information,0.184
2025-02-01,MU,Self-expression,0.090
2025-02-01,MU,Technical help,0.121
2025-02-01,MU,Writing,0.321
2025-02-01,MX,Multimedia,0.039
2025-02-01,MX,Other/Unknown,0.040
2025-02-01,MX,Practical Guidance,0.311
2025-02-01,MX,Seeking information,0.209
2025-02-01,MX,Self-expression,0.058
2025-02-01,MX,Technical help,0.077
2025-02-01,MX,Writing,0.266
2025-02-01,MY,Multimedia,0.041
2025-02-01,MY,Other/Unknown,0.048
2025-02-01,MY,Practical Guidance,0.271
2025-02-01,MY,Seeking information,0.157
2025-02-01,MY,Self-expression,0.096
2025-02-01,MY,Technical help,0.055
2025-02-01,MY,Writing,0.333
2025-02-01,MZ,Multimedia,0.034
2025-02-01,MZ,Other/Unknown,0.036
2025-02-01,MZ,Practical Guidance,0.250
2025-02-01,MZ,Seeking information,0.208
2025-02-01,MZ,Self-expression,0.089
2025-02-01,MZ,Technical help,0.044
2025-02-01,MZ,Writing,0.339
2025-02-01,NG,Multimedia,0.034
2025-02-01,NG,Other/Unknown,0.038
2025-02-01,NG,Practical Guidance,0.275
2025-02-01,NG,Seeking information,0.169
2025-02-01,NG,Self-expression,0.064
2025-02-01,NG,Technical help,0.063
2025-02-01,NG,Writing,0.358
2025-02-01,NI,Multimedia,0.037
2025-02-01,NI,Other/Unknown,0.029
2025-02-01,NI,Practical Guidance,0.264
2025-02-01,NI,Seeking information,0.242
2025-02-01,NI,Self-expression,0.075
2025-02-01,NI,Technical help,0.062
2025-02-01,NI,Writing,0.290
2025-02-01,NL,Multimedia,0.037
2025-02-01,NL,Other/Unknown,0.040
2025-02-01,NL,Practical Guidance,0.279
2025-02-01,NL,Seeking information,0.187
2025-02-01,NL,Self-expression,0.062
2025-02-01,NL,Technical help,0.087
2025-02-01,NL,Writing,0.309
2025-02-01,NO,Multimedia,0.036
2025-02-01,NO,Other/Unknown,0.043
2025-02-01,NO,Practical Guidance,0.268
2025-02-01,NO,Seeking information,0.215
2025-02-01,NO,Self-expression,0.060
2025-02-01,NO,Technical help,0.077
2025-02-01,NO,Writing,0.301
2025-02-01,NP,Multimedia,0.045
2025-02-01,NP,Other/Unknown,0.057
2025-02-01,NP,Practical Guidance,0.301
2025-02-01,NP,Seeking information,0.175
2025-02-01,NP,Self-expression,0.063
2025-02-01,NP,Technical help,0.113
2025-02-01,NP,Writing,0.247
2025-02-01,NZ,Multimedia,0.050
2025-02-01,NZ,Other/Unknown,0.034
2025-02-01,NZ,Practical Guidance,0.249
2025-02-01,NZ,Seeking information,0.154
2025-02-01,NZ,Self-expression,0.055
2025-02-01,NZ,Technical help,0.068
2025-02-01,NZ,Writing,0.390
2025-02-01,OM,Multimedia,0.052
2025-02-01,OM,Other/Unknown,0.038
2025-02-01,OM,Practical Guidance,0.273
2025-02-01,OM,Seeking information,0.204
2025-02-01,OM,Self-expression,0.092
2025-02-01,OM,Technical help,0.041
2025-02-01,OM,Writing,0.300
2025-02-01,PA,Multimedia,0.049
2025-02-01,PA,Other/Unknown,0.032
2025-02-01,PA,Practical Guidance,0.301
2025-02-01,PA,Seeking information,0.212
2025-02-01,PA,Self-expression,0.101
2025-02-01,PA,Technical help,0.058
2025-02-01,PA,Writing,0.249
2025-02-01,PE,Multimedia,0.036
2025-02-01,PE,Other/Unknown,0.033
2025-02-01,PE,Practical Guidance,0.317
2025-02-01,PE,Seeking information,0.164
2025-02-01,PE,Self-expression,0.074
2025-02-01,PE,Technical help,0.074
2025-02-01,PE,Writing,0.301
2025-02-01,PH,Multimedia,0.035
2025-02-01,PH,Other/Unknown,0.032
2025-02-01,PH,Practical Guidance,0.308
2025-02-01,PH,Seeking information,0.142
2025-02-01,PH,Self-expression,0.036
2025-02-01,PH,Technical help,0.059
2025-02-01,PH,Writing,0.387
2025-02-01,PK,Multimedia,0.053
2025-02-01,PK,Other/Unknown,0.046
2025-02-01,PK,Practical Guidance,0.288
2025-02-01,PK,Seeking information,0.140
2025-02-01,PK,Self-expression,0.060
2025-02-01,PK,Technical help,0.103
2025-02-01,PK,Writing,0.312
2025-02-01,PL,Multimedia,0.045
2025-02-01,PL,Other/Unknown,0.042
2025-02-01,PL,Practical Guidance,0.289
2025-02-01,PL,Seeking information,0.230
2025-02-01,PL,Self-expression,0.065
2025-02-01,PL,Technical help,0.083
2025-02-01,PL,Writing,0.245
2025-02-01,PR,Multimedia,0.054
2025-02-01,PR,Other/Unknown,0.037
2025-02-01,PR,Practical Guidance,0.337
2025-02-01,PR,Seeking information,0.205
2025-02-01,PR,Self-expression,0.061
2025-02-01,PR,Technical help,0.086
2025-02-01,PR,Writing,0.220
2025-02-01,PS,Multimedia,0.047
2025-02-01,PS,Other/Unknown,0.040
2025-02-01,PS,Practical Guidance,0.347
2025-02-01,PS,Seeking information,0.151
2025-02-01,PS,Self-expression,0.120
2025-02-01,PS,Technical help,0.075
2025-02-01,PS,Writing,0.219
2025-02-01,PT,Multimedia,0.041
2025-02-01,PT,Other/Unknown,0.032
2025-02-01,PT,Practical Guidance,0.280
2025-02-01,PT,Seeking information,0.209
2025-02-01,PT,Self-expression,0.062
2025-02-01,PT,Technical help,0.103
2025-02-01,PT,Writing,0.274
2025-02-01,PY,Multimedia,0.077
2025-02-01,PY,Other/Unknown,0.018
2025-02-01,PY,Practical Guidance,0.343
2025-02-01,PY,Seeking information,0.149
2025-02-01,PY,Self-expression,0.116
2025-02-01,PY,Technical help,0.104
2025-02-01,PY,Writing,0.192
2025-02-01,QA,Multimedia,0.042
2025-02-01,QA,Other/Unknown,0.007
2025-02-01,QA,Practical Guidance,0.315
2025-02-01,QA,Seeking information,0.136
2025-02-01,QA,Self-expression,0.060
2025-02-01,QA,Technical help,0.065
2025-02-01,QA,Writing,0.376
2025-02-01,RE,Multimedia,0.077
2025-02-01,RE,Other/Unknown,0.039
2025-02-01,RE,Practical Guidance,0.263
2025-02-01,RE,Seeking information,0.244
2025-02-01,RE,Self-expression,0.035
2025-02-01,RE,Technical help,0.031
2025-02-01,RE,Writing,0.311
2025-02-01,RO,Multimedia,0.044
2025-02-01,RO,Other/Unknown,0.054
2025-02-01,RO,Practical Guidance,0.290
2025-02-01,RO,Seeking information,0.193
2025-02-01,RO,Self-expression,0.087
2025-02-01,RO,Technical help,0.086
2025-02-01,RO,Writing,0.246
2025-02-01,RS,Multimedia,0.036
2025-02-01,RS,Other/Unknown,0.056
2025-02-01,RS,Practical Guidance,0.278
2025-02-01,RS,Seeking information,0.230
2025-02-01,RS,Self-expression,0.095
2025-02-01,RS,Technical help,0.094
2025-02-01,RS,Writing,0.211
2025-02-01,RW,Multimedia,0.042
2025-02-01,RW,Other/Unknown,0.071
2025-02-01,RW,Practical Guidance,0.233
2025-02-01,RW,Seeking information,0.179
2025-02-01,RW,Self-expression,0.063
2025-02-01,RW,Technical help,0.076
2025-02-01,RW,Writing,0.336
2025-02-01,SA,Multimedia,0.040
2025-02-01,SA,Other/Unknown,0.051
2025-02-01,SA,Practical Guidance,0.267
2025-02-01,SA,Seeking information,0.170
2025-02-01,SA,Self-expression,0.129
2025-02-01,SA,Technical help,0.055
2025-02-01,SA,Writing,0.288
2025-02-01,SC,Multimedia,0.123
2025-02-01,SC,Other/Unknown,0.087
2025-02-01,SC,Practical Guidance,0.158
2025-02-01,SC,Seeking information,0.058
2025-02-01,SC,Self-expression,0.197
2025-02-01,SC,Technical help,0.069
2025-02-01,SC,Writing,0.308
2025-02-01,SD,Multimedia,0.007
2025-02-01,SD,Other/Unknown,0.122
2025-02-01,SD,Practical Guidance,0.329
2025-02-01,SD,Seeking information,0.187
2025-02-01,SD,Self-expression,0.047
2025-02-01,SD,Technical help,0.003
2025-02-01,SD,Writing,0.304
2025-02-01,SE,Multimedia,0.039
2025-02-01,SE,Other/Unknown,0.038
2025-02-01,SE,Practical Guidance,0.273
2025-02-01,SE,Seeking information,0.181
2025-02-01,SE,Self-expression,0.063
2025-02-01,SE,Technical help,0.107
2025-02-01,SE,Writing,0.298
2025-02-01,SG,Multimedia,0.026
2025-02-01,SG,Other/Unknown,0.032
2025-02-01,SG,Practical Guidance,0.250
2025-02-01,SG,Seeking information,0.155
2025-02-01,SG,Self-expression,0.045
2025-02-01,SG,Technical help,0.135
2025-02-01,SG,Writing,0.357
2025-02-01,SI,Multimedia,0.037
2025-02-01,SI,Other/Unknown,0.044
2025-02-01,SI,Practical Guidance,0.257
2025-02-01,SI,Seeking information,0.211
2025-02-01,SI,Self-expression,0.092
2025-02-01,SI,Technical help,0.108
2025-02-01,SI,Writing,0.251
2025-02-01,SK,Multimedia,0.037
2025-02-01,SK,Other/Unknown,0.034
2025-02-01,SK,Practical Guidance,0.320
2025-02-01,SK,Seeking information,0.257
2025-02-01,SK,Self-expression,0.081
2025-02-01,SK,Technical help,0.062
2025-02-01,SK,Writing,0.209
2025-02-01,SN,Multimedia,0.046
2025-02-01,SN,Other/Unknown,0.033
2025-02-01,SN,Practical Guidance,0.269
2025-02-01,SN,Seeking information,0.150
2025-02-01,SN,Self-expression,0.075
2025-02-01,SN,Technical help,0.111
2025-02-01,SN,Writing,0.315
2025-02-01,SO,Multimedia,0.015
2025-02-01,SO,Other/Unknown,0.094
2025-02-01,SO,Practical Guidance,0.242
2025-02-01,SO,Seeking information,0.211
2025-02-01,SO,Self-expression,0.146
2025-02-01,SO,Technical help,0.030
2025-02-01,SO,Writing,0.261
2025-02-01,SV,Multimedia,0.030
2025-02-01,SV,Other/Unknown,0.029
2025-02-01,SV,Practical Guidance,0.336
2025-02-01,SV,Seeking information,0.222
2025-02-01,SV,Self-expression,0.050
2025-02-01,SV,Technical help,0.100
2025-02-01,SV,Writing,0.232
2025-02-01,TH,Multimedia,0.040
2025-02-01,TH,Other/Unknown,0.036
2025-02-01,TH,Practical Guidance,0.292
2025-02-01,TH,Seeking information,0.210
2025-02-01,TH,Self-expression,0.064
2025-02-01,TH,Technical help,0.067
2025-02-01,TH,Writing,0.291
2025-02-01,TJ,Multimedia,0.000
2025-02-01,TJ,Other/Unknown,0.129
2025-02-01,TJ,Practical Guidance,0.248
2025-02-01,TJ,Seeking information,0.259
2025-02-01,TJ,Self-expression,0.109
2025-02-01,TJ,Technical help,0.046
2025-02-01,TJ,Writing,0.208
2025-02-01,TN,Multimedia,0.025
2025-02-01,TN,Other/Unknown,0.065
2025-02-01,TN,Practical Guidance,0.258
2025-02-01,TN,Seeking information,0.135
2025-02-01,TN,Self-expression,0.094
2025-02-01,TN,Technical help,0.116
2025-02-01,TN,Writing,0.308
2025-02-01,TR,Multimedia,0.069
2025-02-01,TR,Other/Unknown,0.056
2025-02-01,TR,Practical Guidance,0.250
2025-02-01,TR,Seeking information,0.191
2025-02-01,TR,Self-expression,0.130
2025-02-01,TR,Technical help,0.070
2025-02-01,TR,Writing,0.234
2025-02-01,TT,Multimedia,0.009
2025-02-01,TT,Other/Unknown,0.064
2025-02-01,TT,Practical Guidance,0.459
2025-02-01,TT,Seeking information,0.141
2025-02-01,TT,Self-expression,0.072
2025-02-01,TT,Technical help,0.095
2025-02-01,TT,Writing,0.160
2025-02-01,TW,Multimedia,0.046
2025-02-01,TW,Other/Unknown,0.058
2025-02-01,TW,Practical Guidance,0.245
2025-02-01,TW,Seeking information,0.162
2025-02-01,TW,Self-expression,0.121
2025-02-01,TW,Technical help,0.097
2025-02-01,TW,Writing,0.270
2025-02-01,TZ,Multimedia,0.026
2025-02-01,TZ,Other/Unknown,0.077
2025-02-01,TZ,Practical Guidance,0.359
2025-02-01,TZ,Seeking information,0.203
2025-02-01,TZ,Self-expression,0.060
2025-02-01,TZ,Technical help,0.062
2025-02-01,TZ,Writing,0.212
2025-02-01,UA,Multimedia,0.037
2025-02-01,UA,Other/Unknown,0.041
2025-02-01,UA,Practical Guidance,0.304
2025-02-01,UA,Seeking information,0.210
2025-02-01,UA,Self-expression,0.084
2025-02-01,UA,Technical help,0.087
2025-02-01,UA,Writing,0.238
2025-02-01,UG,Multimedia,0.028
2025-02-01,UG,Other/Unknown,0.071
2025-02-01,UG,Practical Guidance,0.324
2025-02-01,UG,Seeking information,0.181
2025-02-01,UG,Self-expression,0.068
2025-02-01,UG,Technical help,0.028
2025-02-01,UG,Writing,0.299
2025-02-01,US,Multimedia,0.031
2025-02-01,US,Other/Unknown,0.033
2025-02-01,US,Practical Guidance,0.302
2025-02-01,US,Seeking information,0.190
2025-02-01,US,Self-expression,0.058
2025-02-01,US,Technical help,0.106
2025-02-01,US,Writing,0.280
2025-02-01,UY,Multimedia,0.054
2025-02-01,UY,Other/Unknown,0.049
2025-02-01,UY,Practical Guidance,0.320
2025-02-01,UY,Seeking information,0.191
2025-02-01,UY,Self-expression,0.098
2025-02-01,UY,Technical help,0.078
2025-02-01,UY,Writing,0.210
2025-02-01,UZ,Multimedia,0.063
2025-02-01,UZ,Other/Unknown,0.094
2025-02-01,UZ,Practical Guidance,0.262
2025-02-01,UZ,Seeking information,0.164
2025-02-01,UZ,Self-expression,0.125
2025-02-01,UZ,Technical help,0.050
2025-02-01,UZ,Writing,0.242
2025-02-01,VN,Multimedia,0.046
2025-02-01,VN,Other/Unknown,0.046
2025-02-01,VN,Practical Guidance,0.276
2025-02-01,VN,Seeking information,0.160
2025-02-01,VN,Self-expression,0.079
2025-02-01,VN,Technical help,0.092
2025-02-01,VN,Writing,0.301
2025-02-01,YE,Multimedia,0.060
2025-02-01,YE,Other/Unknown,0.023
2025-02-01,YE,Practical Guidance,0.293
2025-02-01,YE,Seeking information,0.139
2025-02-01,YE,Self-expression,0.126
2025-02-01,YE,Technical help,0.109
2025-02-01,YE,Writing,0.250
2025-02-01,ZA,Multimedia,0.033
2025-02-01,ZA,Other/Unknown,0.042
2025-02-01,ZA,Practical Guidance,0.287
2025-02-01,ZA,Seeking information,0.165
2025-02-01,ZA,Self-expression,0.048
2025-02-01,ZA,Technical help,0.093
2025-02-01,ZA,Writing,0.331
2025-02-01,ZM,Multimedia,0.035
2025-02-01,ZM,Other/Unknown,0.075
2025-02-01,ZM,Practical Guidance,0.312
2025-02-01,ZM,Seeking information,0.184
2025-02-01,ZM,Self-expression,0.058
2025-02-01,ZM,Technical help,0.083
2025-02-01,ZM,Writing,0.253
2025-03-01,AE,Multimedia,0.050
2025-03-01,AE,Other/Unknown,0.054
2025-03-01,AE,Practical Guidance,0.251
2025-03-01,AE,Seeking information,0.178
2025-03-01,AE,Self-expression,0.065
2025-03-01,AE,Technical help,0.058
2025-03-01,AE,Writing,0.344
2025-03-01,AF,Multimedia,0.043
2025-03-01,AF,Other/Unknown,0.085
2025-03-01,AF,Practical Guidance,0.234
2025-03-01,AF,Seeking information,0.197
2025-03-01,AF,Self-expression,0.161
2025-03-01,AF,Technical help,0.016
2025-03-01,AF,Writing,0.265
2025-03-01,AL,Multimedia,0.037
2025-03-01,AL,Other/Unknown,0.057
2025-03-01,AL,Practical Guidance,0.313
2025-03-01,AL,Seeking information,0.169
2025-03-01,AL,Self-expression,0.076
2025-03-01,AL,Technical help,0.085
2025-03-01,AL,Writing,0.263
2025-03-01,AM,Multimedia,0.040
2025-03-01,AM,Other/Unknown,0.062
2025-03-01,AM,Practical Guidance,0.265
2025-03-01,AM,Seeking information,0.150
2025-03-01,AM,Self-expression,0.100
2025-03-01,AM,Technical help,0.082
2025-03-01,AM,Writing,0.301
2025-03-01,AO,Multimedia,0.051
2025-03-01,AO,Other/Unknown,0.091
2025-03-01,AO,Practical Guidance,0.273
2025-03-01,AO,Seeking information,0.192
2025-03-01,AO,Self-expression,0.103
2025-03-01,AO,Technical help,0.022
2025-03-01,AO,Writing,0.269
2025-03-01,AR,Multimedia,0.062
2025-03-01,AR,Other/Unknown,0.044
2025-03-01,AR,Practical Guidance,0.298
2025-03-01,AR,Seeking information,0.184
2025-03-01,AR,Self-expression,0.102
2025-03-01,AR,Technical help,0.080
2025-03-01,AR,Writing,0.230
2025-03-01,AT,Multimedia,0.042
2025-03-01,AT,Other/Unknown,0.037
2025-03-01,AT,Practical Guidance,0.275
2025-03-01,AT,Seeking information,0.201
2025-03-01,AT,Self-expression,0.056
2025-03-01,AT,Technical help,0.083
2025-03-01,AT,Writing,0.307
2025-03-01,AU,Multimedia,0.046
2025-03-01,AU,Other/Unknown,0.027
2025-03-01,AU,Practical Guidance,0.264
2025-03-01,AU,Seeking information,0.174
2025-03-01,AU,Self-expression,0.056
2025-03-01,AU,Technical help,0.074
2025-03-01,AU,Writing,0.359
2025-03-01,AZ,Multimedia,0.041
2025-03-01,AZ,Other/Unknown,0.082
2025-03-01,AZ,Practical Guidance,0.279
2025-03-01,AZ,Seeking information,0.163
2025-03-01,AZ,Self-expression,0.142
2025-03-01,AZ,Technical help,0.056
2025-03-01,AZ,Writing,0.237
2025-03-01,BA,Multimedia,0.066
2025-03-01,BA,Other/Unknown,0.050
2025-03-01,BA,Practical Guidance,0.270
2025-03-01,BA,Seeking information,0.235
2025-03-01,BA,Self-expression,0.090
2025-03-01,BA,Technical help,0.108
2025-03-01,BA,Writing,0.181
2025-03-01,BD,Multimedia,0.060
2025-03-01,BD,Other/Unknown,0.065
2025-03-01,BD,Practical Guidance,0.253
2025-03-01,BD,Seeking information,0.183
2025-03-01,BD,Self-expression,0.116
2025-03-01,BD,Technical help,0.066
2025-03-01,BD,Writing,0.256
2025-03-01,BE,Multimedia,0.037
2025-03-01,BE,Other/Unknown,0.043
2025-03-01,BE,Practical Guidance,0.260
2025-03-01,BE,Seeking information,0.200
2025-03-01,BE,Self-expression,0.060
2025-03-01,BE,Technical help,0.068
2025-03-01,BE,Writing,0.331
2025-03-01,BG,Multimedia,0.045
2025-03-01,BG,Other/Unknown,0.058
2025-03-01,BG,Practical Guidance,0.293
2025-03-01,BG,Seeking information,0.197
2025-03-01,BG,Self-expression,0.093
2025-03-01,BG,Technical help,0.084
2025-03-01,BG,Writing,0.230
2025-03-01,BH,Multimedia,0.026
2025-03-01,BH,Other/Unknown,0.014
2025-03-01,BH,Practical Guidance,0.246
2025-03-01,BH,Seeking information,0.268
2025-03-01,BH,Self-expression,0.114
2025-03-01,BH,Technical help,0.027
2025-03-01,BH,Writing,0.307
2025-03-01,BJ,Multimedia,0.028
2025-03-01,BJ,Other/Unknown,0.021
2025-03-01,BJ,Practical Guidance,0.275
2025-03-01,BJ,Seeking information,0.183
2025-03-01,BJ,Self-expression,0.117
2025-03-01,BJ,Technical help,0.068
2025-03-01,BJ,Writing,0.308
2025-03-01,BO,Multimedia,0.062
2025-03-01,BO,Other/Unknown,0.019
2025-03-01,BO,Practical Guidance,0.320
2025-03-01,BO,Seeking information,0.217
2025-03-01,BO,Self-expression,0.052
2025-03-01,BO,Technical help,0.058
2025-03-01,BO,Writing,0.272
2025-03-01,BR,Multimedia,0.068
2025-03-01,BR,Other/Unknown,0.042
2025-03-01,BR,Practical Guidance,0.283
2025-03-01,BR,Seeking information,0.159
2025-03-01,BR,Self-expression,0.071
2025-03-01,BR,Technical help,0.072
2025-03-01,BR,Writing,0.305
2025-03-01,CA,Multimedia,0.037
2025-03-01,CA,Other/Unknown,0.033
2025-03-01,CA,Practical Guidance,0.294
2025-03-01,CA,Seeking information,0.185
2025-03-01,CA,Self-expression,0.057
2025-03-01,CA,Technical help,0.085
2025-03-01,CA,Writing,0.309
2025-03-01,CD,Multimedia,0.060
2025-03-01,CD,Other/Unknown,0.055
2025-03-01,CD,Practical Guidance,0.255
2025-03-01,CD,Seeking information,0.142
2025-03-01,CD,Self-expression,0.104
2025-03-01,CD,Technical help,0.047
2025-03-01,CD,Writing,0.337
2025-03-01,CH,Multimedia,0.040
2025-03-01,CH,Other/Unknown,0.040
2025-03-01,CH,Practical Guidance,0.261
2025-03-01,CH,Seeking information,0.206
2025-03-01,CH,Self-expression,0.058
2025-03-01,CH,Technical help,0.073
2025-03-01,CH,Writing,0.322
2025-03-01,CI,Multimedia,0.087
2025-03-01,CI,Other/Unknown,0.068
2025-03-01,CI,Practical Guidance,0.265
2025-03-01,CI,Seeking information,0.139
2025-03-01,CI,Self-expression,0.080
2025-03-01,CI,Technical help,0.079
2025-03-01,CI,Writing,0.282
2025-03-01,CL,Multimedia,0.068
2025-03-01,CL,Other/Unknown,0.039
2025-03-01,CL,Practical Guidance,0.291
2025-03-01,CL,Seeking information,0.192
2025-03-01,CL,Self-expression,0.088
2025-03-01,CL,Technical help,0.065
2025-03-01,CL,Writing,0.256
2025-03-01,CM,Multimedia,0.043
2025-03-01,CM,Other/Unknown,0.116
2025-03-01,CM,Practical Guidance,0.247
2025-03-01,CM,Seeking information,0.201
2025-03-01,CM,Self-expression,0.047
2025-03-01,CM,Technical help,0.109
2025-03-01,CM,Writing,0.238
2025-03-01,CO,Multimedia,0.079
2025-03-01,CO,Other/Unknown,0.042
2025-03-01,CO,Practical Guidance,0.302
2025-03-01,CO,Seeking information,0.152
2025-03-01,CO,Self-expression,0.056
2025-03-01,CO,Technical help,0.088
2025-03-01,CO,Writing,0.281
2025-03-01,CR,Multimedia,0.059
2025-03-01,CR,Other/Unknown,0.039
2025-03-01,CR,Practical Guidance,0.281
2025-03-01,CR,Seeking information,0.188
2025-03-01,CR,Self-expression,0.066
2025-03-01,CR,Technical help,0.088
2025-03-01,CR,Writing,0.279
2025-03-01,CY,Multimedia,0.060
2025-03-01,CY,Other/Unknown,0.061
2025-03-01,CY,Practical Guidance,0.261
2025-03-01,CY,Seeking information,0.208
2025-03-01,CY,Self-expression,0.068
2025-03-01,CY,Technical help,0.097
2025-03-01,CY,Writing,0.246
2025-03-01,CZ,Multimedia,0.042
2025-03-01,CZ,Other/Unknown,0.036
2025-03-01,CZ,Practical Guidance,0.293
2025-03-01,CZ,Seeking information,0.251
2025-03-01,CZ,Self-expression,0.072
2025-03-01,CZ,Technical help,0.076
2025-03-01,CZ,Writing,0.230
2025-03-01,DE,Multimedia,0.043
2025-03-01,DE,Other/Unknown,0.041
2025-03-01,DE,Practical Guidance,0.277
2025-03-01,DE,Seeking information,0.200
2025-03-01,DE,Self-expression,0.077
2025-03-01,DE,Technical help,0.060
2025-03-01,DE,Writing,0.303
2025-03-01,DK,Multimedia,0.036
2025-03-01,DK,Other/Unknown,0.035
2025-03-01,DK,Practical Guidance,0.270
2025-03-01,DK,Seeking information,0.178
2025-03-01,DK,Self-expression,0.049
2025-03-01,DK,Technical help,0.075
2025-03-01,DK,Writing,0.357
2025-03-01,DO,Multimedia,0.056
2025-03-01,DO,Other/Unknown,0.052
2025-03-01,DO,Practical Guidance,0.353
2025-03-01,DO,Seeking information,0.198
2025-03-01,DO,Self-expression,0.052
2025-03-01,DO,Technical help,0.040
2025-03-01,DO,Writing,0.250
2025-03-01,DZ,Multimedia,0.059
2025-03-01,DZ,Other/Unknown,0.070
2025-03-01,DZ,Practical Guidance,0.270
2025-03-01,DZ,Seeking information,0.196
2025-03-01,DZ,Self-expression,0.141
2025-03-01,DZ,Technical help,0.037
2025-03-01,DZ,Writing,0.227
2025-03-01,EC,Multimedia,0.068
2025-03-01,EC,Other/Unknown,0.027
2025-03-01,EC,Practical Guidance,0.309
2025-03-01,EC,Seeking information,0.176
2025-03-01,EC,Self-expression,0.057
2025-03-01,EC,Technical help,0.066
2025-03-01,EC,Writing,0.298
2025-03-01,EE,Multimedia,0.036
2025-03-01,EE,Other/Unknown,0.035
2025-03-01,EE,Practical Guidance,0.312
2025-03-01,EE,Seeking information,0.187
2025-03-01,EE,Self-expression,0.049
2025-03-01,EE,Technical help,0.107
2025-03-01,EE,Writing,0.273
2025-03-01,EG,Multimedia,0.065
2025-03-01,EG,Other/Unknown,0.067
2025-03-01,EG,Practical Guidance,0.294
2025-03-01,EG,Seeking information,0.178
2025-03-01,EG,Self-expression,0.145
2025-03-01,EG,Technical help,0.050
2025-03-01,EG,Writing,0.200
2025-03-01,ES,Multimedia,0.053
2025-03-01,ES,Other/Unknown,0.037
2025-03-01,ES,Practical Guidance,0.300
2025-03-01,ES,Seeking information,0.197
2025-03-01,ES,Self-expression,0.063
2025-03-01,ES,Technical help,0.078
2025-03-01,ES,Writing,0.273
2025-03-01,ET,Multimedia,0.036
2025-03-01,ET,Other/Unknown,0.044
2025-03-01,ET,Practical Guidance,0.354
2025-03-01,ET,Seeking information,0.156
2025-03-01,ET,Self-expression,0.084
2025-03-01,ET,Technical help,0.101
2025-03-01,ET,Writing,0.224
2025-03-01,FI,Multimedia,0.042
2025-03-01,FI,Other/Unknown,0.038
2025-03-01,FI,Practical Guidance,0.259
2025-03-01,FI,Seeking information,0.202
2025-03-01,FI,Self-expression,0.092
2025-03-01,FI,Technical help,0.078
2025-03-01,FI,Writing,0.289
2025-03-01,FR,Multimedia,0.049
2025-03-01,FR,Other/Unknown,0.040
2025-03-01,FR,Practical Guidance,0.260
2025-03-01,FR,Seeking information,0.186
2025-03-01,FR,Self-expression,0.065
2025-03-01,FR,Technical help,0.067
2025-03-01,FR,Writing,0.333
2025-03-01,GB,Multimedia,0.042
2025-03-01,GB,Other/Unknown,0.037
2025-03-01,GB,Practical Guidance,0.260
2025-03-01,GB,Seeking information,0.182
2025-03-01,GB,Self-expression,0.065
2025-03-01,GB,Technical help,0.084
2025-03-01,GB,Writing,0.330
2025-03-01,GE,Multimedia,0.011
2025-03-01,GE,Other/Unknown,0.087
2025-03-01,GE,Practical Guidance,0.315
2025-03-01,GE,Seeking information,0.202
2025-03-01,GE,Self-expression,0.093
2025-03-01,GE,Technical help,0.056
2025-03-01,GE,Writing,0.235
2025-03-01,GH,Multimedia,0.046
2025-03-01,GH,Other/Unknown,0.049
2025-03-01,GH,Practical Guidance,0.330
2025-03-01,GH,Seeking information,0.169
2025-03-01,GH,Self-expression,0.066
2025-03-01,GH,Technical help,0.100
2025-03-01,GH,Writing,0.240
2025-03-01,GR,Multimedia,0.056
2025-03-01,GR,Other/Unknown,0.054
2025-03-01,GR,Practical Guidance,0.263
2025-03-01,GR,Seeking information,0.221
2025-03-01,GR,Self-expression,0.087
2025-03-01,GR,Technical help,0.065
2025-03-01,GR,Writing,0.253
2025-03-01,GT,Multimedia,0.048
2025-03-01,GT,Other/Unknown,0.039
2025-03-01,GT,Practical Guidance,0.359
2025-03-01,GT,Seeking information,0.161
2025-03-01,GT,Self-expression,0.057
2025-03-01,GT,Technical help,0.074
2025-03-01,GT,Writing,0.262
2025-03-01,HN,Multimedia,0.046
2025-03-01,HN,Other/Unknown,0.042
2025-03-01,HN,Practical Guidance,0.327
2025-03-01,HN,Seeking information,0.161
2025-03-01,HN,Self-expression,0.070
2025-03-01,HN,Technical help,0.102
2025-03-01,HN,Writing,0.252
2025-03-01,HR,Multimedia,0.045
2025-03-01,HR,Other/Unknown,0.043
2025-03-01,HR,Practical Guidance,0.262
2025-03-01,HR,Seeking information,0.279
2025-03-01,HR,Self-expression,0.080
2025-03-01,HR,Technical help,0.089
2025-03-01,HR,Writing,0.203
2025-03-01,HT,Multimedia,0.091
2025-03-01,HT,Other/Unknown,0.049
2025-03-01,HT,Practical Guidance,0.210
2025-03-01,HT,Seeking information,0.248
2025-03-01,HT,Self-expression,0.085
2025-03-01,HT,Technical help,0.040
2025-03-01,HT,Writing,0.278
2025-03-01,HU,Multimedia,0.044
2025-03-01,HU,Other/Unknown,0.043
2025-03-01,HU,Practical Guidance,0.260
2025-03-01,HU,Seeking information,0.222
2025-03-01,HU,Self-expression,0.110
2025-03-01,HU,Technical help,0.090
2025-03-01,HU,Writing,0.231
2025-03-01,ID,Multimedia,0.040
2025-03-01,ID,Other/Unknown,0.033
2025-03-01,ID,Practical Guidance,0.314
2025-03-01,ID,Seeking information,0.178
2025-03-01,ID,Self-expression,0.079
2025-03-01,ID,Technical help,0.072
2025-03-01,ID,Writing,0.283
2025-03-01,IE,Multimedia,0.039
2025-03-01,IE,Other/Unknown,0.032
2025-03-01,IE,Practical Guidance,0.302
2025-03-01,IE,Seeking information,0.195
2025-03-01,IE,Self-expression,0.063
2025-03-01,IE,Technical help,0.076
2025-03-01,IE,Writing,0.292
2025-03-01,IL,Multimedia,0.062
2025-03-01,IL,Other/Unknown,0.058
2025-03-01,IL,Practical Guidance,0.292
2025-03-01,IL,Seeking information,0.179
2025-03-01,IL,Self-expression,0.095
2025-03-01,IL,Technical help,0.094
2025-03-01,IL,Writing,0.220
2025-03-01,IN,Multimedia,0.091
2025-03-01,IN,Other/Unknown,0.053
2025-03-01,IN,Practical Guidance,0.269
2025-03-01,IN,Seeking information,0.151
2025-03-01,IN,Self-expression,0.065
2025-03-01,IN,Technical help,0.139
2025-03-01,IN,Writing,0.233
2025-03-01,IQ,Multimedia,0.064
2025-03-01,IQ,Other/Unknown,0.065
2025-03-01,IQ,Practical Guidance,0.268
2025-03-01,IQ,Seeking information,0.205
2025-03-01,IQ,Self-expression,0.145
2025-03-01,IQ,Technical help,0.030
2025-03-01,IQ,Writing,0.222
2025-03-01,IT,Multimedia,0.055
2025-03-01,IT,Other/Unknown,0.041
2025-03-01,IT,Practical Guidance,0.281
2025-03-01,IT,Seeking information,0.198
2025-03-01,IT,Self-expression,0.072
2025-03-01,IT,Technical help,0.075
2025-03-01,IT,Writing,0.280
2025-03-01,JM,Multimedia,0.000
2025-03-01,JM,Other/Unknown,0.059
2025-03-01,JM,Practical Guidance,0.323
2025-03-01,JM,Seeking information,0.166
2025-03-01,JM,Self-expression,0.038
2025-03-01,JM,Technical help,0.071
2025-03-01,JM,Writing,0.343
2025-03-01,JO,Multimedia,0.061
2025-03-01,JO,Other/Unknown,0.052
2025-03-01,JO,Practical Guidance,0.282
2025-03-01,JO,Seeking information,0.188
2025-03-01,JO,Self-expression,0.089
2025-03-01,JO,Technical help,0.075
2025-03-01,JO,Writing,0.252
2025-03-01,JP,Multimedia,0.040
2025-03-01,JP,Other/Unknown,0.043
2025-03-01,JP,Practical Guidance,0.230
2025-03-01,JP,Seeking information,0.157
2025-03-01,JP,Self-expression,0.116
2025-03-01,JP,Technical help,0.089
2025-03-01,JP,Writing,0.326
2025-03-01,KE,Multimedia,0.030
2025-03-01,KE,Other/Unknown,0.050
2025-03-01,KE,Practical Guidance,0.317
2025-03-01,KE,Seeking information,0.197
2025-03-01,KE,Self-expression,0.079
2025-03-01,KE,Technical help,0.076
2025-03-01,KE,Writing,0.251
2025-03-01,KG,Multimedia,0.054
2025-03-01,KG,Other/Unknown,0.051
2025-03-01,KG,Practical Guidance,0.297
2025-03-01,KG,Seeking information,0.219
2025-03-01,KG,Self-expression,0.084
2025-03-01,KG,Technical help,0.042
2025-03-01,KG,Writing,0.254
2025-03-01,KH,Multimedia,0.051
2025-03-01,KH,Other/Unknown,0.060
2025-03-01,KH,Practical Guidance,0.240
2025-03-01,KH,Seeking information,0.141
2025-03-01,KH,Self-expression,0.070
2025-03-01,KH,Technical help,0.064
2025-03-01,KH,Writing,0.376
2025-03-01,KR,Multimedia,0.059
2025-03-01,KR,Other/Unknown,0.056
2025-03-01,KR,Practical Guidance,0.251
2025-03-01,KR,Seeking information,0.177
2025-03-01,KR,Self-expression,0.088
2025-03-01,KR,Technical help,0.082
2025-03-01,KR,Writing,0.288
2025-03-01,KW,Multimedia,0.025
2025-03-01,KW,Other/Unknown,0.051
2025-03-01,KW,Practical Guidance,0.266
2025-03-01,KW,Seeking information,0.219
2025-03-01,KW,Self-expression,0.095
2025-03-01,KW,Technical help,0.064
2025-03-01,KW,Writing,0.281
2025-03-01,KZ,Multimedia,0.042
2025-03-01,KZ,Other/Unknown,0.068
2025-03-01,KZ,Practical Guidance,0.287
2025-03-01,KZ,Seeking information,0.174
2025-03-01,KZ,Self-expression,0.109
2025-03-01,KZ,Technical help,0.054
2025-03-01,KZ,Writing,0.266
2025-03-01,LB,Multimedia,0.075
2025-03-01,LB,Other/Unknown,0.052
2025-03-01,LB,Practical Guidance,0.312
2025-03-01,LB,Seeking information,0.179
2025-03-01,LB,Self-expression,0.098
2025-03-01,LB,Technical help,0.041
2025-03-01,LB,Writing,0.243
2025-03-01,LK,Multimedia,0.055
2025-03-01,LK,Other/Unknown,0.049
2025-03-01,LK,Practical Guidance,0.266
2025-03-01,LK,Seeking information,0.153
2025-03-01,LK,Self-expression,0.042
2025-03-01,LK,Technical help,0.109
2025-03-01,LK,Writing,0.327
2025-03-01,LT,Multimedia,0.023
2025-03-01,LT,Other/Unknown,0.038
2025-03-01,LT,Practical Guidance,0.300
2025-03-01,LT,Seeking information,0.218
2025-03-01,LT,Self-expression,0.093
2025-03-01,LT,Technical help,0.079
2025-03-01,LT,Writing,0.248
2025-03-01,LU,Multimedia,0.084
2025-03-01,LU,Other/Unknown,0.079
2025-03-01,LU,Practical Guidance,0.255
2025-03-01,LU,Seeking information,0.164
2025-03-01,LU,Self-expression,0.055
2025-03-01,LU,Technical help,0.034
2025-03-01,LU,Writing,0.328
2025-03-01,LV,Multimedia,0.019
2025-03-01,LV,Other/Unknown,0.039
2025-03-01,LV,Practical Guidance,0.312
2025-03-01,LV,Seeking information,0.197
2025-03-01,LV,Self-expression,0.063
2025-03-01,LV,Technical help,0.099
2025-03-01,LV,Writing,0.272
2025-03-01,LY,Multimedia,0.065
2025-03-01,LY,Other/Unknown,0.062
2025-03-01,LY,Practical Guidance,0.290
2025-03-01,LY,Seeking information,0.198
2025-03-01,LY,Self-expression,0.207
2025-03-01,LY,Technical help,0.004
2025-03-01,LY,Writing,0.176
2025-03-01,MA,Multimedia,0.059
2025-03-01,MA,Other/Unknown,0.062
2025-03-01,MA,Practical Guidance,0.261
2025-03-01,MA,Seeking information,0.166
2025-03-01,MA,Self-expression,0.088
2025-03-01,MA,Technical help,0.055
2025-03-01,MA,Writing,0.308
2025-03-01,MD,Multimedia,0.066
2025-03-01,MD,Other/Unknown,0.037
2025-03-01,MD,Practical Guidance,0.306
2025-03-01,MD,Seeking information,0.171
2025-03-01,MD,Self-expression,0.060
2025-03-01,MD,Technical help,0.082
2025-03-01,MD,Writing,0.278
2025-03-01,ME,Multimedia,0.081
2025-03-01,ME,Other/Unknown,0.052
2025-03-01,ME,Practical Guidance,0.213
2025-03-01,ME,Seeking information,0.182
2025-03-01,ME,Self-expression,0.069
2025-03-01,ME,Technical help,0.129
2025-03-01,ME,Writing,0.274
2025-03-01,MG,Multimedia,0.057
2025-03-01,MG,Other/Unknown,0.030
2025-03-01,MG,Practical Guidance,0.216
2025-03-01,MG,Seeking information,0.151
2025-03-01,MG,Self-expression,0.132
2025-03-01,MG,Technical help,0.081
2025-03-01,MG,Writing,0.332
2025-03-01,MK,Multimedia,0.037
2025-03-01,MK,Other/Unknown,0.030
2025-03-01,MK,Practical Guidance,0.275
2025-03-01,MK,Seeking information,0.215
2025-03-01,MK,Self-expression,0.047
2025-03-01,MK,Technical help,0.132
2025-03-01,MK,Writing,0.263
2025-03-01,MM,Multimedia,0.033
2025-03-01,MM,Other/Unknown,0.097
2025-03-01,MM,Practical Guidance,0.355
2025-03-01,MM,Seeking information,0.131
2025-03-01,MM,Self-expression,0.081
2025-03-01,MM,Technical help,0.044
2025-03-01,MM,Writing,0.258
2025-03-01,MN,Multimedia,0.057
2025-03-01,MN,Other/Unknown,0.086
2025-03-01,MN,Practical Guidance,0.327
2025-03-01,MN,Seeking information,0.202
2025-03-01,MN,Self-expression,0.050
2025-03-01,MN,Technical help,0.073
2025-03-01,MN,Writing,0.206
2025-03-01,MT,Multimedia,0.075
2025-03-01,MT,Other/Unknown,0.052
2025-03-01,MT,Practical Guidance,0.282
2025-03-01,MT,Seeking information,0.165
2025-03-01,MT,Self-expression,0.029
2025-03-01,MT,Technical help,0.081
2025-03-01,MT,Writing,0.315
2025-03-01,MX,Multimedia,0.045
2025-03-01,MX,Other/Unknown,0.034
2025-03-01,MX,Practical Guidance,0.319
2025-03-01,MX,Seeking information,0.193
2025-03-01,MX,Self-expression,0.069
2025-03-01,MX,Technical help,0.078
2025-03-01,MX,Writing,0.261
2025-03-01,MY,Multimedia,0.053
2025-03-01,MY,Other/Unknown,0.041
2025-03-01,MY,Practical Guidance,0.244
2025-03-01,MY,Seeking information,0.161
2025-03-01,MY,Self-expression,0.121
2025-03-01,MY,Technical help,0.053
2025-03-01,MY,Writing,0.326
2025-03-01,MZ,Multimedia,0.054
2025-03-01,MZ,Other/Unknown,0.069
2025-03-01,MZ,Practical Guidance,0.307
2025-03-01,MZ,Seeking information,0.192
2025-03-01,MZ,Self-expression,0.076
2025-03-01,MZ,Technical help,0.033
2025-03-01,MZ,Writing,0.269
2025-03-01,NG,Multimedia,0.036
2025-03-01,NG,Other/Unknown,0.045
2025-03-01,NG,Practical Guidance,0.266
2025-03-01,NG,Seeking information,0.162
2025-03-01,NG,Self-expression,0.078
2025-03-01,NG,Technical help,0.058
2025-03-01,NG,Writing,0.354
2025-03-01,NI,Multimedia,0.072
2025-03-01,NI,Other/Unknown,0.033
2025-03-01,NI,Practical Guidance,0.389
2025-03-01,NI,Seeking information,0.145
2025-03-01,NI,Self-expression,0.081
2025-03-01,NI,Technical help,0.044
2025-03-01,NI,Writing,0.237
2025-03-01,NL,Multimedia,0.037
2025-03-01,NL,Other/Unknown,0.034
2025-03-01,NL,Practical Guidance,0.270
2025-03-01,NL,Seeking information,0.179
2025-03-01,NL,Self-expression,0.066
2025-03-01,NL,Technical help,0.086
2025-03-01,NL,Writing,0.327
2025-03-01,NO,Multimedia,0.050
2025-03-01,NO,Other/Unknown,0.035
2025-03-01,NO,Practical Guidance,0.258
2025-03-01,NO,Seeking information,0.215
2025-03-01,NO,Self-expression,0.072
2025-03-01,NO,Technical help,0.081
2025-03-01,NO,Writing,0.290
2025-03-01,NP,Multimedia,0.047
2025-03-01,NP,Other/Unknown,0.048
2025-03-01,NP,Practical Guidance,0.336
2025-03-01,NP,Seeking information,0.174
2025-03-01,NP,Self-expression,0.057
2025-03-01,NP,Technical help,0.099
2025-03-01,NP,Writing,0.239
2025-03-01,NZ,Multimedia,0.048
2025-03-01,NZ,Other/Unknown,0.038
2025-03-01,NZ,Practical Guidance,0.240
2025-03-01,NZ,Seeking information,0.174
2025-03-01,NZ,Self-expression,0.060
2025-03-01,NZ,Technical help,0.066
2025-03-01,NZ,Writing,0.375
2025-03-01,OM,Multimedia,0.062
2025-03-01,OM,Other/Unknown,0.072
2025-03-01,OM,Practical Guidance,0.265
2025-03-01,OM,Seeking information,0.120
2025-03-01,OM,Self-expression,0.086
2025-03-01,OM,Technical help,0.049
2025-03-01,OM,Writing,0.345
2025-03-01,PA,Multimedia,0.068
2025-03-01,PA,Other/Unknown,0.044
2025-03-01,PA,Practical Guidance,0.283
2025-03-01,PA,Seeking information,0.188
2025-03-01,PA,Self-expression,0.070
2025-03-01,PA,Technical help,0.053
2025-03-01,PA,Writing,0.295
2025-03-01,PE,Multimedia,0.066
2025-03-01,PE,Other/Unknown,0.040
2025-03-01,PE,Practical Guidance,0.296
2025-03-01,PE,Seeking information,0.151
2025-03-01,PE,Self-expression,0.077
2025-03-01,PE,Technical help,0.066
2025-03-01,PE,Writing,0.305
2025-03-01,PH,Multimedia,0.038
2025-03-01,PH,Other/Unknown,0.035
2025-03-01,PH,Practical Guidance,0.285
2025-03-01,PH,Seeking information,0.141
2025-03-01,PH,Self-expression,0.043
2025-03-01,PH,Technical help,0.062
2025-03-01,PH,Writing,0.396
2025-03-01,PK,Multimedia,0.066
2025-03-01,PK,Other/Unknown,0.052
2025-03-01,PK,Practical Guidance,0.278
2025-03-01,PK,Seeking information,0.149
2025-03-01,PK,Self-expression,0.066
2025-03-01,PK,Technical help,0.098
2025-03-01,PK,Writing,0.291
2025-03-01,PL,Multimedia,0.043
2025-03-01,PL,Other/Unknown,0.045
2025-03-01,PL,Practical Guidance,0.303
2025-03-01,PL,Seeking information,0.227
2025-03-01,PL,Self-expression,0.068
2025-03-01,PL,Technical help,0.080
2025-03-01,PL,Writing,0.234
2025-03-01,PR,Multimedia,0.041
2025-03-01,PR,Other/Unknown,0.059
2025-03-01,PR,Practical Guidance,0.301
2025-03-01,PR,Seeking information,0.191
2025-03-01,PR,Self-expression,0.084
2025-03-01,PR,Technical help,0.036
2025-03-01,PR,Writing,0.288
2025-03-01,PS,Multimedia,0.074
2025-03-01,PS,Other/Unknown,0.048
2025-03-01,PS,Practical Guidance,0.350
2025-03-01,PS,Seeking information,0.192
2025-03-01,PS,Self-expression,0.076
2025-03-01,PS,Technical help,0.079
2025-03-01,PS,Writing,0.181
2025-03-01,PT,Multimedia,0.035
2025-03-01,PT,Other/Unknown,0.031
2025-03-01,PT,Practical Guidance,0.282
2025-03-01,PT,Seeking information,0.224
2025-03-01,PT,Self-expression,0.068
2025-03-01,PT,Technical help,0.078
2025-03-01,PT,Writing,0.281
2025-03-01,PY,Multimedia,0.043
2025-03-01,PY,Other/Unknown,0.008
2025-03-01,PY,Practical Guidance,0.374
2025-03-01,PY,Seeking information,0.174
2025-03-01,PY,Self-expression,0.085
2025-03-01,PY,Technical help,0.062
2025-03-01,PY,Writing,0.254
2025-03-01,QA,Multimedia,0.040
2025-03-01,QA,Other/Unknown,0.046
2025-03-01,QA,Practical Guidance,0.250
2025-03-01,QA,Seeking information,0.186
2025-03-01,QA,Self-expression,0.064
2025-03-01,QA,Technical help,0.064
2025-03-01,QA,Writing,0.349
2025-03-01,RE,Multimedia,0.101
2025-03-01,RE,Other/Unknown,0.034
2025-03-01,RE,Practical Guidance,0.200
2025-03-01,RE,Seeking information,0.143
2025-03-01,RE,Self-expression,0.089
2025-03-01,RE,Technical help,0.083
2025-03-01,RE,Writing,0.349
2025-03-01,RO,Multimedia,0.041
2025-03-01,RO,Other/Unknown,0.054
2025-03-01,RO,Practical Guidance,0.307
2025-03-01,RO,Seeking information,0.205
2025-03-01,RO,Self-expression,0.085
2025-03-01,RO,Technical help,0.084
2025-03-01,RO,Writing,0.224
2025-03-01,RS,Multimedia,0.033
2025-03-01,RS,Other/Unknown,0.053
2025-03-01,RS,Practical Guidance,0.305
2025-03-01,RS,Seeking information,0.208
2025-03-01,RS,Self-expression,0.094
2025-03-01,RS,Technical help,0.066
2025-03-01,RS,Writing,0.241
2025-03-01,RW,Multimedia,0.106
2025-03-01,RW,Other/Unknown,0.065
2025-03-01,RW,Practical Guidance,0.304
2025-03-01,RW,Seeking information,0.230
2025-03-01,RW,Self-expression,0.015
2025-03-01,RW,Technical help,0.025
2025-03-01,RW,Writing,0.255
2025-03-01,SA,Multimedia,0.049
2025-03-01,SA,Other/Unknown,0.055
2025-03-01,SA,Practical Guidance,0.239
2025-03-01,SA,Seeking information,0.201
2025-03-01,SA,Self-expression,0.131
2025-03-01,SA,Technical help,0.044
2025-03-01,SA,Writing,0.281
2025-03-01,SC,Multimedia,0.098
2025-03-01,SC,Other/Unknown,0.062
2025-03-01,SC,Practical Guidance,0.134
2025-03-01,SC,Seeking information,0.046
2025-03-01,SC,Self-expression,0.188
2025-03-01,SC,Technical help,0.059
2025-03-01,SC,Writing,0.412
2025-03-01,SE,Multimedia,0.037
2025-03-01,SE,Other/Unknown,0.030
2025-03-01,SE,Practical Guidance,0.283
2025-03-01,SE,Seeking information,0.203
2025-03-01,SE,Self-expression,0.067
2025-03-01,SE,Technical help,0.081
2025-03-01,SE,Writing,0.299
2025-03-01,SG,Multimedia,0.025
2025-03-01,SG,Other/Unknown,0.029
2025-03-01,SG,Practical Guidance,0.244
2025-03-01,SG,Seeking information,0.166
2025-03-01,SG,Self-expression,0.046
2025-03-01,SG,Technical help,0.139
2025-03-01,SG,Writing,0.351
2025-03-01,SI,Multimedia,0.014
2025-03-01,SI,Other/Unknown,0.038
2025-03-01,SI,Practical Guidance,0.317
2025-03-01,SI,Seeking information,0.250
2025-03-01,SI,Self-expression,0.038
2025-03-01,SI,Technical help,0.062
2025-03-01,SI,Writing,0.280
2025-03-01,SK,Multimedia,0.042
2025-03-01,SK,Other/Unknown,0.048
2025-03-01,SK,Practical Guidance,0.311
2025-03-01,SK,Seeking information,0.218
2025-03-01,SK,Self-expression,0.065
2025-03-01,SK,Technical help,0.103
2025-03-01,SK,Writing,0.214
2025-03-01,SN,Multimedia,0.058
2025-03-01,SN,Other/Unknown,0.063
2025-03-01,SN,Practical Guidance,0.352
2025-03-01,SN,Seeking information,0.107
2025-03-01,SN,Self-expression,0.081
2025-03-01,SN,Technical help,0.049
2025-03-01,SN,Writing,0.290
2025-03-01,SO,Multimedia,0.056
2025-03-01,SO,Other/Unknown,0.101
2025-03-01,SO,Practical Guidance,0.297
2025-03-01,SO,Seeking information,0.141
2025-03-01,SO,Self-expression,0.091
2025-03-01,SO,Technical help,0.037
2025-03-01,SO,Writing,0.277
2025-03-01,SV,Multimedia,0.068
2025-03-01,SV,Other/Unknown,0.037
2025-03-01,SV,Practical Guidance,0.316
2025-03-01,SV,Seeking information,0.179
2025-03-01,SV,Self-expression,0.070
2025-03-01,SV,Technical help,0.076
2025-03-01,SV,Writing,0.254
2025-03-01,TH,Multimedia,0.037
2025-03-01,TH,Other/Unknown,0.041
2025-03-01,TH,Practical Guidance,0.271
2025-03-01,TH,Seeking information,0.191
2025-03-01,TH,Self-expression,0.085
2025-03-01,TH,Technical help,0.075
2025-03-01,TH,Writing,0.300
2025-03-01,TN,Multimedia,0.064
2025-03-01,TN,Other/Unknown,0.093
2025-03-01,TN,Practical Guidance,0.223
2025-03-01,TN,Seeking information,0.140
2025-03-01,TN,Self-expression,0.105
2025-03-01,TN,Technical help,0.090
2025-03-01,TN,Writing,0.285
2025-03-01,TR,Multimedia,0.063
2025-03-01,TR,Other/Unknown,0.057
2025-03-01,TR,Practical Guidance,0.272
2025-03-01,TR,Seeking information,0.183
2025-03-01,TR,Self-expression,0.129
2025-03-01,TR,Technical help,0.071
2025-03-01,TR,Writing,0.225
2025-03-01,TT,Multimedia,0.103
2025-03-01,TT,Other/Unknown,0.033
2025-03-01,TT,Practical Guidance,0.313
2025-03-01,TT,Seeking information,0.100
2025-03-01,TT,Self-expression,0.153
2025-03-01,TT,Technical help,0.057
2025-03-01,TT,Writing,0.240
2025-03-01,TW,Multimedia,0.086
2025-03-01,TW,Other/Unknown,0.047
2025-03-01,TW,Practical Guidance,0.243
2025-03-01,TW,Seeking information,0.153
2025-03-01,TW,Self-expression,0.107
2025-03-01,TW,Technical help,0.082
2025-03-01,TW,Writing,0.282
2025-03-01,TZ,Multimedia,0.069
2025-03-01,TZ,Other/Unknown,0.040
2025-03-01,TZ,Practical Guidance,0.276
2025-03-01,TZ,Seeking information,0.205
2025-03-01,TZ,Self-expression,0.075
2025-03-01,TZ,Technical help,0.049
2025-03-01,TZ,Writing,0.286
2025-03-01,UA,Multimedia,0.043
2025-03-01,UA,Other/Unknown,0.044
2025-03-01,UA,Practical Guidance,0.305
2025-03-01,UA,Seeking information,0.190
2025-03-01,UA,Self-expression,0.082
2025-03-01,UA,Technical help,0.085
2025-03-01,UA,Writing,0.250
2025-03-01,UG,Multimedia,0.004
2025-03-01,UG,Other/Unknown,0.065
2025-03-01,UG,Practical Guidance,0.337
2025-03-01,UG,Seeking information,0.190
2025-03-01,UG,Self-expression,0.089
2025-03-01,UG,Technical help,0.059
2025-03-01,UG,Writing,0.256
2025-03-01,US,Multimedia,0.039
2025-03-01,US,Other/Unknown,0.033
2025-03-01,US,Practical Guidance,0.299
2025-03-01,US,Seeking information,0.190
2025-03-01,US,Self-expression,0.062
2025-03-01,US,Technical help,0.095
2025-03-01,US,Writing,0.282
2025-03-01,UY,Multimedia,0.075
2025-03-01,UY,Other/Unknown,0.029
2025-03-01,UY,Practical Guidance,0.321
2025-03-01,UY,Seeking information,0.211
2025-03-01,UY,Self-expression,0.088
2025-03-01,UY,Technical help,0.080
2025-03-01,UY,Writing,0.196
2025-03-01,UZ,Multimedia,0.072
2025-03-01,UZ,Other/Unknown,0.079
2025-03-01,UZ,Practical Guidance,0.274
2025-03-01,UZ,Seeking information,0.162
2025-03-01,UZ,Self-expression,0.148
2025-03-01,UZ,Technical help,0.054
2025-03-01,UZ,Writing,0.211
2025-03-01,VN,Multimedia,0.053
2025-03-01,VN,Other/Unknown,0.042
2025-03-01,VN,Practical Guidance,0.277
2025-03-01,VN,Seeking information,0.146
2025-03-01,VN,Self-expression,0.087
2025-03-01,VN,Technical help,0.087
2025-03-01,VN,Writing,0.307
2025-03-01,YE,Multimedia,0.067
2025-03-01,YE,Other/Unknown,0.097
2025-03-01,YE,Practical Guidance,0.185
2025-03-01,YE,Seeking information,0.198
2025-03-01,YE,Self-expression,0.076
2025-03-01,YE,Technical help,0.117
2025-03-01,YE,Writing,0.260
2025-03-01,ZA,Multimedia,0.039
2025-03-01,ZA,Other/Unknown,0.040
2025-03-01,ZA,Practical Guidance,0.308
2025-03-01,ZA,Seeking information,0.169
2025-03-01,ZA,Self-expression,0.060
2025-03-01,ZA,Technical help,0.081
2025-03-01,ZA,Writing,0.304
2025-03-01,ZM,Multimedia,0.050
2025-03-01,ZM,Other/Unknown,0.073
2025-03-01,ZM,Practical Guidance,0.351
2025-03-01,ZM,Seeking information,0.207
2025-03-01,ZM,Self-expression,0.082
2025-03-01,ZM,Technical help,0.026
2025-03-01,ZM,Writing,0.212
2025-04-01,AE,Multimedia,0.076
2025-04-01,AE,Other/Unknown,0.053
2025-04-01,AE,Practical Guidance,0.278
2025-04-01,AE,Seeking information,0.158
2025-04-01,AE,Self-expression,0.076
2025-04-01,AE,Technical help,0.046
2025-04-01,AE,Writing,0.313
2025-04-01,AF,Multimedia,0.036
2025-04-01,AF,Other/Unknown,0.080
2025-04-01,AF,Practical Guidance,0.307
2025-04-01,AF,Seeking information,0.143
2025-04-01,AF,Self-expression,0.095
2025-04-01,AF,Technical help,0.032
2025-04-01,AF,Writing,0.308
2025-04-01,AL,Multimedia,0.119
2025-04-01,AL,Other/Unknown,0.079
2025-04-01,AL,Practical Guidance,0.293
2025-04-01,AL,Seeking information,0.161
2025-04-01,AL,Self-expression,0.115
2025-04-01,AL,Technical help,0.050
2025-04-01,AL,Writing,0.183
2025-04-01,AM,Multimedia,0.087
2025-04-01,AM,Other/Unknown,0.062
2025-04-01,AM,Practical Guidance,0.295
2025-04-01,AM,Seeking information,0.142
2025-04-01,AM,Self-expression,0.115
2025-04-01,AM,Technical help,0.115
2025-04-01,AM,Writing,0.184
2025-04-01,AO,Multimedia,0.067
2025-04-01,AO,Other/Unknown,0.084
2025-04-01,AO,Practical Guidance,0.246
2025-04-01,AO,Seeking information,0.108
2025-04-01,AO,Self-expression,0.088
2025-04-01,AO,Technical help,0.054
2025-04-01,AO,Writing,0.354
2025-04-01,AR,Multimedia,0.156
2025-04-01,AR,Other/Unknown,0.053
2025-04-01,AR,Practical Guidance,0.264
2025-04-01,AR,Seeking information,0.129
2025-04-01,AR,Self-expression,0.139
2025-04-01,AR,Technical help,0.053
2025-04-01,AR,Writing,0.206
2025-04-01,AT,Multimedia,0.075
2025-04-01,AT,Other/Unknown,0.037
2025-04-01,AT,Practical Guidance,0.293
2025-04-01,AT,Seeking information,0.185
2025-04-01,AT,Self-expression,0.063
2025-04-01,AT,Technical help,0.068
2025-04-01,AT,Writing,0.280
2025-04-01,AU,Multimedia,0.068
2025-04-01,AU,Other/Unknown,0.040
2025-04-01,AU,Practical Guidance,0.265
2025-04-01,AU,Seeking information,0.171
2025-04-01,AU,Self-expression,0.057
2025-04-01,AU,Technical help,0.077
2025-04-01,AU,Writing,0.321
2025-04-01,AZ,Multimedia,0.093
2025-04-01,AZ,Other/Unknown,0.078
2025-04-01,AZ,Practical Guidance,0.262
2025-04-01,AZ,Seeking information,0.184
2025-04-01,AZ,Self-expression,0.150
2025-04-01,AZ,Technical help,0.042
2025-04-01,AZ,Writing,0.190
2025-04-01,BA,Multimedia,0.113
2025-04-01,BA,Other/Unknown,0.055
2025-04-01,BA,Practical Guidance,0.299
2025-04-01,BA,Seeking information,0.190
2025-04-01,BA,Self-expression,0.115
2025-04-01,BA,Technical help,0.064
2025-04-01,BA,Writing,0.164
2025-04-01,BD,Multimedia,0.099
2025-04-01,BD,Other/Unknown,0.082
2025-04-01,BD,Practical Guidance,0.247
2025-04-01,BD,Seeking information,0.156
2025-04-01,BD,Self-expression,0.134
2025-04-01,BD,Technical help,0.059
2025-04-01,BD,Writing,0.223
2025-04-01,BE,Multimedia,0.083
2025-04-01,BE,Other/Unknown,0.047
2025-04-01,BE,Practical Guidance,0.269
2025-04-01,BE,Seeking information,0.188
2025-04-01,BE,Self-expression,0.052
2025-04-01,BE,Technical help,0.059
2025-04-01,BE,Writing,0.302
2025-04-01,BG,Multimedia,0.096
2025-04-01,BG,Other/Unknown,0.039
2025-04-01,BG,Practical Guidance,0.338
2025-04-01,BG,Seeking information,0.181
2025-04-01,BG,Self-expression,0.095
2025-04-01,BG,Technical help,0.068
2025-04-01,BG,Writing,0.183
2025-04-01,BH,Multimedia,0.079
2025-04-01,BH,Other/Unknown,0.022
2025-04-01,BH,Practical Guidance,0.300
2025-04-01,BH,Seeking information,0.144
2025-04-01,BH,Self-expression,0.160
2025-04-01,BH,Technical help,0.034
2025-04-01,BH,Writing,0.262
2025-04-01,BJ,Multimedia,0.121
2025-04-01,BJ,Other/Unknown,0.000
2025-04-01,BJ,Practical Guidance,0.281
2025-04-01,BJ,Seeking information,0.107
2025-04-01,BJ,Self-expression,0.094
2025-04-01,BJ,Technical help,0.086
2025-04-01,BJ,Writing,0.311
2025-04-01,BO,Multimedia,0.093
2025-04-01,BO,Other/Unknown,0.042
2025-04-01,BO,Practical Guidance,0.322
2025-04-01,BO,Seeking information,0.176
2025-04-01,BO,Self-expression,0.094
2025-04-01,BO,Technical help,0.047
2025-04-01,BO,Writing,0.227
2025-04-01,BR,Multimedia,0.147
2025-04-01,BR,Other/Unknown,0.051
2025-04-01,BR,Practical Guidance,0.254
2025-04-01,BR,Seeking information,0.131
2025-04-01,BR,Self-expression,0.094
2025-04-01,BR,Technical help,0.061
2025-04-01,BR,Writing,0.262
2025-04-01,CA,Multimedia,0.062
2025-04-01,CA,Other/Unknown,0.040
2025-04-01,CA,Practical Guidance,0.283
2025-04-01,CA,Seeking information,0.178
2025-04-01,CA,Self-expression,0.078
2025-04-01,CA,Technical help,0.075
2025-04-01,CA,Writing,0.284
2025-04-01,CD,Multimedia,0.106
2025-04-01,CD,Other/Unknown,0.035
2025-04-01,CD,Practical Guidance,0.192
2025-04-01,CD,Seeking information,0.142
2025-04-01,CD,Self-expression,0.089
2025-04-01,CD,Technical help,0.084
2025-04-01,CD,Writing,0.351
2025-04-01,CH,Multimedia,0.072
2025-04-01,CH,Other/Unknown,0.039
2025-04-01,CH,Practical Guidance,0.262
2025-04-01,CH,Seeking information,0.187
2025-04-01,CH,Self-expression,0.071
2025-04-01,CH,Technical help,0.059
2025-04-01,CH,Writing,0.310
2025-04-01,CI,Multimedia,0.124
2025-04-01,CI,Other/Unknown,0.100
2025-04-01,CI,Practical Guidance,0.220
2025-04-01,CI,Seeking information,0.120
2025-04-01,CI,Self-expression,0.147
2025-04-01,CI,Technical help,0.028
2025-04-01,CI,Writing,0.262
2025-04-01,CL,Multimedia,0.109
2025-04-01,CL,Other/Unknown,0.048
2025-04-01,CL,Practical Guidance,0.280
2025-04-01,CL,Seeking information,0.154
2025-04-01,CL,Self-expression,0.104
2025-04-01,CL,Technical help,0.074
2025-04-01,CL,Writing,0.231
2025-04-01,CM,Multimedia,0.109
2025-04-01,CM,Other/Unknown,0.054
2025-04-01,CM,Practical Guidance,0.332
2025-04-01,CM,Seeking information,0.103
2025-04-01,CM,Self-expression,0.098
2025-04-01,CM,Technical help,0.082
2025-04-01,CM,Writing,0.223
2025-04-01,CO,Multimedia,0.127
2025-04-01,CO,Other/Unknown,0.049
2025-04-01,CO,Practical Guidance,0.263
2025-04-01,CO,Seeking information,0.144
2025-04-01,CO,Self-expression,0.086
2025-04-01,CO,Technical help,0.075
2025-04-01,CO,Writing,0.256
2025-04-01,CR,Multimedia,0.093
2025-04-01,CR,Other/Unknown,0.051
2025-04-01,CR,Practical Guidance,0.274
2025-04-01,CR,Seeking information,0.147
2025-04-01,CR,Self-expression,0.116
2025-04-01,CR,Technical help,0.070
2025-04-01,CR,Writing,0.249
2025-04-01,CY,Multimedia,0.098
2025-04-01,CY,Other/Unknown,0.063
2025-04-01,CY,Practical Guidance,0.257
2025-04-01,CY,Seeking information,0.188
2025-04-01,CY,Self-expression,0.084
2025-04-01,CY,Technical help,0.080
2025-04-01,CY,Writing,0.230
2025-04-01,CZ,Multimedia,0.073
2025-04-01,CZ,Other/Unknown,0.044
2025-04-01,CZ,Practical Guidance,0.286
2025-04-01,CZ,Seeking information,0.225
2025-04-01,CZ,Self-expression,0.093
2025-04-01,CZ,Technical help,0.069
2025-04-01,CZ,Writing,0.210
2025-04-01,DE,Multimedia,0.084
2025-04-01,DE,Other/Unknown,0.042
2025-04-01,DE,Practical Guidance,0.283
2025-04-01,DE,Seeking information,0.194
2025-04-01,DE,Self-expression,0.089
2025-04-01,DE,Technical help,0.052
2025-04-01,DE,Writing,0.256
2025-04-01,DK,Multimedia,0.077
2025-04-01,DK,Other/Unknown,0.035
2025-04-01,DK,Practical Guidance,0.241
2025-04-01,DK,Seeking information,0.179
2025-04-01,DK,Self-expression,0.072
2025-04-01,DK,Technical help,0.079
2025-04-01,DK,Writing,0.316
2025-04-01,DO,Multimedia,0.101
2025-04-01,DO,Other/Unknown,0.045
2025-04-01,DO,Practical Guidance,0.309
2025-04-01,DO,Seeking information,0.175
2025-04-01,DO,Self-expression,0.078
2025-04-01,DO,Technical help,0.046
2025-04-01,DO,Writing,0.246
2025-04-01,DZ,Multimedia,0.082
2025-04-01,DZ,Other/Unknown,0.067
2025-04-01,DZ,Practical Guidance,0.287
2025-04-01,DZ,Seeking information,0.154
2025-04-01,DZ,Self-expression,0.131
2025-04-01,DZ,Technical help,0.044
2025-04-01,DZ,Writing,0.235
2025-04-01,EC,Multimedia,0.115
2025-04-01,EC,Other/Unknown,0.037
2025-04-01,EC,Practical Guidance,0.311
2025-04-01,EC,Seeking information,0.166
2025-04-01,EC,Self-expression,0.066
2025-04-01,EC,Technical help,0.051
2025-04-01,EC,Writing,0.254
2025-04-01,EE,Multimedia,0.015
2025-04-01,EE,Other/Unknown,0.036
2025-04-01,EE,Practical Guidance,0.309
2025-04-01,EE,Seeking information,0.190
2025-04-01,EE,Self-expression,0.062
2025-04-01,EE,Technical help,0.078
2025-04-01,EE,Writing,0.309
2025-04-01,EG,Multimedia,0.098
2025-04-01,EG,Other/Unknown,0.068
2025-04-01,EG,Practical Guidance,0.306
2025-04-01,EG,Seeking information,0.153
2025-04-01,EG,Self-expression,0.123
2025-04-01,EG,Technical help,0.046
2025-04-01,EG,Writing,0.206
2025-04-01,ES,Multimedia,0.100
2025-04-01,ES,Other/Unknown,0.045
2025-04-01,ES,Practical Guidance,0.271
2025-04-01,ES,Seeking information,0.185
2025-04-01,ES,Self-expression,0.082
2025-04-01,ES,Technical help,0.069
2025-04-01,ES,Writing,0.248
2025-04-01,ET,Multimedia,0.058
2025-04-01,ET,Other/Unknown,0.064
2025-04-01,ET,Practical Guidance,0.296
2025-04-01,ET,Seeking information,0.184
2025-04-01,ET,Self-expression,0.088
2025-04-01,ET,Technical help,0.076
2025-04-01,ET,Writing,0.235
2025-04-01,FI,Multimedia,0.098
2025-04-01,FI,Other/Unknown,0.046
2025-04-01,FI,Practical Guidance,0.272
2025-04-01,FI,Seeking information,0.155
2025-04-01,FI,Self-expression,0.096
2025-04-01,FI,Technical help,0.083
2025-04-01,FI,Writing,0.250
2025-04-01,FR,Multimedia,0.097
2025-04-01,FR,Other/Unknown,0.047
2025-04-01,FR,Practical Guidance,0.263
2025-04-01,FR,Seeking information,0.182
2025-04-01,FR,Self-expression,0.082
2025-04-01,FR,Technical help,0.062
2025-04-01,FR,Writing,0.267
2025-04-01,GB,Multimedia,0.074
2025-04-01,GB,Other/Unknown,0.042
2025-04-01,GB,Practical Guidance,0.268
2025-04-01,GB,Seeking information,0.173
2025-04-01,GB,Self-expression,0.079
2025-04-01,GB,Technical help,0.064
2025-04-01,GB,Writing,0.302
2025-04-01,GE,Multimedia,0.077
2025-04-01,GE,Other/Unknown,0.058
2025-04-01,GE,Practical Guidance,0.320
2025-04-01,GE,Seeking information,0.179
2025-04-01,GE,Self-expression,0.132
2025-04-01,GE,Technical help,0.047
2025-04-01,GE,Writing,0.187
2025-04-01,GH,Multimedia,0.092
2025-04-01,GH,Other/Unknown,0.043
2025-04-01,GH,Practical Guidance,0.308
2025-04-01,GH,Seeking information,0.159
2025-04-01,GH,Self-expression,0.054
2025-04-01,GH,Technical help,0.066
2025-04-01,GH,Writing,0.278
2025-04-01,GR,Multimedia,0.118
2025-04-01,GR,Other/Unknown,0.058
2025-04-01,GR,Practical Guidance,0.279
2025-04-01,GR,Seeking information,0.189
2025-04-01,GR,Self-expression,0.127
2025-04-01,GR,Technical help,0.048
2025-04-01,GR,Writing,0.182
2025-04-01,GT,Multimedia,0.069
2025-04-01,GT,Other/Unknown,0.054
2025-04-01,GT,Practical Guidance,0.312
2025-04-01,GT,Seeking information,0.150
2025-04-01,GT,Self-expression,0.097
2025-04-01,GT,Technical help,0.076
2025-04-01,GT,Writing,0.243
2025-04-01,HN,Multimedia,0.142
2025-04-01,HN,Other/Unknown,0.053
2025-04-01,HN,Practical Guidance,0.318
2025-04-01,HN,Seeking information,0.133
2025-04-01,HN,Self-expression,0.078
2025-04-01,HN,Technical help,0.044
2025-04-01,HN,Writing,0.232
2025-04-01,HR,Multimedia,0.056
2025-04-01,HR,Other/Unknown,0.052
2025-04-01,HR,Practical Guidance,0.262
2025-04-01,HR,Seeking information,0.233
2025-04-01,HR,Self-expression,0.096
2025-04-01,HR,Technical help,0.080
2025-04-01,HR,Writing,0.222
2025-04-01,HT,Multimedia,0.075
2025-04-01,HT,Other/Unknown,0.053
2025-04-01,HT,Practical Guidance,0.217
2025-04-01,HT,Seeking information,0.164
2025-04-01,HT,Self-expression,0.028
2025-04-01,HT,Technical help,0.078
2025-04-01,HT,Writing,0.384
2025-04-01,HU,Multimedia,0.088
2025-04-01,HU,Other/Unknown,0.051
2025-04-01,HU,Practical Guidance,0.272
2025-04-01,HU,Seeking information,0.207
2025-04-01,HU,Self-expression,0.119
2025-04-01,HU,Technical help,0.062
2025-04-01,HU,Writing,0.201
2025-04-01,ID,Multimedia,0.106
2025-04-01,ID,Other/Unknown,0.042
2025-04-01,ID,Practical Guidance,0.290
2025-04-01,ID,Seeking information,0.150
2025-04-01,ID,Self-expression,0.082
2025-04-01,ID,Technical help,0.062
2025-04-01,ID,Writing,0.268
2025-04-01,IE,Multimedia,0.086
2025-04-01,IE,Other/Unknown,0.051
2025-04-01,IE,Practical Guidance,0.284
2025-04-01,IE,Seeking information,0.172
2025-04-01,IE,Self-expression,0.056
2025-04-01,IE,Technical help,0.077
2025-04-01,IE,Writing,0.274
2025-04-01,IL,Multimedia,0.095
2025-04-01,IL,Other/Unknown,0.063
2025-04-01,IL,Practical Guidance,0.270
2025-04-01,IL,Seeking information,0.185
2025-04-01,IL,Self-expression,0.098
2025-04-01,IL,Technical help,0.082
2025-04-01,IL,Writing,0.207
2025-04-01,IN,Multimedia,0.093
2025-04-01,IN,Other/Unknown,0.055
2025-04-01,IN,Practical Guidance,0.284
2025-04-01,IN,Seeking information,0.144
2025-04-01,IN,Self-expression,0.066
2025-04-01,IN,Technical help,0.126
2025-04-01,IN,Writing,0.232
2025-04-01,IQ,Multimedia,0.124
2025-04-01,IQ,Other/Unknown,0.076
2025-04-01,IQ,Practical Guidance,0.249
2025-04-01,IQ,Seeking information,0.143
2025-04-01,IQ,Self-expression,0.214
2025-04-01,IQ,Technical help,0.023
2025-04-01,IQ,Writing,0.173
2025-04-01,IT,Multimedia,0.106
2025-04-01,IT,Other/Unknown,0.046
2025-04-01,IT,Practical Guidance,0.259
2025-04-01,IT,Seeking information,0.190
2025-04-01,IT,Self-expression,0.080
2025-04-01,IT,Technical help,0.071
2025-04-01,IT,Writing,0.248
2025-04-01,JM,Multimedia,0.084
2025-04-01,JM,Other/Unknown,0.046
2025-04-01,JM,Practical Guidance,0.342
2025-04-01,JM,Seeking information,0.141
2025-04-01,JM,Self-expression,0.053
2025-04-01,JM,Technical help,0.087
2025-04-01,JM,Writing,0.247
2025-04-01,JO,Multimedia,0.084
2025-04-01,JO,Other/Unknown,0.066
2025-04-01,JO,Practical Guidance,0.298
2025-04-01,JO,Seeking information,0.140
2025-04-01,JO,Self-expression,0.130
2025-04-01,JO,Technical help,0.064
2025-04-01,JO,Writing,0.218
2025-04-01,JP,Multimedia,0.081
2025-04-01,JP,Other/Unknown,0.045
2025-04-01,JP,Practical Guidance,0.247
2025-04-01,JP,Seeking information,0.154
2025-04-01,JP,Self-expression,0.151
2025-04-01,JP,Technical help,0.065
2025-04-01,JP,Writing,0.258
2025-04-01,KE,Multimedia,0.053
2025-04-01,KE,Other/Unknown,0.045
2025-04-01,KE,Practical Guidance,0.342
2025-04-01,KE,Seeking information,0.155
2025-04-01,KE,Self-expression,0.081
2025-04-01,KE,Technical help,0.060
2025-04-01,KE,Writing,0.263
2025-04-01,KG,Multimedia,0.063
2025-04-01,KG,Other/Unknown,0.095
2025-04-01,KG,Practical Guidance,0.272
2025-04-01,KG,Seeking information,0.156
2025-04-01,KG,Self-expression,0.111
2025-04-01,KG,Technical help,0.050
2025-04-01,KG,Writing,0.253
2025-04-01,KH,Multimedia,0.056
2025-04-01,KH,Other/Unknown,0.036
2025-04-01,KH,Practical Guidance,0.198
2025-04-01,KH,Seeking information,0.154
2025-04-01,KH,Self-expression,0.097
2025-04-01,KH,Technical help,0.050
2025-04-01,KH,Writing,0.409
2025-04-01,KR,Multimedia,0.095
2025-04-01,KR,Other/Unknown,0.054
2025-04-01,KR,Practical Guidance,0.279
2025-04-01,KR,Seeking information,0.160
2025-04-01,KR,Self-expression,0.107
2025-04-01,KR,Technical help,0.074
2025-04-01,KR,Writing,0.230
2025-04-01,KW,Multimedia,0.085
2025-04-01,KW,Other/Unknown,0.087
2025-04-01,KW,Practical Guidance,0.250
2025-04-01,KW,Seeking information,0.187
2025-04-01,KW,Self-expression,0.108
2025-04-01,KW,Technical help,0.054
2025-04-01,KW,Writing,0.230
2025-04-01,KZ,Multimedia,0.067
2025-04-01,KZ,Other/Unknown,0.058
2025-04-01,KZ,Practical Guidance,0.288
2025-04-01,KZ,Seeking information,0.162
2025-04-01,KZ,Self-expression,0.097
2025-04-01,KZ,Technical help,0.058
2025-04-01,KZ,Writing,0.270
2025-04-01,LB,Multimedia,0.084
2025-04-01,LB,Other/Unknown,0.062
2025-04-01,LB,Practical Guidance,0.313
2025-04-01,LB,Seeking information,0.142
2025-04-01,LB,Self-expression,0.111
2025-04-01,LB,Technical help,0.038
2025-04-01,LB,Writing,0.249
2025-04-01,LK,Multimedia,0.097
2025-04-01,LK,Other/Unknown,0.054
2025-04-01,LK,Practical Guidance,0.266
2025-04-01,LK,Seeking information,0.126
2025-04-01,LK,Self-expression,0.095
2025-04-01,LK,Technical help,0.091
2025-04-01,LK,Writing,0.271
2025-04-01,LT,Multimedia,0.077
2025-04-01,LT,Other/Unknown,0.040
2025-04-01,LT,Practical Guidance,0.313
2025-04-01,LT,Seeking information,0.177
2025-04-01,LT,Self-expression,0.081
2025-04-01,LT,Technical help,0.075
2025-04-01,LT,Writing,0.237
2025-04-01,LU,Multimedia,0.074
2025-04-01,LU,Other/Unknown,0.042
2025-04-01,LU,Practical Guidance,0.287
2025-04-01,LU,Seeking information,0.134
2025-04-01,LU,Self-expression,0.046
2025-04-01,LU,Technical help,0.087
2025-04-01,LU,Writing,0.331
2025-04-01,LV,Multimedia,0.075
2025-04-01,LV,Other/Unknown,0.024
2025-04-01,LV,Practical Guidance,0.288
2025-04-01,LV,Seeking information,0.204
2025-04-01,LV,Self-expression,0.081
2025-04-01,LV,Technical help,0.077
2025-04-01,LV,Writing,0.250
2025-04-01,LY,Multimedia,0.094
2025-04-01,LY,Other/Unknown,0.105
2025-04-01,LY,Practical Guidance,0.278
2025-04-01,LY,Seeking information,0.137
2025-04-01,LY,Self-expression,0.149
2025-04-01,LY,Technical help,0.057
2025-04-01,LY,Writing,0.180
2025-04-01,MA,Multimedia,0.069
2025-04-01,MA,Other/Unknown,0.067
2025-04-01,MA,Practical Guidance,0.275
2025-04-01,MA,Seeking information,0.148
2025-04-01,MA,Self-expression,0.080
2025-04-01,MA,Technical help,0.052
2025-04-01,MA,Writing,0.309
2025-04-01,MD,Multimedia,0.056
2025-04-01,MD,Other/Unknown,0.049
2025-04-01,MD,Practical Guidance,0.265
2025-04-01,MD,Seeking information,0.192
2025-04-01,MD,Self-expression,0.100
2025-04-01,MD,Technical help,0.057
2025-04-01,MD,Writing,0.280
2025-04-01,ME,Multimedia,0.134
2025-04-01,ME,Other/Unknown,0.071
2025-04-01,ME,Practical Guidance,0.323
2025-04-01,ME,Seeking information,0.202
2025-04-01,ME,Self-expression,0.048
2025-04-01,ME,Technical help,0.022
2025-04-01,ME,Writing,0.199
2025-04-01,MG,Multimedia,0.105
2025-04-01,MG,Other/Unknown,0.077
2025-04-01,MG,Practical Guidance,0.252
2025-04-01,MG,Seeking information,0.106
2025-04-01,MG,Self-expression,0.086
2025-04-01,MG,Technical help,0.049
2025-04-01,MG,Writing,0.323
2025-04-01,MK,Multimedia,0.028
2025-04-01,MK,Other/Unknown,0.024
2025-04-01,MK,Practical Guidance,0.351
2025-04-01,MK,Seeking information,0.221
2025-04-01,MK,Self-expression,0.096
2025-04-01,MK,Technical help,0.044
2025-04-01,MK,Writing,0.235
2025-04-01,MM,Multimedia,0.103
2025-04-01,MM,Other/Unknown,0.114
2025-04-01,MM,Practical Guidance,0.198
2025-04-01,MM,Seeking information,0.161
2025-04-01,MM,Self-expression,0.148
2025-04-01,MM,Technical help,0.043
2025-04-01,MM,Writing,0.232
2025-04-01,MN,Multimedia,0.119
2025-04-01,MN,Other/Unknown,0.094
2025-04-01,MN,Practical Guidance,0.303
2025-04-01,MN,Seeking information,0.152
2025-04-01,MN,Self-expression,0.090
2025-04-01,MN,Technical help,0.076
2025-04-01,MN,Writing,0.165
2025-04-01,MT,Multimedia,0.038
2025-04-01,MT,Other/Unknown,0.098
2025-04-01,MT,Practical Guidance,0.185
2025-04-01,MT,Seeking information,0.181
2025-04-01,MT,Self-expression,0.078
2025-04-01,MT,Technical help,0.087
2025-04-01,MT,Writing,0.333
2025-04-01,MU,Multimedia,0.049
2025-04-01,MU,Other/Unknown,0.041
2025-04-01,MU,Practical Guidance,0.288
2025-04-01,MU,Seeking information,0.146
2025-04-01,MU,Self-expression,0.050
2025-04-01,MU,Technical help,0.103
2025-04-01,MU,Writing,0.322
2025-04-01,MX,Multimedia,0.108
2025-04-01,MX,Other/Unknown,0.043
2025-04-01,MX,Practical Guidance,0.279
2025-04-01,MX,Seeking information,0.157
2025-04-01,MX,Self-expression,0.103
2025-04-01,MX,Technical help,0.057
2025-04-01,MX,Writing,0.253
2025-04-01,MY,Multimedia,0.101
2025-04-01,MY,Other/Unknown,0.060
2025-04-01,MY,Practical Guidance,0.252
2025-04-01,MY,Seeking information,0.148
2025-04-01,MY,Self-expression,0.124
2025-04-01,MY,Technical help,0.047
2025-04-01,MY,Writing,0.268
2025-04-01,MZ,Multimedia,0.068
2025-04-01,MZ,Other/Unknown,0.044
2025-04-01,MZ,Practical Guidance,0.287
2025-04-01,MZ,Seeking information,0.180
2025-04-01,MZ,Self-expression,0.091
2025-04-01,MZ,Technical help,0.093
2025-04-01,MZ,Writing,0.236
2025-04-01,NG,Multimedia,0.068
2025-04-01,NG,Other/Unknown,0.041
2025-04-01,NG,Practical Guidance,0.247
2025-04-01,NG,Seeking information,0.148
2025-04-01,NG,Self-expression,0.081
2025-04-01,NG,Technical help,0.047
2025-04-01,NG,Writing,0.367
2025-04-01,NI,Multimedia,0.159
2025-04-01,NI,Other/Unknown,0.015
2025-04-01,NI,Practical Guidance,0.300
2025-04-01,NI,Seeking information,0.191
2025-04-01,NI,Self-expression,0.101
2025-04-01,NI,Technical help,0.026
2025-04-01,NI,Writing,0.208
2025-04-01,NL,Multimedia,0.086
2025-04-01,NL,Other/Unknown,0.042
2025-04-01,NL,Practical Guidance,0.265
2025-04-01,NL,Seeking information,0.175
2025-04-01,NL,Self-expression,0.080
2025-04-01,NL,Technical help,0.085
2025-04-01,NL,Writing,0.268
2025-04-01,NO,Multimedia,0.051
2025-04-01,NO,Other/Unknown,0.040
2025-04-01,NO,Practical Guidance,0.276
2025-04-01,NO,Seeking information,0.182
2025-04-01,NO,Self-expression,0.072
2025-04-01,NO,Technical help,0.076
2025-04-01,NO,Writing,0.303
2025-04-01,NP,Multimedia,0.071
2025-04-01,NP,Other/Unknown,0.048
2025-04-01,NP,Practical Guidance,0.293
2025-04-01,NP,Seeking information,0.174
2025-04-01,NP,Self-expression,0.085
2025-04-01,NP,Technical help,0.074
2025-04-01,NP,Writing,0.254
2025-04-01,NZ,Multimedia,0.073
2025-04-01,NZ,Other/Unknown,0.051
2025-04-01,NZ,Practical Guidance,0.263
2025-04-01,NZ,Seeking information,0.173
2025-04-01,NZ,Self-expression,0.097
2025-04-01,NZ,Technical help,0.063
2025-04-01,NZ,Writing,0.280
2025-04-01,OM,Multimedia,0.103
2025-04-01,OM,Other/Unknown,0.066
2025-04-01,OM,Practical Guidance,0.258
2025-04-01,OM,Seeking information,0.140
2025-04-01,OM,Self-expression,0.110
2025-04-01,OM,Technical help,0.035
2025-04-01,OM,Writing,0.289
2025-04-01,PA,Multimedia,0.107
2025-04-01,PA,Other/Unknown,0.040
2025-04-01,PA,Practical Guidance,0.272
2025-04-01,PA,Seeking information,0.159
2025-04-01,PA,Self-expression,0.104
2025-04-01,PA,Technical help,0.052
2025-04-01,PA,Writing,0.266
2025-04-01,PE,Multimedia,0.083
2025-04-01,PE,Other/Unknown,0.035
2025-04-01,PE,Practical Guidance,0.314
2025-04-01,PE,Seeking information,0.156
2025-04-01,PE,Self-expression,0.066
2025-04-01,PE,Technical help,0.065
2025-04-01,PE,Writing,0.280
2025-04-01,PH,Multimedia,0.054
2025-04-01,PH,Other/Unknown,0.034
2025-04-01,PH,Practical Guidance,0.267
2025-04-01,PH,Seeking information,0.143
2025-04-01,PH,Self-expression,0.049
2025-04-01,PH,Technical help,0.057
2025-04-01,PH,Writing,0.395
2025-04-01,PK,Multimedia,0.072
2025-04-01,PK,Other/Unknown,0.056
2025-04-01,PK,Practical Guidance,0.303
2025-04-01,PK,Seeking information,0.140
2025-04-01,PK,Self-expression,0.064
2025-04-01,PK,Technical help,0.086
2025-04-01,PK,Writing,0.280
2025-04-01,PL,Multimedia,0.087
2025-04-01,PL,Other/Unknown,0.042
2025-04-01,PL,Practical Guidance,0.285
2025-04-01,PL,Seeking information,0.197
2025-04-01,PL,Self-expression,0.088
2025-04-01,PL,Technical help,0.071
2025-04-01,PL,Writing,0.231
2025-04-01,PR,Multimedia,0.088
2025-04-01,PR,Other/Unknown,0.038
2025-04-01,PR,Practical Guidance,0.310
2025-04-01,PR,Seeking information,0.178
2025-04-01,PR,Self-expression,0.062
2025-04-01,PR,Technical help,0.033
2025-04-01,PR,Writing,0.290
2025-04-01,PS,Multimedia,0.063
2025-04-01,PS,Other/Unknown,0.053
2025-04-01,PS,Practical Guidance,0.340
2025-04-01,PS,Seeking information,0.167
2025-04-01,PS,Self-expression,0.124
2025-04-01,PS,Technical help,0.073
2025-04-01,PS,Writing,0.181
2025-04-01,PT,Multimedia,0.105
2025-04-01,PT,Other/Unknown,0.042
2025-04-01,PT,Practical Guidance,0.260
2025-04-01,PT,Seeking information,0.197
2025-04-01,PT,Self-expression,0.084
2025-04-01,PT,Technical help,0.077
2025-04-01,PT,Writing,0.236
2025-04-01,PY,Multimedia,0.144
2025-04-01,PY,Other/Unknown,0.062
2025-04-01,PY,Practical Guidance,0.239
2025-04-01,PY,Seeking information,0.140
2025-04-01,PY,Self-expression,0.119
2025-04-01,PY,Technical help,0.065
2025-04-01,PY,Writing,0.232
2025-04-01,QA,Multimedia,0.100
2025-04-01,QA,Other/Unknown,0.061
2025-04-01,QA,Practical Guidance,0.286
2025-04-01,QA,Seeking information,0.160
2025-04-01,QA,Self-expression,0.082
2025-04-01,QA,Technical help,0.056
2025-04-01,QA,Writing,0.253
2025-04-01,RE,Multimedia,0.146
2025-04-01,RE,Other/Unknown,0.051
2025-04-01,RE,Practical Guidance,0.255
2025-04-01,RE,Seeking information,0.112
2025-04-01,RE,Self-expression,0.107
2025-04-01,RE,Technical help,0.000
2025-04-01,RE,Writing,0.329
2025-04-01,RO,Multimedia,0.093
2025-04-01,RO,Other/Unknown,0.049
2025-04-01,RO,Practical Guidance,0.279
2025-04-01,RO,Seeking information,0.175
2025-04-01,RO,Self-expression,0.113
2025-04-01,RO,Technical help,0.075
2025-04-01,RO,Writing,0.216
2025-04-01,RS,Multimedia,0.100
2025-04-01,RS,Other/Unknown,0.054
2025-04-01,RS,Practical Guidance,0.275
2025-04-01,RS,Seeking information,0.196
2025-04-01,RS,Self-expression,0.118
2025-04-01,RS,Technical help,0.066
2025-04-01,RS,Writing,0.190
2025-04-01,RW,Multimedia,0.071
2025-04-01,RW,Other/Unknown,0.107
2025-04-01,RW,Practical Guidance,0.365
2025-04-01,RW,Seeking information,0.148
2025-04-01,RW,Self-expression,0.036
2025-04-01,RW,Technical help,0.012
2025-04-01,RW,Writing,0.261
2025-04-01,SA,Multimedia,0.084
2025-04-01,SA,Other/Unknown,0.070
2025-04-01,SA,Practical Guidance,0.260
2025-04-01,SA,Seeking information,0.142
2025-04-01,SA,Self-expression,0.175
2025-04-01,SA,Technical help,0.037
2025-04-01,SA,Writing,0.233
2025-04-01,SC,Multimedia,0.139
2025-04-01,SC,Other/Unknown,0.088
2025-04-01,SC,Practical Guidance,0.131
2025-04-01,SC,Seeking information,0.113
2025-04-01,SC,Self-expression,0.065
2025-04-01,SC,Technical help,0.065
2025-04-01,SC,Writing,0.399
2025-04-01,SD,Multimedia,0.121
2025-04-01,SD,Other/Unknown,0.094
2025-04-01,SD,Practical Guidance,0.274
2025-04-01,SD,Seeking information,0.162
2025-04-01,SD,Self-expression,0.142
2025-04-01,SD,Technical help,0.000
2025-04-01,SD,Writing,0.207
2025-04-01,SE,Multimedia,0.067
2025-04-01,SE,Other/Unknown,0.039
2025-04-01,SE,Practical Guidance,0.270
2025-04-01,SE,Seeking information,0.206
2025-04-01,SE,Self-expression,0.072
2025-04-01,SE,Technical help,0.079
2025-04-01,SE,Writing,0.268
2025-04-01,SG,Multimedia,0.062
2025-04-01,SG,Other/Unknown,0.035
2025-04-01,SG,Practical Guidance,0.238
2025-04-01,SG,Seeking information,0.150
2025-04-01,SG,Self-expression,0.068
2025-04-01,SG,Technical help,0.112
2025-04-01,SG,Writing,0.335
2025-04-01,SI,Multimedia,0.038
2025-04-01,SI,Other/Unknown,0.047
2025-04-01,SI,Practical Guidance,0.300
2025-04-01,SI,Seeking information,0.249
2025-04-01,SI,Self-expression,0.038
2025-04-01,SI,Technical help,0.081
2025-04-01,SI,Writing,0.248
2025-04-01,SK,Multimedia,0.077
2025-04-01,SK,Other/Unknown,0.034
2025-04-01,SK,Practical Guidance,0.292
2025-04-01,SK,Seeking information,0.234
2025-04-01,SK,Self-expression,0.085
2025-04-01,SK,Technical help,0.054
2025-04-01,SK,Writing,0.224
2025-04-01,SN,Multimedia,0.108
2025-04-01,SN,Other/Unknown,0.029
2025-04-01,SN,Practical Guidance,0.297
2025-04-01,SN,Seeking information,0.169
2025-04-01,SN,Self-expression,0.086
2025-04-01,SN,Technical help,0.062
2025-04-01,SN,Writing,0.249
2025-04-01,SO,Multimedia,0.121
2025-04-01,SO,Other/Unknown,0.101
2025-04-01,SO,Practical Guidance,0.280
2025-04-01,SO,Seeking information,0.147
2025-04-01,SO,Self-expression,0.133
2025-04-01,SO,Technical help,0.019
2025-04-01,SO,Writing,0.199
2025-04-01,SV,Multimedia,0.110
2025-04-01,SV,Other/Unknown,0.035
2025-04-01,SV,Practical Guidance,0.279
2025-04-01,SV,Seeking information,0.151
2025-04-01,SV,Self-expression,0.099
2025-04-01,SV,Technical help,0.049
2025-04-01,SV,Writing,0.277
2025-04-01,TH,Multimedia,0.110
2025-04-01,TH,Other/Unknown,0.051
2025-04-01,TH,Practical Guidance,0.245
2025-04-01,TH,Seeking information,0.156
2025-04-01,TH,Self-expression,0.133
2025-04-01,TH,Technical help,0.059
2025-04-01,TH,Writing,0.246
2025-04-01,TJ,Multimedia,0.110
2025-04-01,TJ,Other/Unknown,0.018
2025-04-01,TJ,Practical Guidance,0.246
2025-04-01,TJ,Seeking information,0.289
2025-04-01,TJ,Self-expression,0.081
2025-04-01,TJ,Technical help,0.047
2025-04-01,TJ,Writing,0.208
2025-04-01,TN,Multimedia,0.082
2025-04-01,TN,Other/Unknown,0.044
2025-04-01,TN,Practical Guidance,0.250
2025-04-01,TN,Seeking information,0.144
2025-04-01,TN,Self-expression,0.096
2025-04-01,TN,Technical help,0.116
2025-04-01,TN,Writing,0.269
2025-04-01,TR,Multimedia,0.138
2025-04-01,TR,Other/Unknown,0.067
2025-04-01,TR,Practical Guidance,0.264
2025-04-01,TR,Seeking information,0.153
2025-04-01,TR,Self-expression,0.148
2025-04-01,TR,Technical help,0.052
2025-04-01,TR,Writing,0.179
2025-04-01,TT,Multimedia,0.037
2025-04-01,TT,Other/Unknown,0.000
2025-04-01,TT,Practical Guidance,0.415
2025-04-01,TT,Seeking information,0.079
2025-04-01,TT,Self-expression,0.118
2025-04-01,TT,Technical help,0.058
2025-04-01,TT,Writing,0.292
2025-04-01,TW,Multimedia,0.115
2025-04-01,TW,Other/Unknown,0.064
2025-04-01,TW,Practical Guidance,0.229
2025-04-01,TW,Seeking information,0.135
2025-04-01,TW,Self-expression,0.140
2025-04-01,TW,Technical help,0.072
2025-04-01,TW,Writing,0.245
2025-04-01,TZ,Multimedia,0.072
2025-04-01,TZ,Other/Unknown,0.072
2025-04-01,TZ,Practical Guidance,0.246
2025-04-01,TZ,Seeking information,0.217
2025-04-01,TZ,Self-expression,0.095
2025-04-01,TZ,Technical help,0.048
2025-04-01,TZ,Writing,0.250
2025-04-01,UA,Multimedia,0.064
2025-04-01,UA,Other/Unknown,0.048
2025-04-01,UA,Practical Guidance,0.309
2025-04-01,UA,Seeking information,0.199
2025-04-01,UA,Self-expression,0.083
2025-04-01,UA,Technical help,0.070
2025-04-01,UA,Writing,0.227
2025-04-01,UG,Multimedia,0.044
2025-04-01,UG,Other/Unknown,0.044
2025-04-01,UG,Practical Guidance,0.395
2025-04-01,UG,Seeking information,0.171
2025-04-01,UG,Self-expression,0.033
2025-04-01,UG,Technical help,0.075
2025-04-01,UG,Writing,0.237
2025-04-01,US,Multimedia,0.065
2025-04-01,US,Other/Unknown,0.038
2025-04-01,US,Practical Guidance,0.293
2025-04-01,US,Seeking information,0.175
2025-04-01,US,Self-expression,0.077
2025-04-01,US,Technical help,0.089
2025-04-01,US,Writing,0.263
2025-04-01,UY,Multimedia,0.122
2025-04-01,UY,Other/Unknown,0.061
2025-04-01,UY,Practical Guidance,0.305
2025-04-01,UY,Seeking information,0.149
2025-04-01,UY,Self-expression,0.157
2025-04-01,UY,Technical help,0.051
2025-04-01,UY,Writing,0.154
2025-04-01,UZ,Multimedia,0.098
2025-04-01,UZ,Other/Unknown,0.095
2025-04-01,UZ,Practical Guidance,0.247
2025-04-01,UZ,Seeking information,0.162
2025-04-01,UZ,Self-expression,0.117
2025-04-01,UZ,Technical help,0.051
2025-04-01,UZ,Writing,0.231
2025-04-01,VN,Multimedia,0.079
2025-04-01,VN,Other/Unknown,0.058
2025-04-01,VN,Practical Guidance,0.268
2025-04-01,VN,Seeking information,0.132
2025-04-01,VN,Self-expression,0.105
2025-04-01,VN,Technical help,0.068
2025-04-01,VN,Writing,0.290
2025-04-01,YE,Multimedia,0.140
2025-04-01,YE,Other/Unknown,0.052
2025-04-01,YE,Practical Guidance,0.285
2025-04-01,YE,Seeking information,0.169
2025-04-01,YE,Self-expression,0.102
2025-04-01,YE,Technical help,0.028
2025-04-01,YE,Writing,0.223
2025-04-01,ZA,Multimedia,0.085
2025-04-01,ZA,Other/Unknown,0.051
2025-04-01,ZA,Practical Guidance,0.305
2025-04-01,ZA,Seeking information,0.157
2025-04-01,ZA,Self-expression,0.061
2025-04-01,ZA,Technical help,0.072
2025-04-01,ZA,Writing,0.269
2025-04-01,ZM,Multimedia,0.060
2025-04-01,ZM,Other/Unknown,0.047
2025-04-01,ZM,Practical Guidance,0.494
2025-04-01,ZM,Seeking information,0.168
2025-04-01,ZM,Self-expression,0.038
2025-04-01,ZM,Technical help,0.076
2025-04-01,ZM,Writing,0.117
2025-05-01,AE,Multimedia,0.063
2025-05-01,AE,Other/Unknown,0.047
2025-05-01,AE,Practical Guidance,0.269
2025-05-01,AE,Seeking information,0.171
2025-05-01,AE,Self-expression,0.062
2025-05-01,AE,Technical help,0.047
2025-05-01,AE,Writing,0.341
2025-05-01,AF,Multimedia,0.054
2025-05-01,AF,Other/Unknown,0.066
2025-05-01,AF,Practical Guidance,0.252
2025-05-01,AF,Seeking information,0.171
2025-05-01,AF,Self-expression,0.104
2025-05-01,AF,Technical help,0.036
2025-05-01,AF,Writing,0.318
2025-05-01,AL,Multimedia,0.071
2025-05-01,AL,Other/Unknown,0.047
2025-05-01,AL,Practical Guidance,0.281
2025-05-01,AL,Seeking information,0.197
2025-05-01,AL,Self-expression,0.121
2025-05-01,AL,Technical help,0.060
2025-05-01,AL,Writing,0.224
2025-05-01,AM,Multimedia,0.082
2025-05-01,AM,Other/Unknown,0.054
2025-05-01,AM,Practical Guidance,0.266
2025-05-01,AM,Seeking information,0.184
2025-05-01,AM,Self-expression,0.092
2025-05-01,AM,Technical help,0.080
2025-05-01,AM,Writing,0.241
2025-05-01,AO,Multimedia,0.064
2025-05-01,AO,Other/Unknown,0.049
2025-05-01,AO,Practical Guidance,0.288
2025-05-01,AO,Seeking information,0.207
2025-05-01,AO,Self-expression,0.095
2025-05-01,AO,Technical help,0.049
2025-05-01,AO,Writing,0.248
2025-05-01,AR,Multimedia,0.090
2025-05-01,AR,Other/Unknown,0.047
2025-05-01,AR,Practical Guidance,0.320
2025-05-01,AR,Seeking information,0.160
2025-05-01,AR,Self-expression,0.111
2025-05-01,AR,Technical help,0.058
2025-05-01,AR,Writing,0.214
2025-05-01,AT,Multimedia,0.055
2025-05-01,AT,Other/Unknown,0.036
2025-05-01,AT,Practical Guidance,0.301
2025-05-01,AT,Seeking information,0.205
2025-05-01,AT,Self-expression,0.073
2025-05-01,AT,Technical help,0.068
2025-05-01,AT,Writing,0.262
2025-05-01,AU,Multimedia,0.052
2025-05-01,AU,Other/Unknown,0.035
2025-05-01,AU,Practical Guidance,0.264
2025-05-01,AU,Seeking information,0.170
2025-05-01,AU,Self-expression,0.056
2025-05-01,AU,Technical help,0.076
2025-05-01,AU,Writing,0.347
2025-05-01,AZ,Multimedia,0.083
2025-05-01,AZ,Other/Unknown,0.067
2025-05-01,AZ,Practical Guidance,0.271
2025-05-01,AZ,Seeking information,0.162
2025-05-01,AZ,Self-expression,0.156
2025-05-01,AZ,Technical help,0.052
2025-05-01,AZ,Writing,0.210
2025-05-01,BA,Multimedia,0.054
2025-05-01,BA,Other/Unknown,0.046
2025-05-01,BA,Practical Guidance,0.274
2025-05-01,BA,Seeking information,0.201
2025-05-01,BA,Self-expression,0.118
2025-05-01,BA,Technical help,0.073
2025-05-01,BA,Writing,0.235
2025-05-01,BD,Multimedia,0.080
2025-05-01,BD,Other/Unknown,0.073
2025-05-01,BD,Practical Guidance,0.281
2025-05-01,BD,Seeking information,0.180
2025-05-01,BD,Self-expression,0.086
2025-05-01,BD,Technical help,0.055
2025-05-01,BD,Writing,0.245
2025-05-01,BE,Multimedia,0.063
2025-05-01,BE,Other/Unknown,0.041
2025-05-01,BE,Practical Guidance,0.302
2025-05-01,BE,Seeking information,0.194
2025-05-01,BE,Self-expression,0.063
2025-05-01,BE,Technical help,0.059
2025-05-01,BE,Writing,0.277
2025-05-01,BF,Multimedia,0.090
2025-05-01,BF,Other/Unknown,0.091
2025-05-01,BF,Practical Guidance,0.357
2025-05-01,BF,Seeking information,0.124
2025-05-01,BF,Self-expression,0.088
2025-05-01,BF,Technical help,0.040
2025-05-01,BF,Writing,0.210
2025-05-01,BG,Multimedia,0.073
2025-05-01,BG,Other/Unknown,0.045
2025-05-01,BG,Practical Guidance,0.311
2025-05-01,BG,Seeking information,0.221
2025-05-01,BG,Self-expression,0.102
2025-05-01,BG,Technical help,0.054
2025-05-01,BG,Writing,0.194
2025-05-01,BH,Multimedia,0.036
2025-05-01,BH,Other/Unknown,0.030
2025-05-01,BH,Practical Guidance,0.367
2025-05-01,BH,Seeking information,0.200
2025-05-01,BH,Self-expression,0.043
2025-05-01,BH,Technical help,0.031
2025-05-01,BH,Writing,0.293
2025-05-01,BJ,Multimedia,0.078
2025-05-01,BJ,Other/Unknown,0.069
2025-05-01,BJ,Practical Guidance,0.241
2025-05-01,BJ,Seeking information,0.197
2025-05-01,BJ,Self-expression,0.089
2025-05-01,BJ,Technical help,0.058
2025-05-01,BJ,Writing,0.269
2025-05-01,BO,Multimedia,0.074
2025-05-01,BO,Other/Unknown,0.034
2025-05-01,BO,Practical Guidance,0.344
2025-05-01,BO,Seeking information,0.178
2025-05-01,BO,Self-expression,0.042
2025-05-01,BO,Technical help,0.071
2025-05-01,BO,Writing,0.257
2025-05-01,BR,Multimedia,0.106
2025-05-01,BR,Other/Unknown,0.049
2025-05-01,BR,Practical Guidance,0.274
2025-05-01,BR,Seeking information,0.147
2025-05-01,BR,Self-expression,0.076
2025-05-01,BR,Technical help,0.063
2025-05-01,BR,Writing,0.285
2025-05-01,CA,Multimedia,0.051
2025-05-01,CA,Other/Unknown,0.039
2025-05-01,CA,Practical Guidance,0.284
2025-05-01,CA,Seeking information,0.189
2025-05-01,CA,Self-expression,0.077
2025-05-01,CA,Technical help,0.061
2025-05-01,CA,Writing,0.300
2025-05-01,CD,Multimedia,0.130
2025-05-01,CD,Other/Unknown,0.067
2025-05-01,CD,Practical Guidance,0.265
2025-05-01,CD,Seeking information,0.200
2025-05-01,CD,Self-expression,0.083
2025-05-01,CD,Technical help,0.040
2025-05-01,CD,Writing,0.215
2025-05-01,CH,Multimedia,0.053
2025-05-01,CH,Other/Unknown,0.037
2025-05-01,CH,Practical Guidance,0.297
2025-05-01,CH,Seeking information,0.205
2025-05-01,CH,Self-expression,0.056
2025-05-01,CH,Technical help,0.067
2025-05-01,CH,Writing,0.285
2025-05-01,CI,Multimedia,0.065
2025-05-01,CI,Other/Unknown,0.081
2025-05-01,CI,Practical Guidance,0.220
2025-05-01,CI,Seeking information,0.209
2025-05-01,CI,Self-expression,0.113
2025-05-01,CI,Technical help,0.039
2025-05-01,CI,Writing,0.273
2025-05-01,CL,Multimedia,0.075
2025-05-01,CL,Other/Unknown,0.040
2025-05-01,CL,Practical Guidance,0.326
2025-05-01,CL,Seeking information,0.155
2025-05-01,CL,Self-expression,0.089
2025-05-01,CL,Technical help,0.058
2025-05-01,CL,Writing,0.257
2025-05-01,CM,Multimedia,0.037
2025-05-01,CM,Other/Unknown,0.023
2025-05-01,CM,Practical Guidance,0.288
2025-05-01,CM,Seeking information,0.225
2025-05-01,CM,Self-expression,0.031
2025-05-01,CM,Technical help,0.083
2025-05-01,CM,Writing,0.314
2025-05-01,CO,Multimedia,0.097
2025-05-01,CO,Other/Unknown,0.047
2025-05-01,CO,Practical Guidance,0.287
2025-05-01,CO,Seeking information,0.156
2025-05-01,CO,Self-expression,0.066
2025-05-01,CO,Technical help,0.072
2025-05-01,CO,Writing,0.275
2025-05-01,CR,Multimedia,0.055
2025-05-01,CR,Other/Unknown,0.039
2025-05-01,CR,Practical Guidance,0.274
2025-05-01,CR,Seeking information,0.207
2025-05-01,CR,Self-expression,0.075
2025-05-01,CR,Technical help,0.075
2025-05-01,CR,Writing,0.276
2025-05-01,CY,Multimedia,0.057
2025-05-01,CY,Other/Unknown,0.064
2025-05-01,CY,Practical Guidance,0.274
2025-05-01,CY,Seeking information,0.218
2025-05-01,CY,Self-expression,0.090
2025-05-01,CY,Technical help,0.074
2025-05-01,CY,Writing,0.222
2025-05-01,CZ,Multimedia,0.061
2025-05-01,CZ,Other/Unknown,0.048
2025-05-01,CZ,Practical Guidance,0.302
2025-05-01,CZ,Seeking information,0.251
2025-05-01,CZ,Self-expression,0.094
2025-05-01,CZ,Technical help,0.051
2025-05-01,CZ,Writing,0.193
2025-05-01,DE,Multimedia,0.065
2025-05-01,DE,Other/Unknown,0.044
2025-05-01,DE,Practical Guidance,0.296
2025-05-01,DE,Seeking information,0.202
2025-05-01,DE,Self-expression,0.078
2025-05-01,DE,Technical help,0.060
2025-05-01,DE,Writing,0.256
2025-05-01,DK,Multimedia,0.043
2025-05-01,DK,Other/Unknown,0.035
2025-05-01,DK,Practical Guidance,0.276
2025-05-01,DK,Seeking information,0.182
2025-05-01,DK,Self-expression,0.047
2025-05-01,DK,Technical help,0.072
2025-05-01,DK,Writing,0.346
2025-05-01,DO,Multimedia,0.093
2025-05-01,DO,Other/Unknown,0.048
2025-05-01,DO,Practical Guidance,0.313
2025-05-01,DO,Seeking information,0.179
2025-05-01,DO,Self-expression,0.076
2025-05-01,DO,Technical help,0.045
2025-05-01,DO,Writing,0.245
2025-05-01,DZ,Multimedia,0.062
2025-05-01,DZ,Other/Unknown,0.078
2025-05-01,DZ,Practical Guidance,0.302
2025-05-01,DZ,Seeking information,0.146
2025-05-01,DZ,Self-expression,0.118
2025-05-01,DZ,Technical help,0.041
2025-05-01,DZ,Writing,0.252
2025-05-01,EC,Multimedia,0.065
2025-05-01,EC,Other/Unknown,0.048
2025-05-01,EC,Practical Guidance,0.327
2025-05-01,EC,Seeking information,0.171
2025-05-01,EC,Self-expression,0.056
2025-05-01,EC,Technical help,0.062
2025-05-01,EC,Writing,0.271
2025-05-01,EE,Multimedia,0.083
2025-05-01,EE,Other/Unknown,0.033
2025-05-01,EE,Practical Guidance,0.281
2025-05-01,EE,Seeking information,0.163
2025-05-01,EE,Self-expression,0.073
2025-05-01,EE,Technical help,0.080
2025-05-01,EE,Writing,0.287
2025-05-01,EG,Multimedia,0.088
2025-05-01,EG,Other/Unknown,0.065
2025-05-01,EG,Practical Guidance,0.323
2025-05-01,EG,Seeking information,0.164
2025-05-01,EG,Self-expression,0.098
2025-05-01,EG,Technical help,0.055
2025-05-01,EG,Writing,0.208
2025-05-01,ES,Multimedia,0.068
2025-05-01,ES,Other/Unknown,0.041
2025-05-01,ES,Practical Guidance,0.302
2025-05-01,ES,Seeking information,0.197
2025-05-01,ES,Self-expression,0.067
2025-05-01,ES,Technical help,0.069
2025-05-01,ES,Writing,0.255
2025-05-01,ET,Multimedia,0.075
2025-05-01,ET,Other/Unknown,0.060
2025-05-01,ET,Practical Guidance,0.332
2025-05-01,ET,Seeking information,0.161
2025-05-01,ET,Self-expression,0.072
2025-05-01,ET,Technical help,0.118
2025-05-01,ET,Writing,0.183
2025-05-01,FI,Multimedia,0.073
2025-05-01,FI,Other/Unknown,0.055
2025-05-01,FI,Practical Guidance,0.298
2025-05-01,FI,Seeking information,0.179
2025-05-01,FI,Self-expression,0.094
2025-05-01,FI,Technical help,0.061
2025-05-01,FI,Writing,0.240
2025-05-01,FR,Multimedia,0.072
2025-05-01,FR,Other/Unknown,0.038
2025-05-01,FR,Practical Guidance,0.282
2025-05-01,FR,Seeking information,0.186
2025-05-01,FR,Self-expression,0.077
2025-05-01,FR,Technical help,0.064
2025-05-01,FR,Writing,0.282
2025-05-01,GB,Multimedia,0.063
2025-05-01,GB,Other/Unknown,0.039
2025-05-01,GB,Practical Guidance,0.283
2025-05-01,GB,Seeking information,0.179
2025-05-01,GB,Self-expression,0.076
2025-05-01,GB,Technical help,0.067
2025-05-01,GB,Writing,0.292
2025-05-01,GE,Multimedia,0.062
2025-05-01,GE,Other/Unknown,0.060
2025-05-01,GE,Practical Guidance,0.313
2025-05-01,GE,Seeking information,0.186
2025-05-01,GE,Self-expression,0.114
2025-05-01,GE,Technical help,0.060
2025-05-01,GE,Writing,0.205
2025-05-01,GH,Multimedia,0.053
2025-05-01,GH,Other/Unknown,0.056
2025-05-01,GH,Practical Guidance,0.303
2025-05-01,GH,Seeking information,0.151
2025-05-01,GH,Self-expression,0.052
2025-05-01,GH,Technical help,0.044
2025-05-01,GH,Writing,0.340
2025-05-01,GR,Multimedia,0.075
2025-05-01,GR,Other/Unknown,0.047
2025-05-01,GR,Practical Guidance,0.295
2025-05-01,GR,Seeking information,0.173
2025-05-01,GR,Self-expression,0.111
2025-05-01,GR,Technical help,0.071
2025-05-01,GR,Writing,0.228
2025-05-01,GT,Multimedia,0.054
2025-05-01,GT,Other/Unknown,0.029
2025-05-01,GT,Practical Guidance,0.330
2025-05-01,GT,Seeking information,0.133
2025-05-01,GT,Self-expression,0.088
2025-05-01,GT,Technical help,0.094
2025-05-01,GT,Writing,0.272
2025-05-01,HN,Multimedia,0.097
2025-05-01,HN,Other/Unknown,0.049
2025-05-01,HN,Practical Guidance,0.323
2025-05-01,HN,Seeking information,0.120
2025-05-01,HN,Self-expression,0.122
2025-05-01,HN,Technical help,0.046
2025-05-01,HN,Writing,0.244
2025-05-01,HR,Multimedia,0.053
2025-05-01,HR,Other/Unknown,0.056
2025-05-01,HR,Practical Guidance,0.329
2025-05-01,HR,Seeking information,0.253
2025-05-01,HR,Self-expression,0.069
2025-05-01,HR,Technical help,0.081
2025-05-01,HR,Writing,0.158
2025-05-01,HT,Multimedia,0.057
2025-05-01,HT,Other/Unknown,0.001
2025-05-01,HT,Practical Guidance,0.353
2025-05-01,HT,Seeking information,0.149
2025-05-01,HT,Self-expression,0.075
2025-05-01,HT,Technical help,0.026
2025-05-01,HT,Writing,0.338
2025-05-01,HU,Multimedia,0.076
2025-05-01,HU,Other/Unknown,0.047
2025-05-01,HU,Practical Guidance,0.303
2025-05-01,HU,Seeking information,0.219
2025-05-01,HU,Self-expression,0.094
2025-05-01,HU,Technical help,0.056
2025-05-01,HU,Writing,0.205
2025-05-01,ID,Multimedia,0.072
2025-05-01,ID,Other/Unknown,0.040
2025-05-01,ID,Practical Guidance,0.301
2025-05-01,ID,Seeking information,0.155
2025-05-01,ID,Self-expression,0.062
2025-05-01,ID,Technical help,0.067
2025-05-01,ID,Writing,0.302
2025-05-01,IE,Multimedia,0.058
2025-05-01,IE,Other/Unknown,0.047
2025-05-01,IE,Practical Guidance,0.267
2025-05-01,IE,Seeking information,0.223
2025-05-01,IE,Self-expression,0.062
2025-05-01,IE,Technical help,0.071
2025-05-01,IE,Writing,0.272
2025-05-01,IL,Multimedia,0.064
2025-05-01,IL,Other/Unknown,0.062
2025-05-01,IL,Practical Guidance,0.282
2025-05-01,IL,Seeking information,0.216
2025-05-01,IL,Self-expression,0.085
2025-05-01,IL,Technical help,0.078
2025-05-01,IL,Writing,0.213
2025-05-01,IN,Multimedia,0.067
2025-05-01,IN,Other/Unknown,0.049
2025-05-01,IN,Practical Guidance,0.310
2025-05-01,IN,Seeking information,0.169
2025-05-01,IN,Self-expression,0.053
2025-05-01,IN,Technical help,0.116
2025-05-01,IN,Writing,0.237
2025-05-01,IQ,Multimedia,0.080
2025-05-01,IQ,Other/Unknown,0.077
2025-05-01,IQ,Practical Guidance,0.301
2025-05-01,IQ,Seeking information,0.168
2025-05-01,IQ,Self-expression,0.157
2025-05-01,IQ,Technical help,0.026
2025-05-01,IQ,Writing,0.191
2025-05-01,IT,Multimedia,0.078
2025-05-01,IT,Other/Unknown,0.042
2025-05-01,IT,Practical Guidance,0.293
2025-05-01,IT,Seeking information,0.188
2025-05-01,IT,Self-expression,0.068
2025-05-01,IT,Technical help,0.063
2025-05-01,IT,Writing,0.268
2025-05-01,JM,Multimedia,0.049
2025-05-01,JM,Other/Unknown,0.032
2025-05-01,JM,Practical Guidance,0.433
2025-05-01,JM,Seeking information,0.148
2025-05-01,JM,Self-expression,0.018
2025-05-01,JM,Technical help,0.048
2025-05-01,JM,Writing,0.272
2025-05-01,JO,Multimedia,0.082
2025-05-01,JO,Other/Unknown,0.077
2025-05-01,JO,Practical Guidance,0.318
2025-05-01,JO,Seeking information,0.141
2025-05-01,JO,Self-expression,0.106
2025-05-01,JO,Technical help,0.052
2025-05-01,JO,Writing,0.223
2025-05-01,JP,Multimedia,0.059
2025-05-01,JP,Other/Unknown,0.040
2025-05-01,JP,Practical Guidance,0.268
2025-05-01,JP,Seeking information,0.162
2025-05-01,JP,Self-expression,0.150
2025-05-01,JP,Technical help,0.065
2025-05-01,JP,Writing,0.256
2025-05-01,KE,Multimedia,0.048
2025-05-01,KE,Other/Unknown,0.043
2025-05-01,KE,Practical Guidance,0.327
2025-05-01,KE,Seeking information,0.187
2025-05-01,KE,Self-expression,0.080
2025-05-01,KE,Technical help,0.068
2025-05-01,KE,Writing,0.247
2025-05-01,KG,Multimedia,0.050
2025-05-01,KG,Other/Unknown,0.047
2025-05-01,KG,Practical Guidance,0.292
2025-05-01,KG,Seeking information,0.175
2025-05-01,KG,Self-expression,0.130
2025-05-01,KG,Technical help,0.054
2025-05-01,KG,Writing,0.252
2025-05-01,KH,Multimedia,0.053
2025-05-01,KH,Other/Unknown,0.074
2025-05-01,KH,Practical Guidance,0.185
2025-05-01,KH,Seeking information,0.117
2025-05-01,KH,Self-expression,0.085
2025-05-01,KH,Technical help,0.064
2025-05-01,KH,Writing,0.423
2025-05-01,KR,Multimedia,0.054
2025-05-01,KR,Other/Unknown,0.048
2025-05-01,KR,Practical Guidance,0.288
2025-05-01,KR,Seeking information,0.185
2025-05-01,KR,Self-expression,0.097
2025-05-01,KR,Technical help,0.070
2025-05-01,KR,Writing,0.257
2025-05-01,KW,Multimedia,0.063
2025-05-01,KW,Other/Unknown,0.057
2025-05-01,KW,Practical Guidance,0.289
2025-05-01,KW,Seeking information,0.216
2025-05-01,KW,Self-expression,0.107
2025-05-01,KW,Technical help,0.065
2025-05-01,KW,Writing,0.203
2025-05-01,KZ,Multimedia,0.051
2025-05-01,KZ,Other/Unknown,0.063
2025-05-01,KZ,Practical Guidance,0.298
2025-05-01,KZ,Seeking information,0.167
2025-05-01,KZ,Self-expression,0.094
2025-05-01,KZ,Technical help,0.060
2025-05-01,KZ,Writing,0.268
2025-05-01,LB,Multimedia,0.057
2025-05-01,LB,Other/Unknown,0.070
2025-05-01,LB,Practical Guidance,0.310
2025-05-01,LB,Seeking information,0.169
2025-05-01,LB,Self-expression,0.098
2025-05-01,LB,Technical help,0.050
2025-05-01,LB,Writing,0.244
2025-05-01,LK,Multimedia,0.067
2025-05-01,LK,Other/Unknown,0.046
2025-05-01,LK,Practical Guidance,0.295
2025-05-01,LK,Seeking information,0.138
2025-05-01,LK,Self-expression,0.066
2025-05-01,LK,Technical help,0.096
2025-05-01,LK,Writing,0.292
2025-05-01,LT,Multimedia,0.062
2025-05-01,LT,Other/Unknown,0.058
2025-05-01,LT,Practical Guidance,0.277
2025-05-01,LT,Seeking information,0.216
2025-05-01,LT,Self-expression,0.059
2025-05-01,LT,Technical help,0.088
2025-05-01,LT,Writing,0.240
2025-05-01,LU,Multimedia,0.108
2025-05-01,LU,Other/Unknown,0.086
2025-05-01,LU,Practical Guidance,0.318
2025-05-01,LU,Seeking information,0.144
2025-05-01,LU,Self-expression,0.055
2025-05-01,LU,Technical help,0.067
2025-05-01,LU,Writing,0.222
2025-05-01,LV,Multimedia,0.061
2025-05-01,LV,Other/Unknown,0.032
2025-05-01,LV,Practical Guidance,0.325
2025-05-01,LV,Seeking information,0.175
2025-05-01,LV,Self-expression,0.075
2025-05-01,LV,Technical help,0.088
2025-05-01,LV,Writing,0.244
2025-05-01,LY,Multimedia,0.079
2025-05-01,LY,Other/Unknown,0.069
2025-05-01,LY,Practical Guidance,0.338
2025-05-01,LY,Seeking information,0.133
2025-05-01,LY,Self-expression,0.167
2025-05-01,LY,Technical help,0.029
2025-05-01,LY,Writing,0.185
2025-05-01,MA,Multimedia,0.055
2025-05-01,MA,Other/Unknown,0.064
2025-05-01,MA,Practical Guidance,0.292
2025-05-01,MA,Seeking information,0.154
2025-05-01,MA,Self-expression,0.080
2025-05-01,MA,Technical help,0.054
2025-05-01,MA,Writing,0.301
2025-05-01,MD,Multimedia,0.041
2025-05-01,MD,Other/Unknown,0.059
2025-05-01,MD,Practical Guidance,0.303
2025-05-01,MD,Seeking information,0.210
2025-05-01,MD,Self-expression,0.074
2025-05-01,MD,Technical help,0.067
2025-05-01,MD,Writing,0.247
2025-05-01,MG,Multimedia,0.063
2025-05-01,MG,Other/Unknown,0.045
2025-05-01,MG,Practical Guidance,0.312
2025-05-01,MG,Seeking information,0.151
2025-05-01,MG,Self-expression,0.115
2025-05-01,MG,Technical help,0.063
2025-05-01,MG,Writing,0.251
2025-05-01,MK,Multimedia,0.068
2025-05-01,MK,Other/Unknown,0.031
2025-05-01,MK,Practical Guidance,0.291
2025-05-01,MK,Seeking information,0.210
2025-05-01,MK,Self-expression,0.146
2025-05-01,MK,Technical help,0.068
2025-05-01,MK,Writing,0.186
2025-05-01,MM,Multimedia,0.092
2025-05-01,MM,Other/Unknown,0.077
2025-05-01,MM,Practical Guidance,0.284
2025-05-01,MM,Seeking information,0.136
2025-05-01,MM,Self-expression,0.111
2025-05-01,MM,Technical help,0.034
2025-05-01,MM,Writing,0.267
2025-05-01,MN,Multimedia,0.090
2025-05-01,MN,Other/Unknown,0.057
2025-05-01,MN,Practical Guidance,0.311
2025-05-01,MN,Seeking information,0.221
2025-05-01,MN,Self-expression,0.078
2025-05-01,MN,Technical help,0.053
2025-05-01,MN,Writing,0.190
2025-05-01,MT,Multimedia,0.006
2025-05-01,MT,Other/Unknown,0.034
2025-05-01,MT,Practical Guidance,0.304
2025-05-01,MT,Seeking information,0.190
2025-05-01,MT,Self-expression,0.033
2025-05-01,MT,Technical help,0.044
2025-05-01,MT,Writing,0.391
2025-05-01,MU,Multimedia,0.023
2025-05-01,MU,Other/Unknown,0.001
2025-05-01,MU,Practical Guidance,0.347
2025-05-01,MU,Seeking information,0.152
2025-05-01,MU,Self-expression,0.098
2025-05-01,MU,Technical help,0.087
2025-05-01,MU,Writing,0.291
2025-05-01,MX,Multimedia,0.078
2025-05-01,MX,Other/Unknown,0.040
2025-05-01,MX,Practical Guidance,0.296
2025-05-01,MX,Seeking information,0.165
2025-05-01,MX,Self-expression,0.087
2025-05-01,MX,Technical help,0.063
2025-05-01,MX,Writing,0.270
2025-05-01,MY,Multimedia,0.066
2025-05-01,MY,Other/Unknown,0.050
2025-05-01,MY,Practical Guidance,0.277
2025-05-01,MY,Seeking information,0.172
2025-05-01,MY,Self-expression,0.087
2025-05-01,MY,Technical help,0.042
2025-05-01,MY,Writing,0.305
2025-05-01,MZ,Multimedia,0.068
2025-05-01,MZ,Other/Unknown,0.060
2025-05-01,MZ,Practical Guidance,0.351
2025-05-01,MZ,Seeking information,0.137
2025-05-01,MZ,Self-expression,0.024
2025-05-01,MZ,Technical help,0.074
2025-05-01,MZ,Writing,0.286
2025-05-01,NG,Multimedia,0.057
2025-05-01,NG,Other/Unknown,0.049
2025-05-01,NG,Practical Guidance,0.262
2025-05-01,NG,Seeking information,0.146
2025-05-01,NG,Self-expression,0.071
2025-05-01,NG,Technical help,0.059
2025-05-01,NG,Writing,0.356
2025-05-01,NI,Multimedia,0.109
2025-05-01,NI,Other/Unknown,0.060
2025-05-01,NI,Practical Guidance,0.291
2025-05-01,NI,Seeking information,0.178
2025-05-01,NI,Self-expression,0.059
2025-05-01,NI,Technical help,0.069
2025-05-01,NI,Writing,0.235
2025-05-01,NL,Multimedia,0.063
2025-05-01,NL,Other/Unknown,0.037
2025-05-01,NL,Practical Guidance,0.276
2025-05-01,NL,Seeking information,0.190
2025-05-01,NL,Self-expression,0.067
2025-05-01,NL,Technical help,0.073
2025-05-01,NL,Writing,0.295
2025-05-01,NO,Multimedia,0.057
2025-05-01,NO,Other/Unknown,0.049
2025-05-01,NO,Practical Guidance,0.304
2025-05-01,NO,Seeking information,0.198
2025-05-01,NO,Self-expression,0.061
2025-05-01,NO,Technical help,0.052
2025-05-01,NO,Writing,0.279
2025-05-01,NP,Multimedia,0.055
2025-05-01,NP,Other/Unknown,0.068
2025-05-01,NP,Practical Guidance,0.339
2025-05-01,NP,Seeking information,0.156
2025-05-01,NP,Self-expression,0.062
2025-05-01,NP,Technical help,0.090
2025-05-01,NP,Writing,0.230
2025-05-01,NZ,Multimedia,0.065
2025-05-01,NZ,Other/Unknown,0.038
2025-05-01,NZ,Practical Guidance,0.254
2025-05-01,NZ,Seeking information,0.176
2025-05-01,NZ,Self-expression,0.065
2025-05-01,NZ,Technical help,0.068
2025-05-01,NZ,Writing,0.335
2025-05-01,OM,Multimedia,0.079
2025-05-01,OM,Other/Unknown,0.062
2025-05-01,OM,Practical Guidance,0.274
2025-05-01,OM,Seeking information,0.143
2025-05-01,OM,Self-expression,0.108
2025-05-01,OM,Technical help,0.052
2025-05-01,OM,Writing,0.283
2025-05-01,PA,Multimedia,0.093
2025-05-01,PA,Other/Unknown,0.047
2025-05-01,PA,Practical Guidance,0.290
2025-05-01,PA,Seeking information,0.160
2025-05-01,PA,Self-expression,0.095
2025-05-01,PA,Technical help,0.051
2025-05-01,PA,Writing,0.264
2025-05-01,PE,Multimedia,0.071
2025-05-01,PE,Other/Unknown,0.046
2025-05-01,PE,Practical Guidance,0.317
2025-05-01,PE,Seeking information,0.152
2025-05-01,PE,Self-expression,0.051
2025-05-01,PE,Technical help,0.072
2025-05-01,PE,Writing,0.291
2025-05-01,PH,Multimedia,0.043
2025-05-01,PH,Other/Unknown,0.030
2025-05-01,PH,Practical Guidance,0.269
2025-05-01,PH,Seeking information,0.148
2025-05-01,PH,Self-expression,0.057
2025-05-01,PH,Technical help,0.064
2025-05-01,PH,Writing,0.390
2025-05-01,PK,Multimedia,0.071
2025-05-01,PK,Other/Unknown,0.047
2025-05-01,PK,Practical Guidance,0.317
2025-05-01,PK,Seeking information,0.155
2025-05-01,PK,Self-expression,0.042
2025-05-01,PK,Technical help,0.090
2025-05-01,PK,Writing,0.279
2025-05-01,PL,Multimedia,0.062
2025-05-01,PL,Other/Unknown,0.044
2025-05-01,PL,Practical Guidance,0.294
2025-05-01,PL,Seeking information,0.227
2025-05-01,PL,Self-expression,0.071
2025-05-01,PL,Technical help,0.066
2025-05-01,PL,Writing,0.235
2025-05-01,PR,Multimedia,0.096
2025-05-01,PR,Other/Unknown,0.041
2025-05-01,PR,Practical Guidance,0.284
2025-05-01,PR,Seeking information,0.189
2025-05-01,PR,Self-expression,0.120
2025-05-01,PR,Technical help,0.032
2025-05-01,PR,Writing,0.239
2025-05-01,PS,Multimedia,0.086
2025-05-01,PS,Other/Unknown,0.059
2025-05-01,PS,Practical Guidance,0.326
2025-05-01,PS,Seeking information,0.161
2025-05-01,PS,Self-expression,0.099
2025-05-01,PS,Technical help,0.061
2025-05-01,PS,Writing,0.208
2025-05-01,PT,Multimedia,0.070
2025-05-01,PT,Other/Unknown,0.046
2025-05-01,PT,Practical Guidance,0.265
2025-05-01,PT,Seeking information,0.203
2025-05-01,PT,Self-expression,0.065
2025-05-01,PT,Technical help,0.073
2025-05-01,PT,Writing,0.280
2025-05-01,PY,Multimedia,0.084
2025-05-01,PY,Other/Unknown,0.038
2025-05-01,PY,Practical Guidance,0.278
2025-05-01,PY,Seeking information,0.193
2025-05-01,PY,Self-expression,0.102
2025-05-01,PY,Technical help,0.030
2025-05-01,PY,Writing,0.275
2025-05-01,QA,Multimedia,0.098
2025-05-01,QA,Other/Unknown,0.078
2025-05-01,QA,Practical Guidance,0.293
2025-05-01,QA,Seeking information,0.143
2025-05-01,QA,Self-expression,0.095
2025-05-01,QA,Technical help,0.039
2025-05-01,QA,Writing,0.253
2025-05-01,RE,Multimedia,0.099
2025-05-01,RE,Other/Unknown,0.074
2025-05-01,RE,Practical Guidance,0.272
2025-05-01,RE,Seeking information,0.132
2025-05-01,RE,Self-expression,0.143
2025-05-01,RE,Technical help,0.015
2025-05-01,RE,Writing,0.264
2025-05-01,RO,Multimedia,0.063
2025-05-01,RO,Other/Unknown,0.047
2025-05-01,RO,Practical Guidance,0.285
2025-05-01,RO,Seeking information,0.218
2025-05-01,RO,Self-expression,0.090
2025-05-01,RO,Technical help,0.059
2025-05-01,RO,Writing,0.238
2025-05-01,RS,Multimedia,0.067
2025-05-01,RS,Other/Unknown,0.038
2025-05-01,RS,Practical Guidance,0.282
2025-05-01,RS,Seeking information,0.201
2025-05-01,RS,Self-expression,0.140
2025-05-01,RS,Technical help,0.068
2025-05-01,RS,Writing,0.202
2025-05-01,RW,Multimedia,0.095
2025-05-01,RW,Other/Unknown,0.061
2025-05-01,RW,Practical Guidance,0.293
2025-05-01,RW,Seeking information,0.163
2025-05-01,RW,Self-expression,0.028
2025-05-01,RW,Technical help,0.118
2025-05-01,RW,Writing,0.241
2025-05-01,SA,Multimedia,0.068
2025-05-01,SA,Other/Unknown,0.072
2025-05-01,SA,Practical Guidance,0.276
2025-05-01,SA,Seeking information,0.171
2025-05-01,SA,Self-expression,0.130
2025-05-01,SA,Technical help,0.041
2025-05-01,SA,Writing,0.243
2025-05-01,SC,Multimedia,0.037
2025-05-01,SC,Other/Unknown,0.061
2025-05-01,SC,Practical Guidance,0.162
2025-05-01,SC,Seeking information,0.104
2025-05-01,SC,Self-expression,0.069
2025-05-01,SC,Technical help,0.142
2025-05-01,SC,Writing,0.425
2025-05-01,SE,Multimedia,0.049
2025-05-01,SE,Other/Unknown,0.035
2025-05-01,SE,Practical Guidance,0.288
2025-05-01,SE,Seeking information,0.186
2025-05-01,SE,Self-expression,0.059
2025-05-01,SE,Technical help,0.088
2025-05-01,SE,Writing,0.294
2025-05-01,SG,Multimedia,0.039
2025-05-01,SG,Other/Unknown,0.038
2025-05-01,SG,Practical Guidance,0.250
2025-05-01,SG,Seeking information,0.156
2025-05-01,SG,Self-expression,0.050
2025-05-01,SG,Technical help,0.118
2025-05-01,SG,Writing,0.350
2025-05-01,SI,Multimedia,0.062
2025-05-01,SI,Other/Unknown,0.075
2025-05-01,SI,Practical Guidance,0.294
2025-05-01,SI,Seeking information,0.204
2025-05-01,SI,Self-expression,0.072
2025-05-01,SI,Technical help,0.079
2025-05-01,SI,Writing,0.214
2025-05-01,SK,Multimedia,0.070
2025-05-01,SK,Other/Unknown,0.044
2025-05-01,SK,Practical Guidance,0.332
2025-05-01,SK,Seeking information,0.234
2025-05-01,SK,Self-expression,0.074
2025-05-01,SK,Technical help,0.051
2025-05-01,SK,Writing,0.195
2025-05-01,SN,Multimedia,0.104
2025-05-01,SN,Other/Unknown,0.050
2025-05-01,SN,Practical Guidance,0.262
2025-05-01,SN,Seeking information,0.140
2025-05-01,SN,Self-expression,0.069
2025-05-01,SN,Technical help,0.050
2025-05-01,SN,Writing,0.324
2025-05-01,SO,Multimedia,0.110
2025-05-01,SO,Other/Unknown,0.052
2025-05-01,SO,Practical Guidance,0.248
2025-05-01,SO,Seeking information,0.177
2025-05-01,SO,Self-expression,0.095
2025-05-01,SO,Technical help,0.028
2025-05-01,SO,Writing,0.289
2025-05-01,SV,Multimedia,0.085
2025-05-01,SV,Other/Unknown,0.072
2025-05-01,SV,Practical Guidance,0.297
2025-05-01,SV,Seeking information,0.143
2025-05-01,SV,Self-expression,0.103
2025-05-01,SV,Technical help,0.053
2025-05-01,SV,Writing,0.247
2025-05-01,TH,Multimedia,0.065
2025-05-01,TH,Other/Unknown,0.060
2025-05-01,TH,Practical Guidance,0.271
2025-05-01,TH,Seeking information,0.174
2025-05-01,TH,Self-expression,0.109
2025-05-01,TH,Technical help,0.058
2025-05-01,TH,Writing,0.263
2025-05-01,TN,Multimedia,0.064
2025-05-01,TN,Other/Unknown,0.052
2025-05-01,TN,Practical Guidance,0.260
2025-05-01,TN,Seeking information,0.143
2025-05-01,TN,Self-expression,0.079
2025-05-01,TN,Technical help,0.088
2025-05-01,TN,Writing,0.313
2025-05-01,TR,Multimedia,0.093
2025-05-01,TR,Other/Unknown,0.063
2025-05-01,TR,Practical Guidance,0.295
2025-05-01,TR,Seeking information,0.179
2025-05-01,TR,Self-expression,0.122
2025-05-01,TR,Technical help,0.057
2025-05-01,TR,Writing,0.191
2025-05-01,TW,Multimedia,0.068
2025-05-01,TW,Other/Unknown,0.052
2025-05-01,TW,Practical Guidance,0.253
2025-05-01,TW,Seeking information,0.161
2025-05-01,TW,Self-expression,0.127
2025-05-01,TW,Technical help,0.080
2025-05-01,TW,Writing,0.260
2025-05-01,TZ,Multimedia,0.062
2025-05-01,TZ,Other/Unknown,0.053
2025-05-01,TZ,Practical Guidance,0.302
2025-05-01,TZ,Seeking information,0.210
2025-05-01,TZ,Self-expression,0.070
2025-05-01,TZ,Technical help,0.041
2025-05-01,TZ,Writing,0.262
2025-05-01,UA,Multimedia,0.062
2025-05-01,UA,Other/Unknown,0.042
2025-05-01,UA,Practical Guidance,0.302
2025-05-01,UA,Seeking information,0.215
2025-05-01,UA,Self-expression,0.076
2025-05-01,UA,Technical help,0.075
2025-05-01,UA,Writing,0.228
2025-05-01,UG,Multimedia,0.076
2025-05-01,UG,Other/Unknown,0.030
2025-05-01,UG,Practical Guidance,0.287
2025-05-01,UG,Seeking information,0.248
2025-05-01,UG,Self-expression,0.050
2025-05-01,UG,Technical help,0.074
2025-05-01,UG,Writing,0.235
2025-05-01,US,Multimedia,0.060
2025-05-01,US,Other/Unknown,0.041
2025-05-01,US,Practical Guidance,0.284
2025-05-01,US,Seeking information,0.185
2025-05-01,US,Self-expression,0.078
2025-05-01,US,Technical help,0.072
2025-05-01,US,Writing,0.280
2025-05-01,UY,Multimedia,0.094
2025-05-01,UY,Other/Unknown,0.049
2025-05-01,UY,Practical Guidance,0.293
2025-05-01,UY,Seeking information,0.183
2025-05-01,UY,Self-expression,0.102
2025-05-01,UY,Technical help,0.065
2025-05-01,UY,Writing,0.213
2025-05-01,UZ,Multimedia,0.066
2025-05-01,UZ,Other/Unknown,0.072
2025-05-01,UZ,Practical Guidance,0.293
2025-05-01,UZ,Seeking information,0.173
2025-05-01,UZ,Self-expression,0.094
2025-05-01,UZ,Technical help,0.056
2025-05-01,UZ,Writing,0.246
2025-05-01,VN,Multimedia,0.059
2025-05-01,VN,Other/Unknown,0.056
2025-05-01,VN,Practical Guidance,0.269
2025-05-01,VN,Seeking information,0.160
2025-05-01,VN,Self-expression,0.079
2025-05-01,VN,Technical help,0.069
2025-05-01,VN,Writing,0.308
2025-05-01,YE,Multimedia,0.077
2025-05-01,YE,Other/Unknown,0.052
2025-05-01,YE,Practical Guidance,0.324
2025-05-01,YE,Seeking information,0.117
2025-05-01,YE,Self-expression,0.106
2025-05-01,YE,Technical help,0.051
2025-05-01,YE,Writing,0.273
2025-05-01,ZA,Multimedia,0.048
2025-05-01,ZA,Other/Unknown,0.041
2025-05-01,ZA,Practical Guidance,0.285
2025-05-01,ZA,Seeking information,0.159
2025-05-01,ZA,Self-expression,0.063
2025-05-01,ZA,Technical help,0.071
2025-05-01,ZA,Writing,0.333
2025-05-01,ZM,Multimedia,0.016
2025-05-01,ZM,Other/Unknown,0.062
2025-05-01,ZM,Practical Guidance,0.334
2025-05-01,ZM,Seeking information,0.163
2025-05-01,ZM,Self-expression,0.076
2025-05-01,ZM,Technical help,0.078
2025-05-01,ZM,Writing,0.271
2025-06-01,AE,Multimedia,0.062
2025-06-01,AE,Other/Unknown,0.053
2025-06-01,AE,Practical Guidance,0.280
2025-06-01,AE,Seeking information,0.185
2025-06-01,AE,Self-expression,0.075
2025-06-01,AE,Technical help,0.046
2025-06-01,AE,Writing,0.298
2025-06-01,AF,Multimedia,0.074
2025-06-01,AF,Other/Unknown,0.078
2025-06-01,AF,Practical Guidance,0.247
2025-06-01,AF,Seeking information,0.195
2025-06-01,AF,Self-expression,0.098
2025-06-01,AF,Technical help,0.038
2025-06-01,AF,Writing,0.270
2025-06-01,AL,Multimedia,0.076
2025-06-01,AL,Other/Unknown,0.064
2025-06-01,AL,Practical Guidance,0.306
2025-06-01,AL,Seeking information,0.181
2025-06-01,AL,Self-expression,0.133
2025-06-01,AL,Technical help,0.057
2025-06-01,AL,Writing,0.184
2025-06-01,AM,Multimedia,0.038
2025-06-01,AM,Other/Unknown,0.082
2025-06-01,AM,Practical Guidance,0.280
2025-06-01,AM,Seeking information,0.210
2025-06-01,AM,Self-expression,0.092
2025-06-01,AM,Technical help,0.059
2025-06-01,AM,Writing,0.239
2025-06-01,AO,Multimedia,0.079
2025-06-01,AO,Other/Unknown,0.049
2025-06-01,AO,Practical Guidance,0.283
2025-06-01,AO,Seeking information,0.176
2025-06-01,AO,Self-expression,0.069
2025-06-01,AO,Technical help,0.056
2025-06-01,AO,Writing,0.287
2025-06-01,AR,Multimedia,0.086
2025-06-01,AR,Other/Unknown,0.049
2025-06-01,AR,Practical Guidance,0.302
2025-06-01,AR,Seeking information,0.165
2025-06-01,AR,Self-expression,0.114
2025-06-01,AR,Technical help,0.055
2025-06-01,AR,Writing,0.230
2025-06-01,AT,Multimedia,0.054
2025-06-01,AT,Other/Unknown,0.039
2025-06-01,AT,Practical Guidance,0.294
2025-06-01,AT,Seeking information,0.218
2025-06-01,AT,Self-expression,0.066
2025-06-01,AT,Technical help,0.059
2025-06-01,AT,Writing,0.270
2025-06-01,AU,Multimedia,0.048
2025-06-01,AU,Other/Unknown,0.036
2025-06-01,AU,Practical Guidance,0.288
2025-06-01,AU,Seeking information,0.183
2025-06-01,AU,Self-expression,0.074
2025-06-01,AU,Technical help,0.057
2025-06-01,AU,Writing,0.314
2025-06-01,AZ,Multimedia,0.076
2025-06-01,AZ,Other/Unknown,0.069
2025-06-01,AZ,Practical Guidance,0.267
2025-06-01,AZ,Seeking information,0.182
2025-06-01,AZ,Self-expression,0.163
2025-06-01,AZ,Technical help,0.041
2025-06-01,AZ,Writing,0.201
2025-06-01,BA,Multimedia,0.084
2025-06-01,BA,Other/Unknown,0.054
2025-06-01,BA,Practical Guidance,0.296
2025-06-01,BA,Seeking information,0.238
2025-06-01,BA,Self-expression,0.121
2025-06-01,BA,Technical help,0.052
2025-06-01,BA,Writing,0.155
2025-06-01,BD,Multimedia,0.094
2025-06-01,BD,Other/Unknown,0.093
2025-06-01,BD,Practical Guidance,0.257
2025-06-01,BD,Seeking information,0.170
2025-06-01,BD,Self-expression,0.096
2025-06-01,BD,Technical help,0.043
2025-06-01,BD,Writing,0.247
2025-06-01,BE,Multimedia,0.060
2025-06-01,BE,Other/Unknown,0.046
2025-06-01,BE,Practical Guidance,0.322
2025-06-01,BE,Seeking information,0.204
2025-06-01,BE,Self-expression,0.065
2025-06-01,BE,Technical help,0.051
2025-06-01,BE,Writing,0.252
2025-06-01,BF,Multimedia,0.067
2025-06-01,BF,Other/Unknown,0.052
2025-06-01,BF,Practical Guidance,0.295
2025-06-01,BF,Seeking information,0.188
2025-06-01,BF,Self-expression,0.092
2025-06-01,BF,Technical help,0.028
2025-06-01,BF,Writing,0.278
2025-06-01,BG,Multimedia,0.086
2025-06-01,BG,Other/Unknown,0.054
2025-06-01,BG,Practical Guidance,0.296
2025-06-01,BG,Seeking information,0.215
2025-06-01,BG,Self-expression,0.109
2025-06-01,BG,Technical help,0.057
2025-06-01,BG,Writing,0.183
2025-06-01,BH,Multimedia,0.011
2025-06-01,BH,Other/Unknown,0.061
2025-06-01,BH,Practical Guidance,0.276
2025-06-01,BH,Seeking information,0.206
2025-06-01,BH,Self-expression,0.094
2025-06-01,BH,Technical help,0.000
2025-06-01,BH,Writing,0.352
2025-06-01,BJ,Multimedia,0.071
2025-06-01,BJ,Other/Unknown,0.115
2025-06-01,BJ,Practical Guidance,0.218
2025-06-01,BJ,Seeking information,0.096
2025-06-01,BJ,Self-expression,0.091
2025-06-01,BJ,Technical help,0.014
2025-06-01,BJ,Writing,0.396
2025-06-01,BO,Multimedia,0.107
2025-06-01,BO,Other/Unknown,0.040
2025-06-01,BO,Practical Guidance,0.325
2025-06-01,BO,Seeking information,0.159
2025-06-01,BO,Self-expression,0.091
2025-06-01,BO,Technical help,0.049
2025-06-01,BO,Writing,0.229
2025-06-01,BR,Multimedia,0.105
2025-06-01,BR,Other/Unknown,0.051
2025-06-01,BR,Practical Guidance,0.263
2025-06-01,BR,Seeking information,0.149
2025-06-01,BR,Self-expression,0.083
2025-06-01,BR,Technical help,0.061
2025-06-01,BR,Writing,0.287
2025-06-01,CA,Multimedia,0.051
2025-06-01,CA,Other/Unknown,0.045
2025-06-01,CA,Practical Guidance,0.281
2025-06-01,CA,Seeking information,0.193
2025-06-01,CA,Self-expression,0.074
2025-06-01,CA,Technical help,0.065
2025-06-01,CA,Writing,0.291
2025-06-01,CD,Multimedia,0.102
2025-06-01,CD,Other/Unknown,0.054
2025-06-01,CD,Practical Guidance,0.217
2025-06-01,CD,Seeking information,0.185
2025-06-01,CD,Self-expression,0.067
2025-06-01,CD,Technical help,0.070
2025-06-01,CD,Writing,0.305
2025-06-01,CH,Multimedia,0.057
2025-06-01,CH,Other/Unknown,0.039
2025-06-01,CH,Practical Guidance,0.279
2025-06-01,CH,Seeking information,0.223
2025-06-01,CH,Self-expression,0.070
2025-06-01,CH,Technical help,0.041
2025-06-01,CH,Writing,0.291
2025-06-01,CI,Multimedia,0.101
2025-06-01,CI,Other/Unknown,0.059
2025-06-01,CI,Practical Guidance,0.224
2025-06-01,CI,Seeking information,0.171
2025-06-01,CI,Self-expression,0.096
2025-06-01,CI,Technical help,0.079
2025-06-01,CI,Writing,0.270
2025-06-01,CL,Multimedia,0.078
2025-06-01,CL,Other/Unknown,0.046
2025-06-01,CL,Practical Guidance,0.301
2025-06-01,CL,Seeking information,0.153
2025-06-01,CL,Self-expression,0.104
2025-06-01,CL,Technical help,0.063
2025-06-01,CL,Writing,0.256
2025-06-01,CM,Multimedia,0.065
2025-06-01,CM,Other/Unknown,0.028
2025-06-01,CM,Practical Guidance,0.329
2025-06-01,CM,Seeking information,0.114
2025-06-01,CM,Self-expression,0.069
2025-06-01,CM,Technical help,0.079
2025-06-01,CM,Writing,0.315
2025-06-01,CO,Multimedia,0.094
2025-06-01,CO,Other/Unknown,0.047
2025-06-01,CO,Practical Guidance,0.274
2025-06-01,CO,Seeking information,0.173
2025-06-01,CO,Self-expression,0.081
2025-06-01,CO,Technical help,0.059
2025-06-01,CO,Writing,0.271
2025-06-01,CR,Multimedia,0.088
2025-06-01,CR,Other/Unknown,0.040
2025-06-01,CR,Practical Guidance,0.314
2025-06-01,CR,Seeking information,0.185
2025-06-01,CR,Self-expression,0.081
2025-06-01,CR,Technical help,0.057
2025-06-01,CR,Writing,0.236
2025-06-01,CY,Multimedia,0.070
2025-06-01,CY,Other/Unknown,0.062
2025-06-01,CY,Practical Guidance,0.262
2025-06-01,CY,Seeking information,0.234
2025-06-01,CY,Self-expression,0.080
2025-06-01,CY,Technical help,0.028
2025-06-01,CY,Writing,0.263
2025-06-01,CZ,Multimedia,0.071
2025-06-01,CZ,Other/Unknown,0.056
2025-06-01,CZ,Practical Guidance,0.301
2025-06-01,CZ,Seeking information,0.227
2025-06-01,CZ,Self-expression,0.095
2025-06-01,CZ,Technical help,0.043
2025-06-01,CZ,Writing,0.206
2025-06-01,DE,Multimedia,0.066
2025-06-01,DE,Other/Unknown,0.047
2025-06-01,DE,Practical Guidance,0.289
2025-06-01,DE,Seeking information,0.210
2025-06-01,DE,Self-expression,0.083
2025-06-01,DE,Technical help,0.052
2025-06-01,DE,Writing,0.252
2025-06-01,DK,Multimedia,0.055
2025-06-01,DK,Other/Unknown,0.036
2025-06-01,DK,Practical Guidance,0.298
2025-06-01,DK,Seeking information,0.185
2025-06-01,DK,Self-expression,0.072
2025-06-01,DK,Technical help,0.051
2025-06-01,DK,Writing,0.302
2025-06-01,DO,Multimedia,0.085
2025-06-01,DO,Other/Unknown,0.061
2025-06-01,DO,Practical Guidance,0.297
2025-06-01,DO,Seeking information,0.160
2025-06-01,DO,Self-expression,0.107
2025-06-01,DO,Technical help,0.052
2025-06-01,DO,Writing,0.239
2025-06-01,DZ,Multimedia,0.070
2025-06-01,DZ,Other/Unknown,0.075
2025-06-01,DZ,Practical Guidance,0.295
2025-06-01,DZ,Seeking information,0.171
2025-06-01,DZ,Self-expression,0.139
2025-06-01,DZ,Technical help,0.029
2025-06-01,DZ,Writing,0.221
2025-06-01,EC,Multimedia,0.073
2025-06-01,EC,Other/Unknown,0.040
2025-06-01,EC,Practical Guidance,0.316
2025-06-01,EC,Seeking information,0.165
2025-06-01,EC,Self-expression,0.052
2025-06-01,EC,Technical help,0.066
2025-06-01,EC,Writing,0.288
2025-06-01,EE,Multimedia,0.078
2025-06-01,EE,Other/Unknown,0.051
2025-06-01,EE,Practical Guidance,0.187
2025-06-01,EE,Seeking information,0.253
2025-06-01,EE,Self-expression,0.079
2025-06-01,EE,Technical help,0.083
2025-06-01,EE,Writing,0.269
2025-06-01,EG,Multimedia,0.083
2025-06-01,EG,Other/Unknown,0.078
2025-06-01,EG,Practical Guidance,0.295
2025-06-01,EG,Seeking information,0.170
2025-06-01,EG,Self-expression,0.137
2025-06-01,EG,Technical help,0.041
2025-06-01,EG,Writing,0.195
2025-06-01,ES,Multimedia,0.073
2025-06-01,ES,Other/Unknown,0.042
2025-06-01,ES,Practical Guidance,0.297
2025-06-01,ES,Seeking information,0.212
2025-06-01,ES,Self-expression,0.080
2025-06-01,ES,Technical help,0.063
2025-06-01,ES,Writing,0.233
2025-06-01,ET,Multimedia,0.077
2025-06-01,ET,Other/Unknown,0.061
2025-06-01,ET,Practical Guidance,0.343
2025-06-01,ET,Seeking information,0.167
2025-06-01,ET,Self-expression,0.064
2025-06-01,ET,Technical help,0.099
2025-06-01,ET,Writing,0.188
2025-06-01,FI,Multimedia,0.066
2025-06-01,FI,Other/Unknown,0.044
2025-06-01,FI,Practical Guidance,0.265
2025-06-01,FI,Seeking information,0.209
2025-06-01,FI,Self-expression,0.116
2025-06-01,FI,Technical help,0.066
2025-06-01,FI,Writing,0.234
2025-06-01,FR,Multimedia,0.068
2025-06-01,FR,Other/Unknown,0.045
2025-06-01,FR,Practical Guidance,0.270
2025-06-01,FR,Seeking information,0.208
2025-06-01,FR,Self-expression,0.082
2025-06-01,FR,Technical help,0.051
2025-06-01,FR,Writing,0.275
2025-06-01,GB,Multimedia,0.065
2025-06-01,GB,Other/Unknown,0.040
2025-06-01,GB,Practical Guidance,0.269
2025-06-01,GB,Seeking information,0.198
2025-06-01,GB,Self-expression,0.077
2025-06-01,GB,Technical help,0.057
2025-06-01,GB,Writing,0.295
2025-06-01,GE,Multimedia,0.061
2025-06-01,GE,Other/Unknown,0.050
2025-06-01,GE,Practical Guidance,0.279
2025-06-01,GE,Seeking information,0.229
2025-06-01,GE,Self-expression,0.134
2025-06-01,GE,Technical help,0.052
2025-06-01,GE,Writing,0.195
2025-06-01,GH,Multimedia,0.078
2025-06-01,GH,Other/Unknown,0.053
2025-06-01,GH,Practical Guidance,0.288
2025-06-01,GH,Seeking information,0.173
2025-06-01,GH,Self-expression,0.067
2025-06-01,GH,Technical help,0.038
2025-06-01,GH,Writing,0.304
2025-06-01,GR,Multimedia,0.062
2025-06-01,GR,Other/Unknown,0.056
2025-06-01,GR,Practical Guidance,0.327
2025-06-01,GR,Seeking information,0.211
2025-06-01,GR,Self-expression,0.111
2025-06-01,GR,Technical help,0.042
2025-06-01,GR,Writing,0.190
2025-06-01,GT,Multimedia,0.074
2025-06-01,GT,Other/Unknown,0.052
2025-06-01,GT,Practical Guidance,0.295
2025-06-01,GT,Seeking information,0.147
2025-06-01,GT,Self-expression,0.103
2025-06-01,GT,Technical help,0.098
2025-06-01,GT,Writing,0.230
2025-06-01,HN,Multimedia,0.078
2025-06-01,HN,Other/Unknown,0.064
2025-06-01,HN,Practical Guidance,0.326
2025-06-01,HN,Seeking information,0.145
2025-06-01,HN,Self-expression,0.105
2025-06-01,HN,Technical help,0.082
2025-06-01,HN,Writing,0.200
2025-06-01,HR,Multimedia,0.079
2025-06-01,HR,Other/Unknown,0.049
2025-06-01,HR,Practical Guidance,0.283
2025-06-01,HR,Seeking information,0.240
2025-06-01,HR,Self-expression,0.089
2025-06-01,HR,Technical help,0.050
2025-06-01,HR,Writing,0.210
2025-06-01,HT,Multimedia,0.148
2025-06-01,HT,Other/Unknown,0.107
2025-06-01,HT,Practical Guidance,0.215
2025-06-01,HT,Seeking information,0.195
2025-06-01,HT,Self-expression,0.029
2025-06-01,HT,Technical help,0.035
2025-06-01,HT,Writing,0.272
2025-06-01,HU,Multimedia,0.078
2025-06-01,HU,Other/Unknown,0.062
2025-06-01,HU,Practical Guidance,0.294
2025-06-01,HU,Seeking information,0.231
2025-06-01,HU,Self-expression,0.112
2025-06-01,HU,Technical help,0.039
2025-06-01,HU,Writing,0.185
2025-06-01,ID,Multimedia,0.076
2025-06-01,ID,Other/Unknown,0.039
2025-06-01,ID,Practical Guidance,0.295
2025-06-01,ID,Seeking information,0.164
2025-06-01,ID,Self-expression,0.081
2025-06-01,ID,Technical help,0.058
2025-06-01,ID,Writing,0.288
2025-06-01,IE,Multimedia,0.065
2025-06-01,IE,Other/Unknown,0.041
2025-06-01,IE,Practical Guidance,0.307
2025-06-01,IE,Seeking information,0.213
2025-06-01,IE,Self-expression,0.070
2025-06-01,IE,Technical help,0.046
2025-06-01,IE,Writing,0.259
2025-06-01,IL,Multimedia,0.076
2025-06-01,IL,Other/Unknown,0.059
2025-06-01,IL,Practical Guidance,0.280
2025-06-01,IL,Seeking information,0.223
2025-06-01,IL,Self-expression,0.093
2025-06-01,IL,Technical help,0.065
2025-06-01,IL,Writing,0.204
2025-06-01,IN,Multimedia,0.078
2025-06-01,IN,Other/Unknown,0.060
2025-06-01,IN,Practical Guidance,0.287
2025-06-01,IN,Seeking information,0.166
2025-06-01,IN,Self-expression,0.067
2025-06-01,IN,Technical help,0.110
2025-06-01,IN,Writing,0.233
2025-06-01,IQ,Multimedia,0.092
2025-06-01,IQ,Other/Unknown,0.076
2025-06-01,IQ,Practical Guidance,0.286
2025-06-01,IQ,Seeking information,0.179
2025-06-01,IQ,Self-expression,0.174
2025-06-01,IQ,Technical help,0.022
2025-06-01,IQ,Writing,0.170
2025-06-01,IT,Multimedia,0.064
2025-06-01,IT,Other/Unknown,0.042
2025-06-01,IT,Practical Guidance,0.313
2025-06-01,IT,Seeking information,0.216
2025-06-01,IT,Self-expression,0.075
2025-06-01,IT,Technical help,0.058
2025-06-01,IT,Writing,0.232
2025-06-01,JM,Multimedia,0.042
2025-06-01,JM,Other/Unknown,0.019
2025-06-01,JM,Practical Guidance,0.324
2025-06-01,JM,Seeking information,0.166
2025-06-01,JM,Self-expression,0.084
2025-06-01,JM,Technical help,0.065
2025-06-01,JM,Writing,0.300
2025-06-01,JO,Multimedia,0.070
2025-06-01,JO,Other/Unknown,0.061
2025-06-01,JO,Practical Guidance,0.346
2025-06-01,JO,Seeking information,0.181
2025-06-01,JO,Self-expression,0.141
2025-06-01,JO,Technical help,0.034
2025-06-01,JO,Writing,0.166
2025-06-01,JP,Multimedia,0.044
2025-06-01,JP,Other/Unknown,0.041
2025-06-01,JP,Practical Guidance,0.271
2025-06-01,JP,Seeking information,0.172
2025-06-01,JP,Self-expression,0.154
2025-06-01,JP,Technical help,0.058
2025-06-01,JP,Writing,0.261
2025-06-01,KE,Multimedia,0.051
2025-06-01,KE,Other/Unknown,0.048
2025-06-01,KE,Practical Guidance,0.290
2025-06-01,KE,Seeking information,0.171
2025-06-01,KE,Self-expression,0.099
2025-06-01,KE,Technical help,0.054
2025-06-01,KE,Writing,0.287
2025-06-01,KG,Multimedia,0.086
2025-06-01,KG,Other/Unknown,0.047
2025-06-01,KG,Practical Guidance,0.276
2025-06-01,KG,Seeking information,0.178
2025-06-01,KG,Self-expression,0.117
2025-06-01,KG,Technical help,0.015
2025-06-01,KG,Writing,0.282
2025-06-01,KH,Multimedia,0.064
2025-06-01,KH,Other/Unknown,0.074
2025-06-01,KH,Practical Guidance,0.217
2025-06-01,KH,Seeking information,0.113
2025-06-01,KH,Self-expression,0.080
2025-06-01,KH,Technical help,0.073
2025-06-01,KH,Writing,0.378
2025-06-01,KR,Multimedia,0.046
2025-06-01,KR,Other/Unknown,0.053
2025-06-01,KR,Practical Guidance,0.290
2025-06-01,KR,Seeking information,0.196
2025-06-01,KR,Self-expression,0.092
2025-06-01,KR,Technical help,0.071
2025-06-01,KR,Writing,0.253
2025-06-01,KW,Multimedia,0.074
2025-06-01,KW,Other/Unknown,0.088
2025-06-01,KW,Practical Guidance,0.327
2025-06-01,KW,Seeking information,0.205
2025-06-01,KW,Self-expression,0.098
2025-06-01,KW,Technical help,0.015
2025-06-01,KW,Writing,0.192
2025-06-01,KZ,Multimedia,0.059
2025-06-01,KZ,Other/Unknown,0.073
2025-06-01,KZ,Practical Guidance,0.273
2025-06-01,KZ,Seeking information,0.187
2025-06-01,KZ,Self-expression,0.131
2025-06-01,KZ,Technical help,0.047
2025-06-01,KZ,Writing,0.229
2025-06-01,LA,Multimedia,0.063
2025-06-01,LA,Other/Unknown,0.035
2025-06-01,LA,Practical Guidance,0.208
2025-06-01,LA,Seeking information,0.094
2025-06-01,LA,Self-expression,0.256
2025-06-01,LA,Technical help,0.006
2025-06-01,LA,Writing,0.338
2025-06-01,LB,Multimedia,0.086
2025-06-01,LB,Other/Unknown,0.053
2025-06-01,LB,Practical Guidance,0.308
2025-06-01,LB,Seeking information,0.181
2025-06-01,LB,Self-expression,0.115
2025-06-01,LB,Technical help,0.046
2025-06-01,LB,Writing,0.212
2025-06-01,LK,Multimedia,0.064
2025-06-01,LK,Other/Unknown,0.054
2025-06-01,LK,Practical Guidance,0.275
2025-06-01,LK,Seeking information,0.150
2025-06-01,LK,Self-expression,0.081
2025-06-01,LK,Technical help,0.083
2025-06-01,LK,Writing,0.293
2025-06-01,LT,Multimedia,0.065
2025-06-01,LT,Other/Unknown,0.054
2025-06-01,LT,Practical Guidance,0.293
2025-06-01,LT,Seeking information,0.244
2025-06-01,LT,Self-expression,0.078
2025-06-01,LT,Technical help,0.072
2025-06-01,LT,Writing,0.195
2025-06-01,LU,Multimedia,0.017
2025-06-01,LU,Other/Unknown,0.052
2025-06-01,LU,Practical Guidance,0.243
2025-06-01,LU,Seeking information,0.247
2025-06-01,LU,Self-expression,0.032
2025-06-01,LU,Technical help,0.081
2025-06-01,LU,Writing,0.328
2025-06-01,LV,Multimedia,0.055
2025-06-01,LV,Other/Unknown,0.055
2025-06-01,LV,Practical Guidance,0.285
2025-06-01,LV,Seeking information,0.195
2025-06-01,LV,Self-expression,0.134
2025-06-01,LV,Technical help,0.027
2025-06-01,LV,Writing,0.249
2025-06-01,LY,Multimedia,0.094
2025-06-01,LY,Other/Unknown,0.081
2025-06-01,LY,Practical Guidance,0.271
2025-06-01,LY,Seeking information,0.187
2025-06-01,LY,Self-expression,0.140
2025-06-01,LY,Technical help,0.042
2025-06-01,LY,Writing,0.185
2025-06-01,MA,Multimedia,0.060
2025-06-01,MA,Other/Unknown,0.070
2025-06-01,MA,Practical Guidance,0.296
2025-06-01,MA,Seeking information,0.164
2025-06-01,MA,Self-expression,0.089
2025-06-01,MA,Technical help,0.048
2025-06-01,MA,Writing,0.273
2025-06-01,MD,Multimedia,0.046
2025-06-01,MD,Other/Unknown,0.047
2025-06-01,MD,Practical Guidance,0.343
2025-06-01,MD,Seeking information,0.208
2025-06-01,MD,Self-expression,0.100
2025-06-01,MD,Technical help,0.075
2025-06-01,MD,Writing,0.181
2025-06-01,ME,Multimedia,0.063
2025-06-01,ME,Other/Unknown,0.035
2025-06-01,ME,Practical Guidance,0.277
2025-06-01,ME,Seeking information,0.212
2025-06-01,ME,Self-expression,0.139
2025-06-01,ME,Technical help,0.036
2025-06-01,ME,Writing,0.237
2025-06-01,MG,Multimedia,0.047
2025-06-01,MG,Other/Unknown,0.056
2025-06-01,MG,Practical Guidance,0.327
2025-06-01,MG,Seeking information,0.124
2025-06-01,MG,Self-expression,0.038
2025-06-01,MG,Technical help,0.094
2025-06-01,MG,Writing,0.314
2025-06-01,MK,Multimedia,0.094
2025-06-01,MK,Other/Unknown,0.073
2025-06-01,MK,Practical Guidance,0.244
2025-06-01,MK,Seeking information,0.255
2025-06-01,MK,Self-expression,0.088
2025-06-01,MK,Technical help,0.056
2025-06-01,MK,Writing,0.191
2025-06-01,MM,Multimedia,0.089
2025-06-01,MM,Other/Unknown,0.063
2025-06-01,MM,Practical Guidance,0.279
2025-06-01,MM,Seeking information,0.126
2025-06-01,MM,Self-expression,0.148
2025-06-01,MM,Technical help,0.044
2025-06-01,MM,Writing,0.251
2025-06-01,MN,Multimedia,0.040
2025-06-01,MN,Other/Unknown,0.097
2025-06-01,MN,Practical Guidance,0.306
2025-06-01,MN,Seeking information,0.222
2025-06-01,MN,Self-expression,0.079
2025-06-01,MN,Technical help,0.037
2025-06-01,MN,Writing,0.219
2025-06-01,MT,Multimedia,0.088
2025-06-01,MT,Other/Unknown,0.015
2025-06-01,MT,Practical Guidance,0.321
2025-06-01,MT,Seeking information,0.164
2025-06-01,MT,Self-expression,0.041
2025-06-01,MT,Technical help,0.037
2025-06-01,MT,Writing,0.334
2025-06-01,MX,Multimedia,0.091
2025-06-01,MX,Other/Unknown,0.043
2025-06-01,MX,Practical Guidance,0.291
2025-06-01,MX,Seeking information,0.165
2025-06-01,MX,Self-expression,0.099
2025-06-01,MX,Technical help,0.059
2025-06-01,MX,Writing,0.252
2025-06-01,MY,Multimedia,0.067
2025-06-01,MY,Other/Unknown,0.051
2025-06-01,MY,Practical Guidance,0.258
2025-06-01,MY,Seeking information,0.178
2025-06-01,MY,Self-expression,0.097
2025-06-01,MY,Technical help,0.045
2025-06-01,MY,Writing,0.305
2025-06-01,MZ,Multimedia,0.085
2025-06-01,MZ,Other/Unknown,0.087
2025-06-01,MZ,Practical Guidance,0.273
2025-06-01,MZ,Seeking information,0.162
2025-06-01,MZ,Self-expression,0.025
2025-06-01,MZ,Technical help,0.046
2025-06-01,MZ,Writing,0.322
2025-06-01,NG,Multimedia,0.068
2025-06-01,NG,Other/Unknown,0.038
2025-06-01,NG,Practical Guidance,0.238
2025-06-01,NG,Seeking information,0.145
2025-06-01,NG,Self-expression,0.075
2025-06-01,NG,Technical help,0.049
2025-06-01,NG,Writing,0.387
2025-06-01,NI,Multimedia,0.053
2025-06-01,NI,Other/Unknown,0.069
2025-06-01,NI,Practical Guidance,0.329
2025-06-01,NI,Seeking information,0.123
2025-06-01,NI,Self-expression,0.114
2025-06-01,NI,Technical help,0.070
2025-06-01,NI,Writing,0.241
2025-06-01,NL,Multimedia,0.067
2025-06-01,NL,Other/Unknown,0.040
2025-06-01,NL,Practical Guidance,0.281
2025-06-01,NL,Seeking information,0.188
2025-06-01,NL,Self-expression,0.076
2025-06-01,NL,Technical help,0.065
2025-06-01,NL,Writing,0.282
2025-06-01,NO,Multimedia,0.065
2025-06-01,NO,Other/Unknown,0.039
2025-06-01,NO,Practical Guidance,0.277
2025-06-01,NO,Seeking information,0.222
2025-06-01,NO,Self-expression,0.064
2025-06-01,NO,Technical help,0.067
2025-06-01,NO,Writing,0.266
2025-06-01,NP,Multimedia,0.077
2025-06-01,NP,Other/Unknown,0.079
2025-06-01,NP,Practical Guidance,0.326
2025-06-01,NP,Seeking information,0.166
2025-06-01,NP,Self-expression,0.080
2025-06-01,NP,Technical help,0.057
2025-06-01,NP,Writing,0.216
2025-06-01,NZ,Multimedia,0.057
2025-06-01,NZ,Other/Unknown,0.038
2025-06-01,NZ,Practical Guidance,0.227
2025-06-01,NZ,Seeking information,0.207
2025-06-01,NZ,Self-expression,0.058
2025-06-01,NZ,Technical help,0.061
2025-06-01,NZ,Writing,0.353
2025-06-01,OM,Multimedia,0.111
2025-06-01,OM,Other/Unknown,0.041
2025-06-01,OM,Practical Guidance,0.271
2025-06-01,OM,Seeking information,0.179
2025-06-01,OM,Self-expression,0.099
2025-06-01,OM,Technical help,0.048
2025-06-01,OM,Writing,0.251
2025-06-01,PA,Multimedia,0.114
2025-06-01,PA,Other/Unknown,0.033
2025-06-01,PA,Practical Guidance,0.284
2025-06-01,PA,Seeking information,0.134
2025-06-01,PA,Self-expression,0.104
2025-06-01,PA,Technical help,0.053
2025-06-01,PA,Writing,0.279
2025-06-01,PE,Multimedia,0.077
2025-06-01,PE,Other/Unknown,0.041
2025-06-01,PE,Practical Guidance,0.310
2025-06-01,PE,Seeking information,0.161
2025-06-01,PE,Self-expression,0.060
2025-06-01,PE,Technical help,0.066
2025-06-01,PE,Writing,0.287
2025-06-01,PH,Multimedia,0.047
2025-06-01,PH,Other/Unknown,0.040
2025-06-01,PH,Practical Guidance,0.266
2025-06-01,PH,Seeking information,0.140
2025-06-01,PH,Self-expression,0.068
2025-06-01,PH,Technical help,0.046
2025-06-01,PH,Writing,0.392
2025-06-01,PK,Multimedia,0.085
2025-06-01,PK,Other/Unknown,0.051
2025-06-01,PK,Practical Guidance,0.286
2025-06-01,PK,Seeking information,0.172
2025-06-01,PK,Self-expression,0.065
2025-06-01,PK,Technical help,0.074
2025-06-01,PK,Writing,0.267
2025-06-01,PL,Multimedia,0.070
2025-06-01,PL,Other/Unknown,0.043
2025-06-01,PL,Practical Guidance,0.296
2025-06-01,PL,Seeking information,0.234
2025-06-01,PL,Self-expression,0.081
2025-06-01,PL,Technical help,0.063
2025-06-01,PL,Writing,0.214
2025-06-01,PR,Multimedia,0.075
2025-06-01,PR,Other/Unknown,0.056
2025-06-01,PR,Practical Guidance,0.287
2025-06-01,PR,Seeking information,0.189
2025-06-01,PR,Self-expression,0.143
2025-06-01,PR,Technical help,0.046
2025-06-01,PR,Writing,0.203
2025-06-01,PS,Multimedia,0.092
2025-06-01,PS,Other/Unknown,0.103
2025-06-01,PS,Practical Guidance,0.319
2025-06-01,PS,Seeking information,0.147
2025-06-01,PS,Self-expression,0.102
2025-06-01,PS,Technical help,0.031
2025-06-01,PS,Writing,0.205
2025-06-01,PT,Multimedia,0.063
2025-06-01,PT,Other/Unknown,0.042
2025-06-01,PT,Practical Guidance,0.261
2025-06-01,PT,Seeking information,0.215
2025-06-01,PT,Self-expression,0.065
2025-06-01,PT,Technical help,0.062
2025-06-01,PT,Writing,0.293
2025-06-01,PY,Multimedia,0.058
2025-06-01,PY,Other/Unknown,0.049
2025-06-01,PY,Practical Guidance,0.273
2025-06-01,PY,Seeking information,0.174
2025-06-01,PY,Self-expression,0.098
2025-06-01,PY,Technical help,0.074
2025-06-01,PY,Writing,0.275
2025-06-01,QA,Multimedia,0.073
2025-06-01,QA,Other/Unknown,0.031
2025-06-01,QA,Practical Guidance,0.288
2025-06-01,QA,Seeking information,0.217
2025-06-01,QA,Self-expression,0.080
2025-06-01,QA,Technical help,0.044
2025-06-01,QA,Writing,0.267
2025-06-01,RO,Multimedia,0.073
2025-06-01,RO,Other/Unknown,0.057
2025-06-01,RO,Practical Guidance,0.309
2025-06-01,RO,Seeking information,0.229
2025-06-01,RO,Self-expression,0.076
2025-06-01,RO,Technical help,0.052
2025-06-01,RO,Writing,0.204
2025-06-01,RS,Multimedia,0.056
2025-06-01,RS,Other/Unknown,0.061
2025-06-01,RS,Practical Guidance,0.297
2025-06-01,RS,Seeking information,0.218
2025-06-01,RS,Self-expression,0.121
2025-06-01,RS,Technical help,0.056
2025-06-01,RS,Writing,0.190
2025-06-01,RW,Multimedia,0.008
2025-06-01,RW,Other/Unknown,0.039
2025-06-01,RW,Practical Guidance,0.332
2025-06-01,RW,Seeking information,0.178
2025-06-01,RW,Self-expression,0.044
2025-06-01,RW,Technical help,0.111
2025-06-01,RW,Writing,0.288
2025-06-01,SA,Multimedia,0.076
2025-06-01,SA,Other/Unknown,0.076
2025-06-01,SA,Practical Guidance,0.258
2025-06-01,SA,Seeking information,0.190
2025-06-01,SA,Self-expression,0.142
2025-06-01,SA,Technical help,0.028
2025-06-01,SA,Writing,0.230
2025-06-01,SD,Multimedia,0.074
2025-06-01,SD,Other/Unknown,0.142
2025-06-01,SD,Practical Guidance,0.242
2025-06-01,SD,Seeking information,0.152
2025-06-01,SD,Self-expression,0.130
2025-06-01,SD,Technical help,0.036
2025-06-01,SD,Writing,0.224
2025-06-01,SE,Multimedia,0.070
2025-06-01,SE,Other/Unknown,0.040
2025-06-01,SE,Practical Guidance,0.266
2025-06-01,SE,Seeking information,0.220
2025-06-01,SE,Self-expression,0.080
2025-06-01,SE,Technical help,0.076
2025-06-01,SE,Writing,0.248
2025-06-01,SG,Multimedia,0.039
2025-06-01,SG,Other/Unknown,0.039
2025-06-01,SG,Practical Guidance,0.232
2025-06-01,SG,Seeking information,0.180
2025-06-01,SG,Self-expression,0.071
2025-06-01,SG,Technical help,0.107
2025-06-01,SG,Writing,0.332
2025-06-01,SI,Multimedia,0.054
2025-06-01,SI,Other/Unknown,0.039
2025-06-01,SI,Practical Guidance,0.255
2025-06-01,SI,Seeking information,0.271
2025-06-01,SI,Self-expression,0.068
2025-06-01,SI,Technical help,0.085
2025-06-01,SI,Writing,0.228
2025-06-01,SK,Multimedia,0.062
2025-06-01,SK,Other/Unknown,0.040
2025-06-01,SK,Practical Guidance,0.324
2025-06-01,SK,Seeking information,0.244
2025-06-01,SK,Self-expression,0.083
2025-06-01,SK,Technical help,0.041
2025-06-01,SK,Writing,0.206
2025-06-01,SN,Multimedia,0.061
2025-06-01,SN,Other/Unknown,0.058
2025-06-01,SN,Practical Guidance,0.230
2025-06-01,SN,Seeking information,0.179
2025-06-01,SN,Self-expression,0.091
2025-06-01,SN,Technical help,0.019
2025-06-01,SN,Writing,0.363
2025-06-01,SO,Multimedia,0.088
2025-06-01,SO,Other/Unknown,0.098
2025-06-01,SO,Practical Guidance,0.230
2025-06-01,SO,Seeking information,0.161
2025-06-01,SO,Self-expression,0.166
2025-06-01,SO,Technical help,0.007
2025-06-01,SO,Writing,0.251
2025-06-01,SV,Multimedia,0.082
2025-06-01,SV,Other/Unknown,0.057
2025-06-01,SV,Practical Guidance,0.244
2025-06-01,SV,Seeking information,0.173
2025-06-01,SV,Self-expression,0.144
2025-06-01,SV,Technical help,0.070
2025-06-01,SV,Writing,0.229
2025-06-01,TH,Multimedia,0.062
2025-06-01,TH,Other/Unknown,0.058
2025-06-01,TH,Practical Guidance,0.280
2025-06-01,TH,Seeking information,0.179
2025-06-01,TH,Self-expression,0.106
2025-06-01,TH,Technical help,0.056
2025-06-01,TH,Writing,0.259
2025-06-01,TJ,Multimedia,0.057
2025-06-01,TJ,Other/Unknown,0.099
2025-06-01,TJ,Practical Guidance,0.305
2025-06-01,TJ,Seeking information,0.219
2025-06-01,TJ,Self-expression,0.165
2025-06-01,TJ,Technical help,0.074
2025-06-01,TJ,Writing,0.081
2025-06-01,TN,Multimedia,0.076
2025-06-01,TN,Other/Unknown,0.066
2025-06-01,TN,Practical Guidance,0.254
2025-06-01,TN,Seeking information,0.170
2025-06-01,TN,Self-expression,0.081
2025-06-01,TN,Technical help,0.071
2025-06-01,TN,Writing,0.281
2025-06-01,TR,Multimedia,0.080
2025-06-01,TR,Other/Unknown,0.061
2025-06-01,TR,Practical Guidance,0.290
2025-06-01,TR,Seeking information,0.192
2025-06-01,TR,Self-expression,0.139
2025-06-01,TR,Technical help,0.052
2025-06-01,TR,Writing,0.187
2025-06-01,TW,Multimedia,0.051
2025-06-01,TW,Other/Unknown,0.052
2025-06-01,TW,Practical Guidance,0.263
2025-06-01,TW,Seeking information,0.160
2025-06-01,TW,Self-expression,0.132
2025-06-01,TW,Technical help,0.072
2025-06-01,TW,Writing,0.270
2025-06-01,TZ,Multimedia,0.067
2025-06-01,TZ,Other/Unknown,0.079
2025-06-01,TZ,Practical Guidance,0.294
2025-06-01,TZ,Seeking information,0.179
2025-06-01,TZ,Self-expression,0.110
2025-06-01,TZ,Technical help,0.035
2025-06-01,TZ,Writing,0.237
2025-06-01,UA,Multimedia,0.059
2025-06-01,UA,Other/Unknown,0.057
2025-06-01,UA,Practical Guidance,0.289
2025-06-01,UA,Seeking information,0.191
2025-06-01,UA,Self-expression,0.118
2025-06-01,UA,Technical help,0.059
2025-06-01,UA,Writing,0.227
2025-06-01,UG,Multimedia,0.040
2025-06-01,UG,Other/Unknown,0.024
2025-06-01,UG,Practical Guidance,0.320
2025-06-01,UG,Seeking information,0.176
2025-06-01,UG,Self-expression,0.100
2025-06-01,UG,Technical help,0.057
2025-06-01,UG,Writing,0.282
2025-06-01,US,Multimedia,0.060
2025-06-01,US,Other/Unknown,0.043
2025-06-01,US,Practical Guidance,0.281
2025-06-01,US,Seeking information,0.195
2025-06-01,US,Self-expression,0.090
2025-06-01,US,Technical help,0.063
2025-06-01,US,Writing,0.268
2025-06-01,UY,Multimedia,0.117
2025-06-01,UY,Other/Unknown,0.044
2025-06-01,UY,Practical Guidance,0.309
2025-06-01,UY,Seeking information,0.133
2025-06-01,UY,Self-expression,0.141
2025-06-01,UY,Technical help,0.050
2025-06-01,UY,Writing,0.207
2025-06-01,UZ,Multimedia,0.083
2025-06-01,UZ,Other/Unknown,0.077
2025-06-01,UZ,Practical Guidance,0.283
2025-06-01,UZ,Seeking information,0.194
2025-06-01,UZ,Self-expression,0.112
2025-06-01,UZ,Technical help,0.045
2025-06-01,UZ,Writing,0.206
2025-06-01,VN,Multimedia,0.055
2025-06-01,VN,Other/Unknown,0.051
2025-06-01,VN,Practical Guidance,0.277
2025-06-01,VN,Seeking information,0.166
2025-06-01,VN,Self-expression,0.095
2025-06-01,VN,Technical help,0.068
2025-06-01,VN,Writing,0.288
2025-06-01,YE,Multimedia,0.147
2025-06-01,YE,Other/Unknown,0.067
2025-06-01,YE,Practical Guidance,0.262
2025-06-01,YE,Seeking information,0.176
2025-06-01,YE,Self-expression,0.110
2025-06-01,YE,Technical help,0.041
2025-06-01,YE,Writing,0.197
2025-06-01,ZA,Multimedia,0.073
2025-06-01,ZA,Other/Unknown,0.056
2025-06-01,ZA,Practical Guidance,0.262
2025-06-01,ZA,Seeking information,0.151
2025-06-01,ZA,Self-expression,0.076
2025-06-01,ZA,Technical help,0.071
2025-06-01,ZA,Writing,0.311
2025-06-01,ZM,Multimedia,0.011
2025-06-01,ZM,Other/Unknown,0.047
2025-06-01,ZM,Practical Guidance,0.328
2025-06-01,ZM,Seeking information,0.217
2025-06-01,ZM,Self-expression,0.122
2025-06-01,ZM,Technical help,0.102
2025-06-01,ZM,Writing,0.172
2025-07-01,AE,Multimedia,0.059
2025-07-01,AE,Other/Unknown,0.053
2025-07-01,AE,Practical Guidance,0.245
2025-07-01,AE,Seeking information,0.216
2025-07-01,AE,Self-expression,0.072
2025-07-01,AE,Technical help,0.044
2025-07-01,AE,Writing,0.311
2025-07-01,AF,Multimedia,0.078
2025-07-01,AF,Other/Unknown,0.079
2025-07-01,AF,Practical Guidance,0.243
2025-07-01,AF,Seeking information,0.204
2025-07-01,AF,Self-expression,0.108
2025-07-01,AF,Technical help,0.019
2025-07-01,AF,Writing,0.269
2025-07-01,AL,Multimedia,0.064
2025-07-01,AL,Other/Unknown,0.089
2025-07-01,AL,Practical Guidance,0.287
2025-07-01,AL,Seeking information,0.198
2025-07-01,AL,Self-expression,0.102
2025-07-01,AL,Technical help,0.019
2025-07-01,AL,Writing,0.240
2025-07-01,AM,Multimedia,0.059
2025-07-01,AM,Other/Unknown,0.052
2025-07-01,AM,Practical Guidance,0.256
2025-07-01,AM,Seeking information,0.192
2025-07-01,AM,Self-expression,0.123
2025-07-01,AM,Technical help,0.101
2025-07-01,AM,Writing,0.217
2025-07-01,AO,Multimedia,0.085
2025-07-01,AO,Other/Unknown,0.062
2025-07-01,AO,Practical Guidance,0.318
2025-07-01,AO,Seeking information,0.107
2025-07-01,AO,Self-expression,0.132
2025-07-01,AO,Technical help,0.048
2025-07-01,AO,Writing,0.249
2025-07-01,AR,Multimedia,0.091
2025-07-01,AR,Other/Unknown,0.053
2025-07-01,AR,Practical Guidance,0.284
2025-07-01,AR,Seeking information,0.161
2025-07-01,AR,Self-expression,0.149
2025-07-01,AR,Technical help,0.059
2025-07-01,AR,Writing,0.203
2025-07-01,AT,Multimedia,0.068
2025-07-01,AT,Other/Unknown,0.045
2025-07-01,AT,Practical Guidance,0.266
2025-07-01,AT,Seeking information,0.234
2025-07-01,AT,Self-expression,0.074
2025-07-01,AT,Technical help,0.049
2025-07-01,AT,Writing,0.265
2025-07-01,AU,Multimedia,0.049
2025-07-01,AU,Other/Unknown,0.039
2025-07-01,AU,Practical Guidance,0.268
2025-07-01,AU,Seeking information,0.192
2025-07-01,AU,Self-expression,0.069
2025-07-01,AU,Technical help,0.067
2025-07-01,AU,Writing,0.317
2025-07-01,AZ,Multimedia,0.082
2025-07-01,AZ,Other/Unknown,0.065
2025-07-01,AZ,Practical Guidance,0.296
2025-07-01,AZ,Seeking information,0.158
2025-07-01,AZ,Self-expression,0.170
2025-07-01,AZ,Technical help,0.036
2025-07-01,AZ,Writing,0.191
2025-07-01,BA,Multimedia,0.044
2025-07-01,BA,Other/Unknown,0.074
2025-07-01,BA,Practical Guidance,0.277
2025-07-01,BA,Seeking information,0.210
2025-07-01,BA,Self-expression,0.121
2025-07-01,BA,Technical help,0.049
2025-07-01,BA,Writing,0.224
2025-07-01,BD,Multimedia,0.075
2025-07-01,BD,Other/Unknown,0.081
2025-07-01,BD,Practical Guidance,0.277
2025-07-01,BD,Seeking information,0.188
2025-07-01,BD,Self-expression,0.091
2025-07-01,BD,Technical help,0.052
2025-07-01,BD,Writing,0.236
2025-07-01,BE,Multimedia,0.054
2025-07-01,BE,Other/Unknown,0.053
2025-07-01,BE,Practical Guidance,0.280
2025-07-01,BE,Seeking information,0.247
2025-07-01,BE,Self-expression,0.089
2025-07-01,BE,Technical help,0.045
2025-07-01,BE,Writing,0.233
2025-07-01,BG,Multimedia,0.069
2025-07-01,BG,Other/Unknown,0.068
2025-07-01,BG,Practical Guidance,0.319
2025-07-01,BG,Seeking information,0.222
2025-07-01,BG,Self-expression,0.104
2025-07-01,BG,Technical help,0.040
2025-07-01,BG,Writing,0.178
2025-07-01,BH,Multimedia,0.020
2025-07-01,BH,Other/Unknown,0.022
2025-07-01,BH,Practical Guidance,0.355
2025-07-01,BH,Seeking information,0.218
2025-07-01,BH,Self-expression,0.115
2025-07-01,BH,Technical help,0.029
2025-07-01,BH,Writing,0.242
2025-07-01,BJ,Multimedia,0.094
2025-07-01,BJ,Other/Unknown,0.036
2025-07-01,BJ,Practical Guidance,0.272
2025-07-01,BJ,Seeking information,0.129
2025-07-01,BJ,Self-expression,0.113
2025-07-01,BJ,Technical help,0.000
2025-07-01,BJ,Writing,0.356
2025-07-01,BO,Multimedia,0.088
2025-07-01,BO,Other/Unknown,0.047
2025-07-01,BO,Practical Guidance,0.304
2025-07-01,BO,Seeking information,0.186
2025-07-01,BO,Self-expression,0.076
2025-07-01,BO,Technical help,0.054
2025-07-01,BO,Writing,0.246
2025-07-01,BR,Multimedia,0.102
2025-07-01,BR,Other/Unknown,0.051
2025-07-01,BR,Practical Guidance,0.249
2025-07-01,BR,Seeking information,0.149
2025-07-01,BR,Self-expression,0.112
2025-07-01,BR,Technical help,0.052
2025-07-01,BR,Writing,0.285
2025-07-01,CA,Multimedia,0.050
2025-07-01,CA,Other/Unknown,0.046
2025-07-01,CA,Practical Guidance,0.288
2025-07-01,CA,Seeking information,0.201
2025-07-01,CA,Self-expression,0.085
2025-07-01,CA,Technical help,0.063
2025-07-01,CA,Writing,0.265
2025-07-01,CD,Multimedia,0.064
2025-07-01,CD,Other/Unknown,0.032
2025-07-01,CD,Practical Guidance,0.250
2025-07-01,CD,Seeking information,0.188
2025-07-01,CD,Self-expression,0.100
2025-07-01,CD,Technical help,0.041
2025-07-01,CD,Writing,0.325
2025-07-01,CH,Multimedia,0.058
2025-07-01,CH,Other/Unknown,0.045
2025-07-01,CH,Practical Guidance,0.225
2025-07-01,CH,Seeking information,0.226
2025-07-01,CH,Self-expression,0.087
2025-07-01,CH,Technical help,0.060
2025-07-01,CH,Writing,0.300
2025-07-01,CI,Multimedia,0.090
2025-07-01,CI,Other/Unknown,0.065
2025-07-01,CI,Practical Guidance,0.214
2025-07-01,CI,Seeking information,0.165
2025-07-01,CI,Self-expression,0.073
2025-07-01,CI,Technical help,0.044
2025-07-01,CI,Writing,0.349
2025-07-01,CL,Multimedia,0.075
2025-07-01,CL,Other/Unknown,0.047
2025-07-01,CL,Practical Guidance,0.274
2025-07-01,CL,Seeking information,0.159
2025-07-01,CL,Self-expression,0.113
2025-07-01,CL,Technical help,0.076
2025-07-01,CL,Writing,0.256
2025-07-01,CM,Multimedia,0.084
2025-07-01,CM,Other/Unknown,0.041
2025-07-01,CM,Practical Guidance,0.215
2025-07-01,CM,Seeking information,0.139
2025-07-01,CM,Self-expression,0.107
2025-07-01,CM,Technical help,0.075
2025-07-01,CM,Writing,0.339
2025-07-01,CO,Multimedia,0.093
2025-07-01,CO,Other/Unknown,0.055
2025-07-01,CO,Practical Guidance,0.269
2025-07-01,CO,Seeking information,0.167
2025-07-01,CO,Self-expression,0.090
2025-07-01,CO,Technical help,0.065
2025-07-01,CO,Writing,0.262
2025-07-01,CR,Multimedia,0.102
2025-07-01,CR,Other/Unknown,0.030
2025-07-01,CR,Practical Guidance,0.203
2025-07-01,CR,Seeking information,0.198
2025-07-01,CR,Self-expression,0.124
2025-07-01,CR,Technical help,0.062
2025-07-01,CR,Writing,0.281
2025-07-01,CY,Multimedia,0.069
2025-07-01,CY,Other/Unknown,0.030
2025-07-01,CY,Practical Guidance,0.218
2025-07-01,CY,Seeking information,0.225
2025-07-01,CY,Self-expression,0.117
2025-07-01,CY,Technical help,0.110
2025-07-01,CY,Writing,0.233
2025-07-01,CZ,Multimedia,0.058
2025-07-01,CZ,Other/Unknown,0.059
2025-07-01,CZ,Practical Guidance,0.286
2025-07-01,CZ,Seeking information,0.271
2025-07-01,CZ,Self-expression,0.105
2025-07-01,CZ,Technical help,0.052
2025-07-01,CZ,Writing,0.169
2025-07-01,DE,Multimedia,0.064
2025-07-01,DE,Other/Unknown,0.049
2025-07-01,DE,Practical Guidance,0.283
2025-07-01,DE,Seeking information,0.213
2025-07-01,DE,Self-expression,0.094
2025-07-01,DE,Technical help,0.054
2025-07-01,DE,Writing,0.245
2025-07-01,DK,Multimedia,0.063
2025-07-01,DK,Other/Unknown,0.052
2025-07-01,DK,Practical Guidance,0.273
2025-07-01,DK,Seeking information,0.234
2025-07-01,DK,Self-expression,0.075
2025-07-01,DK,Technical help,0.063
2025-07-01,DK,Writing,0.240
2025-07-01,DO,Multimedia,0.076
2025-07-01,DO,Other/Unknown,0.045
2025-07-01,DO,Practical Guidance,0.341
2025-07-01,DO,Seeking information,0.166
2025-07-01,DO,Self-expression,0.098
2025-07-01,DO,Technical help,0.040
2025-07-01,DO,Writing,0.234
2025-07-01,DZ,Multimedia,0.077
2025-07-01,DZ,Other/Unknown,0.079
2025-07-01,DZ,Practical Guidance,0.275
2025-07-01,DZ,Seeking information,0.181
2025-07-01,DZ,Self-expression,0.163
2025-07-01,DZ,Technical help,0.022
2025-07-01,DZ,Writing,0.204
2025-07-01,EC,Multimedia,0.068
2025-07-01,EC,Other/Unknown,0.051
2025-07-01,EC,Practical Guidance,0.318
2025-07-01,EC,Seeking information,0.179
2025-07-01,EC,Self-expression,0.069
2025-07-01,EC,Technical help,0.074
2025-07-01,EC,Writing,0.241
2025-07-01,EE,Multimedia,0.049
2025-07-01,EE,Other/Unknown,0.037
2025-07-01,EE,Practical Guidance,0.257
2025-07-01,EE,Seeking information,0.291
2025-07-01,EE,Self-expression,0.041
2025-07-01,EE,Technical help,0.069
2025-07-01,EE,Writing,0.256
2025-07-01,EG,Multimedia,0.075
2025-07-01,EG,Other/Unknown,0.072
2025-07-01,EG,Practical Guidance,0.298
2025-07-01,EG,Seeking information,0.196
2025-07-01,EG,Self-expression,0.138
2025-07-01,EG,Technical help,0.043
2025-07-01,EG,Writing,0.179
2025-07-01,ES,Multimedia,0.073
2025-07-01,ES,Other/Unknown,0.048
2025-07-01,ES,Practical Guidance,0.281
2025-07-01,ES,Seeking information,0.243
2025-07-01,ES,Self-expression,0.098
2025-07-01,ES,Technical help,0.051
2025-07-01,ES,Writing,0.205
2025-07-01,ET,Multimedia,0.064
2025-07-01,ET,Other/Unknown,0.092
2025-07-01,ET,Practical Guidance,0.318
2025-07-01,ET,Seeking information,0.177
2025-07-01,ET,Self-expression,0.068
2025-07-01,ET,Technical help,0.072
2025-07-01,ET,Writing,0.208
2025-07-01,FI,Multimedia,0.058
2025-07-01,FI,Other/Unknown,0.058
2025-07-01,FI,Practical Guidance,0.280
2025-07-01,FI,Seeking information,0.210
2025-07-01,FI,Self-expression,0.128
2025-07-01,FI,Technical help,0.038
2025-07-01,FI,Writing,0.227
2025-07-01,FR,Multimedia,0.060
2025-07-01,FR,Other/Unknown,0.045
2025-07-01,FR,Practical Guidance,0.267
2025-07-01,FR,Seeking information,0.233
2025-07-01,FR,Self-expression,0.097
2025-07-01,FR,Technical help,0.047
2025-07-01,FR,Writing,0.251
2025-07-01,GB,Multimedia,0.064
2025-07-01,GB,Other/Unknown,0.044
2025-07-01,GB,Practical Guidance,0.271
2025-07-01,GB,Seeking information,0.205
2025-07-01,GB,Self-expression,0.084
2025-07-01,GB,Technical help,0.057
2025-07-01,GB,Writing,0.276
2025-07-01,GE,Multimedia,0.056
2025-07-01,GE,Other/Unknown,0.048
2025-07-01,GE,Practical Guidance,0.351
2025-07-01,GE,Seeking information,0.184
2025-07-01,GE,Self-expression,0.114
2025-07-01,GE,Technical help,0.050
2025-07-01,GE,Writing,0.197
2025-07-01,GH,Multimedia,0.046
2025-07-01,GH,Other/Unknown,0.054
2025-07-01,GH,Practical Guidance,0.341
2025-07-01,GH,Seeking information,0.175
2025-07-01,GH,Self-expression,0.047
2025-07-01,GH,Technical help,0.089
2025-07-01,GH,Writing,0.246
2025-07-01,GR,Multimedia,0.074
2025-07-01,GR,Other/Unknown,0.051
2025-07-01,GR,Practical Guidance,0.275
2025-07-01,GR,Seeking information,0.230
2025-07-01,GR,Self-expression,0.127
2025-07-01,GR,Technical help,0.051
2025-07-01,GR,Writing,0.192
2025-07-01,GT,Multimedia,0.077
2025-07-01,GT,Other/Unknown,0.056
2025-07-01,GT,Practical Guidance,0.288
2025-07-01,GT,Seeking information,0.183
2025-07-01,GT,Self-expression,0.092
2025-07-01,GT,Technical help,0.071
2025-07-01,GT,Writing,0.233
2025-07-01,HN,Multimedia,0.083
2025-07-01,HN,Other/Unknown,0.060
2025-07-01,HN,Practical Guidance,0.282
2025-07-01,HN,Seeking information,0.163
2025-07-01,HN,Self-expression,0.112
2025-07-01,HN,Technical help,0.047
2025-07-01,HN,Writing,0.253
2025-07-01,HR,Multimedia,0.050
2025-07-01,HR,Other/Unknown,0.088
2025-07-01,HR,Practical Guidance,0.289
2025-07-01,HR,Seeking information,0.282
2025-07-01,HR,Self-expression,0.092
2025-07-01,HR,Technical help,0.036
2025-07-01,HR,Writing,0.164
2025-07-01,HU,Multimedia,0.062
2025-07-01,HU,Other/Unknown,0.058
2025-07-01,HU,Practical Guidance,0.267
2025-07-01,HU,Seeking information,0.273
2025-07-01,HU,Self-expression,0.120
2025-07-01,HU,Technical help,0.049
2025-07-01,HU,Writing,0.171
2025-07-01,ID,Multimedia,0.077
2025-07-01,ID,Other/Unknown,0.048
2025-07-01,ID,Practical Guidance,0.268
2025-07-01,ID,Seeking information,0.154
2025-07-01,ID,Self-expression,0.094
2025-07-01,ID,Technical help,0.061
2025-07-01,ID,Writing,0.298
2025-07-01,IE,Multimedia,0.072
2025-07-01,IE,Other/Unknown,0.033
2025-07-01,IE,Practical Guidance,0.261
2025-07-01,IE,Seeking information,0.216
2025-07-01,IE,Self-expression,0.114
2025-07-01,IE,Technical help,0.056
2025-07-01,IE,Writing,0.248
2025-07-01,IL,Multimedia,0.051
2025-07-01,IL,Other/Unknown,0.073
2025-07-01,IL,Practical Guidance,0.303
2025-07-01,IL,Seeking information,0.235
2025-07-01,IL,Self-expression,0.082
2025-07-01,IL,Technical help,0.068
2025-07-01,IL,Writing,0.188
2025-07-01,IN,Multimedia,0.075
2025-07-01,IN,Other/Unknown,0.062
2025-07-01,IN,Practical Guidance,0.294
2025-07-01,IN,Seeking information,0.173
2025-07-01,IN,Self-expression,0.071
2025-07-01,IN,Technical help,0.104
2025-07-01,IN,Writing,0.222
2025-07-01,IQ,Multimedia,0.111
2025-07-01,IQ,Other/Unknown,0.083
2025-07-01,IQ,Practical Guidance,0.257
2025-07-01,IQ,Seeking information,0.197
2025-07-01,IQ,Self-expression,0.170
2025-07-01,IQ,Technical help,0.027
2025-07-01,IQ,Writing,0.155
2025-07-01,IT,Multimedia,0.059
2025-07-01,IT,Other/Unknown,0.048
2025-07-01,IT,Practical Guidance,0.294
2025-07-01,IT,Seeking information,0.220
2025-07-01,IT,Self-expression,0.092
2025-07-01,IT,Technical help,0.053
2025-07-01,IT,Writing,0.234
2025-07-01,JO,Multimedia,0.075
2025-07-01,JO,Other/Unknown,0.063
2025-07-01,JO,Practical Guidance,0.304
2025-07-01,JO,Seeking information,0.183
2025-07-01,JO,Self-expression,0.128
2025-07-01,JO,Technical help,0.043
2025-07-01,JO,Writing,0.204
2025-07-01,JP,Multimedia,0.038
2025-07-01,JP,Other/Unknown,0.042
2025-07-01,JP,Practical Guidance,0.259
2025-07-01,JP,Seeking information,0.189
2025-07-01,JP,Self-expression,0.161
2025-07-01,JP,Technical help,0.052
2025-07-01,JP,Writing,0.259
2025-07-01,KE,Multimedia,0.043
2025-07-01,KE,Other/Unknown,0.065
2025-07-01,KE,Practical Guidance,0.310
2025-07-01,KE,Seeking information,0.187
2025-07-01,KE,Self-expression,0.099
2025-07-01,KE,Technical help,0.047
2025-07-01,KE,Writing,0.248
2025-07-01,KG,Multimedia,0.072
2025-07-01,KG,Other/Unknown,0.075
2025-07-01,KG,Practical Guidance,0.262
2025-07-01,KG,Seeking information,0.146
2025-07-01,KG,Self-expression,0.141
2025-07-01,KG,Technical help,0.060
2025-07-01,KG,Writing,0.244
2025-07-01,KH,Multimedia,0.045
2025-07-01,KH,Other/Unknown,0.061
2025-07-01,KH,Practical Guidance,0.206
2025-07-01,KH,Seeking information,0.126
2025-07-01,KH,Self-expression,0.045
2025-07-01,KH,Technical help,0.058
2025-07-01,KH,Writing,0.458
2025-07-01,KR,Multimedia,0.041
2025-07-01,KR,Other/Unknown,0.051
2025-07-01,KR,Practical Guidance,0.276
2025-07-01,KR,Seeking information,0.209
2025-07-01,KR,Self-expression,0.104
2025-07-01,KR,Technical help,0.063
2025-07-01,KR,Writing,0.256
2025-07-01,KW,Multimedia,0.071
2025-07-01,KW,Other/Unknown,0.067
2025-07-01,KW,Practical Guidance,0.288
2025-07-01,KW,Seeking information,0.224
2025-07-01,KW,Self-expression,0.125
2025-07-01,KW,Technical help,0.044
2025-07-01,KW,Writing,0.181
2025-07-01,KZ,Multimedia,0.055
2025-07-01,KZ,Other/Unknown,0.066
2025-07-01,KZ,Practical Guidance,0.293
2025-07-01,KZ,Seeking information,0.176
2025-07-01,KZ,Self-expression,0.149
2025-07-01,KZ,Technical help,0.037
2025-07-01,KZ,Writing,0.224
2025-07-01,LB,Multimedia,0.070
2025-07-01,LB,Other/Unknown,0.050
2025-07-01,LB,Practical Guidance,0.323
2025-07-01,LB,Seeking information,0.193
2025-07-01,LB,Self-expression,0.107
2025-07-01,LB,Technical help,0.042
2025-07-01,LB,Writing,0.215
2025-07-01,LK,Multimedia,0.064
2025-07-01,LK,Other/Unknown,0.055
2025-07-01,LK,Practical Guidance,0.296
2025-07-01,LK,Seeking information,0.141
2025-07-01,LK,Self-expression,0.059
2025-07-01,LK,Technical help,0.081
2025-07-01,LK,Writing,0.304
2025-07-01,LT,Multimedia,0.034
2025-07-01,LT,Other/Unknown,0.064
2025-07-01,LT,Practical Guidance,0.290
2025-07-01,LT,Seeking information,0.249
2025-07-01,LT,Self-expression,0.087
2025-07-01,LT,Technical help,0.037
2025-07-01,LT,Writing,0.239
2025-07-01,LU,Multimedia,0.042
2025-07-01,LU,Other/Unknown,0.010
2025-07-01,LU,Practical Guidance,0.242
2025-07-01,LU,Seeking information,0.263
2025-07-01,LU,Self-expression,0.044
2025-07-01,LU,Technical help,0.080
2025-07-01,LU,Writing,0.319
2025-07-01,LV,Multimedia,0.032
2025-07-01,LV,Other/Unknown,0.063
2025-07-01,LV,Practical Guidance,0.280
2025-07-01,LV,Seeking information,0.172
2025-07-01,LV,Self-expression,0.121
2025-07-01,LV,Technical help,0.127
2025-07-01,LV,Writing,0.205
2025-07-01,LY,Multimedia,0.064
2025-07-01,LY,Other/Unknown,0.083
2025-07-01,LY,Practical Guidance,0.289
2025-07-01,LY,Seeking information,0.178
2025-07-01,LY,Self-expression,0.118
2025-07-01,LY,Technical help,0.028
2025-07-01,LY,Writing,0.239
2025-07-01,MA,Multimedia,0.063
2025-07-01,MA,Other/Unknown,0.072
2025-07-01,MA,Practical Guidance,0.272
2025-07-01,MA,Seeking information,0.189
2025-07-01,MA,Self-expression,0.097
2025-07-01,MA,Technical help,0.044
2025-07-01,MA,Writing,0.263
2025-07-01,MD,Multimedia,0.032
2025-07-01,MD,Other/Unknown,0.114
2025-07-01,MD,Practical Guidance,0.247
2025-07-01,MD,Seeking information,0.202
2025-07-01,MD,Self-expression,0.085
2025-07-01,MD,Technical help,0.076
2025-07-01,MD,Writing,0.243
2025-07-01,ME,Multimedia,0.047
2025-07-01,ME,Other/Unknown,0.068
2025-07-01,ME,Practical Guidance,0.230
2025-07-01,ME,Seeking information,0.253
2025-07-01,ME,Self-expression,0.107
2025-07-01,ME,Technical help,0.084
2025-07-01,ME,Writing,0.211
2025-07-01,MG,Multimedia,0.042
2025-07-01,MG,Other/Unknown,0.029
2025-07-01,MG,Practical Guidance,0.257
2025-07-01,MG,Seeking information,0.201
2025-07-01,MG,Self-expression,0.075
2025-07-01,MG,Technical help,0.071
2025-07-01,MG,Writing,0.324
2025-07-01,MK,Multimedia,0.095
2025-07-01,MK,Other/Unknown,0.028
2025-07-01,MK,Practical Guidance,0.281
2025-07-01,MK,Seeking information,0.219
2025-07-01,MK,Self-expression,0.114
2025-07-01,MK,Technical help,0.120
2025-07-01,MK,Writing,0.143
2025-07-01,MM,Multimedia,0.109
2025-07-01,MM,Other/Unknown,0.024
2025-07-01,MM,Practical Guidance,0.293
2025-07-01,MM,Seeking information,0.144
2025-07-01,MM,Self-expression,0.124
2025-07-01,MM,Technical help,0.033
2025-07-01,MM,Writing,0.273
2025-07-01,MN,Multimedia,0.063
2025-07-01,MN,Other/Unknown,0.075
2025-07-01,MN,Practical Guidance,0.213
2025-07-01,MN,Seeking information,0.272
2025-07-01,MN,Self-expression,0.138
2025-07-01,MN,Technical help,0.002
2025-07-01,MN,Writing,0.236
2025-07-01,MU,Multimedia,0.037
2025-07-01,MU,Other/Unknown,0.073
2025-07-01,MU,Practical Guidance,0.225
2025-07-01,MU,Seeking information,0.144
2025-07-01,MU,Self-expression,0.067
2025-07-01,MU,Technical help,0.130
2025-07-01,MU,Writing,0.323
2025-07-01,MX,Multimedia,0.086
2025-07-01,MX,Other/Unknown,0.047
2025-07-01,MX,Practical Guidance,0.276
2025-07-01,MX,Seeking information,0.162
2025-07-01,MX,Self-expression,0.137
2025-07-01,MX,Technical help,0.049
2025-07-01,MX,Writing,0.244
2025-07-01,MY,Multimedia,0.065
2025-07-01,MY,Other/Unknown,0.071
2025-07-01,MY,Practical Guidance,0.267
2025-07-01,MY,Seeking information,0.163
2025-07-01,MY,Self-expression,0.108
2025-07-01,MY,Technical help,0.039
2025-07-01,MY,Writing,0.288
2025-07-01,MZ,Multimedia,0.115
2025-07-01,MZ,Other/Unknown,0.096
2025-07-01,MZ,Practical Guidance,0.202
2025-07-01,MZ,Seeking information,0.211
2025-07-01,MZ,Self-expression,0.048
2025-07-01,MZ,Technical help,0.018
2025-07-01,MZ,Writing,0.309
2025-07-01,NG,Multimedia,0.049
2025-07-01,NG,Other/Unknown,0.054
2025-07-01,NG,Practical Guidance,0.237
2025-07-01,NG,Seeking information,0.146
2025-07-01,NG,Self-expression,0.090
2025-07-01,NG,Technical help,0.036
2025-07-01,NG,Writing,0.388
2025-07-01,NI,Multimedia,0.059
2025-07-01,NI,Other/Unknown,0.059
2025-07-01,NI,Practical Guidance,0.294
2025-07-01,NI,Seeking information,0.163
2025-07-01,NI,Self-expression,0.155
2025-07-01,NI,Technical help,0.044
2025-07-01,NI,Writing,0.226
2025-07-01,NL,Multimedia,0.066
2025-07-01,NL,Other/Unknown,0.044
2025-07-01,NL,Practical Guidance,0.285
2025-07-01,NL,Seeking information,0.212
2025-07-01,NL,Self-expression,0.093
2025-07-01,NL,Technical help,0.061
2025-07-01,NL,Writing,0.240
2025-07-01,NO,Multimedia,0.044
2025-07-01,NO,Other/Unknown,0.051
2025-07-01,NO,Practical Guidance,0.291
2025-07-01,NO,Seeking information,0.274
2025-07-01,NO,Self-expression,0.074
2025-07-01,NO,Technical help,0.038
2025-07-01,NO,Writing,0.227
2025-07-01,NP,Multimedia,0.058
2025-07-01,NP,Other/Unknown,0.070
2025-07-01,NP,Practical Guidance,0.305
2025-07-01,NP,Seeking information,0.179
2025-07-01,NP,Self-expression,0.076
2025-07-01,NP,Technical help,0.085
2025-07-01,NP,Writing,0.228
2025-07-01,NZ,Multimedia,0.038
2025-07-01,NZ,Other/Unknown,0.042
2025-07-01,NZ,Practical Guidance,0.284
2025-07-01,NZ,Seeking information,0.187
2025-07-01,NZ,Self-expression,0.070
2025-07-01,NZ,Technical help,0.055
2025-07-01,NZ,Writing,0.323
2025-07-01,OM,Multimedia,0.088
2025-07-01,OM,Other/Unknown,0.070
2025-07-01,OM,Practical Guidance,0.272
2025-07-01,OM,Seeking information,0.208
2025-07-01,OM,Self-expression,0.096
2025-07-01,OM,Technical help,0.027
2025-07-01,OM,Writing,0.240
2025-07-01,PA,Multimedia,0.082
2025-07-01,PA,Other/Unknown,0.060
2025-07-01,PA,Practical Guidance,0.307
2025-07-01,PA,Seeking information,0.182
2025-07-01,PA,Self-expression,0.061
2025-07-01,PA,Technical help,0.065
2025-07-01,PA,Writing,0.243
2025-07-01,PE,Multimedia,0.070
2025-07-01,PE,Other/Unknown,0.043
2025-07-01,PE,Practical Guidance,0.284
2025-07-01,PE,Seeking information,0.154
2025-07-01,PE,Self-expression,0.084
2025-07-01,PE,Technical help,0.058
2025-07-01,PE,Writing,0.307
2025-07-01,PH,Multimedia,0.049
2025-07-01,PH,Other/Unknown,0.045
2025-07-01,PH,Practical Guidance,0.279
2025-07-01,PH,Seeking information,0.134
2025-07-01,PH,Self-expression,0.070
2025-07-01,PH,Technical help,0.041
2025-07-01,PH,Writing,0.381
2025-07-01,PK,Multimedia,0.072
2025-07-01,PK,Other/Unknown,0.053
2025-07-01,PK,Practical Guidance,0.295
2025-07-01,PK,Seeking information,0.165
2025-07-01,PK,Self-expression,0.073
2025-07-01,PK,Technical help,0.073
2025-07-01,PK,Writing,0.270
2025-07-01,PL,Multimedia,0.063
2025-07-01,PL,Other/Unknown,0.044
2025-07-01,PL,Practical Guidance,0.283
2025-07-01,PL,Seeking information,0.259
2025-07-01,PL,Self-expression,0.100
2025-07-01,PL,Technical help,0.053
2025-07-01,PL,Writing,0.199
2025-07-01,PR,Multimedia,0.100
2025-07-01,PR,Other/Unknown,0.058
2025-07-01,PR,Practical Guidance,0.296
2025-07-01,PR,Seeking information,0.182
2025-07-01,PR,Self-expression,0.118
2025-07-01,PR,Technical help,0.034
2025-07-01,PR,Writing,0.211
2025-07-01,PS,Multimedia,0.063
2025-07-01,PS,Other/Unknown,0.049
2025-07-01,PS,Practical Guidance,0.348
2025-07-01,PS,Seeking information,0.177
2025-07-01,PS,Self-expression,0.093
2025-07-01,PS,Technical help,0.066
2025-07-01,PS,Writing,0.203
2025-07-01,PT,Multimedia,0.064
2025-07-01,PT,Other/Unknown,0.051
2025-07-01,PT,Practical Guidance,0.261
2025-07-01,PT,Seeking information,0.218
2025-07-01,PT,Self-expression,0.083
2025-07-01,PT,Technical help,0.065
2025-07-01,PT,Writing,0.259
2025-07-01,PY,Multimedia,0.091
2025-07-01,PY,Other/Unknown,0.050
2025-07-01,PY,Practical Guidance,0.271
2025-07-01,PY,Seeking information,0.142
2025-07-01,PY,Self-expression,0.148
2025-07-01,PY,Technical help,0.049
2025-07-01,PY,Writing,0.249
2025-07-01,QA,Multimedia,0.036
2025-07-01,QA,Other/Unknown,0.041
2025-07-01,QA,Practical Guidance,0.272
2025-07-01,QA,Seeking information,0.185
2025-07-01,QA,Self-expression,0.096
2025-07-01,QA,Technical help,0.059
2025-07-01,QA,Writing,0.313
2025-07-01,RO,Multimedia,0.055
2025-07-01,RO,Other/Unknown,0.063
2025-07-01,RO,Practical Guidance,0.301
2025-07-01,RO,Seeking information,0.225
2025-07-01,RO,Self-expression,0.113
2025-07-01,RO,Technical help,0.049
2025-07-01,RO,Writing,0.193
2025-07-01,RS,Multimedia,0.073
2025-07-01,RS,Other/Unknown,0.052
2025-07-01,RS,Practical Guidance,0.300
2025-07-01,RS,Seeking information,0.224
2025-07-01,RS,Self-expression,0.131
2025-07-01,RS,Technical help,0.049
2025-07-01,RS,Writing,0.170
2025-07-01,RW,Multimedia,0.071
2025-07-01,RW,Other/Unknown,0.096
2025-07-01,RW,Practical Guidance,0.282
2025-07-01,RW,Seeking information,0.126
2025-07-01,RW,Self-expression,0.059
2025-07-01,RW,Technical help,0.019
2025-07-01,RW,Writing,0.348
2025-07-01,SA,Multimedia,0.064
2025-07-01,SA,Other/Unknown,0.061
2025-07-01,SA,Practical Guidance,0.281
2025-07-01,SA,Seeking information,0.199
2025-07-01,SA,Self-expression,0.135
2025-07-01,SA,Technical help,0.032
2025-07-01,SA,Writing,0.228
2025-07-01,SD,Multimedia,0.134
2025-07-01,SD,Other/Unknown,0.096
2025-07-01,SD,Practical Guidance,0.321
2025-07-01,SD,Seeking information,0.119
2025-07-01,SD,Self-expression,0.104
2025-07-01,SD,Technical help,0.029
2025-07-01,SD,Writing,0.196
2025-07-01,SE,Multimedia,0.048
2025-07-01,SE,Other/Unknown,0.048
2025-07-01,SE,Practical Guidance,0.277
2025-07-01,SE,Seeking information,0.280
2025-07-01,SE,Self-expression,0.084
2025-07-01,SE,Technical help,0.056
2025-07-01,SE,Writing,0.207
2025-07-01,SG,Multimedia,0.034
2025-07-01,SG,Other/Unknown,0.035
2025-07-01,SG,Practical Guidance,0.250
2025-07-01,SG,Seeking information,0.175
2025-07-01,SG,Self-expression,0.072
2025-07-01,SG,Technical help,0.114
2025-07-01,SG,Writing,0.320
2025-07-01,SI,Multimedia,0.053
2025-07-01,SI,Other/Unknown,0.059
2025-07-01,SI,Practical Guidance,0.241
2025-07-01,SI,Seeking information,0.322
2025-07-01,SI,Self-expression,0.096
2025-07-01,SI,Technical help,0.027
2025-07-01,SI,Writing,0.202
2025-07-01,SK,Multimedia,0.067
2025-07-01,SK,Other/Unknown,0.038
2025-07-01,SK,Practical Guidance,0.269
2025-07-01,SK,Seeking information,0.261
2025-07-01,SK,Self-expression,0.109
2025-07-01,SK,Technical help,0.040
2025-07-01,SK,Writing,0.215
2025-07-01,SN,Multimedia,0.047
2025-07-01,SN,Other/Unknown,0.083
2025-07-01,SN,Practical Guidance,0.246
2025-07-01,SN,Seeking information,0.152
2025-07-01,SN,Self-expression,0.098
2025-07-01,SN,Technical help,0.051
2025-07-01,SN,Writing,0.323
2025-07-01,SO,Multimedia,0.081
2025-07-01,SO,Other/Unknown,0.076
2025-07-01,SO,Practical Guidance,0.278
2025-07-01,SO,Seeking information,0.182
2025-07-01,SO,Self-expression,0.105
2025-07-01,SO,Technical help,0.005
2025-07-01,SO,Writing,0.273
2025-07-01,SV,Multimedia,0.111
2025-07-01,SV,Other/Unknown,0.033
2025-07-01,SV,Practical Guidance,0.325
2025-07-01,SV,Seeking information,0.158
2025-07-01,SV,Self-expression,0.102
2025-07-01,SV,Technical help,0.058
2025-07-01,SV,Writing,0.213
2025-07-01,TH,Multimedia,0.067
2025-07-01,TH,Other/Unknown,0.048
2025-07-01,TH,Practical Guidance,0.284
2025-07-01,TH,Seeking information,0.175
2025-07-01,TH,Self-expression,0.108
2025-07-01,TH,Technical help,0.052
2025-07-01,TH,Writing,0.266
2025-07-01,TJ,Multimedia,0.110
2025-07-01,TJ,Other/Unknown,0.144
2025-07-01,TJ,Practical Guidance,0.192
2025-07-01,TJ,Seeking information,0.150
2025-07-01,TJ,Self-expression,0.178
2025-07-01,TJ,Technical help,0.000
2025-07-01,TJ,Writing,0.226
2025-07-01,TN,Multimedia,0.042
2025-07-01,TN,Other/Unknown,0.100
2025-07-01,TN,Practical Guidance,0.280
2025-07-01,TN,Seeking information,0.185
2025-07-01,TN,Self-expression,0.091
2025-07-01,TN,Technical help,0.068
2025-07-01,TN,Writing,0.234
2025-07-01,TR,Multimedia,0.081
2025-07-01,TR,Other/Unknown,0.067
2025-07-01,TR,Practical Guidance,0.281
2025-07-01,TR,Seeking information,0.202
2025-07-01,TR,Self-expression,0.150
2025-07-01,TR,Technical help,0.047
2025-07-01,TR,Writing,0.173
2025-07-01,TW,Multimedia,0.052
2025-07-01,TW,Other/Unknown,0.058
2025-07-01,TW,Practical Guidance,0.255
2025-07-01,TW,Seeking information,0.192
2025-07-01,TW,Self-expression,0.137
2025-07-01,TW,Technical help,0.069
2025-07-01,TW,Writing,0.238
2025-07-01,TZ,Multimedia,0.056
2025-07-01,TZ,Other/Unknown,0.056
2025-07-01,TZ,Practical Guidance,0.305
2025-07-01,TZ,Seeking information,0.202
2025-07-01,TZ,Self-expression,0.064
2025-07-01,TZ,Technical help,0.056
2025-07-01,TZ,Writing,0.261
2025-07-01,UA,Multimedia,0.056
2025-07-01,UA,Other/Unknown,0.061
2025-07-01,UA,Practical Guidance,0.303
2025-07-01,UA,Seeking information,0.189
2025-07-01,UA,Self-expression,0.121
2025-07-01,UA,Technical help,0.045
2025-07-01,UA,Writing,0.225
2025-07-01,UG,Multimedia,0.081
2025-07-01,UG,Other/Unknown,0.060
2025-07-01,UG,Practical Guidance,0.258
2025-07-01,UG,Seeking information,0.183
2025-07-01,UG,Self-expression,0.083
2025-07-01,UG,Technical help,0.071
2025-07-01,UG,Writing,0.265
2025-07-01,US,Multimedia,0.058
2025-07-01,US,Other/Unknown,0.044
2025-07-01,US,Practical Guidance,0.274
2025-07-01,US,Seeking information,0.209
2025-07-01,US,Self-expression,0.100
2025-07-01,US,Technical help,0.059
2025-07-01,US,Writing,0.256
2025-07-01,UY,Multimedia,0.074
2025-07-01,UY,Other/Unknown,0.051
2025-07-01,UY,Practical Guidance,0.287
2025-07-01,UY,Seeking information,0.181
2025-07-01,UY,Self-expression,0.142
2025-07-01,UY,Technical help,0.038
2025-07-01,UY,Writing,0.227
2025-07-01,UZ,Multimedia,0.085
2025-07-01,UZ,Other/Unknown,0.090
2025-07-01,UZ,Practical Guidance,0.277
2025-07-01,UZ,Seeking information,0.188
2025-07-01,UZ,Self-expression,0.119
2025-07-01,UZ,Technical help,0.045
2025-07-01,UZ,Writing,0.197
2025-07-01,VN,Multimedia,0.059
2025-07-01,VN,Other/Unknown,0.060
2025-07-01,VN,Practical Guidance,0.264
2025-07-01,VN,Seeking information,0.168
2025-07-01,VN,Self-expression,0.100
2025-07-01,VN,Technical help,0.061
2025-07-01,VN,Writing,0.288
2025-07-01,YE,Multimedia,0.107
2025-07-01,YE,Other/Unknown,0.054
2025-07-01,YE,Practical Guidance,0.261
2025-07-01,YE,Seeking information,0.141
2025-07-01,YE,Self-expression,0.123
2025-07-01,YE,Technical help,0.048
2025-07-01,YE,Writing,0.265
2025-07-01,ZA,Multimedia,0.067
2025-07-01,ZA,Other/Unknown,0.047
2025-07-01,ZA,Practical Guidance,0.275
2025-07-01,ZA,Seeking information,0.163
2025-07-01,ZA,Self-expression,0.096
2025-07-01,ZA,Technical help,0.067
2025-07-01,ZA,Writing,0.285
2025-07-01,ZM,Multimedia,0.064
2025-07-01,ZM,Other/Unknown,0.090
2025-07-01,ZM,Practical Guidance,0.377
2025-07-01,ZM,Seeking information,0.109
2025-07-01,ZM,Self-expression,0.041
2025-07-01,ZM,Technical help,0.101
2025-07-01,ZM,Writing,0.218
2025-08-01,AE,Multimedia,0.060
2025-08-01,AE,Other/Unknown,0.056
2025-08-01,AE,Practical Guidance,0.277
2025-08-01,AE,Seeking information,0.193
2025-08-01,AE,Self-expression,0.071
2025-08-01,AE,Technical help,0.043
2025-08-01,AE,Writing,0.299
2025-08-01,AF,Multimedia,0.082
2025-08-01,AF,Other/Unknown,0.040
2025-08-01,AF,Practical Guidance,0.265
2025-08-01,AF,Seeking information,0.190
2025-08-01,AF,Self-expression,0.135
2025-08-01,AF,Technical help,0.027
2025-08-01,AF,Writing,0.260
2025-08-01,AL,Multimedia,0.077
2025-08-01,AL,Other/Unknown,0.054
2025-08-01,AL,Practical Guidance,0.274
2025-08-01,AL,Seeking information,0.209
2025-08-01,AL,Self-expression,0.127
2025-08-01,AL,Technical help,0.070
2025-08-01,AL,Writing,0.189
2025-08-01,AM,Multimedia,0.062
2025-08-01,AM,Other/Unknown,0.041
2025-08-01,AM,Practical Guidance,0.252
2025-08-01,AM,Seeking information,0.148
2025-08-01,AM,Self-expression,0.152
2025-08-01,AM,Technical help,0.062
2025-08-01,AM,Writing,0.282
2025-08-01,AO,Multimedia,0.132
2025-08-01,AO,Other/Unknown,0.087
2025-08-01,AO,Practical Guidance,0.262
2025-08-01,AO,Seeking information,0.130
2025-08-01,AO,Self-expression,0.053
2025-08-01,AO,Technical help,0.060
2025-08-01,AO,Writing,0.275
2025-08-01,AR,Multimedia,0.093
2025-08-01,AR,Other/Unknown,0.053
2025-08-01,AR,Practical Guidance,0.290
2025-08-01,AR,Seeking information,0.164
2025-08-01,AR,Self-expression,0.125
2025-08-01,AR,Technical help,0.048
2025-08-01,AR,Writing,0.228
2025-08-01,AT,Multimedia,0.068
2025-08-01,AT,Other/Unknown,0.031
2025-08-01,AT,Practical Guidance,0.266
2025-08-01,AT,Seeking information,0.234
2025-08-01,AT,Self-expression,0.079
2025-08-01,AT,Technical help,0.053
2025-08-01,AT,Writing,0.269
2025-08-01,AU,Multimedia,0.045
2025-08-01,AU,Other/Unknown,0.042
2025-08-01,AU,Practical Guidance,0.289
2025-08-01,AU,Seeking information,0.188
2025-08-01,AU,Self-expression,0.058
2025-08-01,AU,Technical help,0.064
2025-08-01,AU,Writing,0.314
2025-08-01,AZ,Multimedia,0.068
2025-08-01,AZ,Other/Unknown,0.080
2025-08-01,AZ,Practical Guidance,0.296
2025-08-01,AZ,Seeking information,0.195
2025-08-01,AZ,Self-expression,0.164
2025-08-01,AZ,Technical help,0.032
2025-08-01,AZ,Writing,0.165
2025-08-01,BA,Multimedia,0.050
2025-08-01,BA,Other/Unknown,0.062
2025-08-01,BA,Practical Guidance,0.308
2025-08-01,BA,Seeking information,0.231
2025-08-01,BA,Self-expression,0.107
2025-08-01,BA,Technical help,0.040
2025-08-01,BA,Writing,0.202
2025-08-01,BD,Multimedia,0.062
2025-08-01,BD,Other/Unknown,0.078
2025-08-01,BD,Practical Guidance,0.284
2025-08-01,BD,Seeking information,0.178
2025-08-01,BD,Self-expression,0.086
2025-08-01,BD,Technical help,0.048
2025-08-01,BD,Writing,0.264
2025-08-01,BE,Multimedia,0.061
2025-08-01,BE,Other/Unknown,0.040
2025-08-01,BE,Practical Guidance,0.296
2025-08-01,BE,Seeking information,0.231
2025-08-01,BE,Self-expression,0.089
2025-08-01,BE,Technical help,0.050
2025-08-01,BE,Writing,0.232
2025-08-01,BG,Multimedia,0.075
2025-08-01,BG,Other/Unknown,0.065
2025-08-01,BG,Practical Guidance,0.287
2025-08-01,BG,Seeking information,0.190
2025-08-01,BG,Self-expression,0.128
2025-08-01,BG,Technical help,0.057
2025-08-01,BG,Writing,0.199
2025-08-01,BH,Multimedia,0.058
2025-08-01,BH,Other/Unknown,0.062
2025-08-01,BH,Practical Guidance,0.225
2025-08-01,BH,Seeking information,0.181
2025-08-01,BH,Self-expression,0.160
2025-08-01,BH,Technical help,0.018
2025-08-01,BH,Writing,0.297
2025-08-01,BJ,Multimedia,0.107
2025-08-01,BJ,Other/Unknown,0.071
2025-08-01,BJ,Practical Guidance,0.313
2025-08-01,BJ,Seeking information,0.075
2025-08-01,BJ,Self-expression,0.049
2025-08-01,BJ,Technical help,0.018
2025-08-01,BJ,Writing,0.368
2025-08-01,BO,Multimedia,0.084
2025-08-01,BO,Other/Unknown,0.055
2025-08-01,BO,Practical Guidance,0.343
2025-08-01,BO,Seeking information,0.146
2025-08-01,BO,Self-expression,0.079
2025-08-01,BO,Technical help,0.054
2025-08-01,BO,Writing,0.239
2025-08-01,BR,Multimedia,0.093
2025-08-01,BR,Other/Unknown,0.051
2025-08-01,BR,Practical Guidance,0.267
2025-08-01,BR,Seeking information,0.149
2025-08-01,BR,Self-expression,0.089
2025-08-01,BR,Technical help,0.053
2025-08-01,BR,Writing,0.298
2025-08-01,CA,Multimedia,0.051
2025-08-01,CA,Other/Unknown,0.050
2025-08-01,CA,Practical Guidance,0.282
2025-08-01,CA,Seeking information,0.204
2025-08-01,CA,Self-expression,0.087
2025-08-01,CA,Technical help,0.058
2025-08-01,CA,Writing,0.268
2025-08-01,CD,Multimedia,0.076
2025-08-01,CD,Other/Unknown,0.067
2025-08-01,CD,Practical Guidance,0.237
2025-08-01,CD,Seeking information,0.117
2025-08-01,CD,Self-expression,0.108
2025-08-01,CD,Technical help,0.035
2025-08-01,CD,Writing,0.360
2025-08-01,CH,Multimedia,0.054
2025-08-01,CH,Other/Unknown,0.046
2025-08-01,CH,Practical Guidance,0.285
2025-08-01,CH,Seeking information,0.217
2025-08-01,CH,Self-expression,0.066
2025-08-01,CH,Technical help,0.049
2025-08-01,CH,Writing,0.283
2025-08-01,CI,Multimedia,0.065
2025-08-01,CI,Other/Unknown,0.054
2025-08-01,CI,Practical Guidance,0.225
2025-08-01,CI,Seeking information,0.161
2025-08-01,CI,Self-expression,0.123
2025-08-01,CI,Technical help,0.066
2025-08-01,CI,Writing,0.306
2025-08-01,CL,Multimedia,0.071
2025-08-01,CL,Other/Unknown,0.055
2025-08-01,CL,Practical Guidance,0.320
2025-08-01,CL,Seeking information,0.152
2025-08-01,CL,Self-expression,0.102
2025-08-01,CL,Technical help,0.054
2025-08-01,CL,Writing,0.246
2025-08-01,CM,Multimedia,0.057
2025-08-01,CM,Other/Unknown,0.000
2025-08-01,CM,Practical Guidance,0.283
2025-08-01,CM,Seeking information,0.212
2025-08-01,CM,Self-expression,0.040
2025-08-01,CM,Technical help,0.094
2025-08-01,CM,Writing,0.314
2025-08-01,CO,Multimedia,0.099
2025-08-01,CO,Other/Unknown,0.048
2025-08-01,CO,Practical Guidance,0.289
2025-08-01,CO,Seeking information,0.144
2025-08-01,CO,Self-expression,0.083
2025-08-01,CO,Technical help,0.055
2025-08-01,CO,Writing,0.283
2025-08-01,CR,Multimedia,0.050
2025-08-01,CR,Other/Unknown,0.060
2025-08-01,CR,Practical Guidance,0.288
2025-08-01,CR,Seeking information,0.143
2025-08-01,CR,Self-expression,0.082
2025-08-01,CR,Technical help,0.077
2025-08-01,CR,Writing,0.300
2025-08-01,CY,Multimedia,0.077
2025-08-01,CY,Other/Unknown,0.028
2025-08-01,CY,Practical Guidance,0.301
2025-08-01,CY,Seeking information,0.217
2025-08-01,CY,Self-expression,0.098
2025-08-01,CY,Technical help,0.026
2025-08-01,CY,Writing,0.254
2025-08-01,CZ,Multimedia,0.059
2025-08-01,CZ,Other/Unknown,0.042
2025-08-01,CZ,Practical Guidance,0.304
2025-08-01,CZ,Seeking information,0.245
2025-08-01,CZ,Self-expression,0.099
2025-08-01,CZ,Technical help,0.049
2025-08-01,CZ,Writing,0.201
2025-08-01,DE,Multimedia,0.065
2025-08-01,DE,Other/Unknown,0.049
2025-08-01,DE,Practical Guidance,0.289
2025-08-01,DE,Seeking information,0.216
2025-08-01,DE,Self-expression,0.092
2025-08-01,DE,Technical help,0.051
2025-08-01,DE,Writing,0.238
2025-08-01,DK,Multimedia,0.045
2025-08-01,DK,Other/Unknown,0.048
2025-08-01,DK,Practical Guidance,0.296
2025-08-01,DK,Seeking information,0.222
2025-08-01,DK,Self-expression,0.068
2025-08-01,DK,Technical help,0.053
2025-08-01,DK,Writing,0.268
2025-08-01,DO,Multimedia,0.077
2025-08-01,DO,Other/Unknown,0.041
2025-08-01,DO,Practical Guidance,0.317
2025-08-01,DO,Seeking information,0.172
2025-08-01,DO,Self-expression,0.066
2025-08-01,DO,Technical help,0.036
2025-08-01,DO,Writing,0.292
2025-08-01,DZ,Multimedia,0.061
2025-08-01,DZ,Other/Unknown,0.072
2025-08-01,DZ,Practical Guidance,0.295
2025-08-01,DZ,Seeking information,0.186
2025-08-01,DZ,Self-expression,0.158
2025-08-01,DZ,Technical help,0.028
2025-08-01,DZ,Writing,0.200
2025-08-01,EC,Multimedia,0.087
2025-08-01,EC,Other/Unknown,0.045
2025-08-01,EC,Practical Guidance,0.320
2025-08-01,EC,Seeking information,0.160
2025-08-01,EC,Self-expression,0.081
2025-08-01,EC,Technical help,0.043
2025-08-01,EC,Writing,0.265
2025-08-01,EE,Multimedia,0.032
2025-08-01,EE,Other/Unknown,0.057
2025-08-01,EE,Practical Guidance,0.284
2025-08-01,EE,Seeking information,0.238
2025-08-01,EE,Self-expression,0.108
2025-08-01,EE,Technical help,0.081
2025-08-01,EE,Writing,0.201
2025-08-01,EG,Multimedia,0.059
2025-08-01,EG,Other/Unknown,0.066
2025-08-01,EG,Practical Guidance,0.317
2025-08-01,EG,Seeking information,0.186
2025-08-01,EG,Self-expression,0.131
2025-08-01,EG,Technical help,0.047
2025-08-01,EG,Writing,0.194
2025-08-01,ES,Multimedia,0.069
2025-08-01,ES,Other/Unknown,0.047
2025-08-01,ES,Practical Guidance,0.280
2025-08-01,ES,Seeking information,0.245
2025-08-01,ES,Self-expression,0.097
2025-08-01,ES,Technical help,0.053
2025-08-01,ES,Writing,0.209
2025-08-01,ET,Multimedia,0.048
2025-08-01,ET,Other/Unknown,0.015
2025-08-01,ET,Practical Guidance,0.360
2025-08-01,ET,Seeking information,0.196
2025-08-01,ET,Self-expression,0.093
2025-08-01,ET,Technical help,0.049
2025-08-01,ET,Writing,0.240
2025-08-01,FI,Multimedia,0.058
2025-08-01,FI,Other/Unknown,0.054
2025-08-01,FI,Practical Guidance,0.302
2025-08-01,FI,Seeking information,0.201
2025-08-01,FI,Self-expression,0.110
2025-08-01,FI,Technical help,0.050
2025-08-01,FI,Writing,0.226
2025-08-01,FR,Multimedia,0.064
2025-08-01,FR,Other/Unknown,0.044
2025-08-01,FR,Practical Guidance,0.273
2025-08-01,FR,Seeking information,0.237
2025-08-01,FR,Self-expression,0.093
2025-08-01,FR,Technical help,0.045
2025-08-01,FR,Writing,0.243
2025-08-01,GB,Multimedia,0.060
2025-08-01,GB,Other/Unknown,0.048
2025-08-01,GB,Practical Guidance,0.269
2025-08-01,GB,Seeking information,0.209
2025-08-01,GB,Self-expression,0.085
2025-08-01,GB,Technical help,0.059
2025-08-01,GB,Writing,0.271
2025-08-01,GE,Multimedia,0.059
2025-08-01,GE,Other/Unknown,0.065
2025-08-01,GE,Practical Guidance,0.328
2025-08-01,GE,Seeking information,0.196
2025-08-01,GE,Self-expression,0.120
2025-08-01,GE,Technical help,0.059
2025-08-01,GE,Writing,0.173
2025-08-01,GH,Multimedia,0.041
2025-08-01,GH,Other/Unknown,0.057
2025-08-01,GH,Practical Guidance,0.331
2025-08-01,GH,Seeking information,0.164
2025-08-01,GH,Self-expression,0.038
2025-08-01,GH,Technical help,0.049
2025-08-01,GH,Writing,0.320
2025-08-01,GR,Multimedia,0.045
2025-08-01,GR,Other/Unknown,0.053
2025-08-01,GR,Practical Guidance,0.287
2025-08-01,GR,Seeking information,0.250
2025-08-01,GR,Self-expression,0.118
2025-08-01,GR,Technical help,0.038
2025-08-01,GR,Writing,0.209
2025-08-01,GT,Multimedia,0.067
2025-08-01,GT,Other/Unknown,0.048
2025-08-01,GT,Practical Guidance,0.322
2025-08-01,GT,Seeking information,0.156
2025-08-01,GT,Self-expression,0.087
2025-08-01,GT,Technical help,0.061
2025-08-01,GT,Writing,0.258
2025-08-01,HN,Multimedia,0.098
2025-08-01,HN,Other/Unknown,0.022
2025-08-01,HN,Practical Guidance,0.301
2025-08-01,HN,Seeking information,0.160
2025-08-01,HN,Self-expression,0.103
2025-08-01,HN,Technical help,0.053
2025-08-01,HN,Writing,0.263
2025-08-01,HR,Multimedia,0.060
2025-08-01,HR,Other/Unknown,0.054
2025-08-01,HR,Practical Guidance,0.297
2025-08-01,HR,Seeking information,0.243
2025-08-01,HR,Self-expression,0.108
2025-08-01,HR,Technical help,0.054
2025-08-01,HR,Writing,0.184
2025-08-01,HU,Multimedia,0.064
2025-08-01,HU,Other/Unknown,0.055
2025-08-01,HU,Practical Guidance,0.302
2025-08-01,HU,Seeking information,0.227
2025-08-01,HU,Self-expression,0.123
2025-08-01,HU,Technical help,0.033
2025-08-01,HU,Writing,0.196
2025-08-01,ID,Multimedia,0.068
2025-08-01,ID,Other/Unknown,0.044
2025-08-01,ID,Practical Guidance,0.282
2025-08-01,ID,Seeking information,0.152
2025-08-01,ID,Self-expression,0.080
2025-08-01,ID,Technical help,0.055
2025-08-01,ID,Writing,0.320
2025-08-01,IE,Multimedia,0.039
2025-08-01,IE,Other/Unknown,0.051
2025-08-01,IE,Practical Guidance,0.295
2025-08-01,IE,Seeking information,0.258
2025-08-01,IE,Self-expression,0.078
2025-08-01,IE,Technical help,0.055
2025-08-01,IE,Writing,0.225
2025-08-01,IL,Multimedia,0.057
2025-08-01,IL,Other/Unknown,0.054
2025-08-01,IL,Practical Guidance,0.294
2025-08-01,IL,Seeking information,0.246
2025-08-01,IL,Self-expression,0.089
2025-08-01,IL,Technical help,0.057
2025-08-01,IL,Writing,0.203
2025-08-01,IN,Multimedia,0.071
2025-08-01,IN,Other/Unknown,0.061
2025-08-01,IN,Practical Guidance,0.306
2025-08-01,IN,Seeking information,0.163
2025-08-01,IN,Self-expression,0.071
2025-08-01,IN,Technical help,0.093
2025-08-01,IN,Writing,0.234
2025-08-01,IQ,Multimedia,0.081
2025-08-01,IQ,Other/Unknown,0.074
2025-08-01,IQ,Practical Guidance,0.306
2025-08-01,IQ,Seeking information,0.184
2025-08-01,IQ,Self-expression,0.154
2025-08-01,IQ,Technical help,0.036
2025-08-01,IQ,Writing,0.166
2025-08-01,IT,Multimedia,0.061
2025-08-01,IT,Other/Unknown,0.047
2025-08-01,IT,Practical Guidance,0.285
2025-08-01,IT,Seeking information,0.217
2025-08-01,IT,Self-expression,0.099
2025-08-01,IT,Technical help,0.058
2025-08-01,IT,Writing,0.233
2025-08-01,JM,Multimedia,0.020
2025-08-01,JM,Other/Unknown,0.138
2025-08-01,JM,Practical Guidance,0.187
2025-08-01,JM,Seeking information,0.163
2025-08-01,JM,Self-expression,0.132
2025-08-01,JM,Technical help,0.139
2025-08-01,JM,Writing,0.220
2025-08-01,JO,Multimedia,0.061
2025-08-01,JO,Other/Unknown,0.066
2025-08-01,JO,Practical Guidance,0.328
2025-08-01,JO,Seeking information,0.159
2025-08-01,JO,Self-expression,0.132
2025-08-01,JO,Technical help,0.044
2025-08-01,JO,Writing,0.211
2025-08-01,JP,Multimedia,0.043
2025-08-01,JP,Other/Unknown,0.045
2025-08-01,JP,Practical Guidance,0.267
2025-08-01,JP,Seeking information,0.178
2025-08-01,JP,Self-expression,0.177
2025-08-01,JP,Technical help,0.048
2025-08-01,JP,Writing,0.243
2025-08-01,KE,Multimedia,0.038
2025-08-01,KE,Other/Unknown,0.058
2025-08-01,KE,Practical Guidance,0.298
2025-08-01,KE,Seeking information,0.167
2025-08-01,KE,Self-expression,0.085
2025-08-01,KE,Technical help,0.051
2025-08-01,KE,Writing,0.303
2025-08-01,KG,Multimedia,0.053
2025-08-01,KG,Other/Unknown,0.037
2025-08-01,KG,Practical Guidance,0.315
2025-08-01,KG,Seeking information,0.228
2025-08-01,KG,Self-expression,0.110
2025-08-01,KG,Technical help,0.045
2025-08-01,KG,Writing,0.213
2025-08-01,KH,Multimedia,0.035
2025-08-01,KH,Other/Unknown,0.063
2025-08-01,KH,Practical Guidance,0.200
2025-08-01,KH,Seeking information,0.095
2025-08-01,KH,Self-expression,0.088
2025-08-01,KH,Technical help,0.045
2025-08-01,KH,Writing,0.474
2025-08-01,KR,Multimedia,0.046
2025-08-01,KR,Other/Unknown,0.056
2025-08-01,KR,Practical Guidance,0.279
2025-08-01,KR,Seeking information,0.197
2025-08-01,KR,Self-expression,0.104
2025-08-01,KR,Technical help,0.059
2025-08-01,KR,Writing,0.259
2025-08-01,KW,Multimedia,0.041
2025-08-01,KW,Other/Unknown,0.082
2025-08-01,KW,Practical Guidance,0.293
2025-08-01,KW,Seeking information,0.229
2025-08-01,KW,Self-expression,0.121
2025-08-01,KW,Technical help,0.032
2025-08-01,KW,Writing,0.202
2025-08-01,KZ,Multimedia,0.051
2025-08-01,KZ,Other/Unknown,0.061
2025-08-01,KZ,Practical Guidance,0.297
2025-08-01,KZ,Seeking information,0.186
2025-08-01,KZ,Self-expression,0.141
2025-08-01,KZ,Technical help,0.042
2025-08-01,KZ,Writing,0.223
2025-08-01,LB,Multimedia,0.043
2025-08-01,LB,Other/Unknown,0.068
2025-08-01,LB,Practical Guidance,0.302
2025-08-01,LB,Seeking information,0.196
2025-08-01,LB,Self-expression,0.134
2025-08-01,LB,Technical help,0.038
2025-08-01,LB,Writing,0.219
2025-08-01,LK,Multimedia,0.059
2025-08-01,LK,Other/Unknown,0.074
2025-08-01,LK,Practical Guidance,0.290
2025-08-01,LK,Seeking information,0.121
2025-08-01,LK,Self-expression,0.060
2025-08-01,LK,Technical help,0.092
2025-08-01,LK,Writing,0.305
2025-08-01,LT,Multimedia,0.046
2025-08-01,LT,Other/Unknown,0.053
2025-08-01,LT,Practical Guidance,0.268
2025-08-01,LT,Seeking information,0.272
2025-08-01,LT,Self-expression,0.085
2025-08-01,LT,Technical help,0.075
2025-08-01,LT,Writing,0.200
2025-08-01,LU,Multimedia,0.000
2025-08-01,LU,Other/Unknown,0.103
2025-08-01,LU,Practical Guidance,0.209
2025-08-01,LU,Seeking information,0.242
2025-08-01,LU,Self-expression,0.066
2025-08-01,LU,Technical help,0.112
2025-08-01,LU,Writing,0.269
2025-08-01,LV,Multimedia,0.084
2025-08-01,LV,Other/Unknown,0.031
2025-08-01,LV,Practical Guidance,0.322
2025-08-01,LV,Seeking information,0.205
2025-08-01,LV,Self-expression,0.046
2025-08-01,LV,Technical help,0.079
2025-08-01,LV,Writing,0.233
2025-08-01,LY,Multimedia,0.055
2025-08-01,LY,Other/Unknown,0.066
2025-08-01,LY,Practical Guidance,0.350
2025-08-01,LY,Seeking information,0.199
2025-08-01,LY,Self-expression,0.136
2025-08-01,LY,Technical help,0.040
2025-08-01,LY,Writing,0.153
2025-08-01,MA,Multimedia,0.050
2025-08-01,MA,Other/Unknown,0.069
2025-08-01,MA,Practical Guidance,0.298
2025-08-01,MA,Seeking information,0.200
2025-08-01,MA,Self-expression,0.103
2025-08-01,MA,Technical help,0.045
2025-08-01,MA,Writing,0.234
2025-08-01,MD,Multimedia,0.050
2025-08-01,MD,Other/Unknown,0.065
2025-08-01,MD,Practical Guidance,0.272
2025-08-01,MD,Seeking information,0.224
2025-08-01,MD,Self-expression,0.115
2025-08-01,MD,Technical help,0.067
2025-08-01,MD,Writing,0.207
2025-08-01,ME,Multimedia,0.033
2025-08-01,ME,Other/Unknown,0.000
2025-08-01,ME,Practical Guidance,0.264
2025-08-01,ME,Seeking information,0.297
2025-08-01,ME,Self-expression,0.143
2025-08-01,ME,Technical help,0.028
2025-08-01,ME,Writing,0.235
2025-08-01,MG,Multimedia,0.095
2025-08-01,MG,Other/Unknown,0.089
2025-08-01,MG,Practical Guidance,0.291
2025-08-01,MG,Seeking information,0.134
2025-08-01,MG,Self-expression,0.071
2025-08-01,MG,Technical help,0.057
2025-08-01,MG,Writing,0.262
2025-08-01,MK,Multimedia,0.089
2025-08-01,MK,Other/Unknown,0.060
2025-08-01,MK,Practical Guidance,0.263
2025-08-01,MK,Seeking information,0.191
2025-08-01,MK,Self-expression,0.139
2025-08-01,MK,Technical help,0.077
2025-08-01,MK,Writing,0.180
2025-08-01,MM,Multimedia,0.062
2025-08-01,MM,Other/Unknown,0.066
2025-08-01,MM,Practical Guidance,0.347
2025-08-01,MM,Seeking information,0.128
2025-08-01,MM,Self-expression,0.090
2025-08-01,MM,Technical help,0.056
2025-08-01,MM,Writing,0.251
2025-08-01,MN,Multimedia,0.065
2025-08-01,MN,Other/Unknown,0.103
2025-08-01,MN,Practical Guidance,0.280
2025-08-01,MN,Seeking information,0.158
2025-08-01,MN,Self-expression,0.133
2025-08-01,MN,Technical help,0.052
2025-08-01,MN,Writing,0.209
2025-08-01,MU,Multimedia,0.030
2025-08-01,MU,Other/Unknown,0.055
2025-08-01,MU,Practical Guidance,0.251
2025-08-01,MU,Seeking information,0.131
2025-08-01,MU,Self-expression,0.134
2025-08-01,MU,Technical help,0.074
2025-08-01,MU,Writing,0.324
2025-08-01,MX,Multimedia,0.076
2025-08-01,MX,Other/Unknown,0.048
2025-08-01,MX,Practical Guidance,0.292
2025-08-01,MX,Seeking information,0.170
2025-08-01,MX,Self-expression,0.115
2025-08-01,MX,Technical help,0.047
2025-08-01,MX,Writing,0.253
2025-08-01,MY,Multimedia,0.056
2025-08-01,MY,Other/Unknown,0.056
2025-08-01,MY,Practical Guidance,0.268
2025-08-01,MY,Seeking information,0.161
2025-08-01,MY,Self-expression,0.102
2025-08-01,MY,Technical help,0.042
2025-08-01,MY,Writing,0.315
2025-08-01,MZ,Multimedia,0.053
2025-08-01,MZ,Other/Unknown,0.019
2025-08-01,MZ,Practical Guidance,0.356
2025-08-01,MZ,Seeking information,0.157
2025-08-01,MZ,Self-expression,0.060
2025-08-01,MZ,Technical help,0.032
2025-08-01,MZ,Writing,0.323
2025-08-01,NG,Multimedia,0.052
2025-08-01,NG,Other/Unknown,0.050
2025-08-01,NG,Practical Guidance,0.231
2025-08-01,NG,Seeking information,0.139
2025-08-01,NG,Self-expression,0.070
2025-08-01,NG,Technical help,0.052
2025-08-01,NG,Writing,0.407
2025-08-01,NI,Multimedia,0.073
2025-08-01,NI,Other/Unknown,0.067
2025-08-01,NI,Practical Guidance,0.264
2025-08-01,NI,Seeking information,0.169
2025-08-01,NI,Self-expression,0.088
2025-08-01,NI,Technical help,0.063
2025-08-01,NI,Writing,0.276
2025-08-01,NL,Multimedia,0.066
2025-08-01,NL,Other/Unknown,0.047
2025-08-01,NL,Practical Guidance,0.273
2025-08-01,NL,Seeking information,0.220
2025-08-01,NL,Self-expression,0.094
2025-08-01,NL,Technical help,0.061
2025-08-01,NL,Writing,0.239
2025-08-01,NO,Multimedia,0.057
2025-08-01,NO,Other/Unknown,0.033
2025-08-01,NO,Practical Guidance,0.296
2025-08-01,NO,Seeking information,0.257
2025-08-01,NO,Self-expression,0.085
2025-08-01,NO,Technical help,0.042
2025-08-01,NO,Writing,0.229
2025-08-01,NP,Multimedia,0.036
2025-08-01,NP,Other/Unknown,0.096
2025-08-01,NP,Practical Guidance,0.300
2025-08-01,NP,Seeking information,0.173
2025-08-01,NP,Self-expression,0.074
2025-08-01,NP,Technical help,0.070
2025-08-01,NP,Writing,0.252
2025-08-01,NZ,Multimedia,0.050
2025-08-01,NZ,Other/Unknown,0.029
2025-08-01,NZ,Practical Guidance,0.288
2025-08-01,NZ,Seeking information,0.179
2025-08-01,NZ,Self-expression,0.092
2025-08-01,NZ,Technical help,0.060
2025-08-01,NZ,Writing,0.303
2025-08-01,OM,Multimedia,0.042
2025-08-01,OM,Other/Unknown,0.077
2025-08-01,OM,Practical Guidance,0.331
2025-08-01,OM,Seeking information,0.151
2025-08-01,OM,Self-expression,0.091
2025-08-01,OM,Technical help,0.033
2025-08-01,OM,Writing,0.274
2025-08-01,PA,Multimedia,0.068
2025-08-01,PA,Other/Unknown,0.046
2025-08-01,PA,Practical Guidance,0.304
2025-08-01,PA,Seeking information,0.145
2025-08-01,PA,Self-expression,0.113
2025-08-01,PA,Technical help,0.041
2025-08-01,PA,Writing,0.283
2025-08-01,PE,Multimedia,0.070
2025-08-01,PE,Other/Unknown,0.048
2025-08-01,PE,Practical Guidance,0.291
2025-08-01,PE,Seeking information,0.153
2025-08-01,PE,Self-expression,0.090
2025-08-01,PE,Technical help,0.053
2025-08-01,PE,Writing,0.295
2025-08-01,PH,Multimedia,0.051
2025-08-01,PH,Other/Unknown,0.040
2025-08-01,PH,Practical Guidance,0.300
2025-08-01,PH,Seeking information,0.135
2025-08-01,PH,Self-expression,0.056
2025-08-01,PH,Technical help,0.040
2025-08-01,PH,Writing,0.377
2025-08-01,PK,Multimedia,0.066
2025-08-01,PK,Other/Unknown,0.054
2025-08-01,PK,Practical Guidance,0.310
2025-08-01,PK,Seeking information,0.160
2025-08-01,PK,Self-expression,0.070
2025-08-01,PK,Technical help,0.062
2025-08-01,PK,Writing,0.280
2025-08-01,PL,Multimedia,0.063
2025-08-01,PL,Other/Unknown,0.047
2025-08-01,PL,Practical Guidance,0.305
2025-08-01,PL,Seeking information,0.247
2025-08-01,PL,Self-expression,0.088
2025-08-01,PL,Technical help,0.044
2025-08-01,PL,Writing,0.206
2025-08-01,PR,Multimedia,0.074
2025-08-01,PR,Other/Unknown,0.088
2025-08-01,PR,Practical Guidance,0.288
2025-08-01,PR,Seeking information,0.138
2025-08-01,PR,Self-expression,0.110
2025-08-01,PR,Technical help,0.041
2025-08-01,PR,Writing,0.261
2025-08-01,PS,Multimedia,0.058
2025-08-01,PS,Other/Unknown,0.076
2025-08-01,PS,Practical Guidance,0.330
2025-08-01,PS,Seeking information,0.234
2025-08-01,PS,Self-expression,0.085
2025-08-01,PS,Technical help,0.027
2025-08-01,PS,Writing,0.190
2025-08-01,PT,Multimedia,0.066
2025-08-01,PT,Other/Unknown,0.047
2025-08-01,PT,Practical Guidance,0.255
2025-08-01,PT,Seeking information,0.239
2025-08-01,PT,Self-expression,0.098
2025-08-01,PT,Technical help,0.051
2025-08-01,PT,Writing,0.244
2025-08-01,PY,Multimedia,0.057
2025-08-01,PY,Other/Unknown,0.051
2025-08-01,PY,Practical Guidance,0.356
2025-08-01,PY,Seeking information,0.149
2025-08-01,PY,Self-expression,0.142
2025-08-01,PY,Technical help,0.048
2025-08-01,PY,Writing,0.197
2025-08-01,QA,Multimedia,0.074
2025-08-01,QA,Other/Unknown,0.078
2025-08-01,QA,Practical Guidance,0.287
2025-08-01,QA,Seeking information,0.196
2025-08-01,QA,Self-expression,0.121
2025-08-01,QA,Technical help,0.032
2025-08-01,QA,Writing,0.212
2025-08-01,RO,Multimedia,0.053
2025-08-01,RO,Other/Unknown,0.048
2025-08-01,RO,Practical Guidance,0.310
2025-08-01,RO,Seeking information,0.230
2025-08-01,RO,Self-expression,0.117
2025-08-01,RO,Technical help,0.046
2025-08-01,RO,Writing,0.196
2025-08-01,RS,Multimedia,0.048
2025-08-01,RS,Other/Unknown,0.061
2025-08-01,RS,Practical Guidance,0.284
2025-08-01,RS,Seeking information,0.248
2025-08-01,RS,Self-expression,0.129
2025-08-01,RS,Technical help,0.060
2025-08-01,RS,Writing,0.170
2025-08-01,RW,Multimedia,0.070
2025-08-01,RW,Other/Unknown,0.063
2025-08-01,RW,Practical Guidance,0.204
2025-08-01,RW,Seeking information,0.187
2025-08-01,RW,Self-expression,0.077
2025-08-01,RW,Technical help,0.089
2025-08-01,RW,Writing,0.309
2025-08-01,SA,Multimedia,0.058
2025-08-01,SA,Other/Unknown,0.066
2025-08-01,SA,Practical Guidance,0.301
2025-08-01,SA,Seeking information,0.202
2025-08-01,SA,Self-expression,0.113
2025-08-01,SA,Technical help,0.033
2025-08-01,SA,Writing,0.227
2025-08-01,SD,Multimedia,0.136
2025-08-01,SD,Other/Unknown,0.050
2025-08-01,SD,Practical Guidance,0.278
2025-08-01,SD,Seeking information,0.145
2025-08-01,SD,Self-expression,0.153
2025-08-01,SD,Technical help,0.016
2025-08-01,SD,Writing,0.221
2025-08-01,SE,Multimedia,0.063
2025-08-01,SE,Other/Unknown,0.040
2025-08-01,SE,Practical Guidance,0.295
2025-08-01,SE,Seeking information,0.232
2025-08-01,SE,Self-expression,0.067
2025-08-01,SE,Technical help,0.062
2025-08-01,SE,Writing,0.241
2025-08-01,SG,Multimedia,0.046
2025-08-01,SG,Other/Unknown,0.037
2025-08-01,SG,Practical Guidance,0.251
2025-08-01,SG,Seeking information,0.169
2025-08-01,SG,Self-expression,0.069
2025-08-01,SG,Technical help,0.103
2025-08-01,SG,Writing,0.326
2025-08-01,SI,Multimedia,0.060
2025-08-01,SI,Other/Unknown,0.048
2025-08-01,SI,Practical Guidance,0.281
2025-08-01,SI,Seeking information,0.292
2025-08-01,SI,Self-expression,0.056
2025-08-01,SI,Technical help,0.086
2025-08-01,SI,Writing,0.178
2025-08-01,SK,Multimedia,0.060
2025-08-01,SK,Other/Unknown,0.054
2025-08-01,SK,Practical Guidance,0.334
2025-08-01,SK,Seeking information,0.249
2025-08-01,SK,Self-expression,0.098
2025-08-01,SK,Technical help,0.046
2025-08-01,SK,Writing,0.160
2025-08-01,SN,Multimedia,0.077
2025-08-01,SN,Other/Unknown,0.088
2025-08-01,SN,Practical Guidance,0.207
2025-08-01,SN,Seeking information,0.134
2025-08-01,SN,Self-expression,0.091
2025-08-01,SN,Technical help,0.047
2025-08-01,SN,Writing,0.357
2025-08-01,SO,Multimedia,0.046
2025-08-01,SO,Other/Unknown,0.087
2025-08-01,SO,Practical Guidance,0.267
2025-08-01,SO,Seeking information,0.179
2025-08-01,SO,Self-expression,0.097
2025-08-01,SO,Technical help,0.038
2025-08-01,SO,Writing,0.286
2025-08-01,SV,Multimedia,0.030
2025-08-01,SV,Other/Unknown,0.038
2025-08-01,SV,Practical Guidance,0.387
2025-08-01,SV,Seeking information,0.134
2025-08-01,SV,Self-expression,0.114
2025-08-01,SV,Technical help,0.055
2025-08-01,SV,Writing,0.242
2025-08-01,TH,Multimedia,0.067
2025-08-01,TH,Other/Unknown,0.041
2025-08-01,TH,Practical Guidance,0.273
2025-08-01,TH,Seeking information,0.177
2025-08-01,TH,Self-expression,0.096
2025-08-01,TH,Technical help,0.052
2025-08-01,TH,Writing,0.293
2025-08-01,TJ,Multimedia,0.061
2025-08-01,TJ,Other/Unknown,0.082
2025-08-01,TJ,Practical Guidance,0.283
2025-08-01,TJ,Seeking information,0.167
2025-08-01,TJ,Self-expression,0.255
2025-08-01,TJ,Technical help,0.001
2025-08-01,TJ,Writing,0.151
2025-08-01,TN,Multimedia,0.048
2025-08-01,TN,Other/Unknown,0.062
2025-08-01,TN,Practical Guidance,0.319
2025-08-01,TN,Seeking information,0.170
2025-08-01,TN,Self-expression,0.113
2025-08-01,TN,Technical help,0.060
2025-08-01,TN,Writing,0.228
2025-08-01,TR,Multimedia,0.065
2025-08-01,TR,Other/Unknown,0.060
2025-08-01,TR,Practical Guidance,0.278
2025-08-01,TR,Seeking information,0.219
2025-08-01,TR,Self-expression,0.142
2025-08-01,TR,Technical help,0.048
2025-08-01,TR,Writing,0.188
2025-08-01,TW,Multimedia,0.060
2025-08-01,TW,Other/Unknown,0.057
2025-08-01,TW,Practical Guidance,0.252
2025-08-01,TW,Seeking information,0.168
2025-08-01,TW,Self-expression,0.125
2025-08-01,TW,Technical help,0.067
2025-08-01,TW,Writing,0.271
2025-08-01,TZ,Multimedia,0.045
2025-08-01,TZ,Other/Unknown,0.040
2025-08-01,TZ,Practical Guidance,0.318
2025-08-01,TZ,Seeking information,0.171
2025-08-01,TZ,Self-expression,0.100
2025-08-01,TZ,Technical help,0.030
2025-08-01,TZ,Writing,0.296
2025-08-01,UA,Multimedia,0.062
2025-08-01,UA,Other/Unknown,0.046
2025-08-01,UA,Practical Guidance,0.320
2025-08-01,UA,Seeking information,0.196
2025-08-01,UA,Self-expression,0.121
2025-08-01,UA,Technical help,0.049
2025-08-01,UA,Writing,0.207
2025-08-01,UG,Multimedia,0.050
2025-08-01,UG,Other/Unknown,0.063
2025-08-01,UG,Practical Guidance,0.283
2025-08-01,UG,Seeking information,0.184
2025-08-01,UG,Self-expression,0.071
2025-08-01,UG,Technical help,0.027
2025-08-01,UG,Writing,0.322
2025-08-01,US,Multimedia,0.059
2025-08-01,US,Other/Unknown,0.043
2025-08-01,US,Practical Guidance,0.276
2025-08-01,US,Seeking information,0.205
2025-08-01,US,Self-expression,0.093
2025-08-01,US,Technical help,0.054
2025-08-01,US,Writing,0.269
2025-08-01,UY,Multimedia,0.081
2025-08-01,UY,Other/Unknown,0.039
2025-08-01,UY,Practical Guidance,0.333
2025-08-01,UY,Seeking information,0.144
2025-08-01,UY,Self-expression,0.131
2025-08-01,UY,Technical help,0.066
2025-08-01,UY,Writing,0.206
2025-08-01,UZ,Multimedia,0.065
2025-08-01,UZ,Other/Unknown,0.074
2025-08-01,UZ,Practical Guidance,0.290
2025-08-01,UZ,Seeking information,0.196
2025-08-01,UZ,Self-expression,0.127
2025-08-01,UZ,Technical help,0.039
2025-08-01,UZ,Writing,0.208
2025-08-01,VN,Multimedia,0.067
2025-08-01,VN,Other/Unknown,0.061
2025-08-01,VN,Practical Guidance,0.254
2025-08-01,VN,Seeking information,0.157
2025-08-01,VN,Self-expression,0.097
2025-08-01,VN,Technical help,0.058
2025-08-01,VN,Writing,0.307
2025-08-01,YE,Multimedia,0.089
2025-08-01,YE,Other/Unknown,0.056
2025-08-01,YE,Practical Guidance,0.286
2025-08-01,YE,Seeking information,0.161
2025-08-01,YE,Self-expression,0.101
2025-08-01,YE,Technical help,0.051
2025-08-01,YE,Writing,0.256
2025-08-01,ZA,Multimedia,0.059
2025-08-01,ZA,Other/Unknown,0.043
2025-08-01,ZA,Practical Guidance,0.319
2025-08-01,ZA,Seeking information,0.153
2025-08-01,ZA,Self-expression,0.083
2025-08-01,ZA,Technical help,0.053
2025-08-01,ZA,Writing,0.289
2025-08-01,ZM,Multimedia,0.039
2025-08-01,ZM,Other/Unknown,0.037
2025-08-01,ZM,Practical Guidance,0.360
2025-08-01,ZM,Seeking information,0.191
2025-08-01,ZM,Self-expression,0.048
2025-08-01,ZM,Technical help,0.086
2025-08-01,ZM,Writing,0.239
2025-09-01,AE,Multimedia,0.058
2025-09-01,AE,Other/Unknown,0.054
2025-09-01,AE,Practical Guidance,0.271
2025-09-01,AE,Seeking information,0.183
2025-09-01,AE,Self-expression,0.062
2025-09-01,AE,Technical help,0.053
2025-09-01,AE,Writing,0.319
2025-09-01,AF,Multimedia,0.059
2025-09-01,AF,Other/Unknown,0.049
2025-09-01,AF,Practical Guidance,0.301
2025-09-01,AF,Seeking information,0.167
2025-09-01,AF,Self-expression,0.110
2025-09-01,AF,Technical help,0.027
2025-09-01,AF,Writing,0.288
2025-09-01,AL,Multimedia,0.088
2025-09-01,AL,Other/Unknown,0.066
2025-09-01,AL,Practical Guidance,0.303
2025-09-01,AL,Seeking information,0.163
2025-09-01,AL,Self-expression,0.082
2025-09-01,AL,Technical help,0.068
2025-09-01,AL,Writing,0.230
2025-09-01,AM,Multimedia,0.033
2025-09-01,AM,Other/Unknown,0.080
2025-09-01,AM,Practical Guidance,0.324
2025-09-01,AM,Seeking information,0.151
2025-09-01,AM,Self-expression,0.082
2025-09-01,AM,Technical help,0.040
2025-09-01,AM,Writing,0.290
2025-09-01,AO,Multimedia,0.064
2025-09-01,AO,Other/Unknown,0.137
2025-09-01,AO,Practical Guidance,0.272
2025-09-01,AO,Seeking information,0.172
2025-09-01,AO,Self-expression,0.051
2025-09-01,AO,Technical help,0.058
2025-09-01,AO,Writing,0.245
2025-09-01,AR,Multimedia,0.088
2025-09-01,AR,Other/Unknown,0.071
2025-09-01,AR,Practical Guidance,0.290
2025-09-01,AR,Seeking information,0.163
2025-09-01,AR,Self-expression,0.106
2025-09-01,AR,Technical help,0.052
2025-09-01,AR,Writing,0.230
2025-09-01,AT,Multimedia,0.057
2025-09-01,AT,Other/Unknown,0.044
2025-09-01,AT,Practical Guidance,0.281
2025-09-01,AT,Seeking information,0.223
2025-09-01,AT,Self-expression,0.077
2025-09-01,AT,Technical help,0.054
2025-09-01,AT,Writing,0.264
2025-09-01,AU,Multimedia,0.053
2025-09-01,AU,Other/Unknown,0.047
2025-09-01,AU,Practical Guidance,0.282
2025-09-01,AU,Seeking information,0.183
2025-09-01,AU,Self-expression,0.058
2025-09-01,AU,Technical help,0.057
2025-09-01,AU,Writing,0.322
2025-09-01,AZ,Multimedia,0.064
2025-09-01,AZ,Other/Unknown,0.058
2025-09-01,AZ,Practical Guidance,0.315
2025-09-01,AZ,Seeking information,0.189
2025-09-01,AZ,Self-expression,0.132
2025-09-01,AZ,Technical help,0.045
2025-09-01,AZ,Writing,0.197
2025-09-01,BA,Multimedia,0.061
2025-09-01,BA,Other/Unknown,0.047
2025-09-01,BA,Practical Guidance,0.360
2025-09-01,BA,Seeking information,0.242
2025-09-01,BA,Self-expression,0.116
2025-09-01,BA,Technical help,0.063
2025-09-01,BA,Writing,0.110
2025-09-01,BD,Multimedia,0.065
2025-09-01,BD,Other/Unknown,0.083
2025-09-01,BD,Practical Guidance,0.294
2025-09-01,BD,Seeking information,0.185
2025-09-01,BD,Self-expression,0.075
2025-09-01,BD,Technical help,0.049
2025-09-01,BD,Writing,0.250
2025-09-01,BE,Multimedia,0.072
2025-09-01,BE,Other/Unknown,0.050
2025-09-01,BE,Practical Guidance,0.292
2025-09-01,BE,Seeking information,0.221
2025-09-01,BE,Self-expression,0.064
2025-09-01,BE,Technical help,0.045
2025-09-01,BE,Writing,0.256
2025-09-01,BG,Multimedia,0.057
2025-09-01,BG,Other/Unknown,0.059
2025-09-01,BG,Practical Guidance,0.295
2025-09-01,BG,Seeking information,0.238
2025-09-01,BG,Self-expression,0.100
2025-09-01,BG,Technical help,0.050
2025-09-01,BG,Writing,0.201
2025-09-01,BH,Multimedia,0.020
2025-09-01,BH,Other/Unknown,0.093
2025-09-01,BH,Practical Guidance,0.285
2025-09-01,BH,Seeking information,0.208
2025-09-01,BH,Self-expression,0.094
2025-09-01,BH,Technical help,0.009
2025-09-01,BH,Writing,0.290
2025-09-01,BJ,Multimedia,0.074
2025-09-01,BJ,Other/Unknown,0.057
2025-09-01,BJ,Practical Guidance,0.260
2025-09-01,BJ,Seeking information,0.254
2025-09-01,BJ,Self-expression,0.095
2025-09-01,BJ,Technical help,0.008
2025-09-01,BJ,Writing,0.251
2025-09-01,BO,Multimedia,0.068
2025-09-01,BO,Other/Unknown,0.054
2025-09-01,BO,Practical Guidance,0.323
2025-09-01,BO,Seeking information,0.185
2025-09-01,BO,Self-expression,0.060
2025-09-01,BO,Technical help,0.045
2025-09-01,BO,Writing,0.266
2025-09-01,BR,Multimedia,0.092
2025-09-01,BR,Other/Unknown,0.071
2025-09-01,BR,Practical Guidance,0.270
2025-09-01,BR,Seeking information,0.144
2025-09-01,BR,Self-expression,0.081
2025-09-01,BR,Technical help,0.051
2025-09-01,BR,Writing,0.291
2025-09-01,CA,Multimedia,0.050
2025-09-01,CA,Other/Unknown,0.047
2025-09-01,CA,Practical Guidance,0.291
2025-09-01,CA,Seeking information,0.213
2025-09-01,CA,Self-expression,0.067
2025-09-01,CA,Technical help,0.058
2025-09-01,CA,Writing,0.274
2025-09-01,CD,Multimedia,0.032
2025-09-01,CD,Other/Unknown,0.045
2025-09-01,CD,Practical Guidance,0.261
2025-09-01,CD,Seeking information,0.192
2025-09-01,CD,Self-expression,0.099
2025-09-01,CD,Technical help,0.037
2025-09-01,CD,Writing,0.334
2025-09-01,CH,Multimedia,0.060
2025-09-01,CH,Other/Unknown,0.046
2025-09-01,CH,Practical Guidance,0.270
2025-09-01,CH,Seeking information,0.224
2025-09-01,CH,Self-expression,0.059
2025-09-01,CH,Technical help,0.053
2025-09-01,CH,Writing,0.288
2025-09-01,CI,Multimedia,0.063
2025-09-01,CI,Other/Unknown,0.048
2025-09-01,CI,Practical Guidance,0.209
2025-09-01,CI,Seeking information,0.149
2025-09-01,CI,Self-expression,0.092
2025-09-01,CI,Technical help,0.059
2025-09-01,CI,Writing,0.380
2025-09-01,CL,Multimedia,0.071
2025-09-01,CL,Other/Unknown,0.059
2025-09-01,CL,Practical Guidance,0.302
2025-09-01,CL,Seeking information,0.163
2025-09-01,CL,Self-expression,0.095
2025-09-01,CL,Technical help,0.051
2025-09-01,CL,Writing,0.260
2025-09-01,CM,Multimedia,0.050
2025-09-01,CM,Other/Unknown,0.051
2025-09-01,CM,Practical Guidance,0.330
2025-09-01,CM,Seeking information,0.136
2025-09-01,CM,Self-expression,0.066
2025-09-01,CM,Technical help,0.036
2025-09-01,CM,Writing,0.332
2025-09-01,CO,Multimedia,0.097
2025-09-01,CO,Other/Unknown,0.061
2025-09-01,CO,Practical Guidance,0.280
2025-09-01,CO,Seeking information,0.148
2025-09-01,CO,Self-expression,0.067
2025-09-01,CO,Technical help,0.054
2025-09-01,CO,Writing,0.293
2025-09-01,CR,Multimedia,0.092
2025-09-01,CR,Other/Unknown,0.068
2025-09-01,CR,Practical Guidance,0.275
2025-09-01,CR,Seeking information,0.191
2025-09-01,CR,Self-expression,0.085
2025-09-01,CR,Technical help,0.041
2025-09-01,CR,Writing,0.248
2025-09-01,CY,Multimedia,0.069
2025-09-01,CY,Other/Unknown,0.052
2025-09-01,CY,Practical Guidance,0.294
2025-09-01,CY,Seeking information,0.199
2025-09-01,CY,Self-expression,0.063
2025-09-01,CY,Technical help,0.070
2025-09-01,CY,Writing,0.253
2025-09-01,CZ,Multimedia,0.055
2025-09-01,CZ,Other/Unknown,0.043
2025-09-01,CZ,Practical Guidance,0.318
2025-09-01,CZ,Seeking information,0.280
2025-09-01,CZ,Self-expression,0.086
2025-09-01,CZ,Technical help,0.034
2025-09-01,CZ,Writing,0.185
2025-09-01,DE,Multimedia,0.063
2025-09-01,DE,Other/Unknown,0.045
2025-09-01,DE,Practical Guidance,0.284
2025-09-01,DE,Seeking information,0.217
2025-09-01,DE,Self-expression,0.075
2025-09-01,DE,Technical help,0.048
2025-09-01,DE,Writing,0.267
2025-09-01,DK,Multimedia,0.042
2025-09-01,DK,Other/Unknown,0.034
2025-09-01,DK,Practical Guidance,0.280
2025-09-01,DK,Seeking information,0.267
2025-09-01,DK,Self-expression,0.052
2025-09-01,DK,Technical help,0.059
2025-09-01,DK,Writing,0.266
2025-09-01,DO,Multimedia,0.084
2025-09-01,DO,Other/Unknown,0.055
2025-09-01,DO,Practical Guidance,0.335
2025-09-01,DO,Seeking information,0.197
2025-09-01,DO,Self-expression,0.074
2025-09-01,DO,Technical help,0.040
2025-09-01,DO,Writing,0.215
2025-09-01,DZ,Multimedia,0.070
2025-09-01,DZ,Other/Unknown,0.075
2025-09-01,DZ,Practical Guidance,0.303
2025-09-01,DZ,Seeking information,0.197
2025-09-01,DZ,Self-expression,0.120
2025-09-01,DZ,Technical help,0.025
2025-09-01,DZ,Writing,0.211
2025-09-01,EC,Multimedia,0.094
2025-09-01,EC,Other/Unknown,0.055
2025-09-01,EC,Practical Guidance,0.329
2025-09-01,EC,Seeking information,0.151
2025-09-01,EC,Self-expression,0.050
2025-09-01,EC,Technical help,0.046
2025-09-01,EC,Writing,0.275
2025-09-01,EE,Multimedia,0.031
2025-09-01,EE,Other/Unknown,0.055
2025-09-01,EE,Practical Guidance,0.299
2025-09-01,EE,Seeking information,0.213
2025-09-01,EE,Self-expression,0.065
2025-09-01,EE,Technical help,0.057
2025-09-01,EE,Writing,0.279
2025-09-01,EG,Multimedia,0.071
2025-09-01,EG,Other/Unknown,0.070
2025-09-01,EG,Practical Guidance,0.327
2025-09-01,EG,Seeking information,0.186
2025-09-01,EG,Self-expression,0.111
2025-09-01,EG,Technical help,0.039
2025-09-01,EG,Writing,0.197
2025-09-01,ES,Multimedia,0.072
2025-09-01,ES,Other/Unknown,0.062
2025-09-01,ES,Practical Guidance,0.272
2025-09-01,ES,Seeking information,0.238
2025-09-01,ES,Self-expression,0.070
2025-09-01,ES,Technical help,0.055
2025-09-01,ES,Writing,0.231
2025-09-01,ET,Multimedia,0.082
2025-09-01,ET,Other/Unknown,0.065
2025-09-01,ET,Practical Guidance,0.329
2025-09-01,ET,Seeking information,0.183
2025-09-01,ET,Self-expression,0.048
2025-09-01,ET,Technical help,0.040
2025-09-01,ET,Writing,0.253
2025-09-01,FI,Multimedia,0.065
2025-09-01,FI,Other/Unknown,0.059
2025-09-01,FI,Practical Guidance,0.294
2025-09-01,FI,Seeking information,0.179
2025-09-01,FI,Self-expression,0.091
2025-09-01,FI,Technical help,0.077
2025-09-01,FI,Writing,0.235
2025-09-01,FR,Multimedia,0.063
2025-09-01,FR,Other/Unknown,0.041
2025-09-01,FR,Practical Guidance,0.289
2025-09-01,FR,Seeking information,0.223
2025-09-01,FR,Self-expression,0.068
2025-09-01,FR,Technical help,0.051
2025-09-01,FR,Writing,0.266
2025-09-01,GB,Multimedia,0.067
2025-09-01,GB,Other/Unknown,0.043
2025-09-01,GB,Practical Guidance,0.274
2025-09-01,GB,Seeking information,0.201
2025-09-01,GB,Self-expression,0.074
2025-09-01,GB,Technical help,0.055
2025-09-01,GB,Writing,0.285
2025-09-01,GE,Multimedia,0.065
2025-09-01,GE,Other/Unknown,0.057
2025-09-01,GE,Practical Guidance,0.277
2025-09-01,GE,Seeking information,0.200
2025-09-01,GE,Self-expression,0.108
2025-09-01,GE,Technical help,0.083
2025-09-01,GE,Writing,0.212
2025-09-01,GH,Multimedia,0.047
2025-09-01,GH,Other/Unknown,0.058
2025-09-01,GH,Practical Guidance,0.300
2025-09-01,GH,Seeking information,0.172
2025-09-01,GH,Self-expression,0.080
2025-09-01,GH,Technical help,0.033
2025-09-01,GH,Writing,0.311
2025-09-01,GR,Multimedia,0.042
2025-09-01,GR,Other/Unknown,0.068
2025-09-01,GR,Practical Guidance,0.312
2025-09-01,GR,Seeking information,0.237
2025-09-01,GR,Self-expression,0.076
2025-09-01,GR,Technical help,0.053
2025-09-01,GR,Writing,0.212
2025-09-01,GT,Multimedia,0.102
2025-09-01,GT,Other/Unknown,0.042
2025-09-01,GT,Practical Guidance,0.372
2025-09-01,GT,Seeking information,0.154
2025-09-01,GT,Self-expression,0.041
2025-09-01,GT,Technical help,0.049
2025-09-01,GT,Writing,0.241
2025-09-01,HN,Multimedia,0.085
2025-09-01,HN,Other/Unknown,0.077
2025-09-01,HN,Practical Guidance,0.267
2025-09-01,HN,Seeking information,0.129
2025-09-01,HN,Self-expression,0.101
2025-09-01,HN,Technical help,0.050
2025-09-01,HN,Writing,0.291
2025-09-01,HR,Multimedia,0.057
2025-09-01,HR,Other/Unknown,0.060
2025-09-01,HR,Practical Guidance,0.282
2025-09-01,HR,Seeking information,0.242
2025-09-01,HR,Self-expression,0.079
2025-09-01,HR,Technical help,0.086
2025-09-01,HR,Writing,0.194
2025-09-01,HU,Multimedia,0.053
2025-09-01,HU,Other/Unknown,0.056
2025-09-01,HU,Practical Guidance,0.313
2025-09-01,HU,Seeking information,0.233
2025-09-01,HU,Self-expression,0.092
2025-09-01,HU,Technical help,0.063
2025-09-01,HU,Writing,0.189
2025-09-01,ID,Multimedia,0.068
2025-09-01,ID,Other/Unknown,0.046
2025-09-01,ID,Practical Guidance,0.317
2025-09-01,ID,Seeking information,0.141
2025-09-01,ID,Self-expression,0.062
2025-09-01,ID,Technical help,0.059
2025-09-01,ID,Writing,0.307
2025-09-01,IE,Multimedia,0.078
2025-09-01,IE,Other/Unknown,0.064
2025-09-01,IE,Practical Guidance,0.270
2025-09-01,IE,Seeking information,0.233
2025-09-01,IE,Self-expression,0.053
2025-09-01,IE,Technical help,0.048
2025-09-01,IE,Writing,0.254
2025-09-01,IL,Multimedia,0.060
2025-09-01,IL,Other/Unknown,0.053
2025-09-01,IL,Practical Guidance,0.301
2025-09-01,IL,Seeking information,0.277
2025-09-01,IL,Self-expression,0.067
2025-09-01,IL,Technical help,0.050
2025-09-01,IL,Writing,0.192
2025-09-01,IN,Multimedia,0.068
2025-09-01,IN,Other/Unknown,0.063
2025-09-01,IN,Practical Guidance,0.307
2025-09-01,IN,Seeking information,0.167
2025-09-01,IN,Self-expression,0.060
2025-09-01,IN,Technical help,0.098
2025-09-01,IN,Writing,0.236
2025-09-01,IQ,Multimedia,0.077
2025-09-01,IQ,Other/Unknown,0.076
2025-09-01,IQ,Practical Guidance,0.300
2025-09-01,IQ,Seeking information,0.201
2025-09-01,IQ,Self-expression,0.149
2025-09-01,IQ,Technical help,0.033
2025-09-01,IQ,Writing,0.164
2025-09-01,IT,Multimedia,0.066
2025-09-01,IT,Other/Unknown,0.058
2025-09-01,IT,Practical Guidance,0.282
2025-09-01,IT,Seeking information,0.219
2025-09-01,IT,Self-expression,0.077
2025-09-01,IT,Technical help,0.051
2025-09-01,IT,Writing,0.248
2025-09-01,JO,Multimedia,0.072
2025-09-01,JO,Other/Unknown,0.053
2025-09-01,JO,Practical Guidance,0.312
2025-09-01,JO,Seeking information,0.199
2025-09-01,JO,Self-expression,0.095
2025-09-01,JO,Technical help,0.035
2025-09-01,JO,Writing,0.233
2025-09-01,JP,Multimedia,0.038
2025-09-01,JP,Other/Unknown,0.048
2025-09-01,JP,Practical Guidance,0.275
2025-09-01,JP,Seeking information,0.171
2025-09-01,JP,Self-expression,0.164
2025-09-01,JP,Technical help,0.048
2025-09-01,JP,Writing,0.255
2025-09-01,KE,Multimedia,0.049
2025-09-01,KE,Other/Unknown,0.054
2025-09-01,KE,Practical Guidance,0.289
2025-09-01,KE,Seeking information,0.177
2025-09-01,KE,Self-expression,0.085
2025-09-01,KE,Technical help,0.050
2025-09-01,KE,Writing,0.297
2025-09-01,KG,Multimedia,0.058
2025-09-01,KG,Other/Unknown,0.104
2025-09-01,KG,Practical Guidance,0.296
2025-09-01,KG,Seeking information,0.150
2025-09-01,KG,Self-expression,0.101
2025-09-01,KG,Technical help,0.042
2025-09-01,KG,Writing,0.250
2025-09-01,KH,Multimedia,0.043
2025-09-01,KH,Other/Unknown,0.077
2025-09-01,KH,Practical Guidance,0.177
2025-09-01,KH,Seeking information,0.104
2025-09-01,KH,Self-expression,0.066
2025-09-01,KH,Technical help,0.062
2025-09-01,KH,Writing,0.472
2025-09-01,KR,Multimedia,0.046
2025-09-01,KR,Other/Unknown,0.056
2025-09-01,KR,Practical Guidance,0.289
2025-09-01,KR,Seeking information,0.194
2025-09-01,KR,Self-expression,0.092
2025-09-01,KR,Technical help,0.058
2025-09-01,KR,Writing,0.265
2025-09-01,KW,Multimedia,0.109
2025-09-01,KW,Other/Unknown,0.053
2025-09-01,KW,Practical Guidance,0.299
2025-09-01,KW,Seeking information,0.191
2025-09-01,KW,Self-expression,0.109
2025-09-01,KW,Technical help,0.036
2025-09-01,KW,Writing,0.202
2025-09-01,KZ,Multimedia,0.049
2025-09-01,KZ,Other/Unknown,0.068
2025-09-01,KZ,Practical Guidance,0.297
2025-09-01,KZ,Seeking information,0.175
2025-09-01,KZ,Self-expression,0.091
2025-09-01,KZ,Technical help,0.045
2025-09-01,KZ,Writing,0.274
2025-09-01,LB,Multimedia,0.077
2025-09-01,LB,Other/Unknown,0.060
2025-09-01,LB,Practical Guidance,0.351
2025-09-01,LB,Seeking information,0.185
2025-09-01,LB,Self-expression,0.079
2025-09-01,LB,Technical help,0.049
2025-09-01,LB,Writing,0.199
2025-09-01,LK,Multimedia,0.049
2025-09-01,LK,Other/Unknown,0.061
2025-09-01,LK,Practical Guidance,0.310
2025-09-01,LK,Seeking information,0.155
2025-09-01,LK,Self-expression,0.049
2025-09-01,LK,Technical help,0.095
2025-09-01,LK,Writing,0.281
2025-09-01,LT,Multimedia,0.037
2025-09-01,LT,Other/Unknown,0.041
2025-09-01,LT,Practical Guidance,0.270
2025-09-01,LT,Seeking information,0.274
2025-09-01,LT,Self-expression,0.075
2025-09-01,LT,Technical help,0.081
2025-09-01,LT,Writing,0.221
2025-09-01,LU,Multimedia,0.052
2025-09-01,LU,Other/Unknown,0.050
2025-09-01,LU,Practical Guidance,0.241
2025-09-01,LU,Seeking information,0.277
2025-09-01,LU,Self-expression,0.071
2025-09-01,LU,Technical help,0.036
2025-09-01,LU,Writing,0.273
2025-09-01,LV,Multimedia,0.054
2025-09-01,LV,Other/Unknown,0.078
2025-09-01,LV,Practical Guidance,0.265
2025-09-01,LV,Seeking information,0.211
2025-09-01,LV,Self-expression,0.087
2025-09-01,LV,Technical help,0.086
2025-09-01,LV,Writing,0.219
2025-09-01,LY,Multimedia,0.082
2025-09-01,LY,Other/Unknown,0.074
2025-09-01,LY,Practical Guidance,0.315
2025-09-01,LY,Seeking information,0.186
2025-09-01,LY,Self-expression,0.104
2025-09-01,LY,Technical help,0.022
2025-09-01,LY,Writing,0.218
2025-09-01,MA,Multimedia,0.050
2025-09-01,MA,Other/Unknown,0.068
2025-09-01,MA,Practical Guidance,0.288
2025-09-01,MA,Seeking information,0.205
2025-09-01,MA,Self-expression,0.075
2025-09-01,MA,Technical help,0.044
2025-09-01,MA,Writing,0.270
2025-09-01,MD,Multimedia,0.062
2025-09-01,MD,Other/Unknown,0.045
2025-09-01,MD,Practical Guidance,0.308
2025-09-01,MD,Seeking information,0.197
2025-09-01,MD,Self-expression,0.069
2025-09-01,MD,Technical help,0.067
2025-09-01,MD,Writing,0.251
2025-09-01,ME,Multimedia,0.085
2025-09-01,ME,Other/Unknown,0.098
2025-09-01,ME,Practical Guidance,0.168
2025-09-01,ME,Seeking information,0.384
2025-09-01,ME,Self-expression,0.056
2025-09-01,ME,Technical help,0.054
2025-09-01,ME,Writing,0.155
2025-09-01,MG,Multimedia,0.066
2025-09-01,MG,Other/Unknown,0.015
2025-09-01,MG,Practical Guidance,0.222
2025-09-01,MG,Seeking information,0.219
2025-09-01,MG,Self-expression,0.058
2025-09-01,MG,Technical help,0.061
2025-09-01,MG,Writing,0.359
2025-09-01,MK,Multimedia,0.085
2025-09-01,MK,Other/Unknown,0.052
2025-09-01,MK,Practical Guidance,0.314
2025-09-01,MK,Seeking information,0.206
2025-09-01,MK,Self-expression,0.102
2025-09-01,MK,Technical help,0.031
2025-09-01,MK,Writing,0.210
2025-09-01,MM,Multimedia,0.055
2025-09-01,MM,Other/Unknown,0.067
2025-09-01,MM,Practical Guidance,0.294
2025-09-01,MM,Seeking information,0.136
2025-09-01,MM,Self-expression,0.088
2025-09-01,MM,Technical help,0.039
2025-09-01,MM,Writing,0.321
2025-09-01,MN,Multimedia,0.104
2025-09-01,MN,Other/Unknown,0.047
2025-09-01,MN,Practical Guidance,0.331
2025-09-01,MN,Seeking information,0.155
2025-09-01,MN,Self-expression,0.055
2025-09-01,MN,Technical help,0.096
2025-09-01,MN,Writing,0.212
2025-09-01,MU,Multimedia,0.003
2025-09-01,MU,Other/Unknown,0.052
2025-09-01,MU,Practical Guidance,0.370
2025-09-01,MU,Seeking information,0.150
2025-09-01,MU,Self-expression,0.098
2025-09-01,MU,Technical help,0.054
2025-09-01,MU,Writing,0.274
2025-09-01,MX,Multimedia,0.088
2025-09-01,MX,Other/Unknown,0.057
2025-09-01,MX,Practical Guidance,0.293
2025-09-01,MX,Seeking information,0.171
2025-09-01,MX,Self-expression,0.087
2025-09-01,MX,Technical help,0.051
2025-09-01,MX,Writing,0.253
2025-09-01,MY,Multimedia,0.057
2025-09-01,MY,Other/Unknown,0.053
2025-09-01,MY,Practical Guidance,0.267
2025-09-01,MY,Seeking information,0.183
2025-09-01,MY,Self-expression,0.085
2025-09-01,MY,Technical help,0.042
2025-09-01,MY,Writing,0.311
2025-09-01,MZ,Multimedia,0.091
2025-09-01,MZ,Other/Unknown,0.037
2025-09-01,MZ,Practical Guidance,0.261
2025-09-01,MZ,Seeking information,0.148
2025-09-01,MZ,Self-expression,0.047
2025-09-01,MZ,Technical help,0.032
2025-09-01,MZ,Writing,0.383
2025-09-01,NG,Multimedia,0.059
2025-09-01,NG,Other/Unknown,0.049
2025-09-01,NG,Practical Guidance,0.235
2025-09-01,NG,Seeking information,0.145
2025-09-01,NG,Self-expression,0.075
2025-09-01,NG,Technical help,0.041
2025-09-01,NG,Writing,0.395
2025-09-01,NI,Multimedia,0.097
2025-09-01,NI,Other/Unknown,0.076
2025-09-01,NI,Practical Guidance,0.301
2025-09-01,NI,Seeking information,0.207
2025-09-01,NI,Self-expression,0.095
2025-09-01,NI,Technical help,0.003
2025-09-01,NI,Writing,0.221
2025-09-01,NL,Multimedia,0.063
2025-09-01,NL,Other/Unknown,0.050
2025-09-01,NL,Practical Guidance,0.287
2025-09-01,NL,Seeking information,0.201
2025-09-01,NL,Self-expression,0.074
2025-09-01,NL,Technical help,0.062
2025-09-01,NL,Writing,0.263
2025-09-01,NO,Multimedia,0.067
2025-09-01,NO,Other/Unknown,0.035
2025-09-01,NO,Practical Guidance,0.282
2025-09-01,NO,Seeking information,0.247
2025-09-01,NO,Self-expression,0.065
2025-09-01,NO,Technical help,0.063
2025-09-01,NO,Writing,0.240
2025-09-01,NP,Multimedia,0.048
2025-09-01,NP,Other/Unknown,0.090
2025-09-01,NP,Practical Guidance,0.322
2025-09-01,NP,Seeking information,0.199
2025-09-01,NP,Self-expression,0.066
2025-09-01,NP,Technical help,0.048
2025-09-01,NP,Writing,0.227
2025-09-01,NZ,Multimedia,0.035
2025-09-01,NZ,Other/Unknown,0.054
2025-09-01,NZ,Practical Guidance,0.263
2025-09-01,NZ,Seeking information,0.190
2025-09-01,NZ,Self-expression,0.078
2025-09-01,NZ,Technical help,0.064
2025-09-01,NZ,Writing,0.315
2025-09-01,OM,Multimedia,0.070
2025-09-01,OM,Other/Unknown,0.083
2025-09-01,OM,Practical Guidance,0.293
2025-09-01,OM,Seeking information,0.125
2025-09-01,OM,Self-expression,0.091
2025-09-01,OM,Technical help,0.035
2025-09-01,OM,Writing,0.304
2025-09-01,PA,Multimedia,0.081
2025-09-01,PA,Other/Unknown,0.039
2025-09-01,PA,Practical Guidance,0.293
2025-09-01,PA,Seeking information,0.196
2025-09-01,PA,Self-expression,0.080
2025-09-01,PA,Technical help,0.040
2025-09-01,PA,Writing,0.271
2025-09-01,PE,Multimedia,0.069
2025-09-01,PE,Other/Unknown,0.061
2025-09-01,PE,Practical Guidance,0.303
2025-09-01,PE,Seeking information,0.153
2025-09-01,PE,Self-expression,0.065
2025-09-01,PE,Technical help,0.056
2025-09-01,PE,Writing,0.293
2025-09-01,PH,Multimedia,0.051
2025-09-01,PH,Other/Unknown,0.042
2025-09-01,PH,Practical Guidance,0.291
2025-09-01,PH,Seeking information,0.131
2025-09-01,PH,Self-expression,0.045
2025-09-01,PH,Technical help,0.050
2025-09-01,PH,Writing,0.390
2025-09-01,PK,Multimedia,0.060
2025-09-01,PK,Other/Unknown,0.061
2025-09-01,PK,Practical Guidance,0.307
2025-09-01,PK,Seeking information,0.162
2025-09-01,PK,Self-expression,0.057
2025-09-01,PK,Technical help,0.058
2025-09-01,PK,Writing,0.295
2025-09-01,PL,Multimedia,0.055
2025-09-01,PL,Other/Unknown,0.060
2025-09-01,PL,Practical Guidance,0.287
2025-09-01,PL,Seeking information,0.245
2025-09-01,PL,Self-expression,0.067
2025-09-01,PL,Technical help,0.055
2025-09-01,PL,Writing,0.231
2025-09-01,PR,Multimedia,0.097
2025-09-01,PR,Other/Unknown,0.056
2025-09-01,PR,Practical Guidance,0.305
2025-09-01,PR,Seeking information,0.197
2025-09-01,PR,Self-expression,0.058
2025-09-01,PR,Technical help,0.043
2025-09-01,PR,Writing,0.244
2025-09-01,PS,Multimedia,0.069
2025-09-01,PS,Other/Unknown,0.054
2025-09-01,PS,Practical Guidance,0.341
2025-09-01,PS,Seeking information,0.188
2025-09-01,PS,Self-expression,0.111
2025-09-01,PS,Technical help,0.017
2025-09-01,PS,Writing,0.221
2025-09-01,PT,Multimedia,0.074
2025-09-01,PT,Other/Unknown,0.060
2025-09-01,PT,Practical Guidance,0.280
2025-09-01,PT,Seeking information,0.230
2025-09-01,PT,Self-expression,0.059
2025-09-01,PT,Technical help,0.050
2025-09-01,PT,Writing,0.248
2025-09-01,PY,Multimedia,0.079
2025-09-01,PY,Other/Unknown,0.069
2025-09-01,PY,Practical Guidance,0.285
2025-09-01,PY,Seeking information,0.178
2025-09-01,PY,Self-expression,0.108
2025-09-01,PY,Technical help,0.053
2025-09-01,PY,Writing,0.228
2025-09-01,QA,Multimedia,0.074
2025-09-01,QA,Other/Unknown,0.078
2025-09-01,QA,Practical Guidance,0.264
2025-09-01,QA,Seeking information,0.178
2025-09-01,QA,Self-expression,0.056
2025-09-01,QA,Technical help,0.039
2025-09-01,QA,Writing,0.311
2025-09-01,RO,Multimedia,0.055
2025-09-01,RO,Other/Unknown,0.047
2025-09-01,RO,Practical Guidance,0.314
2025-09-01,RO,Seeking information,0.247
2025-09-01,RO,Self-expression,0.081
2025-09-01,RO,Technical help,0.062
2025-09-01,RO,Writing,0.194
2025-09-01,RS,Multimedia,0.067
2025-09-01,RS,Other/Unknown,0.067
2025-09-01,RS,Practical Guidance,0.285
2025-09-01,RS,Seeking information,0.236
2025-09-01,RS,Self-expression,0.098
2025-09-01,RS,Technical help,0.053
2025-09-01,RS,Writing,0.193
2025-09-01,RW,Multimedia,0.103
2025-09-01,RW,Other/Unknown,0.035
2025-09-01,RW,Practical Guidance,0.189
2025-09-01,RW,Seeking information,0.128
2025-09-01,RW,Self-expression,0.088
2025-09-01,RW,Technical help,0.087
2025-09-01,RW,Writing,0.371
2025-09-01,SA,Multimedia,0.067
2025-09-01,SA,Other/Unknown,0.054
2025-09-01,SA,Practical Guidance,0.301
2025-09-01,SA,Seeking information,0.198
2025-09-01,SA,Self-expression,0.090
2025-09-01,SA,Technical help,0.040
2025-09-01,SA,Writing,0.251
2025-09-01,SE,Multimedia,0.060
2025-09-01,SE,Other/Unknown,0.037
2025-09-01,SE,Practical Guidance,0.297
2025-09-01,SE,Seeking information,0.230
2025-09-01,SE,Self-expression,0.059
2025-09-01,SE,Technical help,0.067
2025-09-01,SE,Writing,0.249
2025-09-01,SG,Multimedia,0.035
2025-09-01,SG,Other/Unknown,0.040
2025-09-01,SG,Practical Guidance,0.262
2025-09-01,SG,Seeking information,0.184
2025-09-01,SG,Self-expression,0.052
2025-09-01,SG,Technical help,0.096
2025-09-01,SG,Writing,0.331
2025-09-01,SI,Multimedia,0.030
2025-09-01,SI,Other/Unknown,0.046
2025-09-01,SI,Practical Guidance,0.292
2025-09-01,SI,Seeking information,0.285
2025-09-01,SI,Self-expression,0.025
2025-09-01,SI,Technical help,0.082
2025-09-01,SI,Writing,0.240
2025-09-01,SK,Multimedia,0.036
2025-09-01,SK,Other/Unknown,0.034
2025-09-01,SK,Practical Guidance,0.300
2025-09-01,SK,Seeking information,0.296
2025-09-01,SK,Self-expression,0.091
2025-09-01,SK,Technical help,0.029
2025-09-01,SK,Writing,0.213
2025-09-01,SN,Multimedia,0.072
2025-09-01,SN,Other/Unknown,0.099
2025-09-01,SN,Practical Guidance,0.239
2025-09-01,SN,Seeking information,0.210
2025-09-01,SN,Self-expression,0.053
2025-09-01,SN,Technical help,0.019
2025-09-01,SN,Writing,0.309
2025-09-01,SO,Multimedia,0.078
2025-09-01,SO,Other/Unknown,0.116
2025-09-01,SO,Practical Guidance,0.266
2025-09-01,SO,Seeking information,0.173
2025-09-01,SO,Self-expression,0.052
2025-09-01,SO,Technical help,0.019
2025-09-01,SO,Writing,0.297
2025-09-01,SV,Multimedia,0.057
2025-09-01,SV,Other/Unknown,0.058
2025-09-01,SV,Practical Guidance,0.350
2025-09-01,SV,Seeking information,0.122
2025-09-01,SV,Self-expression,0.075
2025-09-01,SV,Technical help,0.062
2025-09-01,SV,Writing,0.275
2025-09-01,TH,Multimedia,0.052
2025-09-01,TH,Other/Unknown,0.056
2025-09-01,TH,Practical Guidance,0.288
2025-09-01,TH,Seeking information,0.178
2025-09-01,TH,Self-expression,0.083
2025-09-01,TH,Technical help,0.048
2025-09-01,TH,Writing,0.295
2025-09-01,TJ,Multimedia,0.026
2025-09-01,TJ,Other/Unknown,0.068
2025-09-01,TJ,Practical Guidance,0.243
2025-09-01,TJ,Seeking information,0.183
2025-09-01,TJ,Self-expression,0.164
2025-09-01,TJ,Technical help,0.028
2025-09-01,TJ,Writing,0.288
2025-09-01,TN,Multimedia,0.062
2025-09-01,TN,Other/Unknown,0.074
2025-09-01,TN,Practical Guidance,0.297
2025-09-01,TN,Seeking information,0.180
2025-09-01,TN,Self-expression,0.090
2025-09-01,TN,Technical help,0.031
2025-09-01,TN,Writing,0.265
2025-09-01,TR,Multimedia,0.065
2025-09-01,TR,Other/Unknown,0.064
2025-09-01,TR,Practical Guidance,0.303
2025-09-01,TR,Seeking information,0.226
2025-09-01,TR,Self-expression,0.119
2025-09-01,TR,Technical help,0.048
2025-09-01,TR,Writing,0.175
2025-09-01,TW,Multimedia,0.050
2025-09-01,TW,Other/Unknown,0.049
2025-09-01,TW,Practical Guidance,0.253
2025-09-01,TW,Seeking information,0.176
2025-09-01,TW,Self-expression,0.120
2025-09-01,TW,Technical help,0.073
2025-09-01,TW,Writing,0.279
2025-09-01,TZ,Multimedia,0.051
2025-09-01,TZ,Other/Unknown,0.063
2025-09-01,TZ,Practical Guidance,0.309
2025-09-01,TZ,Seeking information,0.166
2025-09-01,TZ,Self-expression,0.110
2025-09-01,TZ,Technical help,0.050
2025-09-01,TZ,Writing,0.252
2025-09-01,UA,Multimedia,0.057
2025-09-01,UA,Other/Unknown,0.048
2025-09-01,UA,Practical Guidance,0.317
2025-09-01,UA,Seeking information,0.194
2025-09-01,UA,Self-expression,0.091
2025-09-01,UA,Technical help,0.057
2025-09-01,UA,Writing,0.237
2025-09-01,UG,Multimedia,0.057
2025-09-01,UG,Other/Unknown,0.043
2025-09-01,UG,Practical Guidance,0.300
2025-09-01,UG,Seeking information,0.147
2025-09-01,UG,Self-expression,0.040
2025-09-01,UG,Technical help,0.084
2025-09-01,UG,Writing,0.329
2025-09-01,US,Multimedia,0.056
2025-09-01,US,Other/Unknown,0.044
2025-09-01,US,Practical Guidance,0.298
2025-09-01,US,Seeking information,0.194
2025-09-01,US,Self-expression,0.070
2025-09-01,US,Technical help,0.064
2025-09-01,US,Writing,0.274
2025-09-01,UY,Multimedia,0.076
2025-09-01,UY,Other/Unknown,0.089
2025-09-01,UY,Practical Guidance,0.294
2025-09-01,UY,Seeking information,0.170
2025-09-01,UY,Self-expression,0.097
2025-09-01,UY,Technical help,0.051
2025-09-01,UY,Writing,0.223
2025-09-01,UZ,Multimedia,0.063
2025-09-01,UZ,Other/Unknown,0.081
2025-09-01,UZ,Practical Guidance,0.309
2025-09-01,UZ,Seeking information,0.180
2025-09-01,UZ,Self-expression,0.087
2025-09-01,UZ,Technical help,0.039
2025-09-01,UZ,Writing,0.241
2025-09-01,VN,Multimedia,0.058
2025-09-01,VN,Other/Unknown,0.056
2025-09-01,VN,Practical Guidance,0.285
2025-09-01,VN,Seeking information,0.151
2025-09-01,VN,Self-expression,0.078
2025-09-01,VN,Technical help,0.061
2025-09-01,VN,Writing,0.311
2025-09-01,YE,Multimedia,0.104
2025-09-01,YE,Other/Unknown,0.073
2025-09-01,YE,Practical Guidance,0.328
2025-09-01,YE,Seeking information,0.167
2025-09-01,YE,Self-expression,0.095
2025-09-01,YE,Technical help,0.047
2025-09-01,YE,Writing,0.186
2025-09-01,ZA,Multimedia,0.064
2025-09-01,ZA,Other/Unknown,0.049
2025-09-01,ZA,Practical Guidance,0.301
2025-09-01,ZA,Seeking information,0.139
2025-09-01,ZA,Self-expression,0.067
2025-09-01,ZA,Technical help,0.061
2025-09-01,ZA,Writing,0.319
2025-09-01,ZM,Multimedia,0.048
2025-09-01,ZM,Other/Unknown,0.093
2025-09-01,ZM,Practical Guidance,0.406
2025-09-01,ZM,Seeking information,0.075
2025-09-01,ZM,Self-expression,0.041
2025-09-01,ZM,Technical help,0.000
2025-09-01,ZM,Writing,0.337
2025-10-01,AE,Multimedia,0.062
2025-10-01,AE,Other/Unknown,0.049
2025-10-01,AE,Practical Guidance,0.280
2025-10-01,AE,Seeking information,0.169
2025-10-01,AE,Self-expression,0.049
2025-10-01,AE,Technical help,0.058
2025-10-01,AE,Writing,0.333
2025-10-01,AF,Multimedia,0.075
2025-10-01,AF,Other/Unknown,0.056
2025-10-01,AF,Practical Guidance,0.290
2025-10-01,AF,Seeking information,0.185
2025-10-01,AF,Self-expression,0.090
2025-10-01,AF,Technical help,0.037
2025-10-01,AF,Writing,0.268
2025-10-01,AL,Multimedia,0.065
2025-10-01,AL,Other/Unknown,0.072
2025-10-01,AL,Practical Guidance,0.320
2025-10-01,AL,Seeking information,0.217
2025-10-01,AL,Self-expression,0.079
2025-10-01,AL,Technical help,0.051
2025-10-01,AL,Writing,0.196
2025-10-01,AM,Multimedia,0.071
2025-10-01,AM,Other/Unknown,0.080
2025-10-01,AM,Practical Guidance,0.296
2025-10-01,AM,Seeking information,0.193
2025-10-01,AM,Self-expression,0.048
2025-10-01,AM,Technical help,0.054
2025-10-01,AM,Writing,0.258
2025-10-01,AO,Multimedia,0.123
2025-10-01,AO,Other/Unknown,0.078
2025-10-01,AO,Practical Guidance,0.231
2025-10-01,AO,Seeking information,0.164
2025-10-01,AO,Self-expression,0.055
2025-10-01,AO,Technical help,0.071
2025-10-01,AO,Writing,0.279
2025-10-01,AR,Multimedia,0.105
2025-10-01,AR,Other/Unknown,0.053
2025-10-01,AR,Practical Guidance,0.283
2025-10-01,AR,Seeking information,0.153
2025-10-01,AR,Self-expression,0.115
2025-10-01,AR,Technical help,0.050
2025-10-01,AR,Writing,0.240
2025-10-01,AT,Multimedia,0.062
2025-10-01,AT,Other/Unknown,0.052
2025-10-01,AT,Practical Guidance,0.283
2025-10-01,AT,Seeking information,0.241
2025-10-01,AT,Self-expression,0.060
2025-10-01,AT,Technical help,0.057
2025-10-01,AT,Writing,0.245
2025-10-01,AU,Multimedia,0.052
2025-10-01,AU,Other/Unknown,0.038
2025-10-01,AU,Practical Guidance,0.278
2025-10-01,AU,Seeking information,0.192
2025-10-01,AU,Self-expression,0.062
2025-10-01,AU,Technical help,0.060
2025-10-01,AU,Writing,0.318
2025-10-01,AZ,Multimedia,0.073
2025-10-01,AZ,Other/Unknown,0.063
2025-10-01,AZ,Practical Guidance,0.319
2025-10-01,AZ,Seeking information,0.158
2025-10-01,AZ,Self-expression,0.131
2025-10-01,AZ,Technical help,0.048
2025-10-01,AZ,Writing,0.208
2025-10-01,BA,Multimedia,0.079
2025-10-01,BA,Other/Unknown,0.062
2025-10-01,BA,Practical Guidance,0.287
2025-10-01,BA,Seeking information,0.217
2025-10-01,BA,Self-expression,0.121
2025-10-01,BA,Technical help,0.061
2025-10-01,BA,Writing,0.174
2025-10-01,BD,Multimedia,0.074
2025-10-01,BD,Other/Unknown,0.075
2025-10-01,BD,Practical Guidance,0.290
2025-10-01,BD,Seeking information,0.196
2025-10-01,BD,Self-expression,0.069
2025-10-01,BD,Technical help,0.041
2025-10-01,BD,Writing,0.254
2025-10-01,BE,Multimedia,0.072
2025-10-01,BE,Other/Unknown,0.046
2025-10-01,BE,Practical Guidance,0.272
2025-10-01,BE,Seeking information,0.227
2025-10-01,BE,Self-expression,0.067
2025-10-01,BE,Technical help,0.050
2025-10-01,BE,Writing,0.266
2025-10-01,BF,Multimedia,0.113
2025-10-01,BF,Other/Unknown,0.058
2025-10-01,BF,Practical Guidance,0.254
2025-10-01,BF,Seeking information,0.152
2025-10-01,BF,Self-expression,0.115
2025-10-01,BF,Technical help,0.074
2025-10-01,BF,Writing,0.235
2025-10-01,BG,Multimedia,0.063
2025-10-01,BG,Other/Unknown,0.051
2025-10-01,BG,Practical Guidance,0.321
2025-10-01,BG,Seeking information,0.207
2025-10-01,BG,Self-expression,0.083
2025-10-01,BG,Technical help,0.058
2025-10-01,BG,Writing,0.218
2025-10-01,BH,Multimedia,0.076
2025-10-01,BH,Other/Unknown,0.073
2025-10-01,BH,Practical Guidance,0.255
2025-10-01,BH,Seeking information,0.146
2025-10-01,BH,Self-expression,0.098
2025-10-01,BH,Technical help,0.070
2025-10-01,BH,Writing,0.283
2025-10-01,BJ,Multimedia,0.111
2025-10-01,BJ,Other/Unknown,0.074
2025-10-01,BJ,Practical Guidance,0.207
2025-10-01,BJ,Seeking information,0.147
2025-10-01,BJ,Self-expression,0.046
2025-10-01,BJ,Technical help,0.059
2025-10-01,BJ,Writing,0.356
2025-10-01,BO,Multimedia,0.095
2025-10-01,BO,Other/Unknown,0.048
2025-10-01,BO,Practical Guidance,0.289
2025-10-01,BO,Seeking information,0.214
2025-10-01,BO,Self-expression,0.066
2025-10-01,BO,Technical help,0.037
2025-10-01,BO,Writing,0.251
2025-10-01,BR,Multimedia,0.104
2025-10-01,BR,Other/Unknown,0.049
2025-10-01,BR,Practical Guidance,0.268
2025-10-01,BR,Seeking information,0.151
2025-10-01,BR,Self-expression,0.081
2025-10-01,BR,Technical help,0.054
2025-10-01,BR,Writing,0.294
2025-10-01,CA,Multimedia,0.054
2025-10-01,CA,Other/Unknown,0.044
2025-10-01,CA,Practical Guidance,0.299
2025-10-01,CA,Seeking information,0.200
2025-10-01,CA,Self-expression,0.064
2025-10-01,CA,Technical help,0.064
2025-10-01,CA,Writing,0.274
2025-10-01,CD,Multimedia,0.084
2025-10-01,CD,Other/Unknown,0.047
2025-10-01,CD,Practical Guidance,0.247
2025-10-01,CD,Seeking information,0.171
2025-10-01,CD,Self-expression,0.041
2025-10-01,CD,Technical help,0.093
2025-10-01,CD,Writing,0.318
2025-10-01,CH,Multimedia,0.074
2025-10-01,CH,Other/Unknown,0.037
2025-10-01,CH,Practical Guidance,0.263
2025-10-01,CH,Seeking information,0.217
2025-10-01,CH,Self-expression,0.062
2025-10-01,CH,Technical help,0.044
2025-10-01,CH,Writing,0.304
2025-10-01,CI,Multimedia,0.115
2025-10-01,CI,Other/Unknown,0.082
2025-10-01,CI,Practical Guidance,0.247
2025-10-01,CI,Seeking information,0.160
2025-10-01,CI,Self-expression,0.049
2025-10-01,CI,Technical help,0.067
2025-10-01,CI,Writing,0.280
2025-10-01,CL,Multimedia,0.078
2025-10-01,CL,Other/Unknown,0.049
2025-10-01,CL,Practical Guidance,0.301
2025-10-01,CL,Seeking information,0.166
2025-10-01,CL,Self-expression,0.090
2025-10-01,CL,Technical help,0.061
2025-10-01,CL,Writing,0.255
2025-10-01,CM,Multimedia,0.105
2025-10-01,CM,Other/Unknown,0.035
2025-10-01,CM,Practical Guidance,0.389
2025-10-01,CM,Seeking information,0.110
2025-10-01,CM,Self-expression,0.067
2025-10-01,CM,Technical help,0.059
2025-10-01,CM,Writing,0.234
2025-10-01,CO,Multimedia,0.114
2025-10-01,CO,Other/Unknown,0.044
2025-10-01,CO,Practical Guidance,0.288
2025-10-01,CO,Seeking information,0.133
2025-10-01,CO,Self-expression,0.073
2025-10-01,CO,Technical help,0.060
2025-10-01,CO,Writing,0.288
2025-10-01,CR,Multimedia,0.093
2025-10-01,CR,Other/Unknown,0.028
2025-10-01,CR,Practical Guidance,0.273
2025-10-01,CR,Seeking information,0.223
2025-10-01,CR,Self-expression,0.058
2025-10-01,CR,Technical help,0.057
2025-10-01,CR,Writing,0.267
2025-10-01,CY,Multimedia,0.086
2025-10-01,CY,Other/Unknown,0.069
2025-10-01,CY,Practical Guidance,0.263
2025-10-01,CY,Seeking information,0.246
2025-10-01,CY,Self-expression,0.063
2025-10-01,CY,Technical help,0.065
2025-10-01,CY,Writing,0.208
2025-10-01,CZ,Multimedia,0.058
2025-10-01,CZ,Other/Unknown,0.043
2025-10-01,CZ,Practical Guidance,0.297
2025-10-01,CZ,Seeking information,0.246
2025-10-01,CZ,Self-expression,0.090
2025-10-01,CZ,Technical help,0.050
2025-10-01,CZ,Writing,0.215
2025-10-01,DE,Multimedia,0.064
2025-10-01,DE,Other/Unknown,0.045
2025-10-01,DE,Practical Guidance,0.287
2025-10-01,DE,Seeking information,0.225
2025-10-01,DE,Self-expression,0.077
2025-10-01,DE,Technical help,0.049
2025-10-01,DE,Writing,0.253
2025-10-01,DK,Multimedia,0.057
2025-10-01,DK,Other/Unknown,0.035
2025-10-01,DK,Practical Guidance,0.268
2025-10-01,DK,Seeking information,0.214
2025-10-01,DK,Self-expression,0.059
2025-10-01,DK,Technical help,0.061
2025-10-01,DK,Writing,0.307
2025-10-01,DO,Multimedia,0.109
2025-10-01,DO,Other/Unknown,0.055
2025-10-01,DO,Practical Guidance,0.276
2025-10-01,DO,Seeking information,0.167
2025-10-01,DO,Self-expression,0.052
2025-10-01,DO,Technical help,0.059
2025-10-01,DO,Writing,0.283
2025-10-01,DZ,Multimedia,0.067
2025-10-01,DZ,Other/Unknown,0.076
2025-10-01,DZ,Practical Guidance,0.302
2025-10-01,DZ,Seeking information,0.167
2025-10-01,DZ,Self-expression,0.130
2025-10-01,DZ,Technical help,0.023
2025-10-01,DZ,Writing,0.235
2025-10-01,EC,Multimedia,0.100
2025-10-01,EC,Other/Unknown,0.046
2025-10-01,EC,Practical Guidance,0.328
2025-10-01,EC,Seeking information,0.172
2025-10-01,EC,Self-expression,0.051
2025-10-01,EC,Technical help,0.038
2025-10-01,EC,Writing,0.266
2025-10-01,EE,Multimedia,0.049
2025-10-01,EE,Other/Unknown,0.020
2025-10-01,EE,Practical Guidance,0.275
2025-10-01,EE,Seeking information,0.208
2025-10-01,EE,Self-expression,0.076
2025-10-01,EE,Technical help,0.082
2025-10-01,EE,Writing,0.290
2025-10-01,EG,Multimedia,0.097
2025-10-01,EG,Other/Unknown,0.053
2025-10-01,EG,Practical Guidance,0.333
2025-10-01,EG,Seeking information,0.180
2025-10-01,EG,Self-expression,0.098
2025-10-01,EG,Technical help,0.038
2025-10-01,EG,Writing,0.202
2025-10-01,ES,Multimedia,0.078
2025-10-01,ES,Other/Unknown,0.037
2025-10-01,ES,Practical Guidance,0.305
2025-10-01,ES,Seeking information,0.219
2025-10-01,ES,Self-expression,0.068
2025-10-01,ES,Technical help,0.060
2025-10-01,ES,Writing,0.233
2025-10-01,ET,Multimedia,0.103
2025-10-01,ET,Other/Unknown,0.069
2025-10-01,ET,Practical Guidance,0.352
2025-10-01,ET,Seeking information,0.170
2025-10-01,ET,Self-expression,0.069
2025-10-01,ET,Technical help,0.045
2025-10-01,ET,Writing,0.193
2025-10-01,FI,Multimedia,0.060
2025-10-01,FI,Other/Unknown,0.045
2025-10-01,FI,Practical Guidance,0.293
2025-10-01,FI,Seeking information,0.192
2025-10-01,FI,Self-expression,0.091
2025-10-01,FI,Technical help,0.061
2025-10-01,FI,Writing,0.258
2025-10-01,FR,Multimedia,0.080
2025-10-01,FR,Other/Unknown,0.041
2025-10-01,FR,Practical Guidance,0.284
2025-10-01,FR,Seeking information,0.213
2025-10-01,FR,Self-expression,0.067
2025-10-01,FR,Technical help,0.057
2025-10-01,FR,Writing,0.258
2025-10-01,GB,Multimedia,0.065
2025-10-01,GB,Other/Unknown,0.042
2025-10-01,GB,Practical Guidance,0.274
2025-10-01,GB,Seeking information,0.202
2025-10-01,GB,Self-expression,0.080
2025-10-01,GB,Technical help,0.052
2025-10-01,GB,Writing,0.285
2025-10-01,GE,Multimedia,0.051
2025-10-01,GE,Other/Unknown,0.051
2025-10-01,GE,Practical Guidance,0.332
2025-10-01,GE,Seeking information,0.193
2025-10-01,GE,Self-expression,0.098
2025-10-01,GE,Technical help,0.071
2025-10-01,GE,Writing,0.204
2025-10-01,GH,Multimedia,0.073
2025-10-01,GH,Other/Unknown,0.049
2025-10-01,GH,Practical Guidance,0.292
2025-10-01,GH,Seeking information,0.168
2025-10-01,GH,Self-expression,0.063
2025-10-01,GH,Technical help,0.038
2025-10-01,GH,Writing,0.317
2025-10-01,GR,Multimedia,0.073
2025-10-01,GR,Other/Unknown,0.049
2025-10-01,GR,Practical Guidance,0.296
2025-10-01,GR,Seeking information,0.225
2025-10-01,GR,Self-expression,0.102
2025-10-01,GR,Technical help,0.056
2025-10-01,GR,Writing,0.201
2025-10-01,GT,Multimedia,0.109
2025-10-01,GT,Other/Unknown,0.033
2025-10-01,GT,Practical Guidance,0.288
2025-10-01,GT,Seeking information,0.175
2025-10-01,GT,Self-expression,0.076
2025-10-01,GT,Technical help,0.059
2025-10-01,GT,Writing,0.261
2025-10-01,HN,Multimedia,0.078
2025-10-01,HN,Other/Unknown,0.076
2025-10-01,HN,Practical Guidance,0.296
2025-10-01,HN,Seeking information,0.154
2025-10-01,HN,Self-expression,0.059
2025-10-01,HN,Technical help,0.067
2025-10-01,HN,Writing,0.270
2025-10-01,HR,Multimedia,0.065
2025-10-01,HR,Other/Unknown,0.052
2025-10-01,HR,Practical Guidance,0.308
2025-10-01,HR,Seeking information,0.246
2025-10-01,HR,Self-expression,0.064
2025-10-01,HR,Technical help,0.048
2025-10-01,HR,Writing,0.217
2025-10-01,HU,Multimedia,0.045
2025-10-01,HU,Other/Unknown,0.046
2025-10-01,HU,Practical Guidance,0.314
2025-10-01,HU,Seeking information,0.284
2025-10-01,HU,Self-expression,0.087
2025-10-01,HU,Technical help,0.045
2025-10-01,HU,Writing,0.181
2025-10-01,ID,Multimedia,0.072
2025-10-01,ID,Other/Unknown,0.039
2025-10-01,ID,Practical Guidance,0.305
2025-10-01,ID,Seeking information,0.151
2025-10-01,ID,Self-expression,0.060
2025-10-01,ID,Technical help,0.057
2025-10-01,ID,Writing,0.316
2025-10-01,IE,Multimedia,0.081
2025-10-01,IE,Other/Unknown,0.047
2025-10-01,IE,Practical Guidance,0.282
2025-10-01,IE,Seeking information,0.217
2025-10-01,IE,Self-expression,0.081
2025-10-01,IE,Technical help,0.050
2025-10-01,IE,Writing,0.241
2025-10-01,IL,Multimedia,0.060
2025-10-01,IL,Other/Unknown,0.065
2025-10-01,IL,Practical Guidance,0.295
2025-10-01,IL,Seeking information,0.247
2025-10-01,IL,Self-expression,0.094
2025-10-01,IL,Technical help,0.046
2025-10-01,IL,Writing,0.193
2025-10-01,IN,Multimedia,0.072
2025-10-01,IN,Other/Unknown,0.058
2025-10-01,IN,Practical Guidance,0.301
2025-10-01,IN,Seeking information,0.171
2025-10-01,IN,Self-expression,0.065
2025-10-01,IN,Technical help,0.092
2025-10-01,IN,Writing,0.242
2025-10-01,IQ,Multimedia,0.081
2025-10-01,IQ,Other/Unknown,0.075
2025-10-01,IQ,Practical Guidance,0.286
2025-10-01,IQ,Seeking information,0.174
2025-10-01,IQ,Self-expression,0.158
2025-10-01,IQ,Technical help,0.037
2025-10-01,IQ,Writing,0.189
2025-10-01,IT,Multimedia,0.071
2025-10-01,IT,Other/Unknown,0.044
2025-10-01,IT,Practical Guidance,0.289
2025-10-01,IT,Seeking information,0.212
2025-10-01,IT,Self-expression,0.074
2025-10-01,IT,Technical help,0.062
2025-10-01,IT,Writing,0.248
2025-10-01,JM,Multimedia,0.067
2025-10-01,JM,Other/Unknown,0.014
2025-10-01,JM,Practical Guidance,0.319
2025-10-01,JM,Seeking information,0.203
2025-10-01,JM,Self-expression,0.020
2025-10-01,JM,Technical help,0.064
2025-10-01,JM,Writing,0.314
2025-10-01,JO,Multimedia,0.072
2025-10-01,JO,Other/Unknown,0.075
2025-10-01,JO,Practical Guidance,0.324
2025-10-01,JO,Seeking information,0.185
2025-10-01,JO,Self-expression,0.096
2025-10-01,JO,Technical help,0.059
2025-10-01,JO,Writing,0.189
2025-10-01,JP,Multimedia,0.040
2025-10-01,JP,Other/Unknown,0.041
2025-10-01,JP,Practical Guidance,0.276
2025-10-01,JP,Seeking information,0.178
2025-10-01,JP,Self-expression,0.164
2025-10-01,JP,Technical help,0.046
2025-10-01,JP,Writing,0.255
2025-10-01,KE,Multimedia,0.065
2025-10-01,KE,Other/Unknown,0.061
2025-10-01,KE,Practical Guidance,0.311
2025-10-01,KE,Seeking information,0.167
2025-10-01,KE,Self-expression,0.075
2025-10-01,KE,Technical help,0.048
2025-10-01,KE,Writing,0.272
2025-10-01,KG,Multimedia,0.060
2025-10-01,KG,Other/Unknown,0.068
2025-10-01,KG,Practical Guidance,0.334
2025-10-01,KG,Seeking information,0.138
2025-10-01,KG,Self-expression,0.076
2025-10-01,KG,Technical help,0.063
2025-10-01,KG,Writing,0.262
2025-10-01,KH,Multimedia,0.037
2025-10-01,KH,Other/Unknown,0.045
2025-10-01,KH,Practical Guidance,0.167
2025-10-01,KH,Seeking information,0.158
2025-10-01,KH,Self-expression,0.066
2025-10-01,KH,Technical help,0.035
2025-10-01,KH,Writing,0.492
2025-10-01,KR,Multimedia,0.046
2025-10-01,KR,Other/Unknown,0.055
2025-10-01,KR,Practical Guidance,0.286
2025-10-01,KR,Seeking information,0.200
2025-10-01,KR,Self-expression,0.100
2025-10-01,KR,Technical help,0.054
2025-10-01,KR,Writing,0.258
2025-10-01,KW,Multimedia,0.094
2025-10-01,KW,Other/Unknown,0.078
2025-10-01,KW,Practical Guidance,0.341
2025-10-01,KW,Seeking information,0.142
2025-10-01,KW,Self-expression,0.073
2025-10-01,KW,Technical help,0.027
2025-10-01,KW,Writing,0.245
2025-10-01,KZ,Multimedia,0.067
2025-10-01,KZ,Other/Unknown,0.060
2025-10-01,KZ,Practical Guidance,0.310
2025-10-01,KZ,Seeking information,0.175
2025-10-01,KZ,Self-expression,0.080
2025-10-01,KZ,Technical help,0.056
2025-10-01,KZ,Writing,0.251
2025-10-01,LB,Multimedia,0.062
2025-10-01,LB,Other/Unknown,0.066
2025-10-01,LB,Practical Guidance,0.318
2025-10-01,LB,Seeking information,0.167
2025-10-01,LB,Self-expression,0.072
2025-10-01,LB,Technical help,0.076
2025-10-01,LB,Writing,0.240
2025-10-01,LK,Multimedia,0.061
2025-10-01,LK,Other/Unknown,0.060
2025-10-01,LK,Practical Guidance,0.311
2025-10-01,LK,Seeking information,0.149
2025-10-01,LK,Self-expression,0.059
2025-10-01,LK,Technical help,0.087
2025-10-01,LK,Writing,0.273
2025-10-01,LT,Multimedia,0.082
2025-10-01,LT,Other/Unknown,0.024
2025-10-01,LT,Practical Guidance,0.304
2025-10-01,LT,Seeking information,0.213
2025-10-01,LT,Self-expression,0.056
2025-10-01,LT,Technical help,0.083
2025-10-01,LT,Writing,0.237
2025-10-01,LU,Multimedia,0.133
2025-10-01,LU,Other/Unknown,0.000
2025-10-01,LU,Practical Guidance,0.268
2025-10-01,LU,Seeking information,0.108
2025-10-01,LU,Self-expression,0.064
2025-10-01,LU,Technical help,0.076
2025-10-01,LU,Writing,0.352
2025-10-01,LV,Multimedia,0.052
2025-10-01,LV,Other/Unknown,0.054
2025-10-01,LV,Practical Guidance,0.310
2025-10-01,LV,Seeking information,0.190
2025-10-01,LV,Self-expression,0.087
2025-10-01,LV,Technical help,0.090
2025-10-01,LV,Writing,0.218
2025-10-01,LY,Multimedia,0.082
2025-10-01,LY,Other/Unknown,0.072
2025-10-01,LY,Practical Guidance,0.285
2025-10-01,LY,Seeking information,0.188
2025-10-01,LY,Self-expression,0.121
2025-10-01,LY,Technical help,0.025
2025-10-01,LY,Writing,0.227
2025-10-01,MA,Multimedia,0.061
2025-10-01,MA,Other/Unknown,0.054
2025-10-01,MA,Practical Guidance,0.310
2025-10-01,MA,Seeking information,0.174
2025-10-01,MA,Self-expression,0.078
2025-10-01,MA,Technical help,0.044
2025-10-01,MA,Writing,0.280
2025-10-01,MD,Multimedia,0.047
2025-10-01,MD,Other/Unknown,0.056
2025-10-01,MD,Practical Guidance,0.290
2025-10-01,MD,Seeking information,0.224
2025-10-01,MD,Self-expression,0.048
2025-10-01,MD,Technical help,0.076
2025-10-01,MD,Writing,0.261
2025-10-01,ME,Multimedia,0.030
2025-10-01,ME,Other/Unknown,0.079
2025-10-01,ME,Practical Guidance,0.258
2025-10-01,ME,Seeking information,0.232
2025-10-01,ME,Self-expression,0.068
2025-10-01,ME,Technical help,0.101
2025-10-01,ME,Writing,0.232
2025-10-01,MG,Multimedia,0.076
2025-10-01,MG,Other/Unknown,0.061
2025-10-01,MG,Practical Guidance,0.337
2025-10-01,MG,Seeking information,0.102
2025-10-01,MG,Self-expression,0.037
2025-10-01,MG,Technical help,0.097
2025-10-01,MG,Writing,0.290
2025-10-01,MK,Multimedia,0.119
2025-10-01,MK,Other/Unknown,0.073
2025-10-01,MK,Practical Guidance,0.254
2025-10-01,MK,Seeking information,0.213
2025-10-01,MK,Self-expression,0.097
2025-10-01,MK,Technical help,0.082
2025-10-01,MK,Writing,0.163
2025-10-01,MM,Multimedia,0.078
2025-10-01,MM,Other/Unknown,0.065
2025-10-01,MM,Practical Guidance,0.239
2025-10-01,MM,Seeking information,0.140
2025-10-01,MM,Self-expression,0.127
2025-10-01,MM,Technical help,0.044
2025-10-01,MM,Writing,0.308
2025-10-01,MN,Multimedia,0.079
2025-10-01,MN,Other/Unknown,0.052
2025-10-01,MN,Practical Guidance,0.321
2025-10-01,MN,Seeking information,0.224
2025-10-01,MN,Self-expression,0.082
2025-10-01,MN,Technical help,0.011
2025-10-01,MN,Writing,0.232
2025-10-01,MT,Multimedia,0.103
2025-10-01,MT,Other/Unknown,0.077
2025-10-01,MT,Practical Guidance,0.215
2025-10-01,MT,Seeking information,0.153
2025-10-01,MT,Self-expression,0.053
2025-10-01,MT,Technical help,0.029
2025-10-01,MT,Writing,0.370
2025-10-01,MU,Multimedia,0.101
2025-10-01,MU,Other/Unknown,0.025
2025-10-01,MU,Practical Guidance,0.274
2025-10-01,MU,Seeking information,0.116
2025-10-01,MU,Self-expression,0.135
2025-10-01,MU,Technical help,0.050
2025-10-01,MU,Writing,0.300
2025-10-01,MX,Multimedia,0.096
2025-10-01,MX,Other/Unknown,0.044
2025-10-01,MX,Practical Guidance,0.308
2025-10-01,MX,Seeking information,0.168
2025-10-01,MX,Self-expression,0.084
2025-10-01,MX,Technical help,0.051
2025-10-01,MX,Writing,0.248
2025-10-01,MY,Multimedia,0.058
2025-10-01,MY,Other/Unknown,0.052
2025-10-01,MY,Practical Guidance,0.265
2025-10-01,MY,Seeking information,0.182
2025-10-01,MY,Self-expression,0.089
2025-10-01,MY,Technical help,0.033
2025-10-01,MY,Writing,0.322
2025-10-01,MZ,Multimedia,0.084
2025-10-01,MZ,Other/Unknown,0.034
2025-10-01,MZ,Practical Guidance,0.240
2025-10-01,MZ,Seeking information,0.178
2025-10-01,MZ,Self-expression,0.023
2025-10-01,MZ,Technical help,0.104
2025-10-01,MZ,Writing,0.335
2025-10-01,NG,Multimedia,0.062
2025-10-01,NG,Other/Unknown,0.058
2025-10-01,NG,Practical Guidance,0.222
2025-10-01,NG,Seeking information,0.150
2025-10-01,NG,Self-expression,0.072
2025-10-01,NG,Technical help,0.039
2025-10-01,NG,Writing,0.398
2025-10-01,NI,Multimedia,0.040
2025-10-01,NI,Other/Unknown,0.031
2025-10-01,NI,Practical Guidance,0.254
2025-10-01,NI,Seeking information,0.207
2025-10-01,NI,Self-expression,0.093
2025-10-01,NI,Technical help,0.050
2025-10-01,NI,Writing,0.326
2025-10-01,NL,Multimedia,0.072
2025-10-01,NL,Other/Unknown,0.038
2025-10-01,NL,Practical Guidance,0.295
2025-10-01,NL,Seeking information,0.198
2025-10-01,NL,Self-expression,0.064
2025-10-01,NL,Technical help,0.066
2025-10-01,NL,Writing,0.267
2025-10-01,NO,Multimedia,0.064
2025-10-01,NO,Other/Unknown,0.033
2025-10-01,NO,Practical Guidance,0.305
2025-10-01,NO,Seeking information,0.222
2025-10-01,NO,Self-expression,0.071
2025-10-01,NO,Technical help,0.055
2025-10-01,NO,Writing,0.249
2025-10-01,NP,Multimedia,0.066
2025-10-01,NP,Other/Unknown,0.104
2025-10-01,NP,Practical Guidance,0.283
2025-10-01,NP,Seeking information,0.205
2025-10-01,NP,Self-expression,0.078
2025-10-01,NP,Technical help,0.050
2025-10-01,NP,Writing,0.213
2025-10-01,NZ,Multimedia,0.060
2025-10-01,NZ,Other/Unknown,0.054
2025-10-01,NZ,Practical Guidance,0.272
2025-10-01,NZ,Seeking information,0.246
2025-10-01,NZ,Self-expression,0.055
2025-10-01,NZ,Technical help,0.053
2025-10-01,NZ,Writing,0.261
2025-10-01,OM,Multimedia,0.067
2025-10-01,OM,Other/Unknown,0.060
2025-10-01,OM,Practical Guidance,0.280
2025-10-01,OM,Seeking information,0.157
2025-10-01,OM,Self-expression,0.092
2025-10-01,OM,Technical help,0.042
2025-10-01,OM,Writing,0.301
2025-10-01,PA,Multimedia,0.100
2025-10-01,PA,Other/Unknown,0.071
2025-10-01,PA,Practical Guidance,0.294
2025-10-01,PA,Seeking information,0.171
2025-10-01,PA,Self-expression,0.065
2025-10-01,PA,Technical help,0.037
2025-10-01,PA,Writing,0.262
2025-10-01,PE,Multimedia,0.097
2025-10-01,PE,Other/Unknown,0.044
2025-10-01,PE,Practical Guidance,0.319
2025-10-01,PE,Seeking information,0.139
2025-10-01,PE,Self-expression,0.058
2025-10-01,PE,Technical help,0.051
2025-10-01,PE,Writing,0.293
2025-10-01,PH,Multimedia,0.050
2025-10-01,PH,Other/Unknown,0.042
2025-10-01,PH,Practical Guidance,0.289
2025-10-01,PH,Seeking information,0.133
2025-10-01,PH,Self-expression,0.049
2025-10-01,PH,Technical help,0.043
2025-10-01,PH,Writing,0.393
2025-10-01,PK,Multimedia,0.066
2025-10-01,PK,Other/Unknown,0.059
2025-10-01,PK,Practical Guidance,0.315
2025-10-01,PK,Seeking information,0.152
2025-10-01,PK,Self-expression,0.059
2025-10-01,PK,Technical help,0.068
2025-10-01,PK,Writing,0.280
2025-10-01,PL,Multimedia,0.064
2025-10-01,PL,Other/Unknown,0.047
2025-10-01,PL,Practical Guidance,0.297
2025-10-01,PL,Seeking information,0.230
2025-10-01,PL,Self-expression,0.072
2025-10-01,PL,Technical help,0.074
2025-10-01,PL,Writing,0.217
2025-10-01,PR,Multimedia,0.097
2025-10-01,PR,Other/Unknown,0.067
2025-10-01,PR,Practical Guidance,0.286
2025-10-01,PR,Seeking information,0.194
2025-10-01,PR,Self-expression,0.102
2025-10-01,PR,Technical help,0.027
2025-10-01,PR,Writing,0.227
2025-10-01,PS,Multimedia,0.070
2025-10-01,PS,Other/Unknown,0.090
2025-10-01,PS,Practical Guidance,0.330
2025-10-01,PS,Seeking information,0.184
2025-10-01,PS,Self-expression,0.103
2025-10-01,PS,Technical help,0.033
2025-10-01,PS,Writing,0.190
2025-10-01,PT,Multimedia,0.077
2025-10-01,PT,Other/Unknown,0.040
2025-10-01,PT,Practical Guidance,0.270
2025-10-01,PT,Seeking information,0.233
2025-10-01,PT,Self-expression,0.062
2025-10-01,PT,Technical help,0.051
2025-10-01,PT,Writing,0.267
2025-10-01,PY,Multimedia,0.127
2025-10-01,PY,Other/Unknown,0.047
2025-10-01,PY,Practical Guidance,0.283
2025-10-01,PY,Seeking information,0.143
2025-10-01,PY,Self-expression,0.109
2025-10-01,PY,Technical help,0.041
2025-10-01,PY,Writing,0.250
2025-10-01,QA,Multimedia,0.066
2025-10-01,QA,Other/Unknown,0.048
2025-10-01,QA,Practical Guidance,0.273
2025-10-01,QA,Seeking information,0.202
2025-10-01,QA,Self-expression,0.062
2025-10-01,QA,Technical help,0.043
2025-10-01,QA,Writing,0.307
2025-10-01,RO,Multimedia,0.063
2025-10-01,RO,Other/Unknown,0.052
2025-10-01,RO,Practical Guidance,0.302
2025-10-01,RO,Seeking information,0.229
2025-10-01,RO,Self-expression,0.089
2025-10-01,RO,Technical help,0.059
2025-10-01,RO,Writing,0.206
2025-10-01,RS,Multimedia,0.051
2025-10-01,RS,Other/Unknown,0.045
2025-10-01,RS,Practical Guidance,0.316
2025-10-01,RS,Seeking information,0.254
2025-10-01,RS,Self-expression,0.109
2025-10-01,RS,Technical help,0.056
2025-10-01,RS,Writing,0.170
2025-10-01,RW,Multimedia,0.094
2025-10-01,RW,Other/Unknown,0.079
2025-10-01,RW,Practical Guidance,0.202
2025-10-01,RW,Seeking information,0.154
2025-10-01,RW,Self-expression,0.073
2025-10-01,RW,Technical help,0.054
2025-10-01,RW,Writing,0.344
2025-10-01,SA,Multimedia,0.068
2025-10-01,SA,Other/Unknown,0.059
2025-10-01,SA,Practical Guidance,0.317
2025-10-01,SA,Seeking information,0.173
2025-10-01,SA,Self-expression,0.098
2025-10-01,SA,Technical help,0.037
2025-10-01,SA,Writing,0.247
2025-10-01,SD,Multimedia,0.094
2025-10-01,SD,Other/Unknown,0.000
2025-10-01,SD,Practical Guidance,0.284
2025-10-01,SD,Seeking information,0.227
2025-10-01,SD,Self-expression,0.146
2025-10-01,SD,Technical help,0.040
2025-10-01,SD,Writing,0.208
2025-10-01,SE,Multimedia,0.061
2025-10-01,SE,Other/Unknown,0.040
2025-10-01,SE,Practical Guidance,0.282
2025-10-01,SE,Seeking information,0.216
2025-10-01,SE,Self-expression,0.062
2025-10-01,SE,Technical help,0.076
2025-10-01,SE,Writing,0.264
2025-10-01,SG,Multimedia,0.042
2025-10-01,SG,Other/Unknown,0.043
2025-10-01,SG,Practical Guidance,0.251
2025-10-01,SG,Seeking information,0.154
2025-10-01,SG,Self-expression,0.053
2025-10-01,SG,Technical help,0.100
2025-10-01,SG,Writing,0.357
2025-10-01,SI,Multimedia,0.059
2025-10-01,SI,Other/Unknown,0.077
2025-10-01,SI,Practical Guidance,0.310
2025-10-01,SI,Seeking information,0.287
2025-10-01,SI,Self-expression,0.034
2025-10-01,SI,Technical help,0.065
2025-10-01,SI,Writing,0.168
2025-10-01,SK,Multimedia,0.066
2025-10-01,SK,Other/Unknown,0.051
2025-10-01,SK,Practical Guidance,0.321
2025-10-01,SK,Seeking information,0.196
2025-10-01,SK,Self-expression,0.074
2025-10-01,SK,Technical help,0.068
2025-10-01,SK,Writing,0.223
2025-10-01,SN,Multimedia,0.076
2025-10-01,SN,Other/Unknown,0.062
2025-10-01,SN,Practical Guidance,0.272
2025-10-01,SN,Seeking information,0.211
2025-10-01,SN,Self-expression,0.035
2025-10-01,SN,Technical help,0.048
2025-10-01,SN,Writing,0.295
2025-10-01,SO,Multimedia,0.067
2025-10-01,SO,Other/Unknown,0.098
2025-10-01,SO,Practical Guidance,0.309
2025-10-01,SO,Seeking information,0.141
2025-10-01,SO,Self-expression,0.030
2025-10-01,SO,Technical help,0.036
2025-10-01,SO,Writing,0.318
2025-10-01,SV,Multimedia,0.048
2025-10-01,SV,Other/Unknown,0.036
2025-10-01,SV,Practical Guidance,0.346
2025-10-01,SV,Seeking information,0.157
2025-10-01,SV,Self-expression,0.080
2025-10-01,SV,Technical help,0.060
2025-10-01,SV,Writing,0.273
2025-10-01,TH,Multimedia,0.069
2025-10-01,TH,Other/Unknown,0.060
2025-10-01,TH,Practical Guidance,0.272
2025-10-01,TH,Seeking information,0.163
2025-10-01,TH,Self-expression,0.081
2025-10-01,TH,Technical help,0.055
2025-10-01,TH,Writing,0.300
2025-10-01,TJ,Multimedia,0.091
2025-10-01,TJ,Other/Unknown,0.110
2025-10-01,TJ,Practical Guidance,0.245
2025-10-01,TJ,Seeking information,0.117
2025-10-01,TJ,Self-expression,0.135
2025-10-01,TJ,Technical help,0.063
2025-10-01,TJ,Writing,0.238
2025-10-01,TN,Multimedia,0.054
2025-10-01,TN,Other/Unknown,0.053
2025-10-01,TN,Practical Guidance,0.286
2025-10-01,TN,Seeking information,0.158
2025-10-01,TN,Self-expression,0.101
2025-10-01,TN,Technical help,0.070
2025-10-01,TN,Writing,0.279
2025-10-01,TR,Multimedia,0.079
2025-10-01,TR,Other/Unknown,0.059
2025-10-01,TR,Practical Guidance,0.304
2025-10-01,TR,Seeking information,0.195
2025-10-01,TR,Self-expression,0.124
2025-10-01,TR,Technical help,0.047
2025-10-01,TR,Writing,0.192
2025-10-01,TW,Multimedia,0.058
2025-10-01,TW,Other/Unknown,0.049
2025-10-01,TW,Practical Guidance,0.275
2025-10-01,TW,Seeking information,0.160
2025-10-01,TW,Self-expression,0.126
2025-10-01,TW,Technical help,0.069
2025-10-01,TW,Writing,0.263
2025-10-01,TZ,Multimedia,0.048
2025-10-01,TZ,Other/Unknown,0.066
2025-10-01,TZ,Practical Guidance,0.333
2025-10-01,TZ,Seeking information,0.210
2025-10-01,TZ,Self-expression,0.081
2025-10-01,TZ,Technical help,0.018
2025-10-01,TZ,Writing,0.244
2025-10-01,UA,Multimedia,0.054
2025-10-01,UA,Other/Unknown,0.053
2025-10-01,UA,Practical Guidance,0.316
2025-10-01,UA,Seeking information,0.198
2025-10-01,UA,Self-expression,0.084
2025-10-01,UA,Technical help,0.053
2025-10-01,UA,Writing,0.241
2025-10-01,UG,Multimedia,0.068
2025-10-01,UG,Other/Unknown,0.067
2025-10-01,UG,Practical Guidance,0.343
2025-10-01,UG,Seeking information,0.153
2025-10-01,UG,Self-expression,0.073
2025-10-01,UG,Technical help,0.063
2025-10-01,UG,Writing,0.235
2025-10-01,US,Multimedia,0.062
2025-10-01,US,Other/Unknown,0.039
2025-10-01,US,Practical Guidance,0.299
2025-10-01,US,Seeking information,0.195
2025-10-01,US,Self-expression,0.072
2025-10-01,US,Technical help,0.065
2025-10-01,US,Writing,0.268
2025-10-01,UY,Multimedia,0.088
2025-10-01,UY,Other/Unknown,0.049
2025-10-01,UY,Practical Guidance,0.306
2025-10-01,UY,Seeking information,0.173
2025-10-01,UY,Self-expression,0.072
2025-10-01,UY,Technical help,0.045
2025-10-01,UY,Writing,0.268
2025-10-01,UZ,Multimedia,0.089
2025-10-01,UZ,Other/Unknown,0.090
2025-10-01,UZ,Practical Guidance,0.294
2025-10-01,UZ,Seeking information,0.164
2025-10-01,UZ,Self-expression,0.100
2025-10-01,UZ,Technical help,0.045
2025-10-01,UZ,Writing,0.219
2025-10-01,VN,Multimedia,0.061
2025-10-01,VN,Other/Unknown,0.062
2025-10-01,VN,Practical Guidance,0.295
2025-10-01,VN,Seeking information,0.137
2025-10-01,VN,Self-expression,0.073
2025-10-01,VN,Technical help,0.069
2025-10-01,VN,Writing,0.302
2025-10-01,YE,Multimedia,0.098
2025-10-01,YE,Other/Unknown,0.100
2025-10-01,YE,Practical Guidance,0.293
2025-10-01,YE,Seeking information,0.156
2025-10-01,YE,Self-expression,0.078
2025-10-01,YE,Technical help,0.046
2025-10-01,YE,Writing,0.229
2025-10-01,ZA,Multimedia,0.068
2025-10-01,ZA,Other/Unknown,0.043
2025-10-01,ZA,Practical Guidance,0.276
2025-10-01,ZA,Seeking information,0.167
2025-10-01,ZA,Self-expression,0.074
2025-10-01,ZA,Technical help,0.068
2025-10-01,ZA,Writing,0.302
2025-10-01,ZM,Multimedia,0.098
2025-10-01,ZM,Other/Unknown,0.000
2025-10-01,ZM,Practical Guidance,0.328
2025-10-01,ZM,Seeking information,0.194
2025-10-01,ZM,Self-expression,0.108
2025-10-01,ZM,Technical help,0.041
2025-10-01,ZM,Writing,0.230
2025-11-01,AE,Multimedia,0.051
2025-11-01,AE,Other/Unknown,0.051
2025-11-01,AE,Practical Guidance,0.289
2025-11-01,AE,Seeking information,0.180
2025-11-01,AE,Self-expression,0.068
2025-11-01,AE,Technical help,0.053
2025-11-01,AE,Writing,0.309
2025-11-01,AF,Multimedia,0.093
2025-11-01,AF,Other/Unknown,0.060
2025-11-01,AF,Practical Guidance,0.327
2025-11-01,AF,Seeking information,0.144
2025-11-01,AF,Self-expression,0.091
2025-11-01,AF,Technical help,0.039
2025-11-01,AF,Writing,0.246
2025-11-01,AL,Multimedia,0.050
2025-11-01,AL,Other/Unknown,0.067
2025-11-01,AL,Practical Guidance,0.339
2025-11-01,AL,Seeking information,0.198
2025-11-01,AL,Self-expression,0.086
2025-11-01,AL,Technical help,0.028
2025-11-01,AL,Writing,0.231
2025-11-01,AM,Multimedia,0.077
2025-11-01,AM,Other/Unknown,0.060
2025-11-01,AM,Practical Guidance,0.299
2025-11-01,AM,Seeking information,0.203
2025-11-01,AM,Self-expression,0.095
2025-11-01,AM,Technical help,0.040
2025-11-01,AM,Writing,0.225
2025-11-01,AO,Multimedia,0.111
2025-11-01,AO,Other/Unknown,0.077
2025-11-01,AO,Practical Guidance,0.337
2025-11-01,AO,Seeking information,0.145
2025-11-01,AO,Self-expression,0.014
2025-11-01,AO,Technical help,0.013
2025-11-01,AO,Writing,0.304
2025-11-01,AR,Multimedia,0.080
2025-11-01,AR,Other/Unknown,0.054
2025-11-01,AR,Practical Guidance,0.301
2025-11-01,AR,Seeking information,0.145
2025-11-01,AR,Self-expression,0.142
2025-11-01,AR,Technical help,0.055
2025-11-01,AR,Writing,0.222
2025-11-01,AT,Multimedia,0.047
2025-11-01,AT,Other/Unknown,0.042
2025-11-01,AT,Practical Guidance,0.287
2025-11-01,AT,Seeking information,0.227
2025-11-01,AT,Self-expression,0.072
2025-11-01,AT,Technical help,0.058
2025-11-01,AT,Writing,0.267
2025-11-01,AU,Multimedia,0.053
2025-11-01,AU,Other/Unknown,0.042
2025-11-01,AU,Practical Guidance,0.280
2025-11-01,AU,Seeking information,0.205
2025-11-01,AU,Self-expression,0.071
2025-11-01,AU,Technical help,0.059
2025-11-01,AU,Writing,0.290
2025-11-01,AZ,Multimedia,0.053
2025-11-01,AZ,Other/Unknown,0.065
2025-11-01,AZ,Practical Guidance,0.309
2025-11-01,AZ,Seeking information,0.182
2025-11-01,AZ,Self-expression,0.145
2025-11-01,AZ,Technical help,0.056
2025-11-01,AZ,Writing,0.190
2025-11-01,BA,Multimedia,0.055
2025-11-01,BA,Other/Unknown,0.082
2025-11-01,BA,Practical Guidance,0.317
2025-11-01,BA,Seeking information,0.234
2025-11-01,BA,Self-expression,0.089
2025-11-01,BA,Technical help,0.053
2025-11-01,BA,Writing,0.169
2025-11-01,BD,Multimedia,0.053
2025-11-01,BD,Other/Unknown,0.086
2025-11-01,BD,Practical Guidance,0.294
2025-11-01,BD,Seeking information,0.173
2025-11-01,BD,Self-expression,0.069
2025-11-01,BD,Technical help,0.046
2025-11-01,BD,Writing,0.280
2025-11-01,BE,Multimedia,0.053
2025-11-01,BE,Other/Unknown,0.041
2025-11-01,BE,Practical Guidance,0.314
2025-11-01,BE,Seeking information,0.200
2025-11-01,BE,Self-expression,0.073
2025-11-01,BE,Technical help,0.048
2025-11-01,BE,Writing,0.271
2025-11-01,BG,Multimedia,0.071
2025-11-01,BG,Other/Unknown,0.043
2025-11-01,BG,Practical Guidance,0.311
2025-11-01,BG,Seeking information,0.228
2025-11-01,BG,Self-expression,0.108
2025-11-01,BG,Technical help,0.043
2025-11-01,BG,Writing,0.196
2025-11-01,BH,Multimedia,0.043
2025-11-01,BH,Other/Unknown,0.024
2025-11-01,BH,Practical Guidance,0.273
2025-11-01,BH,Seeking information,0.181
2025-11-01,BH,Self-expression,0.073
2025-11-01,BH,Technical help,0.072
2025-11-01,BH,Writing,0.335
2025-11-01,BJ,Multimedia,0.054
2025-11-01,BJ,Other/Unknown,0.080
2025-11-01,BJ,Practical Guidance,0.206
2025-11-01,BJ,Seeking information,0.155
2025-11-01,BJ,Self-expression,0.109
2025-11-01,BJ,Technical help,0.077
2025-11-01,BJ,Writing,0.318
2025-11-01,BO,Multimedia,0.061
2025-11-01,BO,Other/Unknown,0.052
2025-11-01,BO,Practical Guidance,0.304
2025-11-01,BO,Seeking information,0.160
2025-11-01,BO,Self-expression,0.069
2025-11-01,BO,Technical help,0.045
2025-11-01,BO,Writing,0.308
2025-11-01,BR,Multimedia,0.081
2025-11-01,BR,Other/Unknown,0.047
2025-11-01,BR,Practical Guidance,0.272
2025-11-01,BR,Seeking information,0.147
2025-11-01,BR,Self-expression,0.098
2025-11-01,BR,Technical help,0.056
2025-11-01,BR,Writing,0.299
2025-11-01,CA,Multimedia,0.046
2025-11-01,CA,Other/Unknown,0.048
2025-11-01,CA,Practical Guidance,0.303
2025-11-01,CA,Seeking information,0.191
2025-11-01,CA,Self-expression,0.076
2025-11-01,CA,Technical help,0.058
2025-11-01,CA,Writing,0.278
2025-11-01,CD,Multimedia,0.094
2025-11-01,CD,Other/Unknown,0.055
2025-11-01,CD,Practical Guidance,0.266
2025-11-01,CD,Seeking information,0.153
2025-11-01,CD,Self-expression,0.109
2025-11-01,CD,Technical help,0.035
2025-11-01,CD,Writing,0.289
2025-11-01,CH,Multimedia,0.049
2025-11-01,CH,Other/Unknown,0.042
2025-11-01,CH,Practical Guidance,0.261
2025-11-01,CH,Seeking information,0.227
2025-11-01,CH,Self-expression,0.074
2025-11-01,CH,Technical help,0.058
2025-11-01,CH,Writing,0.289
2025-11-01,CI,Multimedia,0.082
2025-11-01,CI,Other/Unknown,0.086
2025-11-01,CI,Practical Guidance,0.242
2025-11-01,CI,Seeking information,0.113
2025-11-01,CI,Self-expression,0.116
2025-11-01,CI,Technical help,0.040
2025-11-01,CI,Writing,0.321
2025-11-01,CL,Multimedia,0.070
2025-11-01,CL,Other/Unknown,0.054
2025-11-01,CL,Practical Guidance,0.286
2025-11-01,CL,Seeking information,0.162
2025-11-01,CL,Self-expression,0.103
2025-11-01,CL,Technical help,0.062
2025-11-01,CL,Writing,0.263
2025-11-01,CM,Multimedia,0.053
2025-11-01,CM,Other/Unknown,0.023
2025-11-01,CM,Practical Guidance,0.314
2025-11-01,CM,Seeking information,0.155
2025-11-01,CM,Self-expression,0.051
2025-11-01,CM,Technical help,0.061
2025-11-01,CM,Writing,0.342
2025-11-01,CO,Multimedia,0.078
2025-11-01,CO,Other/Unknown,0.047
2025-11-01,CO,Practical Guidance,0.285
2025-11-01,CO,Seeking information,0.142
2025-11-01,CO,Self-expression,0.084
2025-11-01,CO,Technical help,0.067
2025-11-01,CO,Writing,0.298
2025-11-01,CR,Multimedia,0.059
2025-11-01,CR,Other/Unknown,0.054
2025-11-01,CR,Practical Guidance,0.277
2025-11-01,CR,Seeking information,0.172
2025-11-01,CR,Self-expression,0.094
2025-11-01,CR,Technical help,0.045
2025-11-01,CR,Writing,0.299
2025-11-01,CY,Multimedia,0.064
2025-11-01,CY,Other/Unknown,0.047
2025-11-01,CY,Practical Guidance,0.307
2025-11-01,CY,Seeking information,0.214
2025-11-01,CY,Self-expression,0.095
2025-11-01,CY,Technical help,0.062
2025-11-01,CY,Writing,0.211
2025-11-01,CZ,Multimedia,0.064
2025-11-01,CZ,Other/Unknown,0.048
2025-11-01,CZ,Practical Guidance,0.300
2025-11-01,CZ,Seeking information,0.243
2025-11-01,CZ,Self-expression,0.092
2025-11-01,CZ,Technical help,0.058
2025-11-01,CZ,Writing,0.196
2025-11-01,DE,Multimedia,0.055
2025-11-01,DE,Other/Unknown,0.043
2025-11-01,DE,Practical Guidance,0.297
2025-11-01,DE,Seeking information,0.216
2025-11-01,DE,Self-expression,0.080
2025-11-01,DE,Technical help,0.049
2025-11-01,DE,Writing,0.259
2025-11-01,DK,Multimedia,0.050
2025-11-01,DK,Other/Unknown,0.043
2025-11-01,DK,Practical Guidance,0.275
2025-11-01,DK,Seeking information,0.232
2025-11-01,DK,Self-expression,0.076
2025-11-01,DK,Technical help,0.062
2025-11-01,DK,Writing,0.262
2025-11-01,DO,Multimedia,0.067
2025-11-01,DO,Other/Unknown,0.060
2025-11-01,DO,Practical Guidance,0.307
2025-11-01,DO,Seeking information,0.176
2025-11-01,DO,Self-expression,0.070
2025-11-01,DO,Technical help,0.052
2025-11-01,DO,Writing,0.268
2025-11-01,DZ,Multimedia,0.051
2025-11-01,DZ,Other/Unknown,0.079
2025-11-01,DZ,Practical Guidance,0.328
2025-11-01,DZ,Seeking information,0.155
2025-11-01,DZ,Self-expression,0.125
2025-11-01,DZ,Technical help,0.031
2025-11-01,DZ,Writing,0.231
2025-11-01,EC,Multimedia,0.067
2025-11-01,EC,Other/Unknown,0.037
2025-11-01,EC,Practical Guidance,0.330
2025-11-01,EC,Seeking information,0.167
2025-11-01,EC,Self-expression,0.070
2025-11-01,EC,Technical help,0.045
2025-11-01,EC,Writing,0.285
2025-11-01,EE,Multimedia,0.050
2025-11-01,EE,Other/Unknown,0.061
2025-11-01,EE,Practical Guidance,0.329
2025-11-01,EE,Seeking information,0.197
2025-11-01,EE,Self-expression,0.083
2025-11-01,EE,Technical help,0.042
2025-11-01,EE,Writing,0.238
2025-11-01,EG,Multimedia,0.059
2025-11-01,EG,Other/Unknown,0.061
2025-11-01,EG,Practical Guidance,0.350
2025-11-01,EG,Seeking information,0.168
2025-11-01,EG,Self-expression,0.110
2025-11-01,EG,Technical help,0.045
2025-11-01,EG,Writing,0.206
2025-11-01,ES,Multimedia,0.060
2025-11-01,ES,Other/Unknown,0.041
2025-11-01,ES,Practical Guidance,0.305
2025-11-01,ES,Seeking information,0.228
2025-11-01,ES,Self-expression,0.068
2025-11-01,ES,Technical help,0.061
2025-11-01,ES,Writing,0.236
2025-11-01,ET,Multimedia,0.063
2025-11-01,ET,Other/Unknown,0.063
2025-11-01,ET,Practical Guidance,0.374
2025-11-01,ET,Seeking information,0.154
2025-11-01,ET,Self-expression,0.063
2025-11-01,ET,Technical help,0.066
2025-11-01,ET,Writing,0.217
2025-11-01,FI,Multimedia,0.060
2025-11-01,FI,Other/Unknown,0.044
2025-11-01,FI,Practical Guidance,0.311
2025-11-01,FI,Seeking information,0.205
2025-11-01,FI,Self-expression,0.082
2025-11-01,FI,Technical help,0.072
2025-11-01,FI,Writing,0.226
2025-11-01,FR,Multimedia,0.058
2025-11-01,FR,Other/Unknown,0.045
2025-11-01,FR,Practical Guidance,0.301
2025-11-01,FR,Seeking information,0.213
2025-11-01,FR,Self-expression,0.076
2025-11-01,FR,Technical help,0.052
2025-11-01,FR,Writing,0.255
2025-11-01,GB,Multimedia,0.052
2025-11-01,GB,Other/Unknown,0.042
2025-11-01,GB,Practical Guidance,0.292
2025-11-01,GB,Seeking information,0.197
2025-11-01,GB,Self-expression,0.089
2025-11-01,GB,Technical help,0.053
2025-11-01,GB,Writing,0.275
2025-11-01,GE,Multimedia,0.035
2025-11-01,GE,Other/Unknown,0.053
2025-11-01,GE,Practical Guidance,0.331
2025-11-01,GE,Seeking information,0.222
2025-11-01,GE,Self-expression,0.096
2025-11-01,GE,Technical help,0.036
2025-11-01,GE,Writing,0.226
2025-11-01,GH,Multimedia,0.051
2025-11-01,GH,Other/Unknown,0.076
2025-11-01,GH,Practical Guidance,0.296
2025-11-01,GH,Seeking information,0.152
2025-11-01,GH,Self-expression,0.061
2025-11-01,GH,Technical help,0.041
2025-11-01,GH,Writing,0.323
2025-11-01,GR,Multimedia,0.046
2025-11-01,GR,Other/Unknown,0.075
2025-11-01,GR,Practical Guidance,0.311
2025-11-01,GR,Seeking information,0.211
2025-11-01,GR,Self-expression,0.099
2025-11-01,GR,Technical help,0.051
2025-11-01,GR,Writing,0.208
2025-11-01,GT,Multimedia,0.033
2025-11-01,GT,Other/Unknown,0.049
2025-11-01,GT,Practical Guidance,0.324
2025-11-01,GT,Seeking information,0.153
2025-11-01,GT,Self-expression,0.138
2025-11-01,GT,Technical help,0.029
2025-11-01,GT,Writing,0.274
2025-11-01,HN,Multimedia,0.058
2025-11-01,HN,Other/Unknown,0.078
2025-11-01,HN,Practical Guidance,0.269
2025-11-01,HN,Seeking information,0.192
2025-11-01,HN,Self-expression,0.103
2025-11-01,HN,Technical help,0.038
2025-11-01,HN,Writing,0.263
2025-11-01,HR,Multimedia,0.053
2025-11-01,HR,Other/Unknown,0.050
2025-11-01,HR,Practical Guidance,0.288
2025-11-01,HR,Seeking information,0.270
2025-11-01,HR,Self-expression,0.100
2025-11-01,HR,Technical help,0.052
2025-11-01,HR,Writing,0.189
2025-11-01,HU,Multimedia,0.062
2025-11-01,HU,Other/Unknown,0.047
2025-11-01,HU,Practical Guidance,0.268
2025-11-01,HU,Seeking information,0.255
2025-11-01,HU,Self-expression,0.105
2025-11-01,HU,Technical help,0.059
2025-11-01,HU,Writing,0.205
2025-11-01,ID,Multimedia,0.059
2025-11-01,ID,Other/Unknown,0.043
2025-11-01,ID,Practical Guidance,0.307
2025-11-01,ID,Seeking information,0.148
2025-11-01,ID,Self-expression,0.070
2025-11-01,ID,Technical help,0.054
2025-11-01,ID,Writing,0.320
2025-11-01,IE,Multimedia,0.043
2025-11-01,IE,Other/Unknown,0.038
2025-11-01,IE,Practical Guidance,0.325
2025-11-01,IE,Seeking information,0.213
2025-11-01,IE,Self-expression,0.075
2025-11-01,IE,Technical help,0.061
2025-11-01,IE,Writing,0.245
2025-11-01,IL,Multimedia,0.046
2025-11-01,IL,Other/Unknown,0.055
2025-11-01,IL,Practical Guidance,0.317
2025-11-01,IL,Seeking information,0.237
2025-11-01,IL,Self-expression,0.082
2025-11-01,IL,Technical help,0.059
2025-11-01,IL,Writing,0.203
2025-11-01,IN,Multimedia,0.062
2025-11-01,IN,Other/Unknown,0.063
2025-11-01,IN,Practical Guidance,0.333
2025-11-01,IN,Seeking information,0.158
2025-11-01,IN,Self-expression,0.065
2025-11-01,IN,Technical help,0.092
2025-11-01,IN,Writing,0.228
2025-11-01,IQ,Multimedia,0.042
2025-11-01,IQ,Other/Unknown,0.071
2025-11-01,IQ,Practical Guidance,0.312
2025-11-01,IQ,Seeking information,0.189
2025-11-01,IQ,Self-expression,0.139
2025-11-01,IQ,Technical help,0.032
2025-11-01,IQ,Writing,0.215
2025-11-01,IT,Multimedia,0.063
2025-11-01,IT,Other/Unknown,0.046
2025-11-01,IT,Practical Guidance,0.289
2025-11-01,IT,Seeking information,0.205
2025-11-01,IT,Self-expression,0.075
2025-11-01,IT,Technical help,0.058
2025-11-01,IT,Writing,0.264
2025-11-01,JO,Multimedia,0.046
2025-11-01,JO,Other/Unknown,0.064
2025-11-01,JO,Practical Guidance,0.370
2025-11-01,JO,Seeking information,0.154
2025-11-01,JO,Self-expression,0.096
2025-11-01,JO,Technical help,0.041
2025-11-01,JO,Writing,0.229
2025-11-01,JP,Multimedia,0.032
2025-11-01,JP,Other/Unknown,0.047
2025-11-01,JP,Practical Guidance,0.276
2025-11-01,JP,Seeking information,0.178
2025-11-01,JP,Self-expression,0.166
2025-11-01,JP,Technical help,0.050
2025-11-01,JP,Writing,0.251
2025-11-01,KE,Multimedia,0.050
2025-11-01,KE,Other/Unknown,0.072
2025-11-01,KE,Practical Guidance,0.313
2025-11-01,KE,Seeking information,0.198
2025-11-01,KE,Self-expression,0.095
2025-11-01,KE,Technical help,0.038
2025-11-01,KE,Writing,0.234
2025-11-01,KG,Multimedia,0.056
2025-11-01,KG,Other/Unknown,0.118
2025-11-01,KG,Practical Guidance,0.320
2025-11-01,KG,Seeking information,0.159
2025-11-01,KG,Self-expression,0.080
2025-11-01,KG,Technical help,0.041
2025-11-01,KG,Writing,0.226
2025-11-01,KH,Multimedia,0.066
2025-11-01,KH,Other/Unknown,0.059
2025-11-01,KH,Practical Guidance,0.224
2025-11-01,KH,Seeking information,0.104
2025-11-01,KH,Self-expression,0.084
2025-11-01,KH,Technical help,0.044
2025-11-01,KH,Writing,0.419
2025-11-01,KR,Multimedia,0.043
2025-11-01,KR,Other/Unknown,0.056
2025-11-01,KR,Practical Guidance,0.282
2025-11-01,KR,Seeking information,0.193
2025-11-01,KR,Self-expression,0.103
2025-11-01,KR,Technical help,0.062
2025-11-01,KR,Writing,0.261
2025-11-01,KW,Multimedia,0.062
2025-11-01,KW,Other/Unknown,0.078
2025-11-01,KW,Practical Guidance,0.312
2025-11-01,KW,Seeking information,0.190
2025-11-01,KW,Self-expression,0.098
2025-11-01,KW,Technical help,0.052
2025-11-01,KW,Writing,0.207
2025-11-01,KZ,Multimedia,0.052
2025-11-01,KZ,Other/Unknown,0.063
2025-11-01,KZ,Practical Guidance,0.311
2025-11-01,KZ,Seeking information,0.164
2025-11-01,KZ,Self-expression,0.087
2025-11-01,KZ,Technical help,0.057
2025-11-01,KZ,Writing,0.265
2025-11-01,LB,Multimedia,0.058
2025-11-01,LB,Other/Unknown,0.067
2025-11-01,LB,Practical Guidance,0.350
2025-11-01,LB,Seeking information,0.143
2025-11-01,LB,Self-expression,0.099
2025-11-01,LB,Technical help,0.050
2025-11-01,LB,Writing,0.233
2025-11-01,LK,Multimedia,0.066
2025-11-01,LK,Other/Unknown,0.048
2025-11-01,LK,Practical Guidance,0.304
2025-11-01,LK,Seeking information,0.174
2025-11-01,LK,Self-expression,0.051
2025-11-01,LK,Technical help,0.079
2025-11-01,LK,Writing,0.279
2025-11-01,LT,Multimedia,0.017
2025-11-01,LT,Other/Unknown,0.051
2025-11-01,LT,Practical Guidance,0.326
2025-11-01,LT,Seeking information,0.235
2025-11-01,LT,Self-expression,0.066
2025-11-01,LT,Technical help,0.071
2025-11-01,LT,Writing,0.234
2025-11-01,LU,Multimedia,0.063
2025-11-01,LU,Other/Unknown,0.037
2025-11-01,LU,Practical Guidance,0.328
2025-11-01,LU,Seeking information,0.225
2025-11-01,LU,Self-expression,0.038
2025-11-01,LU,Technical help,0.010
2025-11-01,LU,Writing,0.299
2025-11-01,LV,Multimedia,0.050
2025-11-01,LV,Other/Unknown,0.063
2025-11-01,LV,Practical Guidance,0.290
2025-11-01,LV,Seeking information,0.214
2025-11-01,LV,Self-expression,0.035
2025-11-01,LV,Technical help,0.075
2025-11-01,LV,Writing,0.274
2025-11-01,LY,Multimedia,0.054
2025-11-01,LY,Other/Unknown,0.070
2025-11-01,LY,Practical Guidance,0.332
2025-11-01,LY,Seeking information,0.149
2025-11-01,LY,Self-expression,0.109
2025-11-01,LY,Technical help,0.054
2025-11-01,LY,Writing,0.233
2025-11-01,MA,Multimedia,0.049
2025-11-01,MA,Other/Unknown,0.082
2025-11-01,MA,Practical Guidance,0.313
2025-11-01,MA,Seeking information,0.175
2025-11-01,MA,Self-expression,0.078
2025-11-01,MA,Technical help,0.041
2025-11-01,MA,Writing,0.263
2025-11-01,MD,Multimedia,0.050
2025-11-01,MD,Other/Unknown,0.059
2025-11-01,MD,Practical Guidance,0.275
2025-11-01,MD,Seeking information,0.185
2025-11-01,MD,Self-expression,0.097
2025-11-01,MD,Technical help,0.051
2025-11-01,MD,Writing,0.283
2025-11-01,ME,Multimedia,0.095
2025-11-01,ME,Other/Unknown,0.042
2025-11-01,ME,Practical Guidance,0.281
2025-11-01,ME,Seeking information,0.186
2025-11-01,ME,Self-expression,0.113
2025-11-01,ME,Technical help,0.067
2025-11-01,ME,Writing,0.216
2025-11-01,MG,Multimedia,0.033
2025-11-01,MG,Other/Unknown,0.060
2025-11-01,MG,Practical Guidance,0.285
2025-11-01,MG,Seeking information,0.181
2025-11-01,MG,Self-expression,0.080
2025-11-01,MG,Technical help,0.027
2025-11-01,MG,Writing,0.333
2025-11-01,MK,Multimedia,0.041
2025-11-01,MK,Other/Unknown,0.082
2025-11-01,MK,Practical Guidance,0.323
2025-11-01,MK,Seeking information,0.220
2025-11-01,MK,Self-expression,0.053
2025-11-01,MK,Technical help,0.086
2025-11-01,MK,Writing,0.194
2025-11-01,MM,Multimedia,0.053
2025-11-01,MM,Other/Unknown,0.073
2025-11-01,MM,Practical Guidance,0.270
2025-11-01,MM,Seeking information,0.123
2025-11-01,MM,Self-expression,0.107
2025-11-01,MM,Technical help,0.036
2025-11-01,MM,Writing,0.338
2025-11-01,MN,Multimedia,0.073
2025-11-01,MN,Other/Unknown,0.088
2025-11-01,MN,Practical Guidance,0.321
2025-11-01,MN,Seeking information,0.180
2025-11-01,MN,Self-expression,0.072
2025-11-01,MN,Technical help,0.079
2025-11-01,MN,Writing,0.188
2025-11-01,MT,Multimedia,0.090
2025-11-01,MT,Other/Unknown,0.046
2025-11-01,MT,Practical Guidance,0.245
2025-11-01,MT,Seeking information,0.159
2025-11-01,MT,Self-expression,0.086
2025-11-01,MT,Technical help,0.035
2025-11-01,MT,Writing,0.338
2025-11-01,MU,Multimedia,0.072
2025-11-01,MU,Other/Unknown,0.071
2025-11-01,MU,Practical Guidance,0.273
2025-11-01,MU,Seeking information,0.180
2025-11-01,MU,Self-expression,0.074
2025-11-01,MU,Technical help,0.051
2025-11-01,MU,Writing,0.279
2025-11-01,MX,Multimedia,0.077
2025-11-01,MX,Other/Unknown,0.046
2025-11-01,MX,Practical Guidance,0.300
2025-11-01,MX,Seeking information,0.165
2025-11-01,MX,Self-expression,0.104
2025-11-01,MX,Technical help,0.049
2025-11-01,MX,Writing,0.259
2025-11-01,MY,Multimedia,0.049
2025-11-01,MY,Other/Unknown,0.049
2025-11-01,MY,Practical Guidance,0.271
2025-11-01,MY,Seeking information,0.172
2025-11-01,MY,Self-expression,0.096
2025-11-01,MY,Technical help,0.045
2025-11-01,MY,Writing,0.319
2025-11-01,MZ,Multimedia,0.074
2025-11-01,MZ,Other/Unknown,0.042
2025-11-01,MZ,Practical Guidance,0.318
2025-11-01,MZ,Seeking information,0.131
2025-11-01,MZ,Self-expression,0.069
2025-11-01,MZ,Technical help,0.025
2025-11-01,MZ,Writing,0.341
2025-11-01,NG,Multimedia,0.059
2025-11-01,NG,Other/Unknown,0.055
2025-11-01,NG,Practical Guidance,0.249
2025-11-01,NG,Seeking information,0.150
2025-11-01,NG,Self-expression,0.067
2025-11-01,NG,Technical help,0.038
2025-11-01,NG,Writing,0.383
2025-11-01,NI,Multimedia,0.067
2025-11-01,NI,Other/Unknown,0.077
2025-11-01,NI,Practical Guidance,0.342
2025-11-01,NI,Seeking information,0.167
2025-11-01,NI,Self-expression,0.076
2025-11-01,NI,Technical help,0.030
2025-11-01,NI,Writing,0.242
2025-11-01,NL,Multimedia,0.054
2025-11-01,NL,Other/Unknown,0.044
2025-11-01,NL,Practical Guidance,0.285
2025-11-01,NL,Seeking information,0.197
2025-11-01,NL,Self-expression,0.078
2025-11-01,NL,Technical help,0.073
2025-11-01,NL,Writing,0.268
2025-11-01,NO,Multimedia,0.046
2025-11-01,NO,Other/Unknown,0.038
2025-11-01,NO,Practical Guidance,0.320
2025-11-01,NO,Seeking information,0.213
2025-11-01,NO,Self-expression,0.073
2025-11-01,NO,Technical help,0.052
2025-11-01,NO,Writing,0.257
2025-11-01,NP,Multimedia,0.028
2025-11-01,NP,Other/Unknown,0.077
2025-11-01,NP,Practical Guidance,0.318
2025-11-01,NP,Seeking information,0.162
2025-11-01,NP,Self-expression,0.067
2025-11-01,NP,Technical help,0.087
2025-11-01,NP,Writing,0.261
2025-11-01,NZ,Multimedia,0.040
2025-11-01,NZ,Other/Unknown,0.028
2025-11-01,NZ,Practical Guidance,0.259
2025-11-01,NZ,Seeking information,0.238
2025-11-01,NZ,Self-expression,0.083
2025-11-01,NZ,Technical help,0.050
2025-11-01,NZ,Writing,0.303
2025-11-01,OM,Multimedia,0.068
2025-11-01,OM,Other/Unknown,0.080
2025-11-01,OM,Practical Guidance,0.294
2025-11-01,OM,Seeking information,0.172
2025-11-01,OM,Self-expression,0.068
2025-11-01,OM,Technical help,0.041
2025-11-01,OM,Writing,0.277
2025-11-01,PA,Multimedia,0.068
2025-11-01,PA,Other/Unknown,0.040
2025-11-01,PA,Practical Guidance,0.314
2025-11-01,PA,Seeking information,0.148
2025-11-01,PA,Self-expression,0.088
2025-11-01,PA,Technical help,0.040
2025-11-01,PA,Writing,0.302
2025-11-01,PE,Multimedia,0.064
2025-11-01,PE,Other/Unknown,0.048
2025-11-01,PE,Practical Guidance,0.302
2025-11-01,PE,Seeking information,0.148
2025-11-01,PE,Self-expression,0.065
2025-11-01,PE,Technical help,0.060
2025-11-01,PE,Writing,0.312
2025-11-01,PH,Multimedia,0.041
2025-11-01,PH,Other/Unknown,0.041
2025-11-01,PH,Practical Guidance,0.281
2025-11-01,PH,Seeking information,0.129
2025-11-01,PH,Self-expression,0.056
2025-11-01,PH,Technical help,0.049
2025-11-01,PH,Writing,0.402
2025-11-01,PK,Multimedia,0.057
2025-11-01,PK,Other/Unknown,0.066
2025-11-01,PK,Practical Guidance,0.309
2025-11-01,PK,Seeking information,0.157
2025-11-01,PK,Self-expression,0.054
2025-11-01,PK,Technical help,0.066
2025-11-01,PK,Writing,0.291
2025-11-01,PL,Multimedia,0.060
2025-11-01,PL,Other/Unknown,0.048
2025-11-01,PL,Practical Guidance,0.308
2025-11-01,PL,Seeking information,0.233
2025-11-01,PL,Self-expression,0.072
2025-11-01,PL,Technical help,0.063
2025-11-01,PL,Writing,0.217
2025-11-01,PR,Multimedia,0.065
2025-11-01,PR,Other/Unknown,0.050
2025-11-01,PR,Practical Guidance,0.276
2025-11-01,PR,Seeking information,0.197
2025-11-01,PR,Self-expression,0.100
2025-11-01,PR,Technical help,0.019
2025-11-01,PR,Writing,0.292
2025-11-01,PS,Multimedia,0.063
2025-11-01,PS,Other/Unknown,0.071
2025-11-01,PS,Practical Guidance,0.373
2025-11-01,PS,Seeking information,0.138
2025-11-01,PS,Self-expression,0.072
2025-11-01,PS,Technical help,0.049
2025-11-01,PS,Writing,0.235
2025-11-01,PT,Multimedia,0.054
2025-11-01,PT,Other/Unknown,0.034
2025-11-01,PT,Practical Guidance,0.294
2025-11-01,PT,Seeking information,0.236
2025-11-01,PT,Self-expression,0.061
2025-11-01,PT,Technical help,0.065
2025-11-01,PT,Writing,0.256
2025-11-01,PY,Multimedia,0.067
2025-11-01,PY,Other/Unknown,0.048
2025-11-01,PY,Practical Guidance,0.278
2025-11-01,PY,Seeking information,0.213
2025-11-01,PY,Self-expression,0.090
2025-11-01,PY,Technical help,0.036
2025-11-01,PY,Writing,0.268
2025-11-01,QA,Multimedia,0.055
2025-11-01,QA,Other/Unknown,0.040
2025-11-01,QA,Practical Guidance,0.288
2025-11-01,QA,Seeking information,0.181
2025-11-01,QA,Self-expression,0.079
2025-11-01,QA,Technical help,0.044
2025-11-01,QA,Writing,0.314
2025-11-01,RE,Multimedia,0.014
2025-11-01,RE,Other/Unknown,0.075
2025-11-01,RE,Practical Guidance,0.266
2025-11-01,RE,Seeking information,0.306
2025-11-01,RE,Self-expression,0.057
2025-11-01,RE,Technical help,0.000
2025-11-01,RE,Writing,0.282
2025-11-01,RO,Multimedia,0.061
2025-11-01,RO,Other/Unknown,0.050
2025-11-01,RO,Practical Guidance,0.306
2025-11-01,RO,Seeking information,0.240
2025-11-01,RO,Self-expression,0.094
2025-11-01,RO,Technical help,0.059
2025-11-01,RO,Writing,0.191
2025-11-01,RS,Multimedia,0.051
2025-11-01,RS,Other/Unknown,0.044
2025-11-01,RS,Practical Guidance,0.326
2025-11-01,RS,Seeking information,0.227
2025-11-01,RS,Self-expression,0.125
2025-11-01,RS,Technical help,0.044
2025-11-01,RS,Writing,0.184
2025-11-01,RW,Multimedia,0.072
2025-11-01,RW,Other/Unknown,0.058
2025-11-01,RW,Practical Guidance,0.387
2025-11-01,RW,Seeking information,0.148
2025-11-01,RW,Self-expression,0.060
2025-11-01,RW,Technical help,0.044
2025-11-01,RW,Writing,0.231
2025-11-01,SA,Multimedia,0.061
2025-11-01,SA,Other/Unknown,0.060
2025-11-01,SA,Practical Guidance,0.314
2025-11-01,SA,Seeking information,0.183
2025-11-01,SA,Self-expression,0.106
2025-11-01,SA,Technical help,0.035
2025-11-01,SA,Writing,0.241
2025-11-01,SD,Multimedia,0.056
2025-11-01,SD,Other/Unknown,0.069
2025-11-01,SD,Practical Guidance,0.364
2025-11-01,SD,Seeking information,0.127
2025-11-01,SD,Self-expression,0.094
2025-11-01,SD,Technical help,0.057
2025-11-01,SD,Writing,0.232
2025-11-01,SE,Multimedia,0.041
2025-11-01,SE,Other/Unknown,0.035
2025-11-01,SE,Practical Guidance,0.288
2025-11-01,SE,Seeking information,0.215
2025-11-01,SE,Self-expression,0.077
2025-11-01,SE,Technical help,0.077
2025-11-01,SE,Writing,0.267
2025-11-01,SG,Multimedia,0.032
2025-11-01,SG,Other/Unknown,0.038
2025-11-01,SG,Practical Guidance,0.267
2025-11-01,SG,Seeking information,0.188
2025-11-01,SG,Self-expression,0.059
2025-11-01,SG,Technical help,0.092
2025-11-01,SG,Writing,0.324
2025-11-01,SI,Multimedia,0.047
2025-11-01,SI,Other/Unknown,0.024
2025-11-01,SI,Practical Guidance,0.334
2025-11-01,SI,Seeking information,0.273
2025-11-01,SI,Self-expression,0.049
2025-11-01,SI,Technical help,0.048
2025-11-01,SI,Writing,0.225
2025-11-01,SK,Multimedia,0.041
2025-11-01,SK,Other/Unknown,0.030
2025-11-01,SK,Practical Guidance,0.304
2025-11-01,SK,Seeking information,0.259
2025-11-01,SK,Self-expression,0.086
2025-11-01,SK,Technical help,0.069
2025-11-01,SK,Writing,0.211
2025-11-01,SN,Multimedia,0.048
2025-11-01,SN,Other/Unknown,0.049
2025-11-01,SN,Practical Guidance,0.299
2025-11-01,SN,Seeking information,0.098
2025-11-01,SN,Self-expression,0.039
2025-11-01,SN,Technical help,0.125
2025-11-01,SN,Writing,0.343
2025-11-01,SO,Multimedia,0.037
2025-11-01,SO,Other/Unknown,0.073
2025-11-01,SO,Practical Guidance,0.315
2025-11-01,SO,Seeking information,0.149
2025-11-01,SO,Self-expression,0.059
2025-11-01,SO,Technical help,0.064
2025-11-01,SO,Writing,0.303
2025-11-01,SV,Multimedia,0.063
2025-11-01,SV,Other/Unknown,0.055
2025-11-01,SV,Practical Guidance,0.355
2025-11-01,SV,Seeking information,0.099
2025-11-01,SV,Self-expression,0.104
2025-11-01,SV,Technical help,0.073
2025-11-01,SV,Writing,0.251
2025-11-01,TH,Multimedia,0.050
2025-11-01,TH,Other/Unknown,0.051
2025-11-01,TH,Practical Guidance,0.266
2025-11-01,TH,Seeking information,0.162
2025-11-01,TH,Self-expression,0.097
2025-11-01,TH,Technical help,0.052
2025-11-01,TH,Writing,0.322
2025-11-01,TJ,Multimedia,0.099
2025-11-01,TJ,Other/Unknown,0.101
2025-11-01,TJ,Practical Guidance,0.283
2025-11-01,TJ,Seeking information,0.176
2025-11-01,TJ,Self-expression,0.052
2025-11-01,TJ,Technical help,0.025
2025-11-01,TJ,Writing,0.264
2025-11-01,TN,Multimedia,0.057
2025-11-01,TN,Other/Unknown,0.073
2025-11-01,TN,Practical Guidance,0.285
2025-11-01,TN,Seeking information,0.145
2025-11-01,TN,Self-expression,0.071
2025-11-01,TN,Technical help,0.049
2025-11-01,TN,Writing,0.319
2025-11-01,TR,Multimedia,0.068
2025-11-01,TR,Other/Unknown,0.065
2025-11-01,TR,Practical Guidance,0.307
2025-11-01,TR,Seeking information,0.196
2025-11-01,TR,Self-expression,0.131
2025-11-01,TR,Technical help,0.046
2025-11-01,TR,Writing,0.188
2025-11-01,TW,Multimedia,0.045
2025-11-01,TW,Other/Unknown,0.058
2025-11-01,TW,Practical Guidance,0.267
2025-11-01,TW,Seeking information,0.157
2025-11-01,TW,Self-expression,0.140
2025-11-01,TW,Technical help,0.062
2025-11-01,TW,Writing,0.270
2025-11-01,TZ,Multimedia,0.068
2025-11-01,TZ,Other/Unknown,0.083
2025-11-01,TZ,Practical Guidance,0.243
2025-11-01,TZ,Seeking information,0.202
2025-11-01,TZ,Self-expression,0.107
2025-11-01,TZ,Technical help,0.043
2025-11-01,TZ,Writing,0.252
2025-11-01,UA,Multimedia,0.052
2025-11-01,UA,Other/Unknown,0.048
2025-11-01,UA,Practical Guidance,0.312
2025-11-01,UA,Seeking information,0.209
2025-11-01,UA,Self-expression,0.093
2025-11-01,UA,Technical help,0.045
2025-11-01,UA,Writing,0.241
2025-11-01,UG,Multimedia,0.043
2025-11-01,UG,Other/Unknown,0.074
2025-11-01,UG,Practical Guidance,0.308
2025-11-01,UG,Seeking information,0.197
2025-11-01,UG,Self-expression,0.077
2025-11-01,UG,Technical help,0.053
2025-11-01,UG,Writing,0.249
2025-11-01,US,Multimedia,0.053
2025-11-01,US,Other/Unknown,0.042
2025-11-01,US,Practical Guidance,0.298
2025-11-01,US,Seeking information,0.196
2025-11-01,US,Self-expression,0.087
2025-11-01,US,Technical help,0.062
2025-11-01,US,Writing,0.262
2025-11-01,UY,Multimedia,0.077
2025-11-01,UY,Other/Unknown,0.041
2025-11-01,UY,Practical Guidance,0.327
2025-11-01,UY,Seeking information,0.187
2025-11-01,UY,Self-expression,0.125
2025-11-01,UY,Technical help,0.076
2025-11-01,UY,Writing,0.167
2025-11-01,UZ,Multimedia,0.061
2025-11-01,UZ,Other/Unknown,0.080
2025-11-01,UZ,Practical Guidance,0.304
2025-11-01,UZ,Seeking information,0.170
2025-11-01,UZ,Self-expression,0.083
2025-11-01,UZ,Technical help,0.038
2025-11-01,UZ,Writing,0.263
2025-11-01,VN,Multimedia,0.048
2025-11-01,VN,Other/Unknown,0.061
2025-11-01,VN,Practical Guidance,0.286
2025-11-01,VN,Seeking information,0.147
2025-11-01,VN,Self-expression,0.077
2025-11-01,VN,Technical help,0.062
2025-11-01,VN,Writing,0.318
2025-11-01,YE,Multimedia,0.048
2025-11-01,YE,Other/Unknown,0.045
2025-11-01,YE,Practical Guidance,0.364
2025-11-01,YE,Seeking information,0.172
2025-11-01,YE,Self-expression,0.086
2025-11-01,YE,Technical help,0.038
2025-11-01,YE,Writing,0.247
2025-11-01,ZA,Multimedia,0.063
2025-11-01,ZA,Other/Unknown,0.052
2025-11-01,ZA,Practical Guidance,0.287
2025-11-01,ZA,Seeking information,0.152
2025-11-01,ZA,Self-expression,0.090
2025-11-01,ZA,Technical help,0.050
2025-11-01,ZA,Writing,0.306
2025-11-01,ZM,Multimedia,0.081
2025-11-01,ZM,Other/Unknown,0.031
2025-11-01,ZM,Practical Guidance,0.394
2025-11-01,ZM,Seeking information,0.145
2025-11-01,ZM,Self-expression,0.018
2025-11-01,ZM,Technical help,0.054
2025-11-01,ZM,Writing,0.276
2025-12-01,AE,Multimedia,0.046
2025-12-01,AE,Other/Unknown,0.066
2025-12-01,AE,Practical Guidance,0.261
2025-12-01,AE,Seeking information,0.192
2025-12-01,AE,Self-expression,0.067
2025-12-01,AE,Technical help,0.037
2025-12-01,AE,Writing,0.331
2025-12-01,AF,Multimedia,0.022
2025-12-01,AF,Other/Unknown,0.073
2025-12-01,AF,Practical Guidance,0.287
2025-12-01,AF,Seeking information,0.182
2025-12-01,AF,Self-expression,0.108
2025-12-01,AF,Technical help,0.024
2025-12-01,AF,Writing,0.304
2025-12-01,AL,Multimedia,0.030
2025-12-01,AL,Other/Unknown,0.085
2025-12-01,AL,Practical Guidance,0.326
2025-12-01,AL,Seeking information,0.185
2025-12-01,AL,Self-expression,0.120
2025-12-01,AL,Technical help,0.027
2025-12-01,AL,Writing,0.228
2025-12-01,AM,Multimedia,0.040
2025-12-01,AM,Other/Unknown,0.081
2025-12-01,AM,Practical Guidance,0.275
2025-12-01,AM,Seeking information,0.183
2025-12-01,AM,Self-expression,0.092
2025-12-01,AM,Technical help,0.070
2025-12-01,AM,Writing,0.260
2025-12-01,AO,Multimedia,0.033
2025-12-01,AO,Other/Unknown,0.039
2025-12-01,AO,Practical Guidance,0.305
2025-12-01,AO,Seeking information,0.191
2025-12-01,AO,Self-expression,0.103
2025-12-01,AO,Technical help,0.061
2025-12-01,AO,Writing,0.268
2025-12-01,AR,Multimedia,0.056
2025-12-01,AR,Other/Unknown,0.056
2025-12-01,AR,Practical Guidance,0.312
2025-12-01,AR,Seeking information,0.166
2025-12-01,AR,Self-expression,0.159
2025-12-01,AR,Technical help,0.042
2025-12-01,AR,Writing,0.210
2025-12-01,AT,Multimedia,0.052
2025-12-01,AT,Other/Unknown,0.051
2025-12-01,AT,Practical Guidance,0.343
2025-12-01,AT,Seeking information,0.199
2025-12-01,AT,Self-expression,0.070
2025-12-01,AT,Technical help,0.037
2025-12-01,AT,Writing,0.248
2025-12-01,AU,Multimedia,0.043
2025-12-01,AU,Other/Unknown,0.043
2025-12-01,AU,Practical Guidance,0.286
2025-12-01,AU,Seeking information,0.213
2025-12-01,AU,Self-expression,0.095
2025-12-01,AU,Technical help,0.040
2025-12-01,AU,Writing,0.281
2025-12-01,AZ,Multimedia,0.056
2025-12-01,AZ,Other/Unknown,0.061
2025-12-01,AZ,Practical Guidance,0.346
2025-12-01,AZ,Seeking information,0.167
2025-12-01,AZ,Self-expression,0.133
2025-12-01,AZ,Technical help,0.040
2025-12-01,AZ,Writing,0.198
2025-12-01,BA,Multimedia,0.044
2025-12-01,BA,Other/Unknown,0.060
2025-12-01,BA,Practical Guidance,0.430
2025-12-01,BA,Seeking information,0.201
2025-12-01,BA,Self-expression,0.048
2025-12-01,BA,Technical help,0.043
2025-12-01,BA,Writing,0.175
2025-12-01,BD,Multimedia,0.045
2025-12-01,BD,Other/Unknown,0.066
2025-12-01,BD,Practical Guidance,0.302
2025-12-01,BD,Seeking information,0.197
2025-12-01,BD,Self-expression,0.073
2025-12-01,BD,Technical help,0.054
2025-12-01,BD,Writing,0.263
2025-12-01,BE,Multimedia,0.045
2025-12-01,BE,Other/Unknown,0.041
2025-12-01,BE,Practical Guidance,0.320
2025-12-01,BE,Seeking information,0.212
2025-12-01,BE,Self-expression,0.096
2025-12-01,BE,Technical help,0.046
2025-12-01,BE,Writing,0.240
2025-12-01,BG,Multimedia,0.046
2025-12-01,BG,Other/Unknown,0.058
2025-12-01,BG,Practical Guidance,0.311
2025-12-01,BG,Seeking information,0.220
2025-12-01,BG,Self-expression,0.092
2025-12-01,BG,Technical help,0.057
2025-12-01,BG,Writing,0.216
2025-12-01,BH,Multimedia,0.052
2025-12-01,BH,Other/Unknown,0.097
2025-12-01,BH,Practical Guidance,0.326
2025-12-01,BH,Seeking information,0.153
2025-12-01,BH,Self-expression,0.080
2025-12-01,BH,Technical help,0.099
2025-12-01,BH,Writing,0.193
2025-12-01,BJ,Multimedia,0.019
2025-12-01,BJ,Other/Unknown,0.025
2025-12-01,BJ,Practical Guidance,0.241
2025-12-01,BJ,Seeking information,0.188
2025-12-01,BJ,Self-expression,0.081
2025-12-01,BJ,Technical help,0.051
2025-12-01,BJ,Writing,0.396
2025-12-01,BO,Multimedia,0.055
2025-12-01,BO,Other/Unknown,0.036
2025-12-01,BO,Practical Guidance,0.287
2025-12-01,BO,Seeking information,0.177
2025-12-01,BO,Self-expression,0.122
2025-12-01,BO,Technical help,0.059
2025-12-01,BO,Writing,0.264
2025-12-01,BR,Multimedia,0.064
2025-12-01,BR,Other/Unknown,0.055
2025-12-01,BR,Practical Guidance,0.284
2025-12-01,BR,Seeking information,0.150
2025-12-01,BR,Self-expression,0.114
2025-12-01,BR,Technical help,0.048
2025-12-01,BR,Writing,0.285
2025-12-01,CA,Multimedia,0.041
2025-12-01,CA,Other/Unknown,0.047
2025-12-01,CA,Practical Guidance,0.329
2025-12-01,CA,Seeking information,0.194
2025-12-01,CA,Self-expression,0.086
2025-12-01,CA,Technical help,0.048
2025-12-01,CA,Writing,0.256
2025-12-01,CD,Multimedia,0.035
2025-12-01,CD,Other/Unknown,0.057
2025-12-01,CD,Practical Guidance,0.219
2025-12-01,CD,Seeking information,0.217
2025-12-01,CD,Self-expression,0.089
2025-12-01,CD,Technical help,0.046
2025-12-01,CD,Writing,0.337
2025-12-01,CH,Multimedia,0.050
2025-12-01,CH,Other/Unknown,0.046
2025-12-01,CH,Practical Guidance,0.275
2025-12-01,CH,Seeking information,0.226
2025-12-01,CH,Self-expression,0.068
2025-12-01,CH,Technical help,0.048
2025-12-01,CH,Writing,0.287
2025-12-01,CI,Multimedia,0.019
2025-12-01,CI,Other/Unknown,0.076
2025-12-01,CI,Practical Guidance,0.279
2025-12-01,CI,Seeking information,0.176
2025-12-01,CI,Self-expression,0.074
2025-12-01,CI,Technical help,0.052
2025-12-01,CI,Writing,0.324
2025-12-01,CL,Multimedia,0.052
2025-12-01,CL,Other/Unknown,0.046
2025-12-01,CL,Practical Guidance,0.278
2025-12-01,CL,Seeking information,0.170
2025-12-01,CL,Self-expression,0.134
2025-12-01,CL,Technical help,0.052
2025-12-01,CL,Writing,0.269
2025-12-01,CM,Multimedia,0.047
2025-12-01,CM,Other/Unknown,0.017
2025-12-01,CM,Practical Guidance,0.310
2025-12-01,CM,Seeking information,0.167
2025-12-01,CM,Self-expression,0.068
2025-12-01,CM,Technical help,0.040
2025-12-01,CM,Writing,0.350
2025-12-01,CO,Multimedia,0.049
2025-12-01,CO,Other/Unknown,0.047
2025-12-01,CO,Practical Guidance,0.283
2025-12-01,CO,Seeking information,0.159
2025-12-01,CO,Self-expression,0.115
2025-12-01,CO,Technical help,0.054
2025-12-01,CO,Writing,0.292
2025-12-01,CR,Multimedia,0.045
2025-12-01,CR,Other/Unknown,0.034
2025-12-01,CR,Practical Guidance,0.325
2025-12-01,CR,Seeking information,0.195
2025-12-01,CR,Self-expression,0.117
2025-12-01,CR,Technical help,0.052
2025-12-01,CR,Writing,0.232
2025-12-01,CY,Multimedia,0.037
2025-12-01,CY,Other/Unknown,0.012
2025-12-01,CY,Practical Guidance,0.380
2025-12-01,CY,Seeking information,0.229
2025-12-01,CY,Self-expression,0.086
2025-12-01,CY,Technical help,0.053
2025-12-01,CY,Writing,0.203
2025-12-01,CZ,Multimedia,0.052
2025-12-01,CZ,Other/Unknown,0.041
2025-12-01,CZ,Practical Guidance,0.286
2025-12-01,CZ,Seeking information,0.268
2025-12-01,CZ,Self-expression,0.111
2025-12-01,CZ,Technical help,0.045
2025-12-01,CZ,Writing,0.198
2025-12-01,DE,Multimedia,0.046
2025-12-01,DE,Other/Unknown,0.047
2025-12-01,DE,Practical Guidance,0.309
2025-12-01,DE,Seeking information,0.208
2025-12-01,DE,Self-expression,0.085
2025-12-01,DE,Technical help,0.046
2025-12-01,DE,Writing,0.260
2025-12-01,DK,Multimedia,0.041
2025-12-01,DK,Other/Unknown,0.046
2025-12-01,DK,Practical Guidance,0.287
2025-12-01,DK,Seeking information,0.222
2025-12-01,DK,Self-expression,0.053
2025-12-01,DK,Technical help,0.054
2025-12-01,DK,Writing,0.296
2025-12-01,DO,Multimedia,0.046
2025-12-01,DO,Other/Unknown,0.071
2025-12-01,DO,Practical Guidance,0.341
2025-12-01,DO,Seeking information,0.144
2025-12-01,DO,Self-expression,0.102
2025-12-01,DO,Technical help,0.042
2025-12-01,DO,Writing,0.254
2025-12-01,DZ,Multimedia,0.043
2025-12-01,DZ,Other/Unknown,0.080
2025-12-01,DZ,Practical Guidance,0.335
2025-12-01,DZ,Seeking information,0.170
2025-12-01,DZ,Self-expression,0.111
2025-12-01,DZ,Technical help,0.034
2025-12-01,DZ,Writing,0.226
2025-12-01,EC,Multimedia,0.040
2025-12-01,EC,Other/Unknown,0.042
2025-12-01,EC,Practical Guidance,0.347
2025-12-01,EC,Seeking information,0.175
2025-12-01,EC,Self-expression,0.088
2025-12-01,EC,Technical help,0.050
2025-12-01,EC,Writing,0.258
2025-12-01,EE,Multimedia,0.042
2025-12-01,EE,Other/Unknown,0.058
2025-12-01,EE,Practical Guidance,0.348
2025-12-01,EE,Seeking information,0.187
2025-12-01,EE,Self-expression,0.101
2025-12-01,EE,Technical help,0.044
2025-12-01,EE,Writing,0.220
2025-12-01,EG,Multimedia,0.043
2025-12-01,EG,Other/Unknown,0.062
2025-12-01,EG,Practical Guidance,0.375
2025-12-01,EG,Seeking information,0.167
2025-12-01,EG,Self-expression,0.098
2025-12-01,EG,Technical help,0.046
2025-12-01,EG,Writing,0.211
2025-12-01,ES,Multimedia,0.050
2025-12-01,ES,Other/Unknown,0.048
2025-12-01,ES,Practical Guidance,0.328
2025-12-01,ES,Seeking information,0.222
2025-12-01,ES,Self-expression,0.081
2025-12-01,ES,Technical help,0.052
2025-12-01,ES,Writing,0.218
2025-12-01,ET,Multimedia,0.039
2025-12-01,ET,Other/Unknown,0.082
2025-12-01,ET,Practical Guidance,0.376
2025-12-01,ET,Seeking information,0.162
2025-12-01,ET,Self-expression,0.052
2025-12-01,ET,Technical help,0.059
2025-12-01,ET,Writing,0.229
2025-12-01,FI,Multimedia,0.045
2025-12-01,FI,Other/Unknown,0.062
2025-12-01,FI,Practical Guidance,0.291
2025-12-01,FI,Seeking information,0.209
2025-12-01,FI,Self-expression,0.080
2025-12-01,FI,Technical help,0.059
2025-12-01,FI,Writing,0.254
2025-12-01,FR,Multimedia,0.049
2025-12-01,FR,Other/Unknown,0.042
2025-12-01,FR,Practical Guidance,0.310
2025-12-01,FR,Seeking information,0.218
2025-12-01,FR,Self-expression,0.081
2025-12-01,FR,Technical help,0.045
2025-12-01,FR,Writing,0.254
2025-12-01,GB,Multimedia,0.045
2025-12-01,GB,Other/Unknown,0.046
2025-12-01,GB,Practical Guidance,0.301
2025-12-01,GB,Seeking information,0.193
2025-12-01,GB,Self-expression,0.096
2025-12-01,GB,Technical help,0.046
2025-12-01,GB,Writing,0.272
2025-12-01,GE,Multimedia,0.047
2025-12-01,GE,Other/Unknown,0.042
2025-12-01,GE,Practical Guidance,0.318
2025-12-01,GE,Seeking information,0.181
2025-12-01,GE,Self-expression,0.113
2025-12-01,GE,Technical help,0.065
2025-12-01,GE,Writing,0.234
2025-12-01,GH,Multimedia,0.037
2025-12-01,GH,Other/Unknown,0.036
2025-12-01,GH,Practical Guidance,0.281
2025-12-01,GH,Seeking information,0.175
2025-12-01,GH,Self-expression,0.099
2025-12-01,GH,Technical help,0.038
2025-12-01,GH,Writing,0.334
2025-12-01,GR,Multimedia,0.041
2025-12-01,GR,Other/Unknown,0.056
2025-12-01,GR,Practical Guidance,0.333
2025-12-01,GR,Seeking information,0.217
2025-12-01,GR,Self-expression,0.104
2025-12-01,GR,Technical help,0.048
2025-12-01,GR,Writing,0.200
2025-12-01,GT,Multimedia,0.059
2025-12-01,GT,Other/Unknown,0.018
2025-12-01,GT,Practical Guidance,0.272
2025-12-01,GT,Seeking information,0.168
2025-12-01,GT,Self-expression,0.157
2025-12-01,GT,Technical help,0.015
2025-12-01,GT,Writing,0.311
2025-12-01,HN,Multimedia,0.068
2025-12-01,HN,Other/Unknown,0.062
2025-12-01,HN,Practical Guidance,0.311
2025-12-01,HN,Seeking information,0.153
2025-12-01,HN,Self-expression,0.104
2025-12-01,HN,Technical help,0.039
2025-12-01,HN,Writing,0.262
2025-12-01,HR,Multimedia,0.050
2025-12-01,HR,Other/Unknown,0.062
2025-12-01,HR,Practical Guidance,0.301
2025-12-01,HR,Seeking information,0.235
2025-12-01,HR,Self-expression,0.091
2025-12-01,HR,Technical help,0.066
2025-12-01,HR,Writing,0.196
2025-12-01,HU,Multimedia,0.034
2025-12-01,HU,Other/Unknown,0.053
2025-12-01,HU,Practical Guidance,0.346
2025-12-01,HU,Seeking information,0.230
2025-12-01,HU,Self-expression,0.111
2025-12-01,HU,Technical help,0.053
2025-12-01,HU,Writing,0.173
2025-12-01,ID,Multimedia,0.036
2025-12-01,ID,Other/Unknown,0.044
2025-12-01,ID,Practical Guidance,0.319
2025-12-01,ID,Seeking information,0.149
2025-12-01,ID,Self-expression,0.080
2025-12-01,ID,Technical help,0.056
2025-12-01,ID,Writing,0.316
2025-12-01,IE,Multimedia,0.023
2025-12-01,IE,Other/Unknown,0.035
2025-12-01,IE,Practical Guidance,0.322
2025-12-01,IE,Seeking information,0.207
2025-12-01,IE,Self-expression,0.084
2025-12-01,IE,Technical help,0.076
2025-12-01,IE,Writing,0.253
2025-12-01,IL,Multimedia,0.046
2025-12-01,IL,Other/Unknown,0.055
2025-12-01,IL,Practical Guidance,0.311
2025-12-01,IL,Seeking information,0.238
2025-12-01,IL,Self-expression,0.089
2025-12-01,IL,Technical help,0.062
2025-12-01,IL,Writing,0.199
2025-12-01,IN,Multimedia,0.052
2025-12-01,IN,Other/Unknown,0.062
2025-12-01,IN,Practical Guidance,0.346
2025-12-01,IN,Seeking information,0.161
2025-12-01,IN,Self-expression,0.065
2025-12-01,IN,Technical help,0.081
2025-12-01,IN,Writing,0.232
2025-12-01,IQ,Multimedia,0.051
2025-12-01,IQ,Other/Unknown,0.085
2025-12-01,IQ,Practical Guidance,0.334
2025-12-01,IQ,Seeking information,0.170
2025-12-01,IQ,Self-expression,0.140
2025-12-01,IQ,Technical help,0.029
2025-12-01,IQ,Writing,0.192
2025-12-01,IT,Multimedia,0.050
2025-12-01,IT,Other/Unknown,0.039
2025-12-01,IT,Practical Guidance,0.320
2025-12-01,IT,Seeking information,0.201
2025-12-01,IT,Self-expression,0.088
2025-12-01,IT,Technical help,0.057
2025-12-01,IT,Writing,0.244
2025-12-01,JO,Multimedia,0.047
2025-12-01,JO,Other/Unknown,0.068
2025-12-01,JO,Practical Guidance,0.343
2025-12-01,JO,Seeking information,0.162
2025-12-01,JO,Self-expression,0.102
2025-12-01,JO,Technical help,0.050
2025-12-01,JO,Writing,0.228
2025-12-01,JP,Multimedia,0.029
2025-12-01,JP,Other/Unknown,0.047
2025-12-01,JP,Practical Guidance,0.294
2025-12-01,JP,Seeking information,0.169
2025-12-01,JP,Self-expression,0.176
2025-12-01,JP,Technical help,0.045
2025-12-01,JP,Writing,0.242
2025-12-01,KE,Multimedia,0.039
2025-12-01,KE,Other/Unknown,0.067
2025-12-01,KE,Practical Guidance,0.303
2025-12-01,KE,Seeking information,0.195
2025-12-01,KE,Self-expression,0.088
2025-12-01,KE,Technical help,0.047
2025-12-01,KE,Writing,0.260
2025-12-01,KG,Multimedia,0.047
2025-12-01,KG,Other/Unknown,0.079
2025-12-01,KG,Practical Guidance,0.286
2025-12-01,KG,Seeking information,0.175
2025-12-01,KG,Self-expression,0.092
2025-12-01,KG,Technical help,0.044
2025-12-01,KG,Writing,0.276
2025-12-01,KH,Multimedia,0.043
2025-12-01,KH,Other/Unknown,0.019
2025-12-01,KH,Practical Guidance,0.250
2025-12-01,KH,Seeking information,0.146
2025-12-01,KH,Self-expression,0.071
2025-12-01,KH,Technical help,0.054
2025-12-01,KH,Writing,0.417
2025-12-01,KR,Multimedia,0.035
2025-12-01,KR,Other/Unknown,0.056
2025-12-01,KR,Practical Guidance,0.295
2025-12-01,KR,Seeking information,0.181
2025-12-01,KR,Self-expression,0.109
2025-12-01,KR,Technical help,0.055
2025-12-01,KR,Writing,0.270
2025-12-01,KW,Multimedia,0.044
2025-12-01,KW,Other/Unknown,0.081
2025-12-01,KW,Practical Guidance,0.302
2025-12-01,KW,Seeking information,0.198
2025-12-01,KW,Self-expression,0.089
2025-12-01,KW,Technical help,0.048
2025-12-01,KW,Writing,0.238
2025-12-01,KZ,Multimedia,0.029
2025-12-01,KZ,Other/Unknown,0.063
2025-12-01,KZ,Practical Guidance,0.343
2025-12-01,KZ,Seeking information,0.164
2025-12-01,KZ,Self-expression,0.086
2025-12-01,KZ,Technical help,0.043
2025-12-01,KZ,Writing,0.273
2025-12-01,LB,Multimedia,0.040
2025-12-01,LB,Other/Unknown,0.064
2025-12-01,LB,Practical Guidance,0.347
2025-12-01,LB,Seeking information,0.176
2025-12-01,LB,Self-expression,0.107
2025-12-01,LB,Technical help,0.048
2025-12-01,LB,Writing,0.217
2025-12-01,LK,Multimedia,0.061
2025-12-01,LK,Other/Unknown,0.064
2025-12-01,LK,Practical Guidance,0.254
2025-12-01,LK,Seeking information,0.172
2025-12-01,LK,Self-expression,0.082
2025-12-01,LK,Technical help,0.071
2025-12-01,LK,Writing,0.296
2025-12-01,LT,Multimedia,0.047
2025-12-01,LT,Other/Unknown,0.035
2025-12-01,LT,Practical Guidance,0.315
2025-12-01,LT,Seeking information,0.217
2025-12-01,LT,Self-expression,0.097
2025-12-01,LT,Technical help,0.046
2025-12-01,LT,Writing,0.243
2025-12-01,LU,Multimedia,0.067
2025-12-01,LU,Other/Unknown,0.062
2025-12-01,LU,Practical Guidance,0.188
2025-12-01,LU,Seeking information,0.243
2025-12-01,LU,Self-expression,0.088
2025-12-01,LU,Technical help,0.042
2025-12-01,LU,Writing,0.309
2025-12-01,LV,Multimedia,0.040
2025-12-01,LV,Other/Unknown,0.052
2025-12-01,LV,Practical Guidance,0.270
2025-12-01,LV,Seeking information,0.201
2025-12-01,LV,Self-expression,0.079
2025-12-01,LV,Technical help,0.077
2025-12-01,LV,Writing,0.280
2025-12-01,LY,Multimedia,0.050
2025-12-01,LY,Other/Unknown,0.077
2025-12-01,LY,Practical Guidance,0.352
2025-12-01,LY,Seeking information,0.146
2025-12-01,LY,Self-expression,0.135
2025-12-01,LY,Technical help,0.054
2025-12-01,LY,Writing,0.186
2025-12-01,MA,Multimedia,0.044
2025-12-01,MA,Other/Unknown,0.071
2025-12-01,MA,Practical Guidance,0.309
2025-12-01,MA,Seeking information,0.169
2025-12-01,MA,Self-expression,0.080
2025-12-01,MA,Technical help,0.044
2025-12-01,MA,Writing,0.283
2025-12-01,MD,Multimedia,0.024
2025-12-01,MD,Other/Unknown,0.051
2025-12-01,MD,Practical Guidance,0.329
2025-12-01,MD,Seeking information,0.177
2025-12-01,MD,Self-expression,0.099
2025-12-01,MD,Technical help,0.041
2025-12-01,MD,Writing,0.277
2025-12-01,ME,Multimedia,0.034
2025-12-01,ME,Other/Unknown,0.045
2025-12-01,ME,Practical Guidance,0.307
2025-12-01,ME,Seeking information,0.319
2025-12-01,ME,Self-expression,0.079
2025-12-01,ME,Technical help,0.043
2025-12-01,ME,Writing,0.174
2025-12-01,MG,Multimedia,0.049
2025-12-01,MG,Other/Unknown,0.082
2025-12-01,MG,Practical Guidance,0.268
2025-12-01,MG,Seeking information,0.197
2025-12-01,MG,Self-expression,0.052
2025-12-01,MG,Technical help,0.071
2025-12-01,MG,Writing,0.280
2025-12-01,MK,Multimedia,0.043
2025-12-01,MK,Other/Unknown,0.074
2025-12-01,MK,Practical Guidance,0.399
2025-12-01,MK,Seeking information,0.199
2025-12-01,MK,Self-expression,0.074
2025-12-01,MK,Technical help,0.037
2025-12-01,MK,Writing,0.174
2025-12-01,MM,Multimedia,0.072
2025-12-01,MM,Other/Unknown,0.080
2025-12-01,MM,Practical Guidance,0.285
2025-12-01,MM,Seeking information,0.159
2025-12-01,MM,Self-expression,0.113
2025-12-01,MM,Technical help,0.049
2025-12-01,MM,Writing,0.242
2025-12-01,MN,Multimedia,0.027
2025-12-01,MN,Other/Unknown,0.118
2025-12-01,MN,Practical Guidance,0.358
2025-12-01,MN,Seeking information,0.133
2025-12-01,MN,Self-expression,0.081
2025-12-01,MN,Technical help,0.083
2025-12-01,MN,Writing,0.200
2025-12-01,MT,Multimedia,0.004
2025-12-01,MT,Other/Unknown,0.099
2025-12-01,MT,Practical Guidance,0.257
2025-12-01,MT,Seeking information,0.211
2025-12-01,MT,Self-expression,0.114
2025-12-01,MT,Technical help,0.032
2025-12-01,MT,Writing,0.284
2025-12-01,MX,Multimedia,0.060
2025-12-01,MX,Other/Unknown,0.049
2025-12-01,MX,Practical Guidance,0.305
2025-12-01,MX,Seeking information,0.167
2025-12-01,MX,Self-expression,0.136
2025-12-01,MX,Technical help,0.042
2025-12-01,MX,Writing,0.241
2025-12-01,MY,Multimedia,0.039
2025-12-01,MY,Other/Unknown,0.056
2025-12-01,MY,Practical Guidance,0.284
2025-12-01,MY,Seeking information,0.166
2025-12-01,MY,Self-expression,0.092
2025-12-01,MY,Technical help,0.043
2025-12-01,MY,Writing,0.320
2025-12-01,MZ,Multimedia,0.009
2025-12-01,MZ,Other/Unknown,0.069
2025-12-01,MZ,Practical Guidance,0.354
2025-12-01,MZ,Seeking information,0.203
2025-12-01,MZ,Self-expression,0.046
2025-12-01,MZ,Technical help,0.050
2025-12-01,MZ,Writing,0.270
2025-12-01,NG,Multimedia,0.037
2025-12-01,NG,Other/Unknown,0.060
2025-12-01,NG,Practical Guidance,0.243
2025-12-01,NG,Seeking information,0.151
2025-12-01,NG,Self-expression,0.080
2025-12-01,NG,Technical help,0.039
2025-12-01,NG,Writing,0.390
2025-12-01,NI,Multimedia,0.057
2025-12-01,NI,Other/Unknown,0.045
2025-12-01,NI,Practical Guidance,0.312
2025-12-01,NI,Seeking information,0.202
2025-12-01,NI,Self-expression,0.164
2025-12-01,NI,Technical help,0.010
2025-12-01,NI,Writing,0.210
2025-12-01,NL,Multimedia,0.042
2025-12-01,NL,Other/Unknown,0.037
2025-12-01,NL,Practical Guidance,0.316
2025-12-01,NL,Seeking information,0.201
2025-12-01,NL,Self-expression,0.082
2025-12-01,NL,Technical help,0.066
2025-12-01,NL,Writing,0.255
2025-12-01,NO,Multimedia,0.033
2025-12-01,NO,Other/Unknown,0.059
2025-12-01,NO,Practical Guidance,0.324
2025-12-01,NO,Seeking information,0.195
2025-12-01,NO,Self-expression,0.090
2025-12-01,NO,Technical help,0.046
2025-12-01,NO,Writing,0.253
2025-12-01,NP,Multimedia,0.048
2025-12-01,NP,Other/Unknown,0.096
2025-12-01,NP,Practical Guidance,0.309
2025-12-01,NP,Seeking information,0.178
2025-12-01,NP,Self-expression,0.067
2025-12-01,NP,Technical help,0.053
2025-12-01,NP,Writing,0.249
2025-12-01,NZ,Multimedia,0.008
2025-12-01,NZ,Other/Unknown,0.050
2025-12-01,NZ,Practical Guidance,0.297
2025-12-01,NZ,Seeking information,0.193
2025-12-01,NZ,Self-expression,0.107
2025-12-01,NZ,Technical help,0.051
2025-12-01,NZ,Writing,0.295
2025-12-01,OM,Multimedia,0.018
2025-12-01,OM,Other/Unknown,0.047
2025-12-01,OM,Practical Guidance,0.370
2025-12-01,OM,Seeking information,0.152
2025-12-01,OM,Self-expression,0.094
2025-12-01,OM,Technical help,0.030
2025-12-01,OM,Writing,0.290
2025-12-01,PA,Multimedia,0.065
2025-12-01,PA,Other/Unknown,0.051
2025-12-01,PA,Practical Guidance,0.272
2025-12-01,PA,Seeking information,0.233
2025-12-01,PA,Self-expression,0.151
2025-12-01,PA,Technical help,0.027
2025-12-01,PA,Writing,0.201
2025-12-01,PE,Multimedia,0.045
2025-12-01,PE,Other/Unknown,0.051
2025-12-01,PE,Practical Guidance,0.303
2025-12-01,PE,Seeking information,0.144
2025-12-01,PE,Self-expression,0.096
2025-12-01,PE,Technical help,0.049
2025-12-01,PE,Writing,0.313
2025-12-01,PH,Multimedia,0.030
2025-12-01,PH,Other/Unknown,0.043
2025-12-01,PH,Practical Guidance,0.289
2025-12-01,PH,Seeking information,0.143
2025-12-01,PH,Self-expression,0.062
2025-12-01,PH,Technical help,0.040
2025-12-01,PH,Writing,0.394
2025-12-01,PK,Multimedia,0.046
2025-12-01,PK,Other/Unknown,0.059
2025-12-01,PK,Practical Guidance,0.326
2025-12-01,PK,Seeking information,0.151
2025-12-01,PK,Self-expression,0.056
2025-12-01,PK,Technical help,0.059
2025-12-01,PK,Writing,0.303
2025-12-01,PL,Multimedia,0.043
2025-12-01,PL,Other/Unknown,0.054
2025-12-01,PL,Practical Guidance,0.312
2025-12-01,PL,Seeking information,0.226
2025-12-01,PL,Self-expression,0.085
2025-12-01,PL,Technical help,0.057
2025-12-01,PL,Writing,0.223
2025-12-01,PR,Multimedia,0.063
2025-12-01,PR,Other/Unknown,0.032
2025-12-01,PR,Practical Guidance,0.291
2025-12-01,PR,Seeking information,0.225
2025-12-01,PR,Self-expression,0.137
2025-12-01,PR,Technical help,0.038
2025-12-01,PR,Writing,0.215
2025-12-01,PS,Multimedia,0.040
2025-12-01,PS,Other/Unknown,0.068
2025-12-01,PS,Practical Guidance,0.345
2025-12-01,PS,Seeking information,0.160
2025-12-01,PS,Self-expression,0.101
2025-12-01,PS,Technical help,0.059
2025-12-01,PS,Writing,0.227
2025-12-01,PT,Multimedia,0.055
2025-12-01,PT,Other/Unknown,0.043
2025-12-01,PT,Practical Guidance,0.292
2025-12-01,PT,Seeking information,0.227
2025-12-01,PT,Self-expression,0.071
2025-12-01,PT,Technical help,0.054
2025-12-01,PT,Writing,0.257
2025-12-01,PY,Multimedia,0.060
2025-12-01,PY,Other/Unknown,0.026
2025-12-01,PY,Practical Guidance,0.328
2025-12-01,PY,Seeking information,0.128
2025-12-01,PY,Self-expression,0.176
2025-12-01,PY,Technical help,0.051
2025-12-01,PY,Writing,0.231
2025-12-01,QA,Multimedia,0.030
2025-12-01,QA,Other/Unknown,0.048
2025-12-01,QA,Practical Guidance,0.270
2025-12-01,QA,Seeking information,0.209
2025-12-01,QA,Self-expression,0.092
2025-12-01,QA,Technical help,0.057
2025-12-01,QA,Writing,0.294
2025-12-01,RO,Multimedia,0.053
2025-12-01,RO,Other/Unknown,0.054
2025-12-01,RO,Practical Guidance,0.317
2025-12-01,RO,Seeking information,0.232
2025-12-01,RO,Self-expression,0.093
2025-12-01,RO,Technical help,0.050
2025-12-01,RO,Writing,0.202
2025-12-01,RS,Multimedia,0.044
2025-12-01,RS,Other/Unknown,0.056
2025-12-01,RS,Practical Guidance,0.330
2025-12-01,RS,Seeking information,0.216
2025-12-01,RS,Self-expression,0.103
2025-12-01,RS,Technical help,0.049
2025-12-01,RS,Writing,0.202
2025-12-01,RW,Multimedia,0.048
2025-12-01,RW,Other/Unknown,0.044
2025-12-01,RW,Practical Guidance,0.263
2025-12-01,RW,Seeking information,0.179
2025-12-01,RW,Self-expression,0.115
2025-12-01,RW,Technical help,0.053
2025-12-01,RW,Writing,0.298
2025-12-01,SA,Multimedia,0.037
2025-12-01,SA,Other/Unknown,0.059
2025-12-01,SA,Practical Guidance,0.329
2025-12-01,SA,Seeking information,0.193
2025-12-01,SA,Self-expression,0.099
2025-12-01,SA,Technical help,0.038
2025-12-01,SA,Writing,0.245
2025-12-01,SE,Multimedia,0.038
2025-12-01,SE,Other/Unknown,0.042
2025-12-01,SE,Practical Guidance,0.301
2025-12-01,SE,Seeking information,0.230
2025-12-01,SE,Self-expression,0.073
2025-12-01,SE,Technical help,0.060
2025-12-01,SE,Writing,0.255
2025-12-01,SG,Multimedia,0.033
2025-12-01,SG,Other/Unknown,0.036
2025-12-01,SG,Practical Guidance,0.273
2025-12-01,SG,Seeking information,0.166
2025-12-01,SG,Self-expression,0.074
2025-12-01,SG,Technical help,0.103
2025-12-01,SG,Writing,0.315
2025-12-01,SI,Multimedia,0.042
2025-12-01,SI,Other/Unknown,0.046
2025-12-01,SI,Practical Guidance,0.333
2025-12-01,SI,Seeking information,0.226
2025-12-01,SI,Self-expression,0.065
2025-12-01,SI,Technical help,0.062
2025-12-01,SI,Writing,0.226
2025-12-01,SK,Multimedia,0.032
2025-12-01,SK,Other/Unknown,0.063
2025-12-01,SK,Practical Guidance,0.335
2025-12-01,SK,Seeking information,0.259
2025-12-01,SK,Self-expression,0.081
2025-12-01,SK,Technical help,0.043
2025-12-01,SK,Writing,0.187
2025-12-01,SN,Multimedia,0.047
2025-12-01,SN,Other/Unknown,0.057
2025-12-01,SN,Practical Guidance,0.296
2025-12-01,SN,Seeking information,0.133
2025-12-01,SN,Self-expression,0.073
2025-12-01,SN,Technical help,0.084
2025-12-01,SN,Writing,0.310
2025-12-01,SO,Multimedia,0.019
2025-12-01,SO,Other/Unknown,0.128
2025-12-01,SO,Practical Guidance,0.260
2025-12-01,SO,Seeking information,0.151
2025-12-01,SO,Self-expression,0.127
2025-12-01,SO,Technical help,0.011
2025-12-01,SO,Writing,0.303
2025-12-01,SV,Multimedia,0.043
2025-12-01,SV,Other/Unknown,0.060
2025-12-01,SV,Practical Guidance,0.345
2025-12-01,SV,Seeking information,0.155
2025-12-01,SV,Self-expression,0.156
2025-12-01,SV,Technical help,0.023
2025-12-01,SV,Writing,0.219
2025-12-01,TH,Multimedia,0.042
2025-12-01,TH,Other/Unknown,0.065
2025-12-01,TH,Practical Guidance,0.287
2025-12-01,TH,Seeking information,0.155
2025-12-01,TH,Self-expression,0.108
2025-12-01,TH,Technical help,0.046
2025-12-01,TH,Writing,0.297
2025-12-01,TJ,Multimedia,0.051
2025-12-01,TJ,Other/Unknown,0.065
2025-12-01,TJ,Practical Guidance,0.321
2025-12-01,TJ,Seeking information,0.207
2025-12-01,TJ,Self-expression,0.088
2025-12-01,TJ,Technical help,0.040
2025-12-01,TJ,Writing,0.228
2025-12-01,TN,Multimedia,0.027
2025-12-01,TN,Other/Unknown,0.064
2025-12-01,TN,Practical Guidance,0.308
2025-12-01,TN,Seeking information,0.144
2025-12-01,TN,Self-expression,0.084
2025-12-01,TN,Technical help,0.063
2025-12-01,TN,Writing,0.311
2025-12-01,TR,Multimedia,0.052
2025-12-01,TR,Other/Unknown,0.064
2025-12-01,TR,Practical Guidance,0.337
2025-12-01,TR,Seeking information,0.182
2025-12-01,TR,Self-expression,0.139
2025-12-01,TR,Technical help,0.046
2025-12-01,TR,Writing,0.181
2025-12-01,TW,Multimedia,0.038
2025-12-01,TW,Other/Unknown,0.052
2025-12-01,TW,Practical Guidance,0.280
2025-12-01,TW,Seeking information,0.152
2025-12-01,TW,Self-expression,0.129
2025-12-01,TW,Technical help,0.063
2025-12-01,TW,Writing,0.286
2025-12-01,TZ,Multimedia,0.033
2025-12-01,TZ,Other/Unknown,0.050
2025-12-01,TZ,Practical Guidance,0.313
2025-12-01,TZ,Seeking information,0.172
2025-12-01,TZ,Self-expression,0.072
2025-12-01,TZ,Technical help,0.033
2025-12-01,TZ,Writing,0.326
2025-12-01,UA,Multimedia,0.048
2025-12-01,UA,Other/Unknown,0.049
2025-12-01,UA,Practical Guidance,0.328
2025-12-01,UA,Seeking information,0.189
2025-12-01,UA,Self-expression,0.099
2025-12-01,UA,Technical help,0.048
2025-12-01,UA,Writing,0.239
2025-12-01,UG,Multimedia,0.054
2025-12-01,UG,Other/Unknown,0.060
2025-12-01,UG,Practical Guidance,0.305
2025-12-01,UG,Seeking information,0.166
2025-12-01,UG,Self-expression,0.037
2025-12-01,UG,Technical help,0.077
2025-12-01,UG,Writing,0.300
2025-12-01,US,Multimedia,0.049
2025-12-01,US,Other/Unknown,0.045
2025-12-01,US,Practical Guidance,0.308
2025-12-01,US,Seeking information,0.192
2025-12-01,US,Self-expression,0.093
2025-12-01,US,Technical help,0.055
2025-12-01,US,Writing,0.258
2025-12-01,UY,Multimedia,0.047
2025-12-01,UY,Other/Unknown,0.012
2025-12-01,UY,Practical Guidance,0.315
2025-12-01,UY,Seeking information,0.217
2025-12-01,UY,Self-expression,0.161
2025-12-01,UY,Technical help,0.061
2025-12-01,UY,Writing,0.186
2025-12-01,UZ,Multimedia,0.042
2025-12-01,UZ,Other/Unknown,0.081
2025-12-01,UZ,Practical Guidance,0.310
2025-12-01,UZ,Seeking information,0.179
2025-12-01,UZ,Self-expression,0.098
2025-12-01,UZ,Technical help,0.044
2025-12-01,UZ,Writing,0.245
2025-12-01,VN,Multimedia,0.036
2025-12-01,VN,Other/Unknown,0.056
2025-12-01,VN,Practical Guidance,0.295
2025-12-01,VN,Seeking information,0.133
2025-12-01,VN,Self-expression,0.084
2025-12-01,VN,Technical help,0.060
2025-12-01,VN,Writing,0.336
2025-12-01,YE,Multimedia,0.018
2025-12-01,YE,Other/Unknown,0.088
2025-12-01,YE,Practical Guidance,0.354
2025-12-01,YE,Seeking information,0.167
2025-12-01,YE,Self-expression,0.109
2025-12-01,YE,Technical help,0.032
2025-12-01,YE,Writing,0.234
2025-12-01,ZA,Multimedia,0.050
2025-12-01,ZA,Other/Unknown,0.060
2025-12-01,ZA,Practical Guidance,0.277
2025-12-01,ZA,Seeking information,0.186
2025-12-01,ZA,Self-expression,0.095
2025-12-01,ZA,Technical help,0.036
2025-12-01,ZA,Writing,0.297
2025-12-01,ZM,Multimedia,0.044
2025-12-01,ZM,Other/Unknown,0.012
2025-12-01,ZM,Practical Guidance,0.358
2025-12-01,ZM,Seeking information,0.156
2025-12-01,ZM,Self-expression,0.114
2025-12-01,ZM,Technical help,0.017
2025-12-01,ZM,Writing,0.298
2026-01-01,AE,Multimedia,0.043
2026-01-01,AE,Other/Unknown,0.049
2026-01-01,AE,Practical Guidance,0.296
2026-01-01,AE,Seeking information,0.184
2026-01-01,AE,Self-expression,0.064
2026-01-01,AE,Technical help,0.051
2026-01-01,AE,Writing,0.312
2026-01-01,AF,Multimedia,0.068
2026-01-01,AF,Other/Unknown,0.063
2026-01-01,AF,Practical Guidance,0.280
2026-01-01,AF,Seeking information,0.157
2026-01-01,AF,Self-expression,0.102
2026-01-01,AF,Technical help,0.024
2026-01-01,AF,Writing,0.306
2026-01-01,AL,Multimedia,0.054
2026-01-01,AL,Other/Unknown,0.072
2026-01-01,AL,Practical Guidance,0.393
2026-01-01,AL,Seeking information,0.156
2026-01-01,AL,Self-expression,0.088
2026-01-01,AL,Technical help,0.055
2026-01-01,AL,Writing,0.182
2026-01-01,AM,Multimedia,0.077
2026-01-01,AM,Other/Unknown,0.086
2026-01-01,AM,Practical Guidance,0.313
2026-01-01,AM,Seeking information,0.151
2026-01-01,AM,Self-expression,0.116
2026-01-01,AM,Technical help,0.035
2026-01-01,AM,Writing,0.221
2026-01-01,AO,Multimedia,0.094
2026-01-01,AO,Other/Unknown,0.075
2026-01-01,AO,Practical Guidance,0.259
2026-01-01,AO,Seeking information,0.188
2026-01-01,AO,Self-expression,0.053
2026-01-01,AO,Technical help,0.062
2026-01-01,AO,Writing,0.270
2026-01-01,AR,Multimedia,0.066
2026-01-01,AR,Other/Unknown,0.055
2026-01-01,AR,Practical Guidance,0.302
2026-01-01,AR,Seeking information,0.180
2026-01-01,AR,Self-expression,0.169
2026-01-01,AR,Technical help,0.040
2026-01-01,AR,Writing,0.188
2026-01-01,AT,Multimedia,0.046
2026-01-01,AT,Other/Unknown,0.047
2026-01-01,AT,Practical Guidance,0.335
2026-01-01,AT,Seeking information,0.208
2026-01-01,AT,Self-expression,0.073
2026-01-01,AT,Technical help,0.050
2026-01-01,AT,Writing,0.242
2026-01-01,AU,Multimedia,0.047
2026-01-01,AU,Other/Unknown,0.043
2026-01-01,AU,Practical Guidance,0.296
2026-01-01,AU,Seeking information,0.205
2026-01-01,AU,Self-expression,0.086
2026-01-01,AU,Technical help,0.044
2026-01-01,AU,Writing,0.278
2026-01-01,AZ,Multimedia,0.048
2026-01-01,AZ,Other/Unknown,0.071
2026-01-01,AZ,Practical Guidance,0.343
2026-01-01,AZ,Seeking information,0.181
2026-01-01,AZ,Self-expression,0.149
2026-01-01,AZ,Technical help,0.046
2026-01-01,AZ,Writing,0.162
2026-01-01,BA,Multimedia,0.023
2026-01-01,BA,Other/Unknown,0.073
2026-01-01,BA,Practical Guidance,0.360
2026-01-01,BA,Seeking information,0.239
2026-01-01,BA,Self-expression,0.092
2026-01-01,BA,Technical help,0.050
2026-01-01,BA,Writing,0.163
2026-01-01,BD,Multimedia,0.053
2026-01-01,BD,Other/Unknown,0.076
2026-01-01,BD,Practical Guidance,0.312
2026-01-01,BD,Seeking information,0.189
2026-01-01,BD,Self-expression,0.070
2026-01-01,BD,Technical help,0.043
2026-01-01,BD,Writing,0.258
2026-01-01,BE,Multimedia,0.041
2026-01-01,BE,Other/Unknown,0.040
2026-01-01,BE,Practical Guidance,0.340
2026-01-01,BE,Seeking information,0.208
2026-01-01,BE,Self-expression,0.077
2026-01-01,BE,Technical help,0.042
2026-01-01,BE,Writing,0.252
2026-01-01,BG,Multimedia,0.078
2026-01-01,BG,Other/Unknown,0.045
2026-01-01,BG,Practical Guidance,0.365
2026-01-01,BG,Seeking information,0.234
2026-01-01,BG,Self-expression,0.083
2026-01-01,BG,Technical help,0.033
2026-01-01,BG,Writing,0.162
2026-01-01,BH,Multimedia,0.108
2026-01-01,BH,Other/Unknown,0.076
2026-01-01,BH,Practical Guidance,0.199
2026-01-01,BH,Seeking information,0.185
2026-01-01,BH,Self-expression,0.137
2026-01-01,BH,Technical help,0.008
2026-01-01,BH,Writing,0.286
2026-01-01,BJ,Multimedia,0.113
2026-01-01,BJ,Other/Unknown,0.000
2026-01-01,BJ,Practical Guidance,0.258
2026-01-01,BJ,Seeking information,0.154
2026-01-01,BJ,Self-expression,0.093
2026-01-01,BJ,Technical help,0.000
2026-01-01,BJ,Writing,0.383
2026-01-01,BO,Multimedia,0.062
2026-01-01,BO,Other/Unknown,0.046
2026-01-01,BO,Practical Guidance,0.322
2026-01-01,BO,Seeking information,0.207
2026-01-01,BO,Self-expression,0.117
2026-01-01,BO,Technical help,0.040
2026-01-01,BO,Writing,0.205
2026-01-01,BR,Multimedia,0.082
2026-01-01,BR,Other/Unknown,0.052
2026-01-01,BR,Practical Guidance,0.292
2026-01-01,BR,Seeking information,0.159
2026-01-01,BR,Self-expression,0.109
2026-01-01,BR,Technical help,0.045
2026-01-01,BR,Writing,0.261
2026-01-01,CA,Multimedia,0.049
2026-01-01,CA,Other/Unknown,0.044
2026-01-01,CA,Practical Guidance,0.317
2026-01-01,CA,Seeking information,0.202
2026-01-01,CA,Self-expression,0.074
2026-01-01,CA,Technical help,0.049
2026-01-01,CA,Writing,0.264
2026-01-01,CD,Multimedia,0.057
2026-01-01,CD,Other/Unknown,0.099
2026-01-01,CD,Practical Guidance,0.285
2026-01-01,CD,Seeking information,0.147
2026-01-01,CD,Self-expression,0.085
2026-01-01,CD,Technical help,0.048
2026-01-01,CD,Writing,0.278
2026-01-01,CH,Multimedia,0.050
2026-01-01,CH,Other/Unknown,0.048
2026-01-01,CH,Practical Guidance,0.292
2026-01-01,CH,Seeking information,0.219
2026-01-01,CH,Self-expression,0.067
2026-01-01,CH,Technical help,0.042
2026-01-01,CH,Writing,0.283
2026-01-01,CI,Multimedia,0.040
2026-01-01,CI,Other/Unknown,0.071
2026-01-01,CI,Practical Guidance,0.273
2026-01-01,CI,Seeking information,0.126
2026-01-01,CI,Self-expression,0.108
2026-01-01,CI,Technical help,0.024
2026-01-01,CI,Writing,0.358
2026-01-01,CL,Multimedia,0.057
2026-01-01,CL,Other/Unknown,0.050
2026-01-01,CL,Practical Guidance,0.315
2026-01-01,CL,Seeking information,0.186
2026-01-01,CL,Self-expression,0.138
2026-01-01,CL,Technical help,0.046
2026-01-01,CL,Writing,0.207
2026-01-01,CM,Multimedia,0.036
2026-01-01,CM,Other/Unknown,0.061
2026-01-01,CM,Practical Guidance,0.277
2026-01-01,CM,Seeking information,0.122
2026-01-01,CM,Self-expression,0.084
2026-01-01,CM,Technical help,0.052
2026-01-01,CM,Writing,0.367
2026-01-01,CO,Multimedia,0.069
2026-01-01,CO,Other/Unknown,0.051
2026-01-01,CO,Practical Guidance,0.299
2026-01-01,CO,Seeking information,0.175
2026-01-01,CO,Self-expression,0.098
2026-01-01,CO,Technical help,0.042
2026-01-01,CO,Writing,0.267
2026-01-01,CR,Multimedia,0.053
2026-01-01,CR,Other/Unknown,0.053
2026-01-01,CR,Practical Guidance,0.301
2026-01-01,CR,Seeking information,0.192
2026-01-01,CR,Self-expression,0.110
2026-01-01,CR,Technical help,0.051
2026-01-01,CR,Writing,0.240
2026-01-01,CY,Multimedia,0.072
2026-01-01,CY,Other/Unknown,0.016
2026-01-01,CY,Practical Guidance,0.343
2026-01-01,CY,Seeking information,0.180
2026-01-01,CY,Self-expression,0.093
2026-01-01,CY,Technical help,0.046
2026-01-01,CY,Writing,0.250
2026-01-01,CZ,Multimedia,0.055
2026-01-01,CZ,Other/Unknown,0.047
2026-01-01,CZ,Practical Guidance,0.351
2026-01-01,CZ,Seeking information,0.238
2026-01-01,CZ,Self-expression,0.089
2026-01-01,CZ,Technical help,0.046
2026-01-01,CZ,Writing,0.174
2026-01-01,DE,Multimedia,0.051
2026-01-01,DE,Other/Unknown,0.050
2026-01-01,DE,Practical Guidance,0.319
2026-01-01,DE,Seeking information,0.207
2026-01-01,DE,Self-expression,0.080
2026-01-01,DE,Technical help,0.044
2026-01-01,DE,Writing,0.249
2026-01-01,DK,Multimedia,0.056
2026-01-01,DK,Other/Unknown,0.029
2026-01-01,DK,Practical Guidance,0.321
2026-01-01,DK,Seeking information,0.192
2026-01-01,DK,Self-expression,0.073
2026-01-01,DK,Technical help,0.041
2026-01-01,DK,Writing,0.288
2026-01-01,DO,Multimedia,0.067
2026-01-01,DO,Other/Unknown,0.060
2026-01-01,DO,Practical Guidance,0.323
2026-01-01,DO,Seeking information,0.139
2026-01-01,DO,Self-expression,0.110
2026-01-01,DO,Technical help,0.044
2026-01-01,DO,Writing,0.257
2026-01-01,DZ,Multimedia,0.047
2026-01-01,DZ,Other/Unknown,0.081
2026-01-01,DZ,Practical Guidance,0.326
2026-01-01,DZ,Seeking information,0.166
2026-01-01,DZ,Self-expression,0.118
2026-01-01,DZ,Technical help,0.030
2026-01-01,DZ,Writing,0.233
2026-01-01,EC,Multimedia,0.059
2026-01-01,EC,Other/Unknown,0.046
2026-01-01,EC,Practical Guidance,0.332
2026-01-01,EC,Seeking information,0.164
2026-01-01,EC,Self-expression,0.064
2026-01-01,EC,Technical help,0.051
2026-01-01,EC,Writing,0.283
2026-01-01,EE,Multimedia,0.040
2026-01-01,EE,Other/Unknown,0.027
2026-01-01,EE,Practical Guidance,0.331
2026-01-01,EE,Seeking information,0.180
2026-01-01,EE,Self-expression,0.083
2026-01-01,EE,Technical help,0.075
2026-01-01,EE,Writing,0.264
2026-01-01,EG,Multimedia,0.051
2026-01-01,EG,Other/Unknown,0.065
2026-01-01,EG,Practical Guidance,0.358
2026-01-01,EG,Seeking information,0.182
2026-01-01,EG,Self-expression,0.102
2026-01-01,EG,Technical help,0.042
2026-01-01,EG,Writing,0.199
2026-01-01,ES,Multimedia,0.058
2026-01-01,ES,Other/Unknown,0.046
2026-01-01,ES,Practical Guidance,0.352
2026-01-01,ES,Seeking information,0.218
2026-01-01,ES,Self-expression,0.071
2026-01-01,ES,Technical help,0.051
2026-01-01,ES,Writing,0.203
2026-01-01,ET,Multimedia,0.042
2026-01-01,ET,Other/Unknown,0.048
2026-01-01,ET,Practical Guidance,0.425
2026-01-01,ET,Seeking information,0.154
2026-01-01,ET,Self-expression,0.042
2026-01-01,ET,Technical help,0.038
2026-01-01,ET,Writing,0.250
2026-01-01,FI,Multimedia,0.046
2026-01-01,FI,Other/Unknown,0.043
2026-01-01,FI,Practical Guidance,0.351
2026-01-01,FI,Seeking information,0.202
2026-01-01,FI,Self-expression,0.069
2026-01-01,FI,Technical help,0.055
2026-01-01,FI,Writing,0.235
2026-01-01,FR,Multimedia,0.058
2026-01-01,FR,Other/Unknown,0.045
2026-01-01,FR,Practical Guidance,0.321
2026-01-01,FR,Seeking information,0.216
2026-01-01,FR,Self-expression,0.077
2026-01-01,FR,Technical help,0.044
2026-01-01,FR,Writing,0.239
2026-01-01,GB,Multimedia,0.050
2026-01-01,GB,Other/Unknown,0.045
2026-01-01,GB,Practical Guidance,0.318
2026-01-01,GB,Seeking information,0.192
2026-01-01,GB,Self-expression,0.079
2026-01-01,GB,Technical help,0.047
2026-01-01,GB,Writing,0.268
2026-01-01,GE,Multimedia,0.058
2026-01-01,GE,Other/Unknown,0.045
2026-01-01,GE,Practical Guidance,0.343
2026-01-01,GE,Seeking information,0.217
2026-01-01,GE,Self-expression,0.100
2026-01-01,GE,Technical help,0.043
2026-01-01,GE,Writing,0.194
2026-01-01,GH,Multimedia,0.076
2026-01-01,GH,Other/Unknown,0.069
2026-01-01,GH,Practical Guidance,0.314
2026-01-01,GH,Seeking information,0.154
2026-01-01,GH,Self-expression,0.060
2026-01-01,GH,Technical help,0.028
2026-01-01,GH,Writing,0.300
2026-01-01,GR,Multimedia,0.050
2026-01-01,GR,Other/Unknown,0.069
2026-01-01,GR,Practical Guidance,0.359
2026-01-01,GR,Seeking information,0.216
2026-01-01,GR,Self-expression,0.102
2026-01-01,GR,Technical help,0.037
2026-01-01,GR,Writing,0.167
2026-01-01,GT,Multimedia,0.062
2026-01-01,GT,Other/Unknown,0.032
2026-01-01,GT,Practical Guidance,0.317
2026-01-01,GT,Seeking information,0.172
2026-01-01,GT,Self-expression,0.104
2026-01-01,GT,Technical help,0.041
2026-01-01,GT,Writing,0.271
2026-01-01,HN,Multimedia,0.089
2026-01-01,HN,Other/Unknown,0.032
2026-01-01,HN,Practical Guidance,0.335
2026-01-01,HN,Seeking information,0.112
2026-01-01,HN,Self-expression,0.124
2026-01-01,HN,Technical help,0.033
2026-01-01,HN,Writing,0.275
2026-01-01,HR,Multimedia,0.054
2026-01-01,HR,Other/Unknown,0.051
2026-01-01,HR,Practical Guidance,0.361
2026-01-01,HR,Seeking information,0.204
2026-01-01,HR,Self-expression,0.086
2026-01-01,HR,Technical help,0.056
2026-01-01,HR,Writing,0.187
2026-01-01,HT,Multimedia,0.005
2026-01-01,HT,Other/Unknown,0.060
2026-01-01,HT,Practical Guidance,0.357
2026-01-01,HT,Seeking information,0.130
2026-01-01,HT,Self-expression,0.119
2026-01-01,HT,Technical help,0.000
2026-01-01,HT,Writing,0.328
2026-01-01,HU,Multimedia,0.042
2026-01-01,HU,Other/Unknown,0.052
2026-01-01,HU,Practical Guidance,0.323
2026-01-01,HU,Seeking information,0.253
2026-01-01,HU,Self-expression,0.102
2026-01-01,HU,Technical help,0.052
2026-01-01,HU,Writing,0.177
2026-01-01,ID,Multimedia,0.052
2026-01-01,ID,Other/Unknown,0.045
2026-01-01,ID,Practical Guidance,0.303
2026-01-01,ID,Seeking information,0.148
2026-01-01,ID,Self-expression,0.088
2026-01-01,ID,Technical help,0.046
2026-01-01,ID,Writing,0.318
2026-01-01,IE,Multimedia,0.038
2026-01-01,IE,Other/Unknown,0.052
2026-01-01,IE,Practical Guidance,0.306
2026-01-01,IE,Seeking information,0.220
2026-01-01,IE,Self-expression,0.096
2026-01-01,IE,Technical help,0.049
2026-01-01,IE,Writing,0.240
2026-01-01,IL,Multimedia,0.058
2026-01-01,IL,Other/Unknown,0.060
2026-01-01,IL,Practical Guidance,0.327
2026-01-01,IL,Seeking information,0.210
2026-01-01,IL,Self-expression,0.074
2026-01-01,IL,Technical help,0.049
2026-01-01,IL,Writing,0.222
2026-01-01,IN,Multimedia,0.064
2026-01-01,IN,Other/Unknown,0.066
2026-01-01,IN,Practical Guidance,0.341
2026-01-01,IN,Seeking information,0.158
2026-01-01,IN,Self-expression,0.065
2026-01-01,IN,Technical help,0.075
2026-01-01,IN,Writing,0.231
2026-01-01,IQ,Multimedia,0.058
2026-01-01,IQ,Other/Unknown,0.076
2026-01-01,IQ,Practical Guidance,0.347
2026-01-01,IQ,Seeking information,0.167
2026-01-01,IQ,Self-expression,0.129
2026-01-01,IQ,Technical help,0.028
2026-01-01,IQ,Writing,0.196
2026-01-01,IT,Multimedia,0.057
2026-01-01,IT,Other/Unknown,0.042
2026-01-01,IT,Practical Guidance,0.341
2026-01-01,IT,Seeking information,0.186
2026-01-01,IT,Self-expression,0.081
2026-01-01,IT,Technical help,0.049
2026-01-01,IT,Writing,0.244
2026-01-01,JM,Multimedia,0.068
2026-01-01,JM,Other/Unknown,0.015
2026-01-01,JM,Practical Guidance,0.393
2026-01-01,JM,Seeking information,0.154
2026-01-01,JM,Self-expression,0.074
2026-01-01,JM,Technical help,0.038
2026-01-01,JM,Writing,0.258
2026-01-01,JO,Multimedia,0.043
2026-01-01,JO,Other/Unknown,0.071
2026-01-01,JO,Practical Guidance,0.350
2026-01-01,JO,Seeking information,0.175
2026-01-01,JO,Self-expression,0.114
2026-01-01,JO,Technical help,0.050
2026-01-01,JO,Writing,0.197
2026-01-01,JP,Multimedia,0.037
2026-01-01,JP,Other/Unknown,0.045
2026-01-01,JP,Practical Guidance,0.302
2026-01-01,JP,Seeking information,0.177
2026-01-01,JP,Self-expression,0.168
2026-01-01,JP,Technical help,0.042
2026-01-01,JP,Writing,0.229
2026-01-01,KE,Multimedia,0.041
2026-01-01,KE,Other/Unknown,0.055
2026-01-01,KE,Practical Guidance,0.330
2026-01-01,KE,Seeking information,0.182
2026-01-01,KE,Self-expression,0.058
2026-01-01,KE,Technical help,0.047
2026-01-01,KE,Writing,0.287
2026-01-01,KG,Multimedia,0.071
2026-01-01,KG,Other/Unknown,0.066
2026-01-01,KG,Practical Guidance,0.333
2026-01-01,KG,Seeking information,0.180
2026-01-01,KG,Self-expression,0.087
2026-01-01,KG,Technical help,0.032
2026-01-01,KG,Writing,0.231
2026-01-01,KH,Multimedia,0.036
2026-01-01,KH,Other/Unknown,0.068
2026-01-01,KH,Practical Guidance,0.211
2026-01-01,KH,Seeking information,0.137
2026-01-01,KH,Self-expression,0.083
2026-01-01,KH,Technical help,0.039
2026-01-01,KH,Writing,0.425
2026-01-01,KR,Multimedia,0.039
2026-01-01,KR,Other/Unknown,0.058
2026-01-01,KR,Practical Guidance,0.317
2026-01-01,KR,Seeking information,0.204
2026-01-01,KR,Self-expression,0.109
2026-01-01,KR,Technical help,0.045
2026-01-01,KR,Writing,0.228
2026-01-01,KW,Multimedia,0.042
2026-01-01,KW,Other/Unknown,0.077
2026-01-01,KW,Practical Guidance,0.313
2026-01-01,KW,Seeking information,0.158
2026-01-01,KW,Self-expression,0.148
2026-01-01,KW,Technical help,0.029
2026-01-01,KW,Writing,0.233
2026-01-01,KZ,Multimedia,0.057
2026-01-01,KZ,Other/Unknown,0.075
2026-01-01,KZ,Practical Guidance,0.324
2026-01-01,KZ,Seeking information,0.175
2026-01-01,KZ,Self-expression,0.101
2026-01-01,KZ,Technical help,0.044
2026-01-01,KZ,Writing,0.223
2026-01-01,LB,Multimedia,0.062
2026-01-01,LB,Other/Unknown,0.066
2026-01-01,LB,Practical Guidance,0.354
2026-01-01,LB,Seeking information,0.179
2026-01-01,LB,Self-expression,0.097
2026-01-01,LB,Technical help,0.027
2026-01-01,LB,Writing,0.215
2026-01-01,LK,Multimedia,0.044
2026-01-01,LK,Other/Unknown,0.065
2026-01-01,LK,Practical Guidance,0.331
2026-01-01,LK,Seeking information,0.155
2026-01-01,LK,Self-expression,0.054
2026-01-01,LK,Technical help,0.065
2026-01-01,LK,Writing,0.285
2026-01-01,LT,Multimedia,0.029
2026-01-01,LT,Other/Unknown,0.060
2026-01-01,LT,Practical Guidance,0.363
2026-01-01,LT,Seeking information,0.215
2026-01-01,LT,Self-expression,0.082
2026-01-01,LT,Technical help,0.050
2026-01-01,LT,Writing,0.201
2026-01-01,LU,Multimedia,0.023
2026-01-01,LU,Other/Unknown,0.026
2026-01-01,LU,Practical Guidance,0.351
2026-01-01,LU,Seeking information,0.174
2026-01-01,LU,Self-expression,0.028
2026-01-01,LU,Technical help,0.042
2026-01-01,LU,Writing,0.356
2026-01-01,LV,Multimedia,0.054
2026-01-01,LV,Other/Unknown,0.039
2026-01-01,LV,Practical Guidance,0.328
2026-01-01,LV,Seeking information,0.189
2026-01-01,LV,Self-expression,0.094
2026-01-01,LV,Technical help,0.091
2026-01-01,LV,Writing,0.205
2026-01-01,LY,Multimedia,0.055
2026-01-01,LY,Other/Unknown,0.053
2026-01-01,LY,Practical Guidance,0.337
2026-01-01,LY,Seeking information,0.158
2026-01-01,LY,Self-expression,0.133
2026-01-01,LY,Technical help,0.039
2026-01-01,LY,Writing,0.225
2026-01-01,MA,Multimedia,0.043
2026-01-01,MA,Other/Unknown,0.072
2026-01-01,MA,Practical Guidance,0.309
2026-01-01,MA,Seeking information,0.187
2026-01-01,MA,Self-expression,0.072
2026-01-01,MA,Technical help,0.037
2026-01-01,MA,Writing,0.280
2026-01-01,MD,Multimedia,0.043
2026-01-01,MD,Other/Unknown,0.071
2026-01-01,MD,Practical Guidance,0.342
2026-01-01,MD,Seeking information,0.159
2026-01-01,MD,Self-expression,0.085
2026-01-01,MD,Technical help,0.072
2026-01-01,MD,Writing,0.228
2026-01-01,ME,Multimedia,0.075
2026-01-01,ME,Other/Unknown,0.075
2026-01-01,ME,Practical Guidance,0.246
2026-01-01,ME,Seeking information,0.184
2026-01-01,ME,Self-expression,0.171
2026-01-01,ME,Technical help,0.028
2026-01-01,ME,Writing,0.221
2026-01-01,MG,Multimedia,0.000
2026-01-01,MG,Other/Unknown,0.026
2026-01-01,MG,Practical Guidance,0.403
2026-01-01,MG,Seeking information,0.186
2026-01-01,MG,Self-expression,0.040
2026-01-01,MG,Technical help,0.013
2026-01-01,MG,Writing,0.332
2026-01-01,MK,Multimedia,0.018
2026-01-01,MK,Other/Unknown,0.055
2026-01-01,MK,Practical Guidance,0.357
2026-01-01,MK,Seeking information,0.192
2026-01-01,MK,Self-expression,0.092
2026-01-01,MK,Technical help,0.061
2026-01-01,MK,Writing,0.225
2026-01-01,MM,Multimedia,0.031
2026-01-01,MM,Other/Unknown,0.075
2026-01-01,MM,Practical Guidance,0.289
2026-01-01,MM,Seeking information,0.192
2026-01-01,MM,Self-expression,0.098
2026-01-01,MM,Technical help,0.033
2026-01-01,MM,Writing,0.283
2026-01-01,MN,Multimedia,0.079
2026-01-01,MN,Other/Unknown,0.101
2026-01-01,MN,Practical Guidance,0.325
2026-01-01,MN,Seeking information,0.165
2026-01-01,MN,Self-expression,0.083
2026-01-01,MN,Technical help,0.041
2026-01-01,MN,Writing,0.206
2026-01-01,MT,Multimedia,0.024
2026-01-01,MT,Other/Unknown,0.021
2026-01-01,MT,Practical Guidance,0.238
2026-01-01,MT,Seeking information,0.200
2026-01-01,MT,Self-expression,0.050
2026-01-01,MT,Technical help,0.076
2026-01-01,MT,Writing,0.390
2026-01-01,MX,Multimedia,0.069
2026-01-01,MX,Other/Unknown,0.045
2026-01-01,MX,Practical Guidance,0.323
2026-01-01,MX,Seeking information,0.165
2026-01-01,MX,Self-expression,0.130
2026-01-01,MX,Technical help,0.034
2026-01-01,MX,Writing,0.234
2026-01-01,MY,Multimedia,0.048
2026-01-01,MY,Other/Unknown,0.059
2026-01-01,MY,Practical Guidance,0.304
2026-01-01,MY,Seeking information,0.162
2026-01-01,MY,Self-expression,0.084
2026-01-01,MY,Technical help,0.045
2026-01-01,MY,Writing,0.297
2026-01-01,MZ,Multimedia,0.079
2026-01-01,MZ,Other/Unknown,0.064
2026-01-01,MZ,Practical Guidance,0.313
2026-01-01,MZ,Seeking information,0.161
2026-01-01,MZ,Self-expression,0.058
2026-01-01,MZ,Technical help,0.000
2026-01-01,MZ,Writing,0.325
2026-01-01,NG,Multimedia,0.047
2026-01-01,NG,Other/Unknown,0.061
2026-01-01,NG,Practical Guidance,0.270
2026-01-01,NG,Seeking information,0.147
2026-01-01,NG,Self-expression,0.076
2026-01-01,NG,Technical help,0.036
2026-01-01,NG,Writing,0.364
2026-01-01,NI,Multimedia,0.061
2026-01-01,NI,Other/Unknown,0.058
2026-01-01,NI,Practical Guidance,0.332
2026-01-01,NI,Seeking information,0.158
2026-01-01,NI,Self-expression,0.115
2026-01-01,NI,Technical help,0.048
2026-01-01,NI,Writing,0.228
2026-01-01,NL,Multimedia,0.056
2026-01-01,NL,Other/Unknown,0.043
2026-01-01,NL,Practical Guidance,0.321
2026-01-01,NL,Seeking information,0.199
2026-01-01,NL,Self-expression,0.080
2026-01-01,NL,Technical help,0.054
2026-01-01,NL,Writing,0.248
2026-01-01,NO,Multimedia,0.041
2026-01-01,NO,Other/Unknown,0.040
2026-01-01,NO,Practical Guidance,0.362
2026-01-01,NO,Seeking information,0.227
2026-01-01,NO,Self-expression,0.073
2026-01-01,NO,Technical help,0.033
2026-01-01,NO,Writing,0.225
2026-01-01,NP,Multimedia,0.048
2026-01-01,NP,Other/Unknown,0.076
2026-01-01,NP,Practical Guidance,0.316
2026-01-01,NP,Seeking information,0.169
2026-01-01,NP,Self-expression,0.075
2026-01-01,NP,Technical help,0.049
2026-01-01,NP,Writing,0.266
2026-01-01,NZ,Multimedia,0.037
2026-01-01,NZ,Other/Unknown,0.034
2026-01-01,NZ,Practical Guidance,0.291
2026-01-01,NZ,Seeking information,0.200
2026-01-01,NZ,Self-expression,0.092
2026-01-01,NZ,Technical help,0.041
2026-01-01,NZ,Writing,0.305
2026-01-01,OM,Multimedia,0.066
2026-01-01,OM,Other/Unknown,0.077
2026-01-01,OM,Practical Guidance,0.300
2026-01-01,OM,Seeking information,0.145
2026-01-01,OM,Self-expression,0.107
2026-01-01,OM,Technical help,0.060
2026-01-01,OM,Writing,0.245
2026-01-01,PA,Multimedia,0.063
2026-01-01,PA,Other/Unknown,0.063
2026-01-01,PA,Practical Guidance,0.341
2026-01-01,PA,Seeking information,0.169
2026-01-01,PA,Self-expression,0.090
2026-01-01,PA,Technical help,0.034
2026-01-01,PA,Writing,0.240
2026-01-01,PE,Multimedia,0.054
2026-01-01,PE,Other/Unknown,0.043
2026-01-01,PE,Practical Guidance,0.319
2026-01-01,PE,Seeking information,0.148
2026-01-01,PE,Self-expression,0.111
2026-01-01,PE,Technical help,0.044
2026-01-01,PE,Writing,0.280
2026-01-01,PH,Multimedia,0.041
2026-01-01,PH,Other/Unknown,0.040
2026-01-01,PH,Practical Guidance,0.296
2026-01-01,PH,Seeking information,0.147
2026-01-01,PH,Self-expression,0.049
2026-01-01,PH,Technical help,0.038
2026-01-01,PH,Writing,0.389
2026-01-01,PK,Multimedia,0.058
2026-01-01,PK,Other/Unknown,0.062
2026-01-01,PK,Practical Guidance,0.324
2026-01-01,PK,Seeking information,0.162
2026-01-01,PK,Self-expression,0.055
2026-01-01,PK,Technical help,0.050
2026-01-01,PK,Writing,0.290
2026-01-01,PL,Multimedia,0.048
2026-01-01,PL,Other/Unknown,0.045
2026-01-01,PL,Practical Guidance,0.349
2026-01-01,PL,Seeking information,0.210
2026-01-01,PL,Self-expression,0.086
2026-01-01,PL,Technical help,0.050
2026-01-01,PL,Writing,0.213
2026-01-01,PR,Multimedia,0.085
2026-01-01,PR,Other/Unknown,0.035
2026-01-01,PR,Practical Guidance,0.365
2026-01-01,PR,Seeking information,0.190
2026-01-01,PR,Self-expression,0.074
2026-01-01,PR,Technical help,0.017
2026-01-01,PR,Writing,0.235
2026-01-01,PS,Multimedia,0.064
2026-01-01,PS,Other/Unknown,0.086
2026-01-01,PS,Practical Guidance,0.360
2026-01-01,PS,Seeking information,0.186
2026-01-01,PS,Self-expression,0.093
2026-01-01,PS,Technical help,0.018
2026-01-01,PS,Writing,0.194
2026-01-01,PT,Multimedia,0.048
2026-01-01,PT,Other/Unknown,0.043
2026-01-01,PT,Practical Guidance,0.318
2026-01-01,PT,Seeking information,0.230
2026-01-01,PT,Self-expression,0.071
2026-01-01,PT,Technical help,0.056
2026-01-01,PT,Writing,0.235
2026-01-01,PY,Multimedia,0.075
2026-01-01,PY,Other/Unknown,0.056
2026-01-01,PY,Practical Guidance,0.340
2026-01-01,PY,Seeking information,0.118
2026-01-01,PY,Self-expression,0.140
2026-01-01,PY,Technical help,0.049
2026-01-01,PY,Writing,0.224
2026-01-01,QA,Multimedia,0.050
2026-01-01,QA,Other/Unknown,0.067
2026-01-01,QA,Practical Guidance,0.268
2026-01-01,QA,Seeking information,0.185
2026-01-01,QA,Self-expression,0.067
2026-01-01,QA,Technical help,0.037
2026-01-01,QA,Writing,0.325
2026-01-01,RE,Multimedia,0.002
2026-01-01,RE,Other/Unknown,0.103
2026-01-01,RE,Practical Guidance,0.256
2026-01-01,RE,Seeking information,0.188
2026-01-01,RE,Self-expression,0.183
2026-01-01,RE,Technical help,0.068
2026-01-01,RE,Writing,0.201
2026-01-01,RO,Multimedia,0.051
2026-01-01,RO,Other/Unknown,0.057
2026-01-01,RO,Practical Guidance,0.363
2026-01-01,RO,Seeking information,0.225
2026-01-01,RO,Self-expression,0.088
2026-01-01,RO,Technical help,0.038
2026-01-01,RO,Writing,0.177
2026-01-01,RS,Multimedia,0.057
2026-01-01,RS,Other/Unknown,0.048
2026-01-01,RS,Practical Guidance,0.375
2026-01-01,RS,Seeking information,0.204
2026-01-01,RS,Self-expression,0.125
2026-01-01,RS,Technical help,0.038
2026-01-01,RS,Writing,0.152
2026-01-01,RW,Multimedia,0.012
2026-01-01,RW,Other/Unknown,0.044
2026-01-01,RW,Practical Guidance,0.314
2026-01-01,RW,Seeking information,0.254
2026-01-01,RW,Self-expression,0.047
2026-01-01,RW,Technical help,0.042
2026-01-01,RW,Writing,0.286
2026-01-01,SA,Multimedia,0.047
2026-01-01,SA,Other/Unknown,0.068
2026-01-01,SA,Practical Guidance,0.319
2026-01-01,SA,Seeking information,0.181
2026-01-01,SA,Self-expression,0.116
2026-01-01,SA,Technical help,0.035
2026-01-01,SA,Writing,0.235
2026-01-01,SD,Multimedia,0.060
2026-01-01,SD,Other/Unknown,0.048
2026-01-01,SD,Practical Guidance,0.366
2026-01-01,SD,Seeking information,0.192
2026-01-01,SD,Self-expression,0.095
2026-01-01,SD,Technical help,0.000
2026-01-01,SD,Writing,0.239
2026-01-01,SE,Multimedia,0.038
2026-01-01,SE,Other/Unknown,0.045
2026-01-01,SE,Practical Guidance,0.321
2026-01-01,SE,Seeking information,0.212
2026-01-01,SE,Self-expression,0.071
2026-01-01,SE,Technical help,0.050
2026-01-01,SE,Writing,0.262
2026-01-01,SG,Multimedia,0.037
2026-01-01,SG,Other/Unknown,0.036
2026-01-01,SG,Practical Guidance,0.275
2026-01-01,SG,Seeking information,0.181
2026-01-01,SG,Self-expression,0.059
2026-01-01,SG,Technical help,0.084
2026-01-01,SG,Writing,0.328
2026-01-01,SI,Multimedia,0.024
2026-01-01,SI,Other/Unknown,0.060
2026-01-01,SI,Practical Guidance,0.331
2026-01-01,SI,Seeking information,0.215
2026-01-01,SI,Self-expression,0.075
2026-01-01,SI,Technical help,0.045
2026-01-01,SI,Writing,0.251
2026-01-01,SK,Multimedia,0.043
2026-01-01,SK,Other/Unknown,0.049
2026-01-01,SK,Practical Guidance,0.305
2026-01-01,SK,Seeking information,0.277
2026-01-01,SK,Self-expression,0.090
2026-01-01,SK,Technical help,0.035
2026-01-01,SK,Writing,0.200
2026-01-01,SN,Multimedia,0.050
2026-01-01,SN,Other/Unknown,0.065
2026-01-01,SN,Practical Guidance,0.244
2026-01-01,SN,Seeking information,0.164
2026-01-01,SN,Self-expression,0.092
2026-01-01,SN,Technical help,0.079
2026-01-01,SN,Writing,0.306
2026-01-01,SO,Multimedia,0.075
2026-01-01,SO,Other/Unknown,0.103
2026-01-01,SO,Practical Guidance,0.300
2026-01-01,SO,Seeking information,0.157
2026-01-01,SO,Self-expression,0.095
2026-01-01,SO,Technical help,0.008
2026-01-01,SO,Writing,0.261
2026-01-01,SV,Multimedia,0.054
2026-01-01,SV,Other/Unknown,0.028
2026-01-01,SV,Practical Guidance,0.347
2026-01-01,SV,Seeking information,0.177
2026-01-01,SV,Self-expression,0.137
2026-01-01,SV,Technical help,0.015
2026-01-01,SV,Writing,0.242
2026-01-01,TH,Multimedia,0.053
2026-01-01,TH,Other/Unknown,0.064
2026-01-01,TH,Practical Guidance,0.291
2026-01-01,TH,Seeking information,0.162
2026-01-01,TH,Self-expression,0.104
2026-01-01,TH,Technical help,0.041
2026-01-01,TH,Writing,0.285
2026-01-01,TJ,Multimedia,0.009
2026-01-01,TJ,Other/Unknown,0.084
2026-01-01,TJ,Practical Guidance,0.371
2026-01-01,TJ,Seeking information,0.122
2026-01-01,TJ,Self-expression,0.168
2026-01-01,TJ,Technical help,0.050
2026-01-01,TJ,Writing,0.196
2026-01-01,TN,Multimedia,0.040
2026-01-01,TN,Other/Unknown,0.087
2026-01-01,TN,Practical Guidance,0.328
2026-01-01,TN,Seeking information,0.134
2026-01-01,TN,Self-expression,0.068
2026-01-01,TN,Technical help,0.042
2026-01-01,TN,Writing,0.301
2026-01-01,TR,Multimedia,0.057
2026-01-01,TR,Other/Unknown,0.069
2026-01-01,TR,Practical Guidance,0.332
2026-01-01,TR,Seeking information,0.199
2026-01-01,TR,Self-expression,0.135
2026-01-01,TR,Technical help,0.043
2026-01-01,TR,Writing,0.164
2026-01-01,TW,Multimedia,0.047
2026-01-01,TW,Other/Unknown,0.058
2026-01-01,TW,Practical Guidance,0.264
2026-01-01,TW,Seeking information,0.168
2026-01-01,TW,Self-expression,0.129
2026-01-01,TW,Technical help,0.064
2026-01-01,TW,Writing,0.270
2026-01-01,TZ,Multimedia,0.048
2026-01-01,TZ,Other/Unknown,0.068
2026-01-01,TZ,Practical Guidance,0.339
2026-01-01,TZ,Seeking information,0.174
2026-01-01,TZ,Self-expression,0.066
2026-01-01,TZ,Technical help,0.028
2026-01-01,TZ,Writing,0.278
2026-01-01,UA,Multimedia,0.052
2026-01-01,UA,Other/Unknown,0.052
2026-01-01,UA,Practical Guidance,0.344
2026-01-01,UA,Seeking information,0.179
2026-01-01,UA,Self-expression,0.095
2026-01-01,UA,Technical help,0.040
2026-01-01,UA,Writing,0.237
2026-01-01,UG,Multimedia,0.007
2026-01-01,UG,Other/Unknown,0.000
2026-01-01,UG,Practical Guidance,0.454
2026-01-01,UG,Seeking information,0.209
2026-01-01,UG,Self-expression,0.058
2026-01-01,UG,Technical help,0.068
2026-01-01,UG,Writing,0.203
2026-01-01,US,Multimedia,0.053
2026-01-01,US,Other/Unknown,0.044
2026-01-01,US,Practical Guidance,0.323
2026-01-01,US,Seeking information,0.192
2026-01-01,US,Self-expression,0.087
2026-01-01,US,Technical help,0.048
2026-01-01,US,Writing,0.254
2026-01-01,UY,Multimedia,0.073
2026-01-01,UY,Other/Unknown,0.030
2026-01-01,UY,Practical Guidance,0.299
2026-01-01,UY,Seeking information,0.203
2026-01-01,UY,Self-expression,0.151
2026-01-01,UY,Technical help,0.057
2026-01-01,UY,Writing,0.186
2026-01-01,UZ,Multimedia,0.072
2026-01-01,UZ,Other/Unknown,0.084
2026-01-01,UZ,Practical Guidance,0.320
2026-01-01,UZ,Seeking information,0.161
2026-01-01,UZ,Self-expression,0.107
2026-01-01,UZ,Technical help,0.042
2026-01-01,UZ,Writing,0.214
2026-01-01,VN,Multimedia,0.048
2026-01-01,VN,Other/Unknown,0.056
2026-01-01,VN,Practical Guidance,0.300
2026-01-01,VN,Seeking information,0.148
2026-01-01,VN,Self-expression,0.083
2026-01-01,VN,Technical help,0.051
2026-01-01,VN,Writing,0.314
2026-01-01,YE,Multimedia,0.007
2026-01-01,YE,Other/Unknown,0.075
2026-01-01,YE,Practical Guidance,0.413
2026-01-01,YE,Seeking information,0.121
2026-01-01,YE,Self-expression,0.093
2026-01-01,YE,Technical help,0.037
2026-01-01,YE,Writing,0.254
2026-01-01,ZA,Multimedia,0.051
2026-01-01,ZA,Other/Unknown,0.038
2026-01-01,ZA,Practical Guidance,0.286
2026-01-01,ZA,Seeking information,0.159
2026-01-01,ZA,Self-expression,0.087
2026-01-01,ZA,Technical help,0.058
2026-01-01,ZA,Writing,0.321
2026-01-01,ZM,Multimedia,0.059
2026-01-01,ZM,Other/Unknown,0.049
2026-01-01,ZM,Practical Guidance,0.357
2026-01-01,ZM,Seeking information,0.169
2026-01-01,ZM,Self-expression,0.055
2026-01-01,ZM,Technical help,0.029
2026-01-01,ZM,Writing,0.282
2026-02-01,AE,Multimedia,0.055
2026-02-01,AE,Other/Unknown,0.063
2026-02-01,AE,Practical Guidance,0.296
2026-02-01,AE,Seeking information,0.186
2026-02-01,AE,Self-expression,0.061
2026-02-01,AE,Technical help,0.038
2026-02-01,AE,Writing,0.301
2026-02-01,AF,Multimedia,0.046
2026-02-01,AF,Other/Unknown,0.067
2026-02-01,AF,Practical Guidance,0.328
2026-02-01,AF,Seeking information,0.164
2026-02-01,AF,Self-expression,0.126
2026-02-01,AF,Technical help,0.014
2026-02-01,AF,Writing,0.256
2026-02-01,AL,Multimedia,0.035
2026-02-01,AL,Other/Unknown,0.065
2026-02-01,AL,Practical Guidance,0.365
2026-02-01,AL,Seeking information,0.200
2026-02-01,AL,Self-expression,0.118
2026-02-01,AL,Technical help,0.036
2026-02-01,AL,Writing,0.181
2026-02-01,AM,Multimedia,0.087
2026-02-01,AM,Other/Unknown,0.050
2026-02-01,AM,Practical Guidance,0.355
2026-02-01,AM,Seeking information,0.140
2026-02-01,AM,Self-expression,0.087
2026-02-01,AM,Technical help,0.036
2026-02-01,AM,Writing,0.245
2026-02-01,AO,Multimedia,0.077
2026-02-01,AO,Other/Unknown,0.057
2026-02-01,AO,Practical Guidance,0.324
2026-02-01,AO,Seeking information,0.183
2026-02-01,AO,Self-expression,0.051
2026-02-01,AO,Technical help,0.038
2026-02-01,AO,Writing,0.270
2026-02-01,AR,Multimedia,0.083
2026-02-01,AR,Other/Unknown,0.051
2026-02-01,AR,Practical Guidance,0.329
2026-02-01,AR,Seeking information,0.154
2026-02-01,AR,Self-expression,0.174
2026-02-01,AR,Technical help,0.039
2026-02-01,AR,Writing,0.170
2026-02-01,AT,Multimedia,0.052
2026-02-01,AT,Other/Unknown,0.039
2026-02-01,AT,Practical Guidance,0.325
2026-02-01,AT,Seeking information,0.211
2026-02-01,AT,Self-expression,0.078
2026-02-01,AT,Technical help,0.037
2026-02-01,AT,Writing,0.258
2026-02-01,AU,Multimedia,0.058
2026-02-01,AU,Other/Unknown,0.042
2026-02-01,AU,Practical Guidance,0.311
2026-02-01,AU,Seeking information,0.181
2026-02-01,AU,Self-expression,0.085
2026-02-01,AU,Technical help,0.048
2026-02-01,AU,Writing,0.276
2026-02-01,AZ,Multimedia,0.046
2026-02-01,AZ,Other/Unknown,0.065
2026-02-01,AZ,Practical Guidance,0.346
2026-02-01,AZ,Seeking information,0.177
2026-02-01,AZ,Self-expression,0.168
2026-02-01,AZ,Technical help,0.037
2026-02-01,AZ,Writing,0.160
2026-02-01,BA,Multimedia,0.072
2026-02-01,BA,Other/Unknown,0.076
2026-02-01,BA,Practical Guidance,0.367
2026-02-01,BA,Seeking information,0.239
2026-02-01,BA,Self-expression,0.103
2026-02-01,BA,Technical help,0.025
2026-02-01,BA,Writing,0.117
2026-02-01,BD,Multimedia,0.058
2026-02-01,BD,Other/Unknown,0.072
2026-02-01,BD,Practical Guidance,0.304
2026-02-01,BD,Seeking information,0.198
2026-02-01,BD,Self-expression,0.071
2026-02-01,BD,Technical help,0.042
2026-02-01,BD,Writing,0.255
2026-02-01,BE,Multimedia,0.059
2026-02-01,BE,Other/Unknown,0.050
2026-02-01,BE,Practical Guidance,0.333
2026-02-01,BE,Seeking information,0.203
2026-02-01,BE,Self-expression,0.076
2026-02-01,BE,Technical help,0.028
2026-02-01,BE,Writing,0.250
2026-02-01,BG,Multimedia,0.067
2026-02-01,BG,Other/Unknown,0.054
2026-02-01,BG,Practical Guidance,0.360
2026-02-01,BG,Seeking information,0.224
2026-02-01,BG,Self-expression,0.086
2026-02-01,BG,Technical help,0.039
2026-02-01,BG,Writing,0.171
2026-02-01,BH,Multimedia,0.055
2026-02-01,BH,Other/Unknown,0.082
2026-02-01,BH,Practical Guidance,0.340
2026-02-01,BH,Seeking information,0.223
2026-02-01,BH,Self-expression,0.083
2026-02-01,BH,Technical help,0.022
2026-02-01,BH,Writing,0.194
2026-02-01,BJ,Multimedia,0.110
2026-02-01,BJ,Other/Unknown,0.053
2026-02-01,BJ,Practical Guidance,0.267
2026-02-01,BJ,Seeking information,0.121
2026-02-01,BJ,Self-expression,0.050
2026-02-01,BJ,Technical help,0.074
2026-02-01,BJ,Writing,0.325
2026-02-01,BO,Multimedia,0.045
2026-02-01,BO,Other/Unknown,0.041
2026-02-01,BO,Practical Guidance,0.374
2026-02-01,BO,Seeking information,0.167
2026-02-01,BO,Self-expression,0.104
2026-02-01,BO,Technical help,0.061
2026-02-01,BO,Writing,0.207
2026-02-01,BR,Multimedia,0.093
2026-02-01,BR,Other/Unknown,0.056
2026-02-01,BR,Practical Guidance,0.296
2026-02-01,BR,Seeking information,0.142
2026-02-01,BR,Self-expression,0.118
2026-02-01,BR,Technical help,0.044
2026-02-01,BR,Writing,0.254
2026-02-01,CA,Multimedia,0.049
2026-02-01,CA,Other/Unknown,0.044
2026-02-01,CA,Practical Guidance,0.323
2026-02-01,CA,Seeking information,0.185
2026-02-01,CA,Self-expression,0.087
2026-02-01,CA,Technical help,0.046
2026-02-01,CA,Writing,0.267
2026-02-01,CD,Multimedia,0.061
2026-02-01,CD,Other/Unknown,0.064
2026-02-01,CD,Practical Guidance,0.287
2026-02-01,CD,Seeking information,0.121
2026-02-01,CD,Self-expression,0.080
2026-02-01,CD,Technical help,0.027
2026-02-01,CD,Writing,0.360
2026-02-01,CH,Multimedia,0.051
2026-02-01,CH,Other/Unknown,0.040
2026-02-01,CH,Practical Guidance,0.296
2026-02-01,CH,Seeking information,0.197
2026-02-01,CH,Self-expression,0.087
2026-02-01,CH,Technical help,0.031
2026-02-01,CH,Writing,0.298
2026-02-01,CI,Multimedia,0.060
2026-02-01,CI,Other/Unknown,0.055
2026-02-01,CI,Practical Guidance,0.290
2026-02-01,CI,Seeking information,0.144
2026-02-01,CI,Self-expression,0.113
2026-02-01,CI,Technical help,0.016
2026-02-01,CI,Writing,0.322
2026-02-01,CL,Multimedia,0.091
2026-02-01,CL,Other/Unknown,0.056
2026-02-01,CL,Practical Guidance,0.306
2026-02-01,CL,Seeking information,0.143
2026-02-01,CL,Self-expression,0.176
2026-02-01,CL,Technical help,0.036
2026-02-01,CL,Writing,0.193
2026-02-01,CM,Multimedia,0.056
2026-02-01,CM,Other/Unknown,0.055
2026-02-01,CM,Practical Guidance,0.330
2026-02-01,CM,Seeking information,0.167
2026-02-01,CM,Self-expression,0.054
2026-02-01,CM,Technical help,0.018
2026-02-01,CM,Writing,0.319
2026-02-01,CO,Multimedia,0.079
2026-02-01,CO,Other/Unknown,0.049
2026-02-01,CO,Practical Guidance,0.331
2026-02-01,CO,Seeking information,0.148
2026-02-01,CO,Self-expression,0.088
2026-02-01,CO,Technical help,0.051
2026-02-01,CO,Writing,0.254
2026-02-01,CR,Multimedia,0.104
2026-02-01,CR,Other/Unknown,0.048
2026-02-01,CR,Practical Guidance,0.301
2026-02-01,CR,Seeking information,0.172
2026-02-01,CR,Self-expression,0.113
2026-02-01,CR,Technical help,0.055
2026-02-01,CR,Writing,0.206
2026-02-01,CY,Multimedia,0.094
2026-02-01,CY,Other/Unknown,0.055
2026-02-01,CY,Practical Guidance,0.266
2026-02-01,CY,Seeking information,0.236
2026-02-01,CY,Self-expression,0.089
2026-02-01,CY,Technical help,0.057
2026-02-01,CY,Writing,0.203
2026-02-01,CZ,Multimedia,0.055
2026-02-01,CZ,Other/Unknown,0.054
2026-02-01,CZ,Practical Guidance,0.331
2026-02-01,CZ,Seeking information,0.230
2026-02-01,CZ,Self-expression,0.103
2026-02-01,CZ,Technical help,0.048
2026-02-01,CZ,Writing,0.179
2026-02-01,DE,Multimedia,0.050
2026-02-01,DE,Other/Unknown,0.046
2026-02-01,DE,Practical Guidance,0.328
2026-02-01,DE,Seeking information,0.198
2026-02-01,DE,Self-expression,0.089
2026-02-01,DE,Technical help,0.045
2026-02-01,DE,Writing,0.244
2026-02-01,DK,Multimedia,0.037
2026-02-01,DK,Other/Unknown,0.049
2026-02-01,DK,Practical Guidance,0.315
2026-02-01,DK,Seeking information,0.203
2026-02-01,DK,Self-expression,0.078
2026-02-01,DK,Technical help,0.056
2026-02-01,DK,Writing,0.261
2026-02-01,DO,Multimedia,0.091
2026-02-01,DO,Other/Unknown,0.068
2026-02-01,DO,Practical Guidance,0.332
2026-02-01,DO,Seeking information,0.144
2026-02-01,DO,Self-expression,0.089
2026-02-01,DO,Technical help,0.038
2026-02-01,DO,Writing,0.238
2026-02-01,DZ,Multimedia,0.060
2026-02-01,DZ,Other/Unknown,0.081
2026-02-01,DZ,Practical Guidance,0.331
2026-02-01,DZ,Seeking information,0.168
2026-02-01,DZ,Self-expression,0.106
2026-02-01,DZ,Technical help,0.026
2026-02-01,DZ,Writing,0.228
2026-02-01,EC,Multimedia,0.060
2026-02-01,EC,Other/Unknown,0.048
2026-02-01,EC,Practical Guidance,0.350
2026-02-01,EC,Seeking information,0.140
2026-02-01,EC,Self-expression,0.078
2026-02-01,EC,Technical help,0.045
2026-02-01,EC,Writing,0.278
2026-02-01,EE,Multimedia,0.067
2026-02-01,EE,Other/Unknown,0.045
2026-02-01,EE,Practical Guidance,0.318
2026-02-01,EE,Seeking information,0.193
2026-02-01,EE,Self-expression,0.060
2026-02-01,EE,Technical help,0.071
2026-02-01,EE,Writing,0.247
2026-02-01,EG,Multimedia,0.059
2026-02-01,EG,Other/Unknown,0.065
2026-02-01,EG,Practical Guidance,0.360
2026-02-01,EG,Seeking information,0.177
2026-02-01,EG,Self-expression,0.111
2026-02-01,EG,Technical help,0.037
2026-02-01,EG,Writing,0.191
2026-02-01,ES,Multimedia,0.066
2026-02-01,ES,Other/Unknown,0.045
2026-02-01,ES,Practical Guidance,0.339
2026-02-01,ES,Seeking information,0.208
2026-02-01,ES,Self-expression,0.083
2026-02-01,ES,Technical help,0.050
2026-02-01,ES,Writing,0.208
2026-02-01,ET,Multimedia,0.052
2026-02-01,ET,Other/Unknown,0.083
2026-02-01,ET,Practical Guidance,0.356
2026-02-01,ET,Seeking information,0.137
2026-02-01,ET,Self-expression,0.060
2026-02-01,ET,Technical help,0.061
2026-02-01,ET,Writing,0.251
2026-02-01,FI,Multimedia,0.050
2026-02-01,FI,Other/Unknown,0.032
2026-02-01,FI,Practical Guidance,0.326
2026-02-01,FI,Seeking information,0.186
2026-02-01,FI,Self-expression,0.084
2026-02-01,FI,Technical help,0.061
2026-02-01,FI,Writing,0.260
2026-02-01,FR,Multimedia,0.050
2026-02-01,FR,Other/Unknown,0.045
2026-02-01,FR,Practical Guidance,0.324
2026-02-01,FR,Seeking information,0.212
2026-02-01,FR,Self-expression,0.085
2026-02-01,FR,Technical help,0.041
2026-02-01,FR,Writing,0.243
2026-02-01,GB,Multimedia,0.058
2026-02-01,GB,Other/Unknown,0.044
2026-02-01,GB,Practical Guidance,0.327
2026-02-01,GB,Seeking information,0.184
2026-02-01,GB,Self-expression,0.097
2026-02-01,GB,Technical help,0.043
2026-02-01,GB,Writing,0.247
2026-02-01,GE,Multimedia,0.046
2026-02-01,GE,Other/Unknown,0.063
2026-02-01,GE,Practical Guidance,0.374
2026-02-01,GE,Seeking information,0.185
2026-02-01,GE,Self-expression,0.102
2026-02-01,GE,Technical help,0.048
2026-02-01,GE,Writing,0.182
2026-02-01,GH,Multimedia,0.065
2026-02-01,GH,Other/Unknown,0.083
2026-02-01,GH,Practical Guidance,0.302
2026-02-01,GH,Seeking information,0.152
2026-02-01,GH,Self-expression,0.066
2026-02-01,GH,Technical help,0.041
2026-02-01,GH,Writing,0.291
2026-02-01,GR,Multimedia,0.062
2026-02-01,GR,Other/Unknown,0.045
2026-02-01,GR,Practical Guidance,0.374
2026-02-01,GR,Seeking information,0.203
2026-02-01,GR,Self-expression,0.096
2026-02-01,GR,Technical help,0.039
2026-02-01,GR,Writing,0.180
2026-02-01,GT,Multimedia,0.078
2026-02-01,GT,Other/Unknown,0.044
2026-02-01,GT,Practical Guidance,0.304
2026-02-01,GT,Seeking information,0.143
2026-02-01,GT,Self-expression,0.102
2026-02-01,GT,Technical help,0.056
2026-02-01,GT,Writing,0.274
2026-02-01,HN,Multimedia,0.069
2026-02-01,HN,Other/Unknown,0.071
2026-02-01,HN,Practical Guidance,0.321
2026-02-01,HN,Seeking information,0.165
2026-02-01,HN,Self-expression,0.126
2026-02-01,HN,Technical help,0.052
2026-02-01,HN,Writing,0.197
2026-02-01,HR,Multimedia,0.057
2026-02-01,HR,Other/Unknown,0.065
2026-02-01,HR,Practical Guidance,0.338
2026-02-01,HR,Seeking information,0.220
2026-02-01,HR,Self-expression,0.109
2026-02-01,HR,Technical help,0.035
2026-02-01,HR,Writing,0.175
2026-02-01,HT,Multimedia,0.058
2026-02-01,HT,Other/Unknown,0.112
2026-02-01,HT,Practical Guidance,0.245
2026-02-01,HT,Seeking information,0.154
2026-02-01,HT,Self-expression,0.103
2026-02-01,HT,Technical help,0.017
2026-02-01,HT,Writing,0.311
2026-02-01,HU,Multimedia,0.067
2026-02-01,HU,Other/Unknown,0.041
2026-02-01,HU,Practical Guidance,0.333
2026-02-01,HU,Seeking information,0.218
2026-02-01,HU,Self-expression,0.112
2026-02-01,HU,Technical help,0.032
2026-02-01,HU,Writing,0.197
2026-02-01,ID,Multimedia,0.056
2026-02-01,ID,Other/Unknown,0.040
2026-02-01,ID,Practical Guidance,0.305
2026-02-01,ID,Seeking information,0.147
2026-02-01,ID,Self-expression,0.097
2026-02-01,ID,Technical help,0.046
2026-02-01,ID,Writing,0.309
2026-02-01,IE,Multimedia,0.053
2026-02-01,IE,Other/Unknown,0.038
2026-02-01,IE,Practical Guidance,0.323
2026-02-01,IE,Seeking information,0.190
2026-02-01,IE,Self-expression,0.088
2026-02-01,IE,Technical help,0.057
2026-02-01,IE,Writing,0.250
2026-02-01,IL,Multimedia,0.060
2026-02-01,IL,Other/Unknown,0.055
2026-02-01,IL,Practical Guidance,0.353
2026-02-01,IL,Seeking information,0.213
2026-02-01,IL,Self-expression,0.078
2026-02-01,IL,Technical help,0.043
2026-02-01,IL,Writing,0.198
2026-02-01,IN,Multimedia,0.062
2026-02-01,IN,Other/Unknown,0.066
2026-02-01,IN,Practical Guidance,0.351
2026-02-01,IN,Seeking information,0.150
2026-02-01,IN,Self-expression,0.072
2026-02-01,IN,Technical help,0.079
2026-02-01,IN,Writing,0.220
2026-02-01,IQ,Multimedia,0.065
2026-02-01,IQ,Other/Unknown,0.075
2026-02-01,IQ,Practical Guidance,0.317
2026-02-01,IQ,Seeking information,0.192
2026-02-01,IQ,Self-expression,0.141
2026-02-01,IQ,Technical help,0.031
2026-02-01,IQ,Writing,0.179
2026-02-01,IT,Multimedia,0.048
2026-02-01,IT,Other/Unknown,0.041
2026-02-01,IT,Practical Guidance,0.340
2026-02-01,IT,Seeking information,0.195
2026-02-01,IT,Self-expression,0.086
2026-02-01,IT,Technical help,0.045
2026-02-01,IT,Writing,0.244
2026-02-01,JM,Multimedia,0.102
2026-02-01,JM,Other/Unknown,0.050
2026-02-01,JM,Practical Guidance,0.232
2026-02-01,JM,Seeking information,0.127
2026-02-01,JM,Self-expression,0.107
2026-02-01,JM,Technical help,0.059
2026-02-01,JM,Writing,0.322
2026-02-01,JO,Multimedia,0.066
2026-02-01,JO,Other/Unknown,0.067
2026-02-01,JO,Practical Guidance,0.350
2026-02-01,JO,Seeking information,0.197
2026-02-01,JO,Self-expression,0.092
2026-02-01,JO,Technical help,0.043
2026-02-01,JO,Writing,0.186
2026-02-01,JP,Multimedia,0.034
2026-02-01,JP,Other/Unknown,0.043
2026-02-01,JP,Practical Guidance,0.320
2026-02-01,JP,Seeking information,0.166
2026-02-01,JP,Self-expression,0.211
2026-02-01,JP,Technical help,0.031
2026-02-01,JP,Writing,0.196
2026-02-01,KE,Multimedia,0.059
2026-02-01,KE,Other/Unknown,0.063
2026-02-01,KE,Practical Guidance,0.336
2026-02-01,KE,Seeking information,0.173
2026-02-01,KE,Self-expression,0.081
2026-02-01,KE,Technical help,0.047
2026-02-01,KE,Writing,0.241
2026-02-01,KG,Multimedia,0.081
2026-02-01,KG,Other/Unknown,0.065
2026-02-01,KG,Practical Guidance,0.348
2026-02-01,KG,Seeking information,0.145
2026-02-01,KG,Self-expression,0.092
2026-02-01,KG,Technical help,0.055
2026-02-01,KG,Writing,0.213
2026-02-01,KH,Multimedia,0.065
2026-02-01,KH,Other/Unknown,0.064
2026-02-01,KH,Practical Guidance,0.263
2026-02-01,KH,Seeking information,0.120
2026-02-01,KH,Self-expression,0.069
2026-02-01,KH,Technical help,0.061
2026-02-01,KH,Writing,0.359
2026-02-01,KR,Multimedia,0.032
2026-02-01,KR,Other/Unknown,0.061
2026-02-01,KR,Practical Guidance,0.325
2026-02-01,KR,Seeking information,0.196
2026-02-01,KR,Self-expression,0.138
2026-02-01,KR,Technical help,0.046
2026-02-01,KR,Writing,0.201
2026-02-01,KW,Multimedia,0.075
2026-02-01,KW,Other/Unknown,0.054
2026-02-01,KW,Practical Guidance,0.302
2026-02-01,KW,Seeking information,0.234
2026-02-01,KW,Self-expression,0.069
2026-02-01,KW,Technical help,0.031
2026-02-01,KW,Writing,0.234
2026-02-01,KZ,Multimedia,0.062
2026-02-01,KZ,Other/Unknown,0.064
2026-02-01,KZ,Practical Guidance,0.331
2026-02-01,KZ,Seeking information,0.169
2026-02-01,KZ,Self-expression,0.092
2026-02-01,KZ,Technical help,0.037
2026-02-01,KZ,Writing,0.245
2026-02-01,LB,Multimedia,0.070
2026-02-01,LB,Other/Unknown,0.058
2026-02-01,LB,Practical Guidance,0.363
2026-02-01,LB,Seeking information,0.185
2026-02-01,LB,Self-expression,0.086
2026-02-01,LB,Technical help,0.040
2026-02-01,LB,Writing,0.198
2026-02-01,LK,Multimedia,0.078
2026-02-01,LK,Other/Unknown,0.053
2026-02-01,LK,Practical Guidance,0.304
2026-02-01,LK,Seeking information,0.176
2026-02-01,LK,Self-expression,0.079
2026-02-01,LK,Technical help,0.073
2026-02-01,LK,Writing,0.236
2026-02-01,LT,Multimedia,0.060
2026-02-01,LT,Other/Unknown,0.043
2026-02-01,LT,Practical Guidance,0.339
2026-02-01,LT,Seeking information,0.221
2026-02-01,LT,Self-expression,0.078
2026-02-01,LT,Technical help,0.054
2026-02-01,LT,Writing,0.204
2026-02-01,LU,Multimedia,0.000
2026-02-01,LU,Other/Unknown,0.026
2026-02-01,LU,Practical Guidance,0.246
2026-02-01,LU,Seeking information,0.235
2026-02-01,LU,Self-expression,0.088
2026-02-01,LU,Technical help,0.094
2026-02-01,LU,Writing,0.311
2026-02-01,LV,Multimedia,0.053
2026-02-01,LV,Other/Unknown,0.064
2026-02-01,LV,Practical Guidance,0.341
2026-02-01,LV,Seeking information,0.173
2026-02-01,LV,Self-expression,0.098
2026-02-01,LV,Technical help,0.055
2026-02-01,LV,Writing,0.216
2026-02-01,LY,Multimedia,0.082
2026-02-01,LY,Other/Unknown,0.069
2026-02-01,LY,Practical Guidance,0.332
2026-02-01,LY,Seeking information,0.162
2026-02-01,LY,Self-expression,0.124
2026-02-01,LY,Technical help,0.025
2026-02-01,LY,Writing,0.207
2026-02-01,MA,Multimedia,0.051
2026-02-01,MA,Other/Unknown,0.063
2026-02-01,MA,Practical Guidance,0.319
2026-02-01,MA,Seeking information,0.167
2026-02-01,MA,Self-expression,0.084
2026-02-01,MA,Technical help,0.042
2026-02-01,MA,Writing,0.274
2026-02-01,MD,Multimedia,0.044
2026-02-01,MD,Other/Unknown,0.046
2026-02-01,MD,Practical Guidance,0.341
2026-02-01,MD,Seeking information,0.144
2026-02-01,MD,Self-expression,0.092
2026-02-01,MD,Technical help,0.052
2026-02-01,MD,Writing,0.281
2026-02-01,ME,Multimedia,0.078
2026-02-01,ME,Other/Unknown,0.064
2026-02-01,ME,Practical Guidance,0.379
2026-02-01,ME,Seeking information,0.150
2026-02-01,ME,Self-expression,0.143
2026-02-01,ME,Technical help,0.021
2026-02-01,ME,Writing,0.166
2026-02-01,MG,Multimedia,0.055
2026-02-01,MG,Other/Unknown,0.078
2026-02-01,MG,Practical Guidance,0.330
2026-02-01,MG,Seeking information,0.141
2026-02-01,MG,Self-expression,0.057
2026-02-01,MG,Technical help,0.047
2026-02-01,MG,Writing,0.292
2026-02-01,MK,Multimedia,0.071
2026-02-01,MK,Other/Unknown,0.056
2026-02-01,MK,Practical Guidance,0.396
2026-02-01,MK,Seeking information,0.229
2026-02-01,MK,Self-expression,0.079
2026-02-01,MK,Technical help,0.044
2026-02-01,MK,Writing,0.126
2026-02-01,MM,Multimedia,0.072
2026-02-01,MM,Other/Unknown,0.071
2026-02-01,MM,Practical Guidance,0.358
2026-02-01,MM,Seeking information,0.106
2026-02-01,MM,Self-expression,0.137
2026-02-01,MM,Technical help,0.020
2026-02-01,MM,Writing,0.235
2026-02-01,MN,Multimedia,0.037
2026-02-01,MN,Other/Unknown,0.086
2026-02-01,MN,Practical Guidance,0.300
2026-02-01,MN,Seeking information,0.194
2026-02-01,MN,Self-expression,0.088
2026-02-01,MN,Technical help,0.049
2026-02-01,MN,Writing,0.246
2026-02-01,MT,Multimedia,0.064
2026-02-01,MT,Other/Unknown,0.039
2026-02-01,MT,Practical Guidance,0.287
2026-02-01,MT,Seeking information,0.213
2026-02-01,MT,Self-expression,0.066
2026-02-01,MT,Technical help,0.047
2026-02-01,MT,Writing,0.285
2026-02-01,MU,Multimedia,0.004
2026-02-01,MU,Other/Unknown,0.012
2026-02-01,MU,Practical Guidance,0.369
2026-02-01,MU,Seeking information,0.160
2026-02-01,MU,Self-expression,0.064
2026-02-01,MU,Technical help,0.040
2026-02-01,MU,Writing,0.350
2026-02-01,MX,Multimedia,0.079
2026-02-01,MX,Other/Unknown,0.044
2026-02-01,MX,Practical Guidance,0.329
2026-02-01,MX,Seeking information,0.152
2026-02-01,MX,Self-expression,0.131
2026-02-01,MX,Technical help,0.038
2026-02-01,MX,Writing,0.227
2026-02-01,MY,Multimedia,0.065
2026-02-01,MY,Other/Unknown,0.056
2026-02-01,MY,Practical Guidance,0.309
2026-02-01,MY,Seeking information,0.162
2026-02-01,MY,Self-expression,0.096
2026-02-01,MY,Technical help,0.034
2026-02-01,MY,Writing,0.278
2026-02-01,MZ,Multimedia,0.066
2026-02-01,MZ,Other/Unknown,0.026
2026-02-01,MZ,Practical Guidance,0.285
2026-02-01,MZ,Seeking information,0.143
2026-02-01,MZ,Self-expression,0.066
2026-02-01,MZ,Technical help,0.079
2026-02-01,MZ,Writing,0.335
2026-02-01,NG,Multimedia,0.059
2026-02-01,NG,Other/Unknown,0.059
2026-02-01,NG,Practical Guidance,0.280
2026-02-01,NG,Seeking information,0.143
2026-02-01,NG,Self-expression,0.081
2026-02-01,NG,Technical help,0.027
2026-02-01,NG,Writing,0.351
2026-02-01,NI,Multimedia,0.058
2026-02-01,NI,Other/Unknown,0.070
2026-02-01,NI,Practical Guidance,0.316
2026-02-01,NI,Seeking information,0.152
2026-02-01,NI,Self-expression,0.106
2026-02-01,NI,Technical help,0.058
2026-02-01,NI,Writing,0.240
2026-02-01,NL,Multimedia,0.059
2026-02-01,NL,Other/Unknown,0.044
2026-02-01,NL,Practical Guidance,0.331
2026-02-01,NL,Seeking information,0.177
2026-02-01,NL,Self-expression,0.089
2026-02-01,NL,Technical help,0.052
2026-02-01,NL,Writing,0.247
2026-02-01,NO,Multimedia,0.041
2026-02-01,NO,Other/Unknown,0.054
2026-02-01,NO,Practical Guidance,0.362
2026-02-01,NO,Seeking information,0.189
2026-02-01,NO,Self-expression,0.088
2026-02-01,NO,Technical help,0.041
2026-02-01,NO,Writing,0.226
2026-02-01,NP,Multimedia,0.045
2026-02-01,NP,Other/Unknown,0.077
2026-02-01,NP,Practical Guidance,0.327
2026-02-01,NP,Seeking information,0.157
2026-02-01,NP,Self-expression,0.067
2026-02-01,NP,Technical help,0.069
2026-02-01,NP,Writing,0.256
2026-02-01,NZ,Multimedia,0.052
2026-02-01,NZ,Other/Unknown,0.064
2026-02-01,NZ,Practical Guidance,0.266
2026-02-01,NZ,Seeking information,0.188
2026-02-01,NZ,Self-expression,0.103
2026-02-01,NZ,Technical help,0.063
2026-02-01,NZ,Writing,0.263
2026-02-01,OM,Multimedia,0.044
2026-02-01,OM,Other/Unknown,0.061
2026-02-01,OM,Practical Guidance,0.340
2026-02-01,OM,Seeking information,0.145
2026-02-01,OM,Self-expression,0.089
2026-02-01,OM,Technical help,0.025
2026-02-01,OM,Writing,0.296
2026-02-01,PA,Multimedia,0.104
2026-02-01,PA,Other/Unknown,0.070
2026-02-01,PA,Practical Guidance,0.293
2026-02-01,PA,Seeking information,0.122
2026-02-01,PA,Self-expression,0.114
2026-02-01,PA,Technical help,0.050
2026-02-01,PA,Writing,0.247
2026-02-01,PE,Multimedia,0.061
2026-02-01,PE,Other/Unknown,0.051
2026-02-01,PE,Practical Guidance,0.314
2026-02-01,PE,Seeking information,0.143
2026-02-01,PE,Self-expression,0.122
2026-02-01,PE,Technical help,0.047
2026-02-01,PE,Writing,0.262
2026-02-01,PH,Multimedia,0.047
2026-02-01,PH,Other/Unknown,0.042
2026-02-01,PH,Practical Guidance,0.296
2026-02-01,PH,Seeking information,0.129
2026-02-01,PH,Self-expression,0.056
2026-02-01,PH,Technical help,0.043
2026-02-01,PH,Writing,0.387
2026-02-01,PK,Multimedia,0.066
2026-02-01,PK,Other/Unknown,0.056
2026-02-01,PK,Practical Guidance,0.340
2026-02-01,PK,Seeking information,0.156
2026-02-01,PK,Self-expression,0.058
2026-02-01,PK,Technical help,0.047
2026-02-01,PK,Writing,0.277
2026-02-01,PL,Multimedia,0.055
2026-02-01,PL,Other/Unknown,0.052
2026-02-01,PL,Practical Guidance,0.333
2026-02-01,PL,Seeking information,0.213
2026-02-01,PL,Self-expression,0.093
2026-02-01,PL,Technical help,0.045
2026-02-01,PL,Writing,0.210
2026-02-01,PR,Multimedia,0.088
2026-02-01,PR,Other/Unknown,0.042
2026-02-01,PR,Practical Guidance,0.324
2026-02-01,PR,Seeking information,0.160
2026-02-01,PR,Self-expression,0.124
2026-02-01,PR,Technical help,0.036
2026-02-01,PR,Writing,0.226
2026-02-01,PS,Multimedia,0.052
2026-02-01,PS,Other/Unknown,0.061
2026-02-01,PS,Practical Guidance,0.376
2026-02-01,PS,Seeking information,0.178
2026-02-01,PS,Self-expression,0.111
2026-02-01,PS,Technical help,0.031
2026-02-01,PS,Writing,0.191
2026-02-01,PT,Multimedia,0.088
2026-02-01,PT,Other/Unknown,0.041
2026-02-01,PT,Practical Guidance,0.312
2026-02-01,PT,Seeking information,0.188
2026-02-01,PT,Self-expression,0.071
2026-02-01,PT,Technical help,0.051
2026-02-01,PT,Writing,0.249
2026-02-01,PY,Multimedia,0.099
2026-02-01,PY,Other/Unknown,0.064
2026-02-01,PY,Practical Guidance,0.258
2026-02-01,PY,Seeking information,0.211
2026-02-01,PY,Self-expression,0.093
2026-02-01,PY,Technical help,0.037
2026-02-01,PY,Writing,0.238
2026-02-01,QA,Multimedia,0.047
2026-02-01,QA,Other/Unknown,0.043
2026-02-01,QA,Practical Guidance,0.360
2026-02-01,QA,Seeking information,0.155
2026-02-01,QA,Self-expression,0.071
2026-02-01,QA,Technical help,0.056
2026-02-01,QA,Writing,0.269
2026-02-01,RE,Multimedia,0.115
2026-02-01,RE,Other/Unknown,0.044
2026-02-01,RE,Practical Guidance,0.347
2026-02-01,RE,Seeking information,0.130
2026-02-01,RE,Self-expression,0.070
2026-02-01,RE,Technical help,0.068
2026-02-01,RE,Writing,0.227
2026-02-01,RO,Multimedia,0.057
2026-02-01,RO,Other/Unknown,0.056
2026-02-01,RO,Practical Guidance,0.340
2026-02-01,RO,Seeking information,0.220
2026-02-01,RO,Self-expression,0.093
2026-02-01,RO,Technical help,0.050
2026-02-01,RO,Writing,0.183
2026-02-01,RS,Multimedia,0.059
2026-02-01,RS,Other/Unknown,0.049
2026-02-01,RS,Practical Guidance,0.347
2026-02-01,RS,Seeking information,0.197
2026-02-01,RS,Self-expression,0.131
2026-02-01,RS,Technical help,0.052
2026-02-01,RS,Writing,0.166
2026-02-01,RW,Multimedia,0.022
2026-02-01,RW,Other/Unknown,0.105
2026-02-01,RW,Practical Guidance,0.392
2026-02-01,RW,Seeking information,0.129
2026-02-01,RW,Self-expression,0.054
2026-02-01,RW,Technical help,0.005
2026-02-01,RW,Writing,0.294
2026-02-01,SA,Multimedia,0.058
2026-02-01,SA,Other/Unknown,0.059
2026-02-01,SA,Practical Guidance,0.337
2026-02-01,SA,Seeking information,0.170
2026-02-01,SA,Self-expression,0.105
2026-02-01,SA,Technical help,0.033
2026-02-01,SA,Writing,0.238
2026-02-01,SD,Multimedia,0.086
2026-02-01,SD,Other/Unknown,0.002
2026-02-01,SD,Practical Guidance,0.409
2026-02-01,SD,Seeking information,0.157
2026-02-01,SD,Self-expression,0.117
2026-02-01,SD,Technical help,0.032
2026-02-01,SD,Writing,0.197
2026-02-01,SE,Multimedia,0.042
2026-02-01,SE,Other/Unknown,0.043
2026-02-01,SE,Practical Guidance,0.320
2026-02-01,SE,Seeking information,0.219
2026-02-01,SE,Self-expression,0.081
2026-02-01,SE,Technical help,0.072
2026-02-01,SE,Writing,0.223
2026-02-01,SG,Multimedia,0.041
2026-02-01,SG,Other/Unknown,0.039
2026-02-01,SG,Practical Guidance,0.282
2026-02-01,SG,Seeking information,0.182
2026-02-01,SG,Self-expression,0.082
2026-02-01,SG,Technical help,0.076
2026-02-01,SG,Writing,0.298
2026-02-01,SI,Multimedia,0.057
2026-02-01,SI,Other/Unknown,0.026
2026-02-01,SI,Practical Guidance,0.343
2026-02-01,SI,Seeking information,0.250
2026-02-01,SI,Self-expression,0.092
2026-02-01,SI,Technical help,0.033
2026-02-01,SI,Writing,0.200
2026-02-01,SK,Multimedia,0.048
2026-02-01,SK,Other/Unknown,0.060
2026-02-01,SK,Practical Guidance,0.339
2026-02-01,SK,Seeking information,0.235
2026-02-01,SK,Self-expression,0.088
2026-02-01,SK,Technical help,0.041
2026-02-01,SK,Writing,0.188
2026-02-01,SN,Multimedia,0.026
2026-02-01,SN,Other/Unknown,0.069
2026-02-01,SN,Practical Guidance,0.337
2026-02-01,SN,Seeking information,0.146
2026-02-01,SN,Self-expression,0.088
2026-02-01,SN,Technical help,0.041
2026-02-01,SN,Writing,0.292
2026-02-01,SO,Multimedia,0.037
2026-02-01,SO,Other/Unknown,0.083
2026-02-01,SO,Practical Guidance,0.344
2026-02-01,SO,Seeking information,0.142
2026-02-01,SO,Self-expression,0.096
2026-02-01,SO,Technical help,0.031
2026-02-01,SO,Writing,0.268
2026-02-01,SV,Multimedia,0.063
2026-02-01,SV,Other/Unknown,0.067
2026-02-01,SV,Practical Guidance,0.330
2026-02-01,SV,Seeking information,0.112
2026-02-01,SV,Self-expression,0.166
2026-02-01,SV,Technical help,0.037
2026-02-01,SV,Writing,0.225
2026-02-01,TH,Multimedia,0.064
2026-02-01,TH,Other/Unknown,0.066
2026-02-01,TH,Practical Guidance,0.297
2026-02-01,TH,Seeking information,0.149
2026-02-01,TH,Self-expression,0.128
2026-02-01,TH,Technical help,0.039
2026-02-01,TH,Writing,0.256
2026-02-01,TJ,Multimedia,0.106
2026-02-01,TJ,Other/Unknown,0.075
2026-02-01,TJ,Practical Guidance,0.315
2026-02-01,TJ,Seeking information,0.256
2026-02-01,TJ,Self-expression,0.065
2026-02-01,TJ,Technical help,0.021
2026-02-01,TJ,Writing,0.162
2026-02-01,TN,Multimedia,0.063
2026-02-01,TN,Other/Unknown,0.076
2026-02-01,TN,Practical Guidance,0.299
2026-02-01,TN,Seeking information,0.177
2026-02-01,TN,Self-expression,0.087
2026-02-01,TN,Technical help,0.036
2026-02-01,TN,Writing,0.261
2026-02-01,TR,Multimedia,0.060
2026-02-01,TR,Other/Unknown,0.064
2026-02-01,TR,Practical Guidance,0.355
2026-02-01,TR,Seeking information,0.190
2026-02-01,TR,Self-expression,0.143
2026-02-01,TR,Technical help,0.037
2026-02-01,TR,Writing,0.151
2026-02-01,TW,Multimedia,0.043
2026-02-01,TW,Other/Unknown,0.068
2026-02-01,TW,Practical Guidance,0.288
2026-02-01,TW,Seeking information,0.163
2026-02-01,TW,Self-expression,0.158
2026-02-01,TW,Technical help,0.051
2026-02-01,TW,Writing,0.230
2026-02-01,TZ,Multimedia,0.063
2026-02-01,TZ,Other/Unknown,0.085
2026-02-01,TZ,Practical Guidance,0.362
2026-02-01,TZ,Seeking information,0.161
2026-02-01,TZ,Self-expression,0.057
2026-02-01,TZ,Technical help,0.022
2026-02-01,TZ,Writing,0.252
2026-02-01,UA,Multimedia,0.046
2026-02-01,UA,Other/Unknown,0.054
2026-02-01,UA,Practical Guidance,0.350
2026-02-01,UA,Seeking information,0.186
2026-02-01,UA,Self-expression,0.096
2026-02-01,UA,Technical help,0.047
2026-02-01,UA,Writing,0.220
2026-02-01,UG,Multimedia,0.044
2026-02-01,UG,Other/Unknown,0.049
2026-02-01,UG,Practical Guidance,0.346
2026-02-01,UG,Seeking information,0.160
2026-02-01,UG,Self-expression,0.070
2026-02-01,UG,Technical help,0.068
2026-02-01,UG,Writing,0.262
2026-02-01,US,Multimedia,0.057
2026-02-01,US,Other/Unknown,0.044
2026-02-01,US,Practical Guidance,0.331
2026-02-01,US,Seeking information,0.178
2026-02-01,US,Self-expression,0.096
2026-02-01,US,Technical help,0.051
2026-02-01,US,Writing,0.244
2026-02-01,UY,Multimedia,0.030
2026-02-01,UY,Other/Unknown,0.058
2026-02-01,UY,Practical Guidance,0.316
2026-02-01,UY,Seeking information,0.192
2026-02-01,UY,Self-expression,0.177
2026-02-01,UY,Technical help,0.047
2026-02-01,UY,Writing,0.180
2026-02-01,UZ,Multimedia,0.062
2026-02-01,UZ,Other/Unknown,0.074
2026-02-01,UZ,Practical Guidance,0.329
2026-02-01,UZ,Seeking information,0.163
2026-02-01,UZ,Self-expression,0.099
2026-02-01,UZ,Technical help,0.039
2026-02-01,UZ,Writing,0.235
2026-02-01,VN,Multimedia,0.054
2026-02-01,VN,Other/Unknown,0.051
2026-02-01,VN,Practical Guidance,0.291
2026-02-01,VN,Seeking information,0.143
2026-02-01,VN,Self-expression,0.129
2026-02-01,VN,Technical help,0.043
2026-02-01,VN,Writing,0.289
2026-02-01,YE,Multimedia,0.126
2026-02-01,YE,Other/Unknown,0.034
2026-02-01,YE,Practical Guidance,0.284
2026-02-01,YE,Seeking information,0.173
2026-02-01,YE,Self-expression,0.107
2026-02-01,YE,Technical help,0.055
2026-02-01,YE,Writing,0.220
2026-02-01,ZA,Multimedia,0.077
2026-02-01,ZA,Other/Unknown,0.044
2026-02-01,ZA,Practical Guidance,0.298
2026-02-01,ZA,Seeking information,0.146
2026-02-01,ZA,Self-expression,0.096
2026-02-01,ZA,Technical help,0.048
2026-02-01,ZA,Writing,0.290
2026-02-01,ZM,Multimedia,0.062
2026-02-01,ZM,Other/Unknown,0.031
2026-02-01,ZM,Practical Guidance,0.285
2026-02-01,ZM,Seeking information,0.199
2026-02-01,ZM,Self-expression,0.098
2026-02-01,ZM,Technical help,0.056
2026-02-01,ZM,Writing,0.268
2026-02-01,ZW,Multimedia,0.095
2026-02-01,ZW,Other/Unknown,0.000
2026-02-01,ZW,Practical Guidance,0.290
2026-02-01,ZW,Seeking information,0.226
2026-02-01,ZW,Self-expression,0.103
2026-02-01,ZW,Technical help,0.023
2026-02-01,ZW,Writing,0.263
2026-03-01,AE,Multimedia,0.048
2026-03-01,AE,Other/Unknown,0.062
2026-03-01,AE,Practical Guidance,0.279
2026-03-01,AE,Seeking information,0.208
2026-03-01,AE,Self-expression,0.063
2026-03-01,AE,Technical help,0.038
2026-03-01,AE,Writing,0.302
2026-03-01,AF,Multimedia,0.126
2026-03-01,AF,Other/Unknown,0.054
2026-03-01,AF,Practical Guidance,0.283
2026-03-01,AF,Seeking information,0.195
2026-03-01,AF,Self-expression,0.080
2026-03-01,AF,Technical help,0.020
2026-03-01,AF,Writing,0.242
2026-03-01,AL,Multimedia,0.049
2026-03-01,AL,Other/Unknown,0.090
2026-03-01,AL,Practical Guidance,0.273
2026-03-01,AL,Seeking information,0.295
2026-03-01,AL,Self-expression,0.099
2026-03-01,AL,Technical help,0.032
2026-03-01,AL,Writing,0.162
2026-03-01,AM,Multimedia,0.063
2026-03-01,AM,Other/Unknown,0.051
2026-03-01,AM,Practical Guidance,0.316
2026-03-01,AM,Seeking information,0.157
2026-03-01,AM,Self-expression,0.101
2026-03-01,AM,Technical help,0.066
2026-03-01,AM,Writing,0.247
2026-03-01,AO,Multimedia,0.071
2026-03-01,AO,Other/Unknown,0.059
2026-03-01,AO,Practical Guidance,0.323
2026-03-01,AO,Seeking information,0.177
2026-03-01,AO,Self-expression,0.076
2026-03-01,AO,Technical help,0.020
2026-03-01,AO,Writing,0.273
2026-03-01,AR,Multimedia,0.081
2026-03-01,AR,Other/Unknown,0.062
2026-03-01,AR,Practical Guidance,0.320
2026-03-01,AR,Seeking information,0.159
2026-03-01,AR,Self-expression,0.153
2026-03-01,AR,Technical help,0.040
2026-03-01,AR,Writing,0.185
2026-03-01,AT,Multimedia,0.049
2026-03-01,AT,Other/Unknown,0.047
2026-03-01,AT,Practical Guidance,0.333
2026-03-01,AT,Seeking information,0.207
2026-03-01,AT,Self-expression,0.075
2026-03-01,AT,Technical help,0.049
2026-03-01,AT,Writing,0.241
2026-03-01,AU,Multimedia,0.042
2026-03-01,AU,Other/Unknown,0.050
2026-03-01,AU,Practical Guidance,0.317
2026-03-01,AU,Seeking information,0.184
2026-03-01,AU,Self-expression,0.082
2026-03-01,AU,Technical help,0.040
2026-03-01,AU,Writing,0.285
2026-03-01,AZ,Multimedia,0.061
2026-03-01,AZ,Other/Unknown,0.081
2026-03-01,AZ,Practical Guidance,0.334
2026-03-01,AZ,Seeking information,0.176
2026-03-01,AZ,Self-expression,0.130
2026-03-01,AZ,Technical help,0.043
2026-03-01,AZ,Writing,0.175
2026-03-01,BA,Multimedia,0.083
2026-03-01,BA,Other/Unknown,0.068
2026-03-01,BA,Practical Guidance,0.371
2026-03-01,BA,Seeking information,0.253
2026-03-01,BA,Self-expression,0.069
2026-03-01,BA,Technical help,0.050
2026-03-01,BA,Writing,0.106
2026-03-01,BD,Multimedia,0.056
2026-03-01,BD,Other/Unknown,0.081
2026-03-01,BD,Practical Guidance,0.315
2026-03-01,BD,Seeking information,0.201
2026-03-01,BD,Self-expression,0.064
2026-03-01,BD,Technical help,0.033
2026-03-01,BD,Writing,0.250
2026-03-01,BE,Multimedia,0.052
2026-03-01,BE,Other/Unknown,0.051
2026-03-01,BE,Practical Guidance,0.319
2026-03-01,BE,Seeking information,0.209
2026-03-01,BE,Self-expression,0.074
2026-03-01,BE,Technical help,0.045
2026-03-01,BE,Writing,0.249
2026-03-01,BG,Multimedia,0.065
2026-03-01,BG,Other/Unknown,0.064
2026-03-01,BG,Practical Guidance,0.344
2026-03-01,BG,Seeking information,0.236
2026-03-01,BG,Self-expression,0.081
2026-03-01,BG,Technical help,0.035
2026-03-01,BG,Writing,0.175
2026-03-01,BH,Multimedia,0.090
2026-03-01,BH,Other/Unknown,0.033
2026-03-01,BH,Practical Guidance,0.335
2026-03-01,BH,Seeking information,0.144
2026-03-01,BH,Self-expression,0.117
2026-03-01,BH,Technical help,0.064
2026-03-01,BH,Writing,0.216
2026-03-01,BJ,Multimedia,0.085
2026-03-01,BJ,Other/Unknown,0.074
2026-03-01,BJ,Practical Guidance,0.204
2026-03-01,BJ,Seeking information,0.157
2026-03-01,BJ,Self-expression,0.065
2026-03-01,BJ,Technical help,0.064
2026-03-01,BJ,Writing,0.351
2026-03-01,BO,Multimedia,0.087
2026-03-01,BO,Other/Unknown,0.041
2026-03-01,BO,Practical Guidance,0.357
2026-03-01,BO,Seeking information,0.156
2026-03-01,BO,Self-expression,0.073
2026-03-01,BO,Technical help,0.043
2026-03-01,BO,Writing,0.243
2026-03-01,BR,Multimedia,0.092
2026-03-01,BR,Other/Unknown,0.053
2026-03-01,BR,Practical Guidance,0.305
2026-03-01,BR,Seeking information,0.147
2026-03-01,BR,Self-expression,0.098
2026-03-01,BR,Technical help,0.043
2026-03-01,BR,Writing,0.261
2026-03-01,CA,Multimedia,0.049
2026-03-01,CA,Other/Unknown,0.050
2026-03-01,CA,Practical Guidance,0.313
2026-03-01,CA,Seeking information,0.197
2026-03-01,CA,Self-expression,0.078
2026-03-01,CA,Technical help,0.051
2026-03-01,CA,Writing,0.261
2026-03-01,CD,Multimedia,0.063
2026-03-01,CD,Other/Unknown,0.068
2026-03-01,CD,Practical Guidance,0.285
2026-03-01,CD,Seeking information,0.152
2026-03-01,CD,Self-expression,0.087
2026-03-01,CD,Technical help,0.037
2026-03-01,CD,Writing,0.309
2026-03-01,CH,Multimedia,0.045
2026-03-01,CH,Other/Unknown,0.056
2026-03-01,CH,Practical Guidance,0.282
2026-03-01,CH,Seeking information,0.213
2026-03-01,CH,Self-expression,0.067
2026-03-01,CH,Technical help,0.033
2026-03-01,CH,Writing,0.303
2026-03-01,CI,Multimedia,0.075
2026-03-01,CI,Other/Unknown,0.094
2026-03-01,CI,Practical Guidance,0.249
2026-03-01,CI,Seeking information,0.165
2026-03-01,CI,Self-expression,0.088
2026-03-01,CI,Technical help,0.050
2026-03-01,CI,Writing,0.280
2026-03-01,CL,Multimedia,0.064
2026-03-01,CL,Other/Unknown,0.052
2026-03-01,CL,Practical Guidance,0.339
2026-03-01,CL,Seeking information,0.186
2026-03-01,CL,Self-expression,0.114
2026-03-01,CL,Technical help,0.043
2026-03-01,CL,Writing,0.203
2026-03-01,CM,Multimedia,0.083
2026-03-01,CM,Other/Unknown,0.075
2026-03-01,CM,Practical Guidance,0.282
2026-03-01,CM,Seeking information,0.195
2026-03-01,CM,Self-expression,0.073
2026-03-01,CM,Technical help,0.013
2026-03-01,CM,Writing,0.280
2026-03-01,CO,Multimedia,0.081
2026-03-01,CO,Other/Unknown,0.050
2026-03-01,CO,Practical Guidance,0.319
2026-03-01,CO,Seeking information,0.147
2026-03-01,CO,Self-expression,0.086
2026-03-01,CO,Technical help,0.041
2026-03-01,CO,Writing,0.277
2026-03-01,CR,Multimedia,0.072
2026-03-01,CR,Other/Unknown,0.070
2026-03-01,CR,Practical Guidance,0.328
2026-03-01,CR,Seeking information,0.165
2026-03-01,CR,Self-expression,0.094
2026-03-01,CR,Technical help,0.041
2026-03-01,CR,Writing,0.231
2026-03-01,CY,Multimedia,0.025
2026-03-01,CY,Other/Unknown,0.108
2026-03-01,CY,Practical Guidance,0.299
2026-03-01,CY,Seeking information,0.185
2026-03-01,CY,Self-expression,0.104
2026-03-01,CY,Technical help,0.044
2026-03-01,CY,Writing,0.234
2026-03-01,CZ,Multimedia,0.056
2026-03-01,CZ,Other/Unknown,0.041
2026-03-01,CZ,Practical Guidance,0.311
2026-03-01,CZ,Seeking information,0.259
2026-03-01,CZ,Self-expression,0.097
2026-03-01,CZ,Technical help,0.043
2026-03-01,CZ,Writing,0.193
2026-03-01,DE,Multimedia,0.049
2026-03-01,DE,Other/Unknown,0.047
2026-03-01,DE,Practical Guidance,0.326
2026-03-01,DE,Seeking information,0.215
2026-03-01,DE,Self-expression,0.077
2026-03-01,DE,Technical help,0.042
2026-03-01,DE,Writing,0.244
2026-03-01,DK,Multimedia,0.045
2026-03-01,DK,Other/Unknown,0.054
2026-03-01,DK,Practical Guidance,0.302
2026-03-01,DK,Seeking information,0.196
2026-03-01,DK,Self-expression,0.070
2026-03-01,DK,Technical help,0.060
2026-03-01,DK,Writing,0.274
2026-03-01,DO,Multimedia,0.076
2026-03-01,DO,Other/Unknown,0.049
2026-03-01,DO,Practical Guidance,0.354
2026-03-01,DO,Seeking information,0.180
2026-03-01,DO,Self-expression,0.087
2026-03-01,DO,Technical help,0.043
2026-03-01,DO,Writing,0.210
2026-03-01,DZ,Multimedia,0.060
2026-03-01,DZ,Other/Unknown,0.078
2026-03-01,DZ,Practical Guidance,0.355
2026-03-01,DZ,Seeking information,0.168
2026-03-01,DZ,Self-expression,0.116
2026-03-01,DZ,Technical help,0.021
2026-03-01,DZ,Writing,0.200
2026-03-01,EC,Multimedia,0.077
2026-03-01,EC,Other/Unknown,0.044
2026-03-01,EC,Practical Guidance,0.330
2026-03-01,EC,Seeking information,0.160
2026-03-01,EC,Self-expression,0.071
2026-03-01,EC,Technical help,0.046
2026-03-01,EC,Writing,0.270
2026-03-01,EE,Multimedia,0.078
2026-03-01,EE,Other/Unknown,0.032
2026-03-01,EE,Practical Guidance,0.347
2026-03-01,EE,Seeking information,0.166
2026-03-01,EE,Self-expression,0.083
2026-03-01,EE,Technical help,0.060
2026-03-01,EE,Writing,0.234
2026-03-01,EG,Multimedia,0.059
2026-03-01,EG,Other/Unknown,0.067
2026-03-01,EG,Practical Guidance,0.367
2026-03-01,EG,Seeking information,0.189
2026-03-01,EG,Self-expression,0.090
2026-03-01,EG,Technical help,0.040
2026-03-01,EG,Writing,0.188
2026-03-01,ES,Multimedia,0.065
2026-03-01,ES,Other/Unknown,0.050
2026-03-01,ES,Practical Guidance,0.334
2026-03-01,ES,Seeking information,0.217
2026-03-01,ES,Self-expression,0.077
2026-03-01,ES,Technical help,0.047
2026-03-01,ES,Writing,0.210
2026-03-01,ET,Multimedia,0.039
2026-03-01,ET,Other/Unknown,0.092
2026-03-01,ET,Practical Guidance,0.378
2026-03-01,ET,Seeking information,0.141
2026-03-01,ET,Self-expression,0.058
2026-03-01,ET,Technical help,0.033
2026-03-01,ET,Writing,0.259
2026-03-01,FI,Multimedia,0.049
2026-03-01,FI,Other/Unknown,0.034
2026-03-01,FI,Practical Guidance,0.349
2026-03-01,FI,Seeking information,0.223
2026-03-01,FI,Self-expression,0.063
2026-03-01,FI,Technical help,0.069
2026-03-01,FI,Writing,0.212
2026-03-01,FR,Multimedia,0.061
2026-03-01,FR,Other/Unknown,0.050
2026-03-01,FR,Practical Guidance,0.306
2026-03-01,FR,Seeking information,0.222
2026-03-01,FR,Self-expression,0.080
2026-03-01,FR,Technical help,0.038
2026-03-01,FR,Writing,0.243
2026-03-01,GB,Multimedia,0.058
2026-03-01,GB,Other/Unknown,0.046
2026-03-01,GB,Practical Guidance,0.313
2026-03-01,GB,Seeking information,0.205
2026-03-01,GB,Self-expression,0.086
2026-03-01,GB,Technical help,0.045
2026-03-01,GB,Writing,0.247
2026-03-01,GE,Multimedia,0.054
2026-03-01,GE,Other/Unknown,0.061
2026-03-01,GE,Practical Guidance,0.381
2026-03-01,GE,Seeking information,0.191
2026-03-01,GE,Self-expression,0.090
2026-03-01,GE,Technical help,0.046
2026-03-01,GE,Writing,0.178
2026-03-01,GH,Multimedia,0.051
2026-03-01,GH,Other/Unknown,0.088
2026-03-01,GH,Practical Guidance,0.306
2026-03-01,GH,Seeking information,0.165
2026-03-01,GH,Self-expression,0.081
2026-03-01,GH,Technical help,0.045
2026-03-01,GH,Writing,0.263
2026-03-01,GR,Multimedia,0.056
2026-03-01,GR,Other/Unknown,0.064
2026-03-01,GR,Practical Guidance,0.330
2026-03-01,GR,Seeking information,0.220
2026-03-01,GR,Self-expression,0.103
2026-03-01,GR,Technical help,0.048
2026-03-01,GR,Writing,0.178
2026-03-01,GT,Multimedia,0.102
2026-03-01,GT,Other/Unknown,0.038
2026-03-01,GT,Practical Guidance,0.327
2026-03-01,GT,Seeking information,0.129
2026-03-01,GT,Self-expression,0.109
2026-03-01,GT,Technical help,0.050
2026-03-01,GT,Writing,0.243
2026-03-01,HN,Multimedia,0.110
2026-03-01,HN,Other/Unknown,0.069
2026-03-01,HN,Practical Guidance,0.324
2026-03-01,HN,Seeking information,0.151
2026-03-01,HN,Self-expression,0.095
2026-03-01,HN,Technical help,0.031
2026-03-01,HN,Writing,0.221
2026-03-01,HR,Multimedia,0.080
2026-03-01,HR,Other/Unknown,0.047
2026-03-01,HR,Practical Guidance,0.345
2026-03-01,HR,Seeking information,0.245
2026-03-01,HR,Self-expression,0.078
2026-03-01,HR,Technical help,0.038
2026-03-01,HR,Writing,0.168
2026-03-01,HT,Multimedia,0.044
2026-03-01,HT,Other/Unknown,0.081
2026-03-01,HT,Practical Guidance,0.302
2026-03-01,HT,Seeking information,0.145
2026-03-01,HT,Self-expression,0.150
2026-03-01,HT,Technical help,0.019
2026-03-01,HT,Writing,0.259
2026-03-01,HU,Multimedia,0.058
2026-03-01,HU,Other/Unknown,0.050
2026-03-01,HU,Practical Guidance,0.336
2026-03-01,HU,Seeking information,0.208
2026-03-01,HU,Self-expression,0.099
2026-03-01,HU,Technical help,0.055
2026-03-01,HU,Writing,0.194
2026-03-01,ID,Multimedia,0.057
2026-03-01,ID,Other/Unknown,0.043
2026-03-01,ID,Practical Guidance,0.317
2026-03-01,ID,Seeking information,0.155
2026-03-01,ID,Self-expression,0.096
2026-03-01,ID,Technical help,0.043
2026-03-01,ID,Writing,0.289
2026-03-01,IE,Multimedia,0.036
2026-03-01,IE,Other/Unknown,0.044
2026-03-01,IE,Practical Guidance,0.343
2026-03-01,IE,Seeking information,0.200
2026-03-01,IE,Self-expression,0.096
2026-03-01,IE,Technical help,0.026
2026-03-01,IE,Writing,0.254
2026-03-01,IL,Multimedia,0.048
2026-03-01,IL,Other/Unknown,0.058
2026-03-01,IL,Practical Guidance,0.320
2026-03-01,IL,Seeking information,0.238
2026-03-01,IL,Self-expression,0.093
2026-03-01,IL,Technical help,0.053
2026-03-01,IL,Writing,0.190
2026-03-01,IN,Multimedia,0.067
2026-03-01,IN,Other/Unknown,0.072
2026-03-01,IN,Practical Guidance,0.336
2026-03-01,IN,Seeking information,0.168
2026-03-01,IN,Self-expression,0.071
2026-03-01,IN,Technical help,0.070
2026-03-01,IN,Writing,0.215
2026-03-01,IQ,Multimedia,0.076
2026-03-01,IQ,Other/Unknown,0.076
2026-03-01,IQ,Practical Guidance,0.334
2026-03-01,IQ,Seeking information,0.176
2026-03-01,IQ,Self-expression,0.129
2026-03-01,IQ,Technical help,0.027
2026-03-01,IQ,Writing,0.182
2026-03-01,IT,Multimedia,0.054
2026-03-01,IT,Other/Unknown,0.048
2026-03-01,IT,Practical Guidance,0.328
2026-03-01,IT,Seeking information,0.194
2026-03-01,IT,Self-expression,0.082
2026-03-01,IT,Technical help,0.046
2026-03-01,IT,Writing,0.247
2026-03-01,JM,Multimedia,0.062
2026-03-01,JM,Other/Unknown,0.072
2026-03-01,JM,Practical Guidance,0.312
2026-03-01,JM,Seeking information,0.239
2026-03-01,JM,Self-expression,0.088
2026-03-01,JM,Technical help,0.031
2026-03-01,JM,Writing,0.195
2026-03-01,JO,Multimedia,0.060
2026-03-01,JO,Other/Unknown,0.061
2026-03-01,JO,Practical Guidance,0.347
2026-03-01,JO,Seeking information,0.196
2026-03-01,JO,Self-expression,0.112
2026-03-01,JO,Technical help,0.033
2026-03-01,JO,Writing,0.190
2026-03-01,JP,Multimedia,0.032
2026-03-01,JP,Other/Unknown,0.050
2026-03-01,JP,Practical Guidance,0.320
2026-03-01,JP,Seeking information,0.181
2026-03-01,JP,Self-expression,0.196
2026-03-01,JP,Technical help,0.033
2026-03-01,JP,Writing,0.187
2026-03-01,KE,Multimedia,0.047
2026-03-01,KE,Other/Unknown,0.077
2026-03-01,KE,Practical Guidance,0.334
2026-03-01,KE,Seeking information,0.174
2026-03-01,KE,Self-expression,0.089
2026-03-01,KE,Technical help,0.053
2026-03-01,KE,Writing,0.226
2026-03-01,KG,Multimedia,0.086
2026-03-01,KG,Other/Unknown,0.086
2026-03-01,KG,Practical Guidance,0.296
2026-03-01,KG,Seeking information,0.176
2026-03-01,KG,Self-expression,0.099
2026-03-01,KG,Technical help,0.035
2026-03-01,KG,Writing,0.222
2026-03-01,KH,Multimedia,0.072
2026-03-01,KH,Other/Unknown,0.055
2026-03-01,KH,Practical Guidance,0.239
2026-03-01,KH,Seeking information,0.154
2026-03-01,KH,Self-expression,0.067
2026-03-01,KH,Technical help,0.037
2026-03-01,KH,Writing,0.375
2026-03-01,KR,Multimedia,0.039
2026-03-01,KR,Other/Unknown,0.066
2026-03-01,KR,Practical Guidance,0.322
2026-03-01,KR,Seeking information,0.196
2026-03-01,KR,Self-expression,0.118
2026-03-01,KR,Technical help,0.037
2026-03-01,KR,Writing,0.222
2026-03-01,KW,Multimedia,0.054
2026-03-01,KW,Other/Unknown,0.062
2026-03-01,KW,Practical Guidance,0.330
2026-03-01,KW,Seeking information,0.211
2026-03-01,KW,Self-expression,0.082
2026-03-01,KW,Technical help,0.045
2026-03-01,KW,Writing,0.215
2026-03-01,KZ,Multimedia,0.046
2026-03-01,KZ,Other/Unknown,0.061
2026-03-01,KZ,Practical Guidance,0.324
2026-03-01,KZ,Seeking information,0.179
2026-03-01,KZ,Self-expression,0.101
2026-03-01,KZ,Technical help,0.039
2026-03-01,KZ,Writing,0.249
2026-03-01,LB,Multimedia,0.050
2026-03-01,LB,Other/Unknown,0.077
2026-03-01,LB,Practical Guidance,0.356
2026-03-01,LB,Seeking information,0.166
2026-03-01,LB,Self-expression,0.095
2026-03-01,LB,Technical help,0.044
2026-03-01,LB,Writing,0.211
2026-03-01,LK,Multimedia,0.063
2026-03-01,LK,Other/Unknown,0.074
2026-03-01,LK,Practical Guidance,0.295
2026-03-01,LK,Seeking information,0.140
2026-03-01,LK,Self-expression,0.082
2026-03-01,LK,Technical help,0.059
2026-03-01,LK,Writing,0.287
2026-03-01,LT,Multimedia,0.061
2026-03-01,LT,Other/Unknown,0.053
2026-03-01,LT,Practical Guidance,0.342
2026-03-01,LT,Seeking information,0.213
2026-03-01,LT,Self-expression,0.048
2026-03-01,LT,Technical help,0.056
2026-03-01,LT,Writing,0.227
2026-03-01,LU,Multimedia,0.003
2026-03-01,LU,Other/Unknown,0.092
2026-03-01,LU,Practical Guidance,0.285
2026-03-01,LU,Seeking information,0.232
2026-03-01,LU,Self-expression,0.002
2026-03-01,LU,Technical help,0.025
2026-03-01,LU,Writing,0.360
2026-03-01,LV,Multimedia,0.048
2026-03-01,LV,Other/Unknown,0.092
2026-03-01,LV,Practical Guidance,0.302
2026-03-01,LV,Seeking information,0.185
2026-03-01,LV,Self-expression,0.059
2026-03-01,LV,Technical help,0.074
2026-03-01,LV,Writing,0.240
2026-03-01,LY,Multimedia,0.069
2026-03-01,LY,Other/Unknown,0.083
2026-03-01,LY,Practical Guidance,0.331
2026-03-01,LY,Seeking information,0.183
2026-03-01,LY,Self-expression,0.152
2026-03-01,LY,Technical help,0.018
2026-03-01,LY,Writing,0.164
2026-03-01,MA,Multimedia,0.052
2026-03-01,MA,Other/Unknown,0.074
2026-03-01,MA,Practical Guidance,0.326
2026-03-01,MA,Seeking information,0.178
2026-03-01,MA,Self-expression,0.073
2026-03-01,MA,Technical help,0.030
2026-03-01,MA,Writing,0.265
2026-03-01,MD,Multimedia,0.062
2026-03-01,MD,Other/Unknown,0.072
2026-03-01,MD,Practical Guidance,0.324
2026-03-01,MD,Seeking information,0.166
2026-03-01,MD,Self-expression,0.096
2026-03-01,MD,Technical help,0.058
2026-03-01,MD,Writing,0.222
2026-03-01,ME,Multimedia,0.041
2026-03-01,ME,Other/Unknown,0.112
2026-03-01,ME,Practical Guidance,0.338
2026-03-01,ME,Seeking information,0.300
2026-03-01,ME,Self-expression,0.116
2026-03-01,ME,Technical help,0.000
2026-03-01,ME,Writing,0.094
2026-03-01,MG,Multimedia,0.105
2026-03-01,MG,Other/Unknown,0.094
2026-03-01,MG,Practical Guidance,0.224
2026-03-01,MG,Seeking information,0.118
2026-03-01,MG,Self-expression,0.068
2026-03-01,MG,Technical help,0.021
2026-03-01,MG,Writing,0.370
2026-03-01,MK,Multimedia,0.039
2026-03-01,MK,Other/Unknown,0.105
2026-03-01,MK,Practical Guidance,0.309
2026-03-01,MK,Seeking information,0.198
2026-03-01,MK,Self-expression,0.108
2026-03-01,MK,Technical help,0.061
2026-03-01,MK,Writing,0.179
2026-03-01,MM,Multimedia,0.089
2026-03-01,MM,Other/Unknown,0.090
2026-03-01,MM,Practical Guidance,0.336
2026-03-01,MM,Seeking information,0.132
2026-03-01,MM,Self-expression,0.134
2026-03-01,MM,Technical help,0.001
2026-03-01,MM,Writing,0.218
2026-03-01,MN,Multimedia,0.076
2026-03-01,MN,Other/Unknown,0.088
2026-03-01,MN,Practical Guidance,0.319
2026-03-01,MN,Seeking information,0.184
2026-03-01,MN,Self-expression,0.041
2026-03-01,MN,Technical help,0.064
2026-03-01,MN,Writing,0.228
2026-03-01,MX,Multimedia,0.078
2026-03-01,MX,Other/Unknown,0.048
2026-03-01,MX,Practical Guidance,0.327
2026-03-01,MX,Seeking information,0.161
2026-03-01,MX,Self-expression,0.120
2026-03-01,MX,Technical help,0.040
2026-03-01,MX,Writing,0.226
2026-03-01,MY,Multimedia,0.053
2026-03-01,MY,Other/Unknown,0.066
2026-03-01,MY,Practical Guidance,0.289
2026-03-01,MY,Seeking information,0.186
2026-03-01,MY,Self-expression,0.089
2026-03-01,MY,Technical help,0.035
2026-03-01,MY,Writing,0.283
2026-03-01,MZ,Multimedia,0.122
2026-03-01,MZ,Other/Unknown,0.086
2026-03-01,MZ,Practical Guidance,0.259
2026-03-01,MZ,Seeking information,0.112
2026-03-01,MZ,Self-expression,0.058
2026-03-01,MZ,Technical help,0.079
2026-03-01,MZ,Writing,0.284
2026-03-01,NG,Multimedia,0.048
2026-03-01,NG,Other/Unknown,0.064
2026-03-01,NG,Practical Guidance,0.265
2026-03-01,NG,Seeking information,0.153
2026-03-01,NG,Self-expression,0.086
2026-03-01,NG,Technical help,0.029
2026-03-01,NG,Writing,0.354
2026-03-01,NI,Multimedia,0.059
2026-03-01,NI,Other/Unknown,0.089
2026-03-01,NI,Practical Guidance,0.290
2026-03-01,NI,Seeking information,0.188
2026-03-01,NI,Self-expression,0.119
2026-03-01,NI,Technical help,0.035
2026-03-01,NI,Writing,0.220
2026-03-01,NL,Multimedia,0.057
2026-03-01,NL,Other/Unknown,0.052
2026-03-01,NL,Practical Guidance,0.321
2026-03-01,NL,Seeking information,0.190
2026-03-01,NL,Self-expression,0.081
2026-03-01,NL,Technical help,0.051
2026-03-01,NL,Writing,0.248
2026-03-01,NO,Multimedia,0.056
2026-03-01,NO,Other/Unknown,0.048
2026-03-01,NO,Practical Guidance,0.334
2026-03-01,NO,Seeking information,0.217
2026-03-01,NO,Self-expression,0.084
2026-03-01,NO,Technical help,0.051
2026-03-01,NO,Writing,0.209
2026-03-01,NP,Multimedia,0.056
2026-03-01,NP,Other/Unknown,0.093
2026-03-01,NP,Practical Guidance,0.323
2026-03-01,NP,Seeking information,0.165
2026-03-01,NP,Self-expression,0.071
2026-03-01,NP,Technical help,0.058
2026-03-01,NP,Writing,0.233
2026-03-01,NZ,Multimedia,0.035
2026-03-01,NZ,Other/Unknown,0.023
2026-03-01,NZ,Practical Guidance,0.331
2026-03-01,NZ,Seeking information,0.189
2026-03-01,NZ,Self-expression,0.064
2026-03-01,NZ,Technical help,0.036
2026-03-01,NZ,Writing,0.322
2026-03-01,OM,Multimedia,0.061
2026-03-01,OM,Other/Unknown,0.070
2026-03-01,OM,Practical Guidance,0.325
2026-03-01,OM,Seeking information,0.214
2026-03-01,OM,Self-expression,0.060
2026-03-01,OM,Technical help,0.015
2026-03-01,OM,Writing,0.255
2026-03-01,PA,Multimedia,0.090
2026-03-01,PA,Other/Unknown,0.065
2026-03-01,PA,Practical Guidance,0.336
2026-03-01,PA,Seeking information,0.163
2026-03-01,PA,Self-expression,0.089
2026-03-01,PA,Technical help,0.020
2026-03-01,PA,Writing,0.236
2026-03-01,PE,Multimedia,0.071
2026-03-01,PE,Other/Unknown,0.056
2026-03-01,PE,Practical Guidance,0.341
2026-03-01,PE,Seeking information,0.145
2026-03-01,PE,Self-expression,0.098
2026-03-01,PE,Technical help,0.039
2026-03-01,PE,Writing,0.249
2026-03-01,PH,Multimedia,0.045
2026-03-01,PH,Other/Unknown,0.047
2026-03-01,PH,Practical Guidance,0.289
2026-03-01,PH,Seeking information,0.135
2026-03-01,PH,Self-expression,0.052
2026-03-01,PH,Technical help,0.035
2026-03-01,PH,Writing,0.397
2026-03-01,PK,Multimedia,0.056
2026-03-01,PK,Other/Unknown,0.071
2026-03-01,PK,Practical Guidance,0.315
2026-03-01,PK,Seeking information,0.179
2026-03-01,PK,Self-expression,0.053
2026-03-01,PK,Technical help,0.043
2026-03-01,PK,Writing,0.282
2026-03-01,PL,Multimedia,0.058
2026-03-01,PL,Other/Unknown,0.047
2026-03-01,PL,Practical Guidance,0.332
2026-03-01,PL,Seeking information,0.223
2026-03-01,PL,Self-expression,0.078
2026-03-01,PL,Technical help,0.052
2026-03-01,PL,Writing,0.209
2026-03-01,PR,Multimedia,0.079
2026-03-01,PR,Other/Unknown,0.045
2026-03-01,PR,Practical Guidance,0.387
2026-03-01,PR,Seeking information,0.198
2026-03-01,PR,Self-expression,0.085
2026-03-01,PR,Technical help,0.019
2026-03-01,PR,Writing,0.187
2026-03-01,PS,Multimedia,0.030
2026-03-01,PS,Other/Unknown,0.078
2026-03-01,PS,Practical Guidance,0.374
2026-03-01,PS,Seeking information,0.143
2026-03-01,PS,Self-expression,0.110
2026-03-01,PS,Technical help,0.061
2026-03-01,PS,Writing,0.204
2026-03-01,PT,Multimedia,0.060
2026-03-01,PT,Other/Unknown,0.049
2026-03-01,PT,Practical Guidance,0.322
2026-03-01,PT,Seeking information,0.214
2026-03-01,PT,Self-expression,0.073
2026-03-01,PT,Technical help,0.042
2026-03-01,PT,Writing,0.240
2026-03-01,PY,Multimedia,0.048
2026-03-01,PY,Other/Unknown,0.089
2026-03-01,PY,Practical Guidance,0.353
2026-03-01,PY,Seeking information,0.181
2026-03-01,PY,Self-expression,0.106
2026-03-01,PY,Technical help,0.024
2026-03-01,PY,Writing,0.198
2026-03-01,QA,Multimedia,0.060
2026-03-01,QA,Other/Unknown,0.060
2026-03-01,QA,Practical Guidance,0.293
2026-03-01,QA,Seeking information,0.240
2026-03-01,QA,Self-expression,0.048
2026-03-01,QA,Technical help,0.020
2026-03-01,QA,Writing,0.279
2026-03-01,RE,Multimedia,0.066
2026-03-01,RE,Other/Unknown,0.038
2026-03-01,RE,Practical Guidance,0.328
2026-03-01,RE,Seeking information,0.234
2026-03-01,RE,Self-expression,0.079
2026-03-01,RE,Technical help,0.000
2026-03-01,RE,Writing,0.255
2026-03-01,RO,Multimedia,0.048
2026-03-01,RO,Other/Unknown,0.058
2026-03-01,RO,Practical Guidance,0.351
2026-03-01,RO,Seeking information,0.221
2026-03-01,RO,Self-expression,0.090
2026-03-01,RO,Technical help,0.045
2026-03-01,RO,Writing,0.187
2026-03-01,RS,Multimedia,0.057
2026-03-01,RS,Other/Unknown,0.052
2026-03-01,RS,Practical Guidance,0.340
2026-03-01,RS,Seeking information,0.230
2026-03-01,RS,Self-expression,0.103
2026-03-01,RS,Technical help,0.034
2026-03-01,RS,Writing,0.183
2026-03-01,RW,Multimedia,0.085
2026-03-01,RW,Other/Unknown,0.076
2026-03-01,RW,Practical Guidance,0.304
2026-03-01,RW,Seeking information,0.176
2026-03-01,RW,Self-expression,0.062
2026-03-01,RW,Technical help,0.048
2026-03-01,RW,Writing,0.248
2026-03-01,SA,Multimedia,0.052
2026-03-01,SA,Other/Unknown,0.062
2026-03-01,SA,Practical Guidance,0.323
2026-03-01,SA,Seeking information,0.201
2026-03-01,SA,Self-expression,0.108
2026-03-01,SA,Technical help,0.033
2026-03-01,SA,Writing,0.221
2026-03-01,SD,Multimedia,0.044
2026-03-01,SD,Other/Unknown,0.062
2026-03-01,SD,Practical Guidance,0.336
2026-03-01,SD,Seeking information,0.215
2026-03-01,SD,Self-expression,0.089
2026-03-01,SD,Technical help,0.017
2026-03-01,SD,Writing,0.237
2026-03-01,SE,Multimedia,0.034
2026-03-01,SE,Other/Unknown,0.049
2026-03-01,SE,Practical Guidance,0.354
2026-03-01,SE,Seeking information,0.212
2026-03-01,SE,Self-expression,0.080
2026-03-01,SE,Technical help,0.045
2026-03-01,SE,Writing,0.225
2026-03-01,SG,Multimedia,0.044
2026-03-01,SG,Other/Unknown,0.057
2026-03-01,SG,Practical Guidance,0.267
2026-03-01,SG,Seeking information,0.180
2026-03-01,SG,Self-expression,0.064
2026-03-01,SG,Technical help,0.074
2026-03-01,SG,Writing,0.314
2026-03-01,SI,Multimedia,0.035
2026-03-01,SI,Other/Unknown,0.093
2026-03-01,SI,Practical Guidance,0.315
2026-03-01,SI,Seeking information,0.233
2026-03-01,SI,Self-expression,0.084
2026-03-01,SI,Technical help,0.023
2026-03-01,SI,Writing,0.217
2026-03-01,SK,Multimedia,0.057
2026-03-01,SK,Other/Unknown,0.065
2026-03-01,SK,Practical Guidance,0.346
2026-03-01,SK,Seeking information,0.239
2026-03-01,SK,Self-expression,0.065
2026-03-01,SK,Technical help,0.054
2026-03-01,SK,Writing,0.173
2026-03-01,SN,Multimedia,0.047
2026-03-01,SN,Other/Unknown,0.069
2026-03-01,SN,Practical Guidance,0.364
2026-03-01,SN,Seeking information,0.188
2026-03-01,SN,Self-expression,0.017
2026-03-01,SN,Technical help,0.038
2026-03-01,SN,Writing,0.277
2026-03-01,SO,Multimedia,0.104
2026-03-01,SO,Other/Unknown,0.102
2026-03-01,SO,Practical Guidance,0.270
2026-03-01,SO,Seeking information,0.152
2026-03-01,SO,Self-expression,0.099
2026-03-01,SO,Technical help,0.006
2026-03-01,SO,Writing,0.267
2026-03-01,SV,Multimedia,0.068
2026-03-01,SV,Other/Unknown,0.049
2026-03-01,SV,Practical Guidance,0.330
2026-03-01,SV,Seeking information,0.148
2026-03-01,SV,Self-expression,0.096
2026-03-01,SV,Technical help,0.068
2026-03-01,SV,Writing,0.242
2026-03-01,TH,Multimedia,0.061
2026-03-01,TH,Other/Unknown,0.069
2026-03-01,TH,Practical Guidance,0.294
2026-03-01,TH,Seeking information,0.157
2026-03-01,TH,Self-expression,0.129
2026-03-01,TH,Technical help,0.040
2026-03-01,TH,Writing,0.250
2026-03-01,TJ,Multimedia,0.085
2026-03-01,TJ,Other/Unknown,0.056
2026-03-01,TJ,Practical Guidance,0.315
2026-03-01,TJ,Seeking information,0.145
2026-03-01,TJ,Self-expression,0.095
2026-03-01,TJ,Technical help,0.063
2026-03-01,TJ,Writing,0.241
2026-03-01,TN,Multimedia,0.062
2026-03-01,TN,Other/Unknown,0.087
2026-03-01,TN,Practical Guidance,0.287
2026-03-01,TN,Seeking information,0.169
2026-03-01,TN,Self-expression,0.073
2026-03-01,TN,Technical help,0.048
2026-03-01,TN,Writing,0.273
2026-03-01,TR,Multimedia,0.068
2026-03-01,TR,Other/Unknown,0.066
2026-03-01,TR,Practical Guidance,0.355
2026-03-01,TR,Seeking information,0.210
2026-03-01,TR,Self-expression,0.107
2026-03-01,TR,Technical help,0.034
2026-03-01,TR,Writing,0.161
2026-03-01,TW,Multimedia,0.043
2026-03-01,TW,Other/Unknown,0.060
2026-03-01,TW,Practical Guidance,0.314
2026-03-01,TW,Seeking information,0.164
2026-03-01,TW,Self-expression,0.144
2026-03-01,TW,Technical help,0.052
2026-03-01,TW,Writing,0.225
2026-03-01,TZ,Multimedia,0.071
2026-03-01,TZ,Other/Unknown,0.062
2026-03-01,TZ,Practical Guidance,0.374
2026-03-01,TZ,Seeking information,0.165
2026-03-01,TZ,Self-expression,0.078
2026-03-01,TZ,Technical help,0.017
2026-03-01,TZ,Writing,0.233
2026-03-01,UA,Multimedia,0.059
2026-03-01,UA,Other/Unknown,0.063
2026-03-01,UA,Practical Guidance,0.341
2026-03-01,UA,Seeking information,0.200
2026-03-01,UA,Self-expression,0.085
2026-03-01,UA,Technical help,0.039
2026-03-01,UA,Writing,0.213
2026-03-01,UG,Multimedia,0.050
2026-03-01,UG,Other/Unknown,0.084
2026-03-01,UG,Practical Guidance,0.390
2026-03-01,UG,Seeking information,0.168
2026-03-01,UG,Self-expression,0.050
2026-03-01,UG,Technical help,0.029
2026-03-01,UG,Writing,0.229
2026-03-01,US,Multimedia,0.056
2026-03-01,US,Other/Unknown,0.050
2026-03-01,US,Practical Guidance,0.332
2026-03-01,US,Seeking information,0.187
2026-03-01,US,Self-expression,0.087
2026-03-01,US,Technical help,0.048
2026-03-01,US,Writing,0.241
2026-03-01,UY,Multimedia,0.066
2026-03-01,UY,Other/Unknown,0.044
2026-03-01,UY,Practical Guidance,0.313
2026-03-01,UY,Seeking information,0.191
2026-03-01,UY,Self-expression,0.130
2026-03-01,UY,Technical help,0.065
2026-03-01,UY,Writing,0.190
2026-03-01,UZ,Multimedia,0.061
2026-03-01,UZ,Other/Unknown,0.072
2026-03-01,UZ,Practical Guidance,0.323
2026-03-01,UZ,Seeking information,0.185
2026-03-01,UZ,Self-expression,0.098
2026-03-01,UZ,Technical help,0.039
2026-03-01,UZ,Writing,0.223
2026-03-01,VN,Multimedia,0.051
2026-03-01,VN,Other/Unknown,0.061
2026-03-01,VN,Practical Guidance,0.308
2026-03-01,VN,Seeking information,0.136
2026-03-01,VN,Self-expression,0.104
2026-03-01,VN,Technical help,0.054
2026-03-01,VN,Writing,0.287
2026-03-01,YE,Multimedia,0.040
2026-03-01,YE,Other/Unknown,0.016
2026-03-01,YE,Practical Guidance,0.370
2026-03-01,YE,Seeking information,0.177
2026-03-01,YE,Self-expression,0.138
2026-03-01,YE,Technical help,0.064
2026-03-01,YE,Writing,0.195
2026-03-01,ZA,Multimedia,0.054
2026-03-01,ZA,Other/Unknown,0.049
2026-03-01,ZA,Practical Guidance,0.314
2026-03-01,ZA,Seeking information,0.146
2026-03-01,ZA,Self-expression,0.092
2026-03-01,ZA,Technical help,0.045
2026-03-01,ZA,Writing,0.300
2026-03-01,ZM,Multimedia,0.059
2026-03-01,ZM,Other/Unknown,0.003
2026-03-01,ZM,Practical Guidance,0.399
2026-03-01,ZM,Seeking information,0.236
2026-03-01,ZM,Self-expression,0.055
2026-03-01,ZM,Technical help,0.050
2026-03-01,ZM,Writing,0.197
2026-03-01,ZW,Multimedia,0.068
2026-03-01,ZW,Other/Unknown,0.057
2026-03-01,ZW,Practical Guidance,0.288
2026-03-01,ZW,Seeking information,0.175
2026-03-01,ZW,Self-expression,0.060
2026-03-01,ZW,Technical help,0.041
2026-03-01,ZW,Writing,0.310
2026-04-01,AE,Multimedia,0.049
2026-04-01,AE,Other/Unknown,0.059
2026-04-01,AE,Practical Guidance,0.302
2026-04-01,AE,Seeking information,0.164
2026-04-01,AE,Self-expression,0.055
2026-04-01,AE,Technical help,0.036
2026-04-01,AE,Writing,0.335
2026-04-01,AF,Multimedia,0.077
2026-04-01,AF,Other/Unknown,0.071
2026-04-01,AF,Practical Guidance,0.276
2026-04-01,AF,Seeking information,0.166
2026-04-01,AF,Self-expression,0.080
2026-04-01,AF,Technical help,0.040
2026-04-01,AF,Writing,0.291
2026-04-01,AL,Multimedia,0.053
2026-04-01,AL,Other/Unknown,0.083
2026-04-01,AL,Practical Guidance,0.356
2026-04-01,AL,Seeking information,0.234
2026-04-01,AL,Self-expression,0.112
2026-04-01,AL,Technical help,0.036
2026-04-01,AL,Writing,0.126
2026-04-01,AM,Multimedia,0.075
2026-04-01,AM,Other/Unknown,0.092
2026-04-01,AM,Practical Guidance,0.285
2026-04-01,AM,Seeking information,0.188
2026-04-01,AM,Self-expression,0.068
2026-04-01,AM,Technical help,0.065
2026-04-01,AM,Writing,0.228
2026-04-01,AO,Multimedia,0.080
2026-04-01,AO,Other/Unknown,0.124
2026-04-01,AO,Practical Guidance,0.274
2026-04-01,AO,Seeking information,0.147
2026-04-01,AO,Self-expression,0.064
2026-04-01,AO,Technical help,0.037
2026-04-01,AO,Writing,0.273
2026-04-01,AR,Multimedia,0.090
2026-04-01,AR,Other/Unknown,0.053
2026-04-01,AR,Practical Guidance,0.357
2026-04-01,AR,Seeking information,0.160
2026-04-01,AR,Self-expression,0.107
2026-04-01,AR,Technical help,0.038
2026-04-01,AR,Writing,0.195
2026-04-01,AT,Multimedia,0.053
2026-04-01,AT,Other/Unknown,0.041
2026-04-01,AT,Practical Guidance,0.313
2026-04-01,AT,Seeking information,0.225
2026-04-01,AT,Self-expression,0.061
2026-04-01,AT,Technical help,0.051
2026-04-01,AT,Writing,0.256
2026-04-01,AU,Multimedia,0.043
2026-04-01,AU,Other/Unknown,0.046
2026-04-01,AU,Practical Guidance,0.312
2026-04-01,AU,Seeking information,0.218
2026-04-01,AU,Self-expression,0.069
2026-04-01,AU,Technical help,0.037
2026-04-01,AU,Writing,0.275
2026-04-01,AZ,Multimedia,0.049
2026-04-01,AZ,Other/Unknown,0.075
2026-04-01,AZ,Practical Guidance,0.354
2026-04-01,AZ,Seeking information,0.184
2026-04-01,AZ,Self-expression,0.099
2026-04-01,AZ,Technical help,0.040
2026-04-01,AZ,Writing,0.198
2026-04-01,BA,Multimedia,0.039
2026-04-01,BA,Other/Unknown,0.052
2026-04-01,BA,Practical Guidance,0.366
2026-04-01,BA,Seeking information,0.266
2026-04-01,BA,Self-expression,0.109
2026-04-01,BA,Technical help,0.007
2026-04-01,BA,Writing,0.161
2026-04-01,BD,Multimedia,0.056
2026-04-01,BD,Other/Unknown,0.088
2026-04-01,BD,Practical Guidance,0.317
2026-04-01,BD,Seeking information,0.193
2026-04-01,BD,Self-expression,0.050
2026-04-01,BD,Technical help,0.036
2026-04-01,BD,Writing,0.261
2026-04-01,BE,Multimedia,0.044
2026-04-01,BE,Other/Unknown,0.048
2026-04-01,BE,Practical Guidance,0.321
2026-04-01,BE,Seeking information,0.226
2026-04-01,BE,Self-expression,0.063
2026-04-01,BE,Technical help,0.039
2026-04-01,BE,Writing,0.259
2026-04-01,BG,Multimedia,0.065
2026-04-01,BG,Other/Unknown,0.055
2026-04-01,BG,Practical Guidance,0.345
2026-04-01,BG,Seeking information,0.217
2026-04-01,BG,Self-expression,0.091
2026-04-01,BG,Technical help,0.033
2026-04-01,BG,Writing,0.193
2026-04-01,BH,Multimedia,0.047
2026-04-01,BH,Other/Unknown,0.026
2026-04-01,BH,Practical Guidance,0.401
2026-04-01,BH,Seeking information,0.148
2026-04-01,BH,Self-expression,0.101
2026-04-01,BH,Technical help,0.045
2026-04-01,BH,Writing,0.232
2026-04-01,BJ,Multimedia,0.075
2026-04-01,BJ,Other/Unknown,0.093
2026-04-01,BJ,Practical Guidance,0.222
2026-04-01,BJ,Seeking information,0.260
2026-04-01,BJ,Self-expression,0.000
2026-04-01,BJ,Technical help,0.036
2026-04-01,BJ,Writing,0.314
2026-04-01,BO,Multimedia,0.075
2026-04-01,BO,Other/Unknown,0.036
2026-04-01,BO,Practical Guidance,0.352
2026-04-01,BO,Seeking information,0.160
2026-04-01,BO,Self-expression,0.068
2026-04-01,BO,Technical help,0.055
2026-04-01,BO,Writing,0.254
2026-04-01,BR,Multimedia,0.103
2026-04-01,BR,Other/Unknown,0.056
2026-04-01,BR,Practical Guidance,0.307
2026-04-01,BR,Seeking information,0.148
2026-04-01,BR,Self-expression,0.080
2026-04-01,BR,Technical help,0.045
2026-04-01,BR,Writing,0.261
2026-04-01,CA,Multimedia,0.047
2026-04-01,CA,Other/Unknown,0.046
2026-04-01,CA,Practical Guidance,0.339
2026-04-01,CA,Seeking information,0.202
2026-04-01,CA,Self-expression,0.068
2026-04-01,CA,Technical help,0.044
2026-04-01,CA,Writing,0.253
2026-04-01,CD,Multimedia,0.070
2026-04-01,CD,Other/Unknown,0.070
2026-04-01,CD,Practical Guidance,0.272
2026-04-01,CD,Seeking information,0.149
2026-04-01,CD,Self-expression,0.088
2026-04-01,CD,Technical help,0.021
2026-04-01,CD,Writing,0.330
2026-04-01,CH,Multimedia,0.051
2026-04-01,CH,Other/Unknown,0.051
2026-04-01,CH,Practical Guidance,0.289
2026-04-01,CH,Seeking information,0.226
2026-04-01,CH,Self-expression,0.065
2026-04-01,CH,Technical help,0.038
2026-04-01,CH,Writing,0.280
2026-04-01,CI,Multimedia,0.047
2026-04-01,CI,Other/Unknown,0.075
2026-04-01,CI,Practical Guidance,0.252
2026-04-01,CI,Seeking information,0.128
2026-04-01,CI,Self-expression,0.035
2026-04-01,CI,Technical help,0.058
2026-04-01,CI,Writing,0.404
2026-04-01,CL,Multimedia,0.078
2026-04-01,CL,Other/Unknown,0.060
2026-04-01,CL,Practical Guidance,0.319
2026-04-01,CL,Seeking information,0.159
2026-04-01,CL,Self-expression,0.095
2026-04-01,CL,Technical help,0.045
2026-04-01,CL,Writing,0.243
2026-04-01,CM,Multimedia,0.086
2026-04-01,CM,Other/Unknown,0.043
2026-04-01,CM,Practical Guidance,0.288
2026-04-01,CM,Seeking information,0.198
2026-04-01,CM,Self-expression,0.077
2026-04-01,CM,Technical help,0.051
2026-04-01,CM,Writing,0.256
2026-04-01,CO,Multimedia,0.100
2026-04-01,CO,Other/Unknown,0.054
2026-04-01,CO,Practical Guidance,0.324
2026-04-01,CO,Seeking information,0.152
2026-04-01,CO,Self-expression,0.068
2026-04-01,CO,Technical help,0.044
2026-04-01,CO,Writing,0.259
2026-04-01,CR,Multimedia,0.098
2026-04-01,CR,Other/Unknown,0.038
2026-04-01,CR,Practical Guidance,0.351
2026-04-01,CR,Seeking information,0.150
2026-04-01,CR,Self-expression,0.080
2026-04-01,CR,Technical help,0.050
2026-04-01,CR,Writing,0.234
2026-04-01,CY,Multimedia,0.091
2026-04-01,CY,Other/Unknown,0.019
2026-04-01,CY,Practical Guidance,0.306
2026-04-01,CY,Seeking information,0.223
2026-04-01,CY,Self-expression,0.082
2026-04-01,CY,Technical help,0.047
2026-04-01,CY,Writing,0.233
2026-04-01,CZ,Multimedia,0.065
2026-04-01,CZ,Other/Unknown,0.049
2026-04-01,CZ,Practical Guidance,0.328
2026-04-01,CZ,Seeking information,0.241
2026-04-01,CZ,Self-expression,0.070
2026-04-01,CZ,Technical help,0.042
2026-04-01,CZ,Writing,0.205
2026-04-01,DE,Multimedia,0.049
2026-04-01,DE,Other/Unknown,0.048
2026-04-01,DE,Practical Guidance,0.325
2026-04-01,DE,Seeking information,0.227
2026-04-01,DE,Self-expression,0.066
2026-04-01,DE,Technical help,0.039
2026-04-01,DE,Writing,0.246
2026-04-01,DK,Multimedia,0.051
2026-04-01,DK,Other/Unknown,0.042
2026-04-01,DK,Practical Guidance,0.325
2026-04-01,DK,Seeking information,0.225
2026-04-01,DK,Self-expression,0.054
2026-04-01,DK,Technical help,0.043
2026-04-01,DK,Writing,0.260
2026-04-01,DO,Multimedia,0.068
2026-04-01,DO,Other/Unknown,0.075
2026-04-01,DO,Practical Guidance,0.335
2026-04-01,DO,Seeking information,0.166
2026-04-01,DO,Self-expression,0.077
2026-04-01,DO,Technical help,0.029
2026-04-01,DO,Writing,0.250
2026-04-01,DZ,Multimedia,0.051
2026-04-01,DZ,Other/Unknown,0.087
2026-04-01,DZ,Practical Guidance,0.347
2026-04-01,DZ,Seeking information,0.167
2026-04-01,DZ,Self-expression,0.089
2026-04-01,DZ,Technical help,0.027
2026-04-01,DZ,Writing,0.232
2026-04-01,EC,Multimedia,0.066
2026-04-01,EC,Other/Unknown,0.044
2026-04-01,EC,Practical Guidance,0.348
2026-04-01,EC,Seeking information,0.180
2026-04-01,EC,Self-expression,0.064
2026-04-01,EC,Technical help,0.036
2026-04-01,EC,Writing,0.261
2026-04-01,EE,Multimedia,0.029
2026-04-01,EE,Other/Unknown,0.060
2026-04-01,EE,Practical Guidance,0.328
2026-04-01,EE,Seeking information,0.234
2026-04-01,EE,Self-expression,0.059
2026-04-01,EE,Technical help,0.032
2026-04-01,EE,Writing,0.256
2026-04-01,EG,Multimedia,0.058
2026-04-01,EG,Other/Unknown,0.061
2026-04-01,EG,Practical Guidance,0.380
2026-04-01,EG,Seeking information,0.188
2026-04-01,EG,Self-expression,0.082
2026-04-01,EG,Technical help,0.037
2026-04-01,EG,Writing,0.193
2026-04-01,ES,Multimedia,0.060
2026-04-01,ES,Other/Unknown,0.046
2026-04-01,ES,Practical Guidance,0.355
2026-04-01,ES,Seeking information,0.226
2026-04-01,ES,Self-expression,0.060
2026-04-01,ES,Technical help,0.046
2026-04-01,ES,Writing,0.207
2026-04-01,ET,Multimedia,0.064
2026-04-01,ET,Other/Unknown,0.108
2026-04-01,ET,Practical Guidance,0.343
2026-04-01,ET,Seeking information,0.152
2026-04-01,ET,Self-expression,0.065
2026-04-01,ET,Technical help,0.052
2026-04-01,ET,Writing,0.216
2026-04-01,FI,Multimedia,0.061
2026-04-01,FI,Other/Unknown,0.053
2026-04-01,FI,Practical Guidance,0.318
2026-04-01,FI,Seeking information,0.203
2026-04-01,FI,Self-expression,0.054
2026-04-01,FI,Technical help,0.051
2026-04-01,FI,Writing,0.259
2026-04-01,FR,Multimedia,0.056
2026-04-01,FR,Other/Unknown,0.052
2026-04-01,FR,Practical Guidance,0.336
2026-04-01,FR,Seeking information,0.219
2026-04-01,FR,Self-expression,0.071
2026-04-01,FR,Technical help,0.038
2026-04-01,FR,Writing,0.228
2026-04-01,GB,Multimedia,0.053
2026-04-01,GB,Other/Unknown,0.045
2026-04-01,GB,Practical Guidance,0.327
2026-04-01,GB,Seeking information,0.203
2026-04-01,GB,Self-expression,0.077
2026-04-01,GB,Technical help,0.045
2026-04-01,GB,Writing,0.250
2026-04-01,GE,Multimedia,0.059
2026-04-01,GE,Other/Unknown,0.062
2026-04-01,GE,Practical Guidance,0.351
2026-04-01,GE,Seeking information,0.184
2026-04-01,GE,Self-expression,0.086
2026-04-01,GE,Technical help,0.058
2026-04-01,GE,Writing,0.202
2026-04-01,GH,Multimedia,0.037
2026-04-01,GH,Other/Unknown,0.080
2026-04-01,GH,Practical Guidance,0.317
2026-04-01,GH,Seeking information,0.164
2026-04-01,GH,Self-expression,0.052
2026-04-01,GH,Technical help,0.053
2026-04-01,GH,Writing,0.296
2026-04-01,GR,Multimedia,0.050
2026-04-01,GR,Other/Unknown,0.059
2026-04-01,GR,Practical Guidance,0.353
2026-04-01,GR,Seeking information,0.229
2026-04-01,GR,Self-expression,0.087
2026-04-01,GR,Technical help,0.042
2026-04-01,GR,Writing,0.182
2026-04-01,GT,Multimedia,0.044
2026-04-01,GT,Other/Unknown,0.062
2026-04-01,GT,Practical Guidance,0.372
2026-04-01,GT,Seeking information,0.155
2026-04-01,GT,Self-expression,0.109
2026-04-01,GT,Technical help,0.054
2026-04-01,GT,Writing,0.203
2026-04-01,HN,Multimedia,0.089
2026-04-01,HN,Other/Unknown,0.072
2026-04-01,HN,Practical Guidance,0.384
2026-04-01,HN,Seeking information,0.156
2026-04-01,HN,Self-expression,0.069
2026-04-01,HN,Technical help,0.003
2026-04-01,HN,Writing,0.227
2026-04-01,HR,Multimedia,0.051
2026-04-01,HR,Other/Unknown,0.045
2026-04-01,HR,Practical Guidance,0.338
2026-04-01,HR,Seeking information,0.257
2026-04-01,HR,Self-expression,0.074
2026-04-01,HR,Technical help,0.068
2026-04-01,HR,Writing,0.167
2026-04-01,HT,Multimedia,0.076
2026-04-01,HT,Other/Unknown,0.097
2026-04-01,HT,Practical Guidance,0.319
2026-04-01,HT,Seeking information,0.148
2026-04-01,HT,Self-expression,0.058
2026-04-01,HT,Technical help,0.000
2026-04-01,HT,Writing,0.301
2026-04-01,HU,Multimedia,0.051
2026-04-01,HU,Other/Unknown,0.062
2026-04-01,HU,Practical Guidance,0.305
2026-04-01,HU,Seeking information,0.258
2026-04-01,HU,Self-expression,0.099
2026-04-01,HU,Technical help,0.046
2026-04-01,HU,Writing,0.180
2026-04-01,ID,Multimedia,0.063
2026-04-01,ID,Other/Unknown,0.043
2026-04-01,ID,Practical Guidance,0.334
2026-04-01,ID,Seeking information,0.141
2026-04-01,ID,Self-expression,0.068
2026-04-01,ID,Technical help,0.048
2026-04-01,ID,Writing,0.303
2026-04-01,IE,Multimedia,0.045
2026-04-01,IE,Other/Unknown,0.055
2026-04-01,IE,Practical Guidance,0.336
2026-04-01,IE,Seeking information,0.216
2026-04-01,IE,Self-expression,0.082
2026-04-01,IE,Technical help,0.057
2026-04-01,IE,Writing,0.209
2026-04-01,IL,Multimedia,0.050
2026-04-01,IL,Other/Unknown,0.053
2026-04-01,IL,Practical Guidance,0.336
2026-04-01,IL,Seeking information,0.239
2026-04-01,IL,Self-expression,0.077
2026-04-01,IL,Technical help,0.044
2026-04-01,IL,Writing,0.202
2026-04-01,IN,Multimedia,0.069
2026-04-01,IN,Other/Unknown,0.069
2026-04-01,IN,Practical Guidance,0.350
2026-04-01,IN,Seeking information,0.168
2026-04-01,IN,Self-expression,0.059
2026-04-01,IN,Technical help,0.069
2026-04-01,IN,Writing,0.216
2026-04-01,IQ,Multimedia,0.063
2026-04-01,IQ,Other/Unknown,0.071
2026-04-01,IQ,Practical Guidance,0.361
2026-04-01,IQ,Seeking information,0.165
2026-04-01,IQ,Self-expression,0.128
2026-04-01,IQ,Technical help,0.034
2026-04-01,IQ,Writing,0.178
2026-04-01,IT,Multimedia,0.063
2026-04-01,IT,Other/Unknown,0.044
2026-04-01,IT,Practical Guidance,0.338
2026-04-01,IT,Seeking information,0.200
2026-04-01,IT,Self-expression,0.079
2026-04-01,IT,Technical help,0.038
2026-04-01,IT,Writing,0.237
2026-04-01,JM,Multimedia,0.057
2026-04-01,JM,Other/Unknown,0.025
2026-04-01,JM,Practical Guidance,0.342
2026-04-01,JM,Seeking information,0.146
2026-04-01,JM,Self-expression,0.101
2026-04-01,JM,Technical help,0.029
2026-04-01,JM,Writing,0.300
2026-04-01,JO,Multimedia,0.052
2026-04-01,JO,Other/Unknown,0.065
2026-04-01,JO,Practical Guidance,0.365
2026-04-01,JO,Seeking information,0.173
2026-04-01,JO,Self-expression,0.086
2026-04-01,JO,Technical help,0.052
2026-04-01,JO,Writing,0.208
2026-04-01,JP,Multimedia,0.040
2026-04-01,JP,Other/Unknown,0.049
2026-04-01,JP,Practical Guidance,0.320
2026-04-01,JP,Seeking information,0.186
2026-04-01,JP,Self-expression,0.157
2026-04-01,JP,Technical help,0.033
2026-04-01,JP,Writing,0.216
2026-04-01,KE,Multimedia,0.064
2026-04-01,KE,Other/Unknown,0.063
2026-04-01,KE,Practical Guidance,0.370
2026-04-01,KE,Seeking information,0.171
2026-04-01,KE,Self-expression,0.079
2026-04-01,KE,Technical help,0.039
2026-04-01,KE,Writing,0.216
2026-04-01,KG,Multimedia,0.068
2026-04-01,KG,Other/Unknown,0.088
2026-04-01,KG,Practical Guidance,0.315
2026-04-01,KG,Seeking information,0.151
2026-04-01,KG,Self-expression,0.074
2026-04-01,KG,Technical help,0.045
2026-04-01,KG,Writing,0.259
2026-04-01,KH,Multimedia,0.059
2026-04-01,KH,Other/Unknown,0.081
2026-04-01,KH,Practical Guidance,0.282
2026-04-01,KH,Seeking information,0.112
2026-04-01,KH,Self-expression,0.063
2026-04-01,KH,Technical help,0.016
2026-04-01,KH,Writing,0.387
2026-04-01,KR,Multimedia,0.040
2026-04-01,KR,Other/Unknown,0.060
2026-04-01,KR,Practical Guidance,0.342
2026-04-01,KR,Seeking information,0.198
2026-04-01,KR,Self-expression,0.086
2026-04-01,KR,Technical help,0.044
2026-04-01,KR,Writing,0.230
2026-04-01,KW,Multimedia,0.053
2026-04-01,KW,Other/Unknown,0.063
2026-04-01,KW,Practical Guidance,0.364
2026-04-01,KW,Seeking information,0.198
2026-04-01,KW,Self-expression,0.047
2026-04-01,KW,Technical help,0.060
2026-04-01,KW,Writing,0.215
2026-04-01,KZ,Multimedia,0.048
2026-04-01,KZ,Other/Unknown,0.075
2026-04-01,KZ,Practical Guidance,0.344
2026-04-01,KZ,Seeking information,0.168
2026-04-01,KZ,Self-expression,0.078
2026-04-01,KZ,Technical help,0.037
2026-04-01,KZ,Writing,0.249
2026-04-01,LB,Multimedia,0.070
2026-04-01,LB,Other/Unknown,0.059
2026-04-01,LB,Practical Guidance,0.343
2026-04-01,LB,Seeking information,0.172
2026-04-01,LB,Self-expression,0.078
2026-04-01,LB,Technical help,0.045
2026-04-01,LB,Writing,0.233
2026-04-01,LK,Multimedia,0.075
2026-04-01,LK,Other/Unknown,0.060
2026-04-01,LK,Practical Guidance,0.337
2026-04-01,LK,Seeking information,0.152
2026-04-01,LK,Self-expression,0.058
2026-04-01,LK,Technical help,0.043
2026-04-01,LK,Writing,0.274
2026-04-01,LT,Multimedia,0.066
2026-04-01,LT,Other/Unknown,0.051
2026-04-01,LT,Practical Guidance,0.351
2026-04-01,LT,Seeking information,0.201
2026-04-01,LT,Self-expression,0.071
2026-04-01,LT,Technical help,0.069
2026-04-01,LT,Writing,0.191
2026-04-01,LU,Multimedia,0.082
2026-04-01,LU,Other/Unknown,0.058
2026-04-01,LU,Practical Guidance,0.296
2026-04-01,LU,Seeking information,0.129
2026-04-01,LU,Self-expression,0.051
2026-04-01,LU,Technical help,0.051
2026-04-01,LU,Writing,0.333
2026-04-01,LV,Multimedia,0.037
2026-04-01,LV,Other/Unknown,0.046
2026-04-01,LV,Practical Guidance,0.328
2026-04-01,LV,Seeking information,0.238
2026-04-01,LV,Self-expression,0.071
2026-04-01,LV,Technical help,0.041
2026-04-01,LV,Writing,0.239
2026-04-01,LY,Multimedia,0.043
2026-04-01,LY,Other/Unknown,0.083
2026-04-01,LY,Practical Guidance,0.372
2026-04-01,LY,Seeking information,0.176
2026-04-01,LY,Self-expression,0.111
2026-04-01,LY,Technical help,0.030
2026-04-01,LY,Writing,0.186
2026-04-01,MA,Multimedia,0.053
2026-04-01,MA,Other/Unknown,0.089
2026-04-01,MA,Practical Guidance,0.329
2026-04-01,MA,Seeking information,0.172
2026-04-01,MA,Self-expression,0.062
2026-04-01,MA,Technical help,0.033
2026-04-01,MA,Writing,0.262
2026-04-01,MD,Multimedia,0.089
2026-04-01,MD,Other/Unknown,0.063
2026-04-01,MD,Practical Guidance,0.351
2026-04-01,MD,Seeking information,0.144
2026-04-01,MD,Self-expression,0.035
2026-04-01,MD,Technical help,0.063
2026-04-01,MD,Writing,0.255
2026-04-01,ME,Multimedia,0.042
2026-04-01,ME,Other/Unknown,0.087
2026-04-01,ME,Practical Guidance,0.367
2026-04-01,ME,Seeking information,0.226
2026-04-01,ME,Self-expression,0.119
2026-04-01,ME,Technical help,0.000
2026-04-01,ME,Writing,0.160
2026-04-01,MG,Multimedia,0.048
2026-04-01,MG,Other/Unknown,0.048
2026-04-01,MG,Practical Guidance,0.323
2026-04-01,MG,Seeking information,0.195
2026-04-01,MG,Self-expression,0.056
2026-04-01,MG,Technical help,0.000
2026-04-01,MG,Writing,0.329
2026-04-01,MK,Multimedia,0.057
2026-04-01,MK,Other/Unknown,0.082
2026-04-01,MK,Practical Guidance,0.366
2026-04-01,MK,Seeking information,0.201
2026-04-01,MK,Self-expression,0.124
2026-04-01,MK,Technical help,0.037
2026-04-01,MK,Writing,0.134
2026-04-01,MM,Multimedia,0.113
2026-04-01,MM,Other/Unknown,0.070
2026-04-01,MM,Practical Guidance,0.305
2026-04-01,MM,Seeking information,0.128
2026-04-01,MM,Self-expression,0.142
2026-04-01,MM,Technical help,0.018
2026-04-01,MM,Writing,0.223
2026-04-01,MN,Multimedia,0.056
2026-04-01,MN,Other/Unknown,0.086
2026-04-01,MN,Practical Guidance,0.296
2026-04-01,MN,Seeking information,0.206
2026-04-01,MN,Self-expression,0.081
2026-04-01,MN,Technical help,0.067
2026-04-01,MN,Writing,0.209
2026-04-01,MT,Multimedia,0.066
2026-04-01,MT,Other/Unknown,0.075
2026-04-01,MT,Practical Guidance,0.279
2026-04-01,MT,Seeking information,0.204
2026-04-01,MT,Self-expression,0.107
2026-04-01,MT,Technical help,0.032
2026-04-01,MT,Writing,0.238
2026-04-01,MU,Multimedia,0.094
2026-04-01,MU,Other/Unknown,0.079
2026-04-01,MU,Practical Guidance,0.339
2026-04-01,MU,Seeking information,0.168
2026-04-01,MU,Self-expression,0.095
2026-04-01,MU,Technical help,0.017
2026-04-01,MU,Writing,0.207
2026-04-01,MX,Multimedia,0.085
2026-04-01,MX,Other/Unknown,0.055
2026-04-01,MX,Practical Guidance,0.320
2026-04-01,MX,Seeking information,0.170
2026-04-01,MX,Self-expression,0.102
2026-04-01,MX,Technical help,0.041
2026-04-01,MX,Writing,0.227
2026-04-01,MY,Multimedia,0.053
2026-04-01,MY,Other/Unknown,0.057
2026-04-01,MY,Practical Guidance,0.314
2026-04-01,MY,Seeking information,0.170
2026-04-01,MY,Self-expression,0.065
2026-04-01,MY,Technical help,0.037
2026-04-01,MY,Writing,0.303
2026-04-01,MZ,Multimedia,0.070
2026-04-01,MZ,Other/Unknown,0.071
2026-04-01,MZ,Practical Guidance,0.331
2026-04-01,MZ,Seeking information,0.134
2026-04-01,MZ,Self-expression,0.088
2026-04-01,MZ,Technical help,0.037
2026-04-01,MZ,Writing,0.269
2026-04-01,NG,Multimedia,0.048
2026-04-01,NG,Other/Unknown,0.064
2026-04-01,NG,Practical Guidance,0.268
2026-04-01,NG,Seeking information,0.144
2026-04-01,NG,Self-expression,0.079
2026-04-01,NG,Technical help,0.042
2026-04-01,NG,Writing,0.355
2026-04-01,NI,Multimedia,0.052
2026-04-01,NI,Other/Unknown,0.055
2026-04-01,NI,Practical Guidance,0.333
2026-04-01,NI,Seeking information,0.162
2026-04-01,NI,Self-expression,0.113
2026-04-01,NI,Technical help,0.049
2026-04-01,NI,Writing,0.238
2026-04-01,NL,Multimedia,0.066
2026-04-01,NL,Other/Unknown,0.043
2026-04-01,NL,Practical Guidance,0.322
2026-04-01,NL,Seeking information,0.201
2026-04-01,NL,Self-expression,0.072
2026-04-01,NL,Technical help,0.052
2026-04-01,NL,Writing,0.244
2026-04-01,NO,Multimedia,0.044
2026-04-01,NO,Other/Unknown,0.043
2026-04-01,NO,Practical Guidance,0.342
2026-04-01,NO,Seeking information,0.232
2026-04-01,NO,Self-expression,0.070
2026-04-01,NO,Technical help,0.040
2026-04-01,NO,Writing,0.230
2026-04-01,NP,Multimedia,0.056
2026-04-01,NP,Other/Unknown,0.084
2026-04-01,NP,Practical Guidance,0.323
2026-04-01,NP,Seeking information,0.171
2026-04-01,NP,Self-expression,0.069
2026-04-01,NP,Technical help,0.047
2026-04-01,NP,Writing,0.249
2026-04-01,NZ,Multimedia,0.054
2026-04-01,NZ,Other/Unknown,0.059
2026-04-01,NZ,Practical Guidance,0.297
2026-04-01,NZ,Seeking information,0.180
2026-04-01,NZ,Self-expression,0.075
2026-04-01,NZ,Technical help,0.047
2026-04-01,NZ,Writing,0.288
2026-04-01,OM,Multimedia,0.067
2026-04-01,OM,Other/Unknown,0.076
2026-04-01,OM,Practical Guidance,0.332
2026-04-01,OM,Seeking information,0.144
2026-04-01,OM,Self-expression,0.063
2026-04-01,OM,Technical help,0.049
2026-04-01,OM,Writing,0.269
2026-04-01,PA,Multimedia,0.104
2026-04-01,PA,Other/Unknown,0.070
2026-04-01,PA,Practical Guidance,0.345
2026-04-01,PA,Seeking information,0.172
2026-04-01,PA,Self-expression,0.057
2026-04-01,PA,Technical help,0.030
2026-04-01,PA,Writing,0.222
2026-04-01,PE,Multimedia,0.085
2026-04-01,PE,Other/Unknown,0.059
2026-04-01,PE,Practical Guidance,0.345
2026-04-01,PE,Seeking information,0.143
2026-04-01,PE,Self-expression,0.065
2026-04-01,PE,Technical help,0.047
2026-04-01,PE,Writing,0.256
2026-04-01,PH,Multimedia,0.041
2026-04-01,PH,Other/Unknown,0.045
2026-04-01,PH,Practical Guidance,0.291
2026-04-01,PH,Seeking information,0.143
2026-04-01,PH,Self-expression,0.053
2026-04-01,PH,Technical help,0.035
2026-04-01,PH,Writing,0.393
2026-04-01,PK,Multimedia,0.065
2026-04-01,PK,Other/Unknown,0.060
2026-04-01,PK,Practical Guidance,0.350
2026-04-01,PK,Seeking information,0.154
2026-04-01,PK,Self-expression,0.046
2026-04-01,PK,Technical help,0.050
2026-04-01,PK,Writing,0.274
2026-04-01,PL,Multimedia,0.055
2026-04-01,PL,Other/Unknown,0.047
2026-04-01,PL,Practical Guidance,0.335
2026-04-01,PL,Seeking information,0.236
2026-04-01,PL,Self-expression,0.076
2026-04-01,PL,Technical help,0.042
2026-04-01,PL,Writing,0.208
2026-04-01,PR,Multimedia,0.086
2026-04-01,PR,Other/Unknown,0.065
2026-04-01,PR,Practical Guidance,0.335
2026-04-01,PR,Seeking information,0.185
2026-04-01,PR,Self-expression,0.078
2026-04-01,PR,Technical help,0.044
2026-04-01,PR,Writing,0.208
2026-04-01,PS,Multimedia,0.061
2026-04-01,PS,Other/Unknown,0.048
2026-04-01,PS,Practical Guidance,0.401
2026-04-01,PS,Seeking information,0.158
2026-04-01,PS,Self-expression,0.085
2026-04-01,PS,Technical help,0.043
2026-04-01,PS,Writing,0.203
2026-04-01,PT,Multimedia,0.071
2026-04-01,PT,Other/Unknown,0.061
2026-04-01,PT,Practical Guidance,0.320
2026-04-01,PT,Seeking information,0.219
2026-04-01,PT,Self-expression,0.051
2026-04-01,PT,Technical help,0.042
2026-04-01,PT,Writing,0.236
2026-04-01,PY,Multimedia,0.046
2026-04-01,PY,Other/Unknown,0.080
2026-04-01,PY,Practical Guidance,0.332
2026-04-01,PY,Seeking information,0.155
2026-04-01,PY,Self-expression,0.085
2026-04-01,PY,Technical help,0.066
2026-04-01,PY,Writing,0.236
2026-04-01,QA,Multimedia,0.058
2026-04-01,QA,Other/Unknown,0.091
2026-04-01,QA,Practical Guidance,0.285
2026-04-01,QA,Seeking information,0.152
2026-04-01,QA,Self-expression,0.036
2026-04-01,QA,Technical help,0.048
2026-04-01,QA,Writing,0.331
2026-04-01,RE,Multimedia,0.097
2026-04-01,RE,Other/Unknown,0.078
2026-04-01,RE,Practical Guidance,0.320
2026-04-01,RE,Seeking information,0.218
2026-04-01,RE,Self-expression,0.073
2026-04-01,RE,Technical help,0.018
2026-04-01,RE,Writing,0.196
2026-04-01,RO,Multimedia,0.059
2026-04-01,RO,Other/Unknown,0.049
2026-04-01,RO,Practical Guidance,0.336
2026-04-01,RO,Seeking information,0.244
2026-04-01,RO,Self-expression,0.080
2026-04-01,RO,Technical help,0.046
2026-04-01,RO,Writing,0.186
2026-04-01,RS,Multimedia,0.060
2026-04-01,RS,Other/Unknown,0.062
2026-04-01,RS,Practical Guidance,0.336
2026-04-01,RS,Seeking information,0.236
2026-04-01,RS,Self-expression,0.099
2026-04-01,RS,Technical help,0.050
2026-04-01,RS,Writing,0.158
2026-04-01,RW,Multimedia,0.073
2026-04-01,RW,Other/Unknown,0.095
2026-04-01,RW,Practical Guidance,0.315
2026-04-01,RW,Seeking information,0.107
2026-04-01,RW,Self-expression,0.024
2026-04-01,RW,Technical help,0.045
2026-04-01,RW,Writing,0.340
2026-04-01,SA,Multimedia,0.052
2026-04-01,SA,Other/Unknown,0.061
2026-04-01,SA,Practical Guidance,0.355
2026-04-01,SA,Seeking information,0.175
2026-04-01,SA,Self-expression,0.084
2026-04-01,SA,Technical help,0.041
2026-04-01,SA,Writing,0.233
2026-04-01,SD,Multimedia,0.045
2026-04-01,SD,Other/Unknown,0.092
2026-04-01,SD,Practical Guidance,0.322
2026-04-01,SD,Seeking information,0.177
2026-04-01,SD,Self-expression,0.057
2026-04-01,SD,Technical help,0.038
2026-04-01,SD,Writing,0.270
2026-04-01,SE,Multimedia,0.049
2026-04-01,SE,Other/Unknown,0.048
2026-04-01,SE,Practical Guidance,0.334
2026-04-01,SE,Seeking information,0.205
2026-04-01,SE,Self-expression,0.069
2026-04-01,SE,Technical help,0.054
2026-04-01,SE,Writing,0.241
2026-04-01,SG,Multimedia,0.055
2026-04-01,SG,Other/Unknown,0.035
2026-04-01,SG,Practical Guidance,0.286
2026-04-01,SG,Seeking information,0.198
2026-04-01,SG,Self-expression,0.062
2026-04-01,SG,Technical help,0.077
2026-04-01,SG,Writing,0.288
2026-04-01,SI,Multimedia,0.074
2026-04-01,SI,Other/Unknown,0.050
2026-04-01,SI,Practical Guidance,0.274
2026-04-01,SI,Seeking information,0.261
2026-04-01,SI,Self-expression,0.061
2026-04-01,SI,Technical help,0.080
2026-04-01,SI,Writing,0.201
2026-04-01,SK,Multimedia,0.075
2026-04-01,SK,Other/Unknown,0.053
2026-04-01,SK,Practical Guidance,0.326
2026-04-01,SK,Seeking information,0.242
2026-04-01,SK,Self-expression,0.071
2026-04-01,SK,Technical help,0.045
2026-04-01,SK,Writing,0.189
2026-04-01,SN,Multimedia,0.069
2026-04-01,SN,Other/Unknown,0.086
2026-04-01,SN,Practical Guidance,0.281
2026-04-01,SN,Seeking information,0.142
2026-04-01,SN,Self-expression,0.077
2026-04-01,SN,Technical help,0.043
2026-04-01,SN,Writing,0.302
2026-04-01,SO,Multimedia,0.071
2026-04-01,SO,Other/Unknown,0.111
2026-04-01,SO,Practical Guidance,0.263
2026-04-01,SO,Seeking information,0.149
2026-04-01,SO,Self-expression,0.081
2026-04-01,SO,Technical help,0.000
2026-04-01,SO,Writing,0.326
2026-04-01,SV,Multimedia,0.098
2026-04-01,SV,Other/Unknown,0.070
2026-04-01,SV,Practical Guidance,0.360
2026-04-01,SV,Seeking information,0.136
2026-04-01,SV,Self-expression,0.118
2026-04-01,SV,Technical help,0.032
2026-04-01,SV,Writing,0.186
2026-04-01,TH,Multimedia,0.063
2026-04-01,TH,Other/Unknown,0.070
2026-04-01,TH,Practical Guidance,0.291
2026-04-01,TH,Seeking information,0.161
2026-04-01,TH,Self-expression,0.116
2026-04-01,TH,Technical help,0.037
2026-04-01,TH,Writing,0.262
2026-04-01,TJ,Multimedia,0.103
2026-04-01,TJ,Other/Unknown,0.084
2026-04-01,TJ,Practical Guidance,0.300
2026-04-01,TJ,Seeking information,0.146
2026-04-01,TJ,Self-expression,0.095
2026-04-01,TJ,Technical help,0.046
2026-04-01,TJ,Writing,0.225
2026-04-01,TN,Multimedia,0.052
2026-04-01,TN,Other/Unknown,0.075
2026-04-01,TN,Practical Guidance,0.332
2026-04-01,TN,Seeking information,0.137
2026-04-01,TN,Self-expression,0.071
2026-04-01,TN,Technical help,0.059
2026-04-01,TN,Writing,0.274
2026-04-01,TR,Multimedia,0.065
2026-04-01,TR,Other/Unknown,0.058
2026-04-01,TR,Practical Guidance,0.371
2026-04-01,TR,Seeking information,0.205
2026-04-01,TR,Self-expression,0.097
2026-04-01,TR,Technical help,0.040
2026-04-01,TR,Writing,0.164
2026-04-01,TW,Multimedia,0.056
2026-04-01,TW,Other/Unknown,0.060
2026-04-01,TW,Practical Guidance,0.308
2026-04-01,TW,Seeking information,0.161
2026-04-01,TW,Self-expression,0.099
2026-04-01,TW,Technical help,0.051
2026-04-01,TW,Writing,0.265
2026-04-01,TZ,Multimedia,0.072
2026-04-01,TZ,Other/Unknown,0.083
2026-04-01,TZ,Practical Guidance,0.293
2026-04-01,TZ,Seeking information,0.147
2026-04-01,TZ,Self-expression,0.071
2026-04-01,TZ,Technical help,0.033
2026-04-01,TZ,Writing,0.299
2026-04-01,UA,Multimedia,0.060
2026-04-01,UA,Other/Unknown,0.057
2026-04-01,UA,Practical Guidance,0.331
2026-04-01,UA,Seeking information,0.193
2026-04-01,UA,Self-expression,0.081
2026-04-01,UA,Technical help,0.044
2026-04-01,UA,Writing,0.233
2026-04-01,UG,Multimedia,0.062
2026-04-01,UG,Other/Unknown,0.076
2026-04-01,UG,Practical Guidance,0.375
2026-04-01,UG,Seeking information,0.175
2026-04-01,UG,Self-expression,0.054
2026-04-01,UG,Technical help,0.018
2026-04-01,UG,Writing,0.239
2026-04-01,US,Multimedia,0.058
2026-04-01,US,Other/Unknown,0.049
2026-04-01,US,Practical Guidance,0.334
2026-04-01,US,Seeking information,0.195
2026-04-01,US,Self-expression,0.072
2026-04-01,US,Technical help,0.048
2026-04-01,US,Writing,0.244
2026-04-01,UY,Multimedia,0.086
2026-04-01,UY,Other/Unknown,0.063
2026-04-01,UY,Practical Guidance,0.339
2026-04-01,UY,Seeking information,0.180
2026-04-01,UY,Self-expression,0.118
2026-04-01,UY,Technical help,0.036
2026-04-01,UY,Writing,0.179
2026-04-01,UZ,Multimedia,0.051
2026-04-01,UZ,Other/Unknown,0.087
2026-04-01,UZ,Practical Guidance,0.336
2026-04-01,UZ,Seeking information,0.173
2026-04-01,UZ,Self-expression,0.066
2026-04-01,UZ,Technical help,0.037
2026-04-01,UZ,Writing,0.249
2026-04-01,VN,Multimedia,0.058
2026-04-01,VN,Other/Unknown,0.062
2026-04-01,VN,Practical Guidance,0.304
2026-04-01,VN,Seeking information,0.141
2026-04-01,VN,Self-expression,0.074
2026-04-01,VN,Technical help,0.053
2026-04-01,VN,Writing,0.307
2026-04-01,YE,Multimedia,0.093
2026-04-01,YE,Other/Unknown,0.073
2026-04-01,YE,Practical Guidance,0.380
2026-04-01,YE,Seeking information,0.170
2026-04-01,YE,Self-expression,0.061
2026-04-01,YE,Technical help,0.008
2026-04-01,YE,Writing,0.215
2026-04-01,ZA,Multimedia,0.070
2026-04-01,ZA,Other/Unknown,0.052
2026-04-01,ZA,Practical Guidance,0.297
2026-04-01,ZA,Seeking information,0.154
2026-04-01,ZA,Self-expression,0.075
2026-04-01,ZA,Technical help,0.051
2026-04-01,ZA,Writing,0.301
2026-04-01,ZM,Multimedia,0.082
2026-04-01,ZM,Other/Unknown,0.058
2026-04-01,ZM,Practical Guidance,0.375
2026-04-01,ZM,Seeking information,0.127
2026-04-01,ZM,Self-expression,0.061
2026-04-01,ZM,Technical help,0.067
2026-04-01,ZM,Writing,0.230
2026-04-01,ZW,Multimedia,0.141
2026-04-01,ZW,Other/Unknown,0.060
2026-04-01,ZW,Practical Guidance,0.303
2026-04-01,ZW,Seeking information,0.142
2026-04-01,ZW,Self-expression,0.040
2026-04-01,ZW,Technical help,0.049
2026-04-01,ZW,Writing,0.266
2026-05-01,AE,Multimedia,0.076
2026-05-01,AE,Other/Unknown,0.058
2026-05-01,AE,Practical Guidance,0.293
2026-05-01,AE,Seeking information,0.195
2026-05-01,AE,Self-expression,0.047
2026-05-01,AE,Technical help,0.036
2026-05-01,AE,Writing,0.295
2026-05-01,AF,Multimedia,0.133
2026-05-01,AF,Other/Unknown,0.093
2026-05-01,AF,Practical Guidance,0.259
2026-05-01,AF,Seeking information,0.170
2026-05-01,AF,Self-expression,0.086
2026-05-01,AF,Technical help,0.028
2026-05-01,AF,Writing,0.230
2026-05-01,AL,Multimedia,0.042
2026-05-01,AL,Other/Unknown,0.075
2026-05-01,AL,Practical Guidance,0.325
2026-05-01,AL,Seeking information,0.183
2026-05-01,AL,Self-expression,0.118
2026-05-01,AL,Technical help,0.049
2026-05-01,AL,Writing,0.208
2026-05-01,AM,Multimedia,0.073
2026-05-01,AM,Other/Unknown,0.092
2026-05-01,AM,Practical Guidance,0.308
2026-05-01,AM,Seeking information,0.171
2026-05-01,AM,Self-expression,0.071
2026-05-01,AM,Technical help,0.046
2026-05-01,AM,Writing,0.239
2026-05-01,AO,Multimedia,0.091
2026-05-01,AO,Other/Unknown,0.064
2026-05-01,AO,Practical Guidance,0.306
2026-05-01,AO,Seeking information,0.187
2026-05-01,AO,Self-expression,0.053
2026-05-01,AO,Technical help,0.052
2026-05-01,AO,Writing,0.246
2026-05-01,AR,Multimedia,0.105
2026-05-01,AR,Other/Unknown,0.059
2026-05-01,AR,Practical Guidance,0.334
2026-05-01,AR,Seeking information,0.156
2026-05-01,AR,Self-expression,0.109
2026-05-01,AR,Technical help,0.040
2026-05-01,AR,Writing,0.197
2026-05-01,AT,Multimedia,0.056
2026-05-01,AT,Other/Unknown,0.045
2026-05-01,AT,Practical Guidance,0.327
2026-05-01,AT,Seeking information,0.221
2026-05-01,AT,Self-expression,0.086
2026-05-01,AT,Technical help,0.040
2026-05-01,AT,Writing,0.225
2026-05-01,AU,Multimedia,0.063
2026-05-01,AU,Other/Unknown,0.051
2026-05-01,AU,Practical Guidance,0.315
2026-05-01,AU,Seeking information,0.193
2026-05-01,AU,Self-expression,0.061
2026-05-01,AU,Technical help,0.040
2026-05-01,AU,Writing,0.277
2026-05-01,AZ,Multimedia,0.078
2026-05-01,AZ,Other/Unknown,0.069
2026-05-01,AZ,Practical Guidance,0.306
2026-05-01,AZ,Seeking information,0.190
2026-05-01,AZ,Self-expression,0.152
2026-05-01,AZ,Technical help,0.028
2026-05-01,AZ,Writing,0.177
2026-05-01,BA,Multimedia,0.098
2026-05-01,BA,Other/Unknown,0.055
2026-05-01,BA,Practical Guidance,0.351
2026-05-01,BA,Seeking information,0.240
2026-05-01,BA,Self-expression,0.076
2026-05-01,BA,Technical help,0.026
2026-05-01,BA,Writing,0.153
2026-05-01,BD,Multimedia,0.077
2026-05-01,BD,Other/Unknown,0.092
2026-05-01,BD,Practical Guidance,0.295
2026-05-01,BD,Seeking information,0.196
2026-05-01,BD,Self-expression,0.063
2026-05-01,BD,Technical help,0.038
2026-05-01,BD,Writing,0.240
2026-05-01,BE,Multimedia,0.057
2026-05-01,BE,Other/Unknown,0.045
2026-05-01,BE,Practical Guidance,0.319
2026-05-01,BE,Seeking information,0.230
2026-05-01,BE,Self-expression,0.074
2026-05-01,BE,Technical help,0.035
2026-05-01,BE,Writing,0.241
2026-05-01,BG,Multimedia,0.066
2026-05-01,BG,Other/Unknown,0.067
2026-05-01,BG,Practical Guidance,0.342
2026-05-01,BG,Seeking information,0.218
2026-05-01,BG,Self-expression,0.101
2026-05-01,BG,Technical help,0.044
2026-05-01,BG,Writing,0.162
2026-05-01,BH,Multimedia,0.121
2026-05-01,BH,Other/Unknown,0.039
2026-05-01,BH,Practical Guidance,0.278
2026-05-01,BH,Seeking information,0.266
2026-05-01,BH,Self-expression,0.014
2026-05-01,BH,Technical help,0.012
2026-05-01,BH,Writing,0.269
2026-05-01,BJ,Multimedia,0.099
2026-05-01,BJ,Other/Unknown,0.091
2026-05-01,BJ,Practical Guidance,0.266
2026-05-01,BJ,Seeking information,0.112
2026-05-01,BJ,Self-expression,0.069
2026-05-01,BJ,Technical help,0.026
2026-05-01,BJ,Writing,0.337
2026-05-01,BO,Multimedia,0.110
2026-05-01,BO,Other/Unknown,0.043
2026-05-01,BO,Practical Guidance,0.330
2026-05-01,BO,Seeking information,0.168
2026-05-01,BO,Self-expression,0.089
2026-05-01,BO,Technical help,0.041
2026-05-01,BO,Writing,0.218
2026-05-01,BR,Multimedia,0.113
2026-05-01,BR,Other/Unknown,0.060
2026-05-01,BR,Practical Guidance,0.298
2026-05-01,BR,Seeking information,0.145
2026-05-01,BR,Self-expression,0.088
2026-05-01,BR,Technical help,0.043
2026-05-01,BR,Writing,0.253
2026-05-01,CA,Multimedia,0.060
2026-05-01,CA,Other/Unknown,0.050
2026-05-01,CA,Practical Guidance,0.309
2026-05-01,CA,Seeking information,0.218
2026-05-01,CA,Self-expression,0.069
2026-05-01,CA,Technical help,0.041
2026-05-01,CA,Writing,0.254
2026-05-01,CD,Multimedia,0.034
2026-05-01,CD,Other/Unknown,0.112
2026-05-01,CD,Practical Guidance,0.251
2026-05-01,CD,Seeking information,0.147
2026-05-01,CD,Self-expression,0.087
2026-05-01,CD,Technical help,0.014
2026-05-01,CD,Writing,0.356
2026-05-01,CH,Multimedia,0.052
2026-05-01,CH,Other/Unknown,0.051
2026-05-01,CH,Practical Guidance,0.290
2026-05-01,CH,Seeking information,0.219
2026-05-01,CH,Self-expression,0.086
2026-05-01,CH,Technical help,0.041
2026-05-01,CH,Writing,0.261
2026-05-01,CI,Multimedia,0.058
2026-05-01,CI,Other/Unknown,0.061
2026-05-01,CI,Practical Guidance,0.274
2026-05-01,CI,Seeking information,0.183
2026-05-01,CI,Self-expression,0.110
2026-05-01,CI,Technical help,0.036
2026-05-01,CI,Writing,0.279
2026-05-01,CL,Multimedia,0.104
2026-05-01,CL,Other/Unknown,0.056
2026-05-01,CL,Practical Guidance,0.319
2026-05-01,CL,Seeking information,0.150
2026-05-01,CL,Self-expression,0.101
2026-05-01,CL,Technical help,0.042
2026-05-01,CL,Writing,0.229
2026-05-01,CM,Multimedia,0.073
2026-05-01,CM,Other/Unknown,0.031
2026-05-01,CM,Practical Guidance,0.311
2026-05-01,CM,Seeking information,0.123
2026-05-01,CM,Self-expression,0.079
2026-05-01,CM,Technical help,0.088
2026-05-01,CM,Writing,0.295
2026-05-01,CO,Multimedia,0.101
2026-05-01,CO,Other/Unknown,0.051
2026-05-01,CO,Practical Guidance,0.299
2026-05-01,CO,Seeking information,0.154
2026-05-01,CO,Self-expression,0.081
2026-05-01,CO,Technical help,0.044
2026-05-01,CO,Writing,0.270
2026-05-01,CR,Multimedia,0.079
2026-05-01,CR,Other/Unknown,0.062
2026-05-01,CR,Practical Guidance,0.293
2026-05-01,CR,Seeking information,0.184
2026-05-01,CR,Self-expression,0.105
2026-05-01,CR,Technical help,0.034
2026-05-01,CR,Writing,0.244
2026-05-01,CY,Multimedia,0.057
2026-05-01,CY,Other/Unknown,0.046
2026-05-01,CY,Practical Guidance,0.288
2026-05-01,CY,Seeking information,0.226
2026-05-01,CY,Self-expression,0.063
2026-05-01,CY,Technical help,0.055
2026-05-01,CY,Writing,0.265
2026-05-01,CZ,Multimedia,0.051
2026-05-01,CZ,Other/Unknown,0.047
2026-05-01,CZ,Practical Guidance,0.322
2026-05-01,CZ,Seeking information,0.259
2026-05-01,CZ,Self-expression,0.096
2026-05-01,CZ,Technical help,0.042
2026-05-01,CZ,Writing,0.183
2026-05-01,DE,Multimedia,0.062
2026-05-01,DE,Other/Unknown,0.052
2026-05-01,DE,Practical Guidance,0.325
2026-05-01,DE,Seeking information,0.209
2026-05-01,DE,Self-expression,0.075
2026-05-01,DE,Technical help,0.041
2026-05-01,DE,Writing,0.238
2026-05-01,DK,Multimedia,0.044
2026-05-01,DK,Other/Unknown,0.047
2026-05-01,DK,Practical Guidance,0.297
2026-05-01,DK,Seeking information,0.227
2026-05-01,DK,Self-expression,0.067
2026-05-01,DK,Technical help,0.045
2026-05-01,DK,Writing,0.272
2026-05-01,DO,Multimedia,0.099
2026-05-01,DO,Other/Unknown,0.059
2026-05-01,DO,Practical Guidance,0.314
2026-05-01,DO,Seeking information,0.171
2026-05-01,DO,Self-expression,0.090
2026-05-01,DO,Technical help,0.031
2026-05-01,DO,Writing,0.236
2026-05-01,DZ,Multimedia,0.070
2026-05-01,DZ,Other/Unknown,0.089
2026-05-01,DZ,Practical Guidance,0.328
2026-05-01,DZ,Seeking information,0.173
2026-05-01,DZ,Self-expression,0.102
2026-05-01,DZ,Technical help,0.028
2026-05-01,DZ,Writing,0.210
2026-05-01,EC,Multimedia,0.092
2026-05-01,EC,Other/Unknown,0.048
2026-05-01,EC,Practical Guidance,0.336
2026-05-01,EC,Seeking information,0.151
2026-05-01,EC,Self-expression,0.073
2026-05-01,EC,Technical help,0.042
2026-05-01,EC,Writing,0.258
2026-05-01,EE,Multimedia,0.067
2026-05-01,EE,Other/Unknown,0.065
2026-05-01,EE,Practical Guidance,0.353
2026-05-01,EE,Seeking information,0.176
2026-05-01,EE,Self-expression,0.083
2026-05-01,EE,Technical help,0.065
2026-05-01,EE,Writing,0.191
2026-05-01,EG,Multimedia,0.079
2026-05-01,EG,Other/Unknown,0.065
2026-05-01,EG,Practical Guidance,0.370
2026-05-01,EG,Seeking information,0.176
2026-05-01,EG,Self-expression,0.086
2026-05-01,EG,Technical help,0.038
2026-05-01,EG,Writing,0.185
2026-05-01,ES,Multimedia,0.069
2026-05-01,ES,Other/Unknown,0.054
2026-05-01,ES,Practical Guidance,0.336
2026-05-01,ES,Seeking information,0.220
2026-05-01,ES,Self-expression,0.067
2026-05-01,ES,Technical help,0.042
2026-05-01,ES,Writing,0.211
2026-05-01,ET,Multimedia,0.068
2026-05-01,ET,Other/Unknown,0.131
2026-05-01,ET,Practical Guidance,0.331
2026-05-01,ET,Seeking information,0.139
2026-05-01,ET,Self-expression,0.071
2026-05-01,ET,Technical help,0.037
2026-05-01,ET,Writing,0.223
2026-05-01,FI,Multimedia,0.059
2026-05-01,FI,Other/Unknown,0.044
2026-05-01,FI,Practical Guidance,0.333
2026-05-01,FI,Seeking information,0.197
2026-05-01,FI,Self-expression,0.076
2026-05-01,FI,Technical help,0.074
2026-05-01,FI,Writing,0.216
2026-05-01,FR,Multimedia,0.068
2026-05-01,FR,Other/Unknown,0.047
2026-05-01,FR,Practical Guidance,0.320
2026-05-01,FR,Seeking information,0.245
2026-05-01,FR,Self-expression,0.077
2026-05-01,FR,Technical help,0.035
2026-05-01,FR,Writing,0.209
2026-05-01,GB,Multimedia,0.059
2026-05-01,GB,Other/Unknown,0.050
2026-05-01,GB,Practical Guidance,0.325
2026-05-01,GB,Seeking information,0.217
2026-05-01,GB,Self-expression,0.082
2026-05-01,GB,Technical help,0.039
2026-05-01,GB,Writing,0.228
2026-05-01,GE,Multimedia,0.058
2026-05-01,GE,Other/Unknown,0.079
2026-05-01,GE,Practical Guidance,0.355
2026-05-01,GE,Seeking information,0.205
2026-05-01,GE,Self-expression,0.089
2026-05-01,GE,Technical help,0.031
2026-05-01,GE,Writing,0.183
2026-05-01,GH,Multimedia,0.046
2026-05-01,GH,Other/Unknown,0.060
2026-05-01,GH,Practical Guidance,0.289
2026-05-01,GH,Seeking information,0.157
2026-05-01,GH,Self-expression,0.101
2026-05-01,GH,Technical help,0.033
2026-05-01,GH,Writing,0.316
2026-05-01,GR,Multimedia,0.069
2026-05-01,GR,Other/Unknown,0.061
2026-05-01,GR,Practical Guidance,0.329
2026-05-01,GR,Seeking information,0.262
2026-05-01,GR,Self-expression,0.080
2026-05-01,GR,Technical help,0.031
2026-05-01,GR,Writing,0.168
2026-05-01,GT,Multimedia,0.100
2026-05-01,GT,Other/Unknown,0.072
2026-05-01,GT,Practical Guidance,0.318
2026-05-01,GT,Seeking information,0.116
2026-05-01,GT,Self-expression,0.089
2026-05-01,GT,Technical help,0.035
2026-05-01,GT,Writing,0.270
2026-05-01,HN,Multimedia,0.095
2026-05-01,HN,Other/Unknown,0.057
2026-05-01,HN,Practical Guidance,0.327
2026-05-01,HN,Seeking information,0.165
2026-05-01,HN,Self-expression,0.087
2026-05-01,HN,Technical help,0.045
2026-05-01,HN,Writing,0.223
2026-05-01,HR,Multimedia,0.064
2026-05-01,HR,Other/Unknown,0.082
2026-05-01,HR,Practical Guidance,0.325
2026-05-01,HR,Seeking information,0.248
2026-05-01,HR,Self-expression,0.071
2026-05-01,HR,Technical help,0.024
2026-05-01,HR,Writing,0.187
2026-05-01,HT,Multimedia,0.044
2026-05-01,HT,Other/Unknown,0.110
2026-05-01,HT,Practical Guidance,0.234
2026-05-01,HT,Seeking information,0.193
2026-05-01,HT,Self-expression,0.056
2026-05-01,HT,Technical help,0.010
2026-05-01,HT,Writing,0.353
2026-05-01,HU,Multimedia,0.049
2026-05-01,HU,Other/Unknown,0.052
2026-05-01,HU,Practical Guidance,0.299
2026-05-01,HU,Seeking information,0.241
2026-05-01,HU,Self-expression,0.115
2026-05-01,HU,Technical help,0.044
2026-05-01,HU,Writing,0.199
2026-05-01,ID,Multimedia,0.074
2026-05-01,ID,Other/Unknown,0.045
2026-05-01,ID,Practical Guidance,0.308
2026-05-01,ID,Seeking information,0.138
2026-05-01,ID,Self-expression,0.083
2026-05-01,ID,Technical help,0.048
2026-05-01,ID,Writing,0.304
2026-05-01,IE,Multimedia,0.062
2026-05-01,IE,Other/Unknown,0.039
2026-05-01,IE,Practical Guidance,0.325
2026-05-01,IE,Seeking information,0.251
2026-05-01,IE,Self-expression,0.072
2026-05-01,IE,Technical help,0.034
2026-05-01,IE,Writing,0.218
2026-05-01,IL,Multimedia,0.065
2026-05-01,IL,Other/Unknown,0.057
2026-05-01,IL,Practical Guidance,0.329
2026-05-01,IL,Seeking information,0.245
2026-05-01,IL,Self-expression,0.084
2026-05-01,IL,Technical help,0.047
2026-05-01,IL,Writing,0.174
2026-05-01,IN,Multimedia,0.088
2026-05-01,IN,Other/Unknown,0.080
2026-05-01,IN,Practical Guidance,0.328
2026-05-01,IN,Seeking information,0.174
2026-05-01,IN,Self-expression,0.062
2026-05-01,IN,Technical help,0.061
2026-05-01,IN,Writing,0.207
2026-05-01,IQ,Multimedia,0.076
2026-05-01,IQ,Other/Unknown,0.081
2026-05-01,IQ,Practical Guidance,0.353
2026-05-01,IQ,Seeking information,0.174
2026-05-01,IQ,Self-expression,0.128
2026-05-01,IQ,Technical help,0.025
2026-05-01,IQ,Writing,0.164
2026-05-01,IT,Multimedia,0.066
2026-05-01,IT,Other/Unknown,0.047
2026-05-01,IT,Practical Guidance,0.343
2026-05-01,IT,Seeking information,0.196
2026-05-01,IT,Self-expression,0.070
2026-05-01,IT,Technical help,0.038
2026-05-01,IT,Writing,0.238
2026-05-01,JM,Multimedia,0.078
2026-05-01,JM,Other/Unknown,0.041
2026-05-01,JM,Practical Guidance,0.270
2026-05-01,JM,Seeking information,0.277
2026-05-01,JM,Self-expression,0.061
2026-05-01,JM,Technical help,0.051
2026-05-01,JM,Writing,0.221
2026-05-01,JO,Multimedia,0.069
2026-05-01,JO,Other/Unknown,0.069
2026-05-01,JO,Practical Guidance,0.356
2026-05-01,JO,Seeking information,0.188
2026-05-01,JO,Self-expression,0.078
2026-05-01,JO,Technical help,0.040
2026-05-01,JO,Writing,0.200
2026-05-01,JP,Multimedia,0.056
2026-05-01,JP,Other/Unknown,0.050
2026-05-01,JP,Practical Guidance,0.309
2026-05-01,JP,Seeking information,0.184
2026-05-01,JP,Self-expression,0.169
2026-05-01,JP,Technical help,0.029
2026-05-01,JP,Writing,0.204
2026-05-01,KE,Multimedia,0.057
2026-05-01,KE,Other/Unknown,0.066
2026-05-01,KE,Practical Guidance,0.314
2026-05-01,KE,Seeking information,0.192
2026-05-01,KE,Self-expression,0.079
2026-05-01,KE,Technical help,0.047
2026-05-01,KE,Writing,0.244
2026-05-01,KG,Multimedia,0.053
2026-05-01,KG,Other/Unknown,0.076
2026-05-01,KG,Practical Guidance,0.318
2026-05-01,KG,Seeking information,0.205
2026-05-01,KG,Self-expression,0.101
2026-05-01,KG,Technical help,0.037
2026-05-01,KG,Writing,0.210
2026-05-01,KH,Multimedia,0.113
2026-05-01,KH,Other/Unknown,0.100
2026-05-01,KH,Practical Guidance,0.261
2026-05-01,KH,Seeking information,0.136
2026-05-01,KH,Self-expression,0.056
2026-05-01,KH,Technical help,0.053
2026-05-01,KH,Writing,0.282
2026-05-01,KR,Multimedia,0.058
2026-05-01,KR,Other/Unknown,0.062
2026-05-01,KR,Practical Guidance,0.300
2026-05-01,KR,Seeking information,0.207
2026-05-01,KR,Self-expression,0.104
2026-05-01,KR,Technical help,0.035
2026-05-01,KR,Writing,0.234
2026-05-01,KW,Multimedia,0.071
2026-05-01,KW,Other/Unknown,0.065
2026-05-01,KW,Practical Guidance,0.350
2026-05-01,KW,Seeking information,0.196
2026-05-01,KW,Self-expression,0.063
2026-05-01,KW,Technical help,0.050
2026-05-01,KW,Writing,0.205
2026-05-01,KZ,Multimedia,0.062
2026-05-01,KZ,Other/Unknown,0.073
2026-05-01,KZ,Practical Guidance,0.311
2026-05-01,KZ,Seeking information,0.180
2026-05-01,KZ,Self-expression,0.083
2026-05-01,KZ,Technical help,0.041
2026-05-01,KZ,Writing,0.249
2026-05-01,LB,Multimedia,0.059
2026-05-01,LB,Other/Unknown,0.071
2026-05-01,LB,Practical Guidance,0.360
2026-05-01,LB,Seeking information,0.162
2026-05-01,LB,Self-expression,0.088
2026-05-01,LB,Technical help,0.041
2026-05-01,LB,Writing,0.220
2026-05-01,LK,Multimedia,0.098
2026-05-01,LK,Other/Unknown,0.075
2026-05-01,LK,Practical Guidance,0.318
2026-05-01,LK,Seeking information,0.112
2026-05-01,LK,Self-expression,0.074
2026-05-01,LK,Technical help,0.036
2026-05-01,LK,Writing,0.288
2026-05-01,LT,Multimedia,0.057
2026-05-01,LT,Other/Unknown,0.057
2026-05-01,LT,Practical Guidance,0.328
2026-05-01,LT,Seeking information,0.246
2026-05-01,LT,Self-expression,0.073
2026-05-01,LT,Technical help,0.039
2026-05-01,LT,Writing,0.200
2026-05-01,LV,Multimedia,0.086
2026-05-01,LV,Other/Unknown,0.031
2026-05-01,LV,Practical Guidance,0.327
2026-05-01,LV,Seeking information,0.189
2026-05-01,LV,Self-expression,0.058
2026-05-01,LV,Technical help,0.062
2026-05-01,LV,Writing,0.247
2026-05-01,LY,Multimedia,0.071
2026-05-01,LY,Other/Unknown,0.101
2026-05-01,LY,Practical Guidance,0.286
2026-05-01,LY,Seeking information,0.180
2026-05-01,LY,Self-expression,0.134
2026-05-01,LY,Technical help,0.030
2026-05-01,LY,Writing,0.197
2026-05-01,MA,Multimedia,0.066
2026-05-01,MA,Other/Unknown,0.079
2026-05-01,MA,Practical Guidance,0.324
2026-05-01,MA,Seeking information,0.161
2026-05-01,MA,Self-expression,0.090
2026-05-01,MA,Technical help,0.032
2026-05-01,MA,Writing,0.247
2026-05-01,MD,Multimedia,0.067
2026-05-01,MD,Other/Unknown,0.053
2026-05-01,MD,Practical Guidance,0.354
2026-05-01,MD,Seeking information,0.215
2026-05-01,MD,Self-expression,0.062
2026-05-01,MD,Technical help,0.039
2026-05-01,MD,Writing,0.210
2026-05-01,ME,Multimedia,0.048
2026-05-01,ME,Other/Unknown,0.052
2026-05-01,ME,Practical Guidance,0.321
2026-05-01,ME,Seeking information,0.179
2026-05-01,ME,Self-expression,0.064
2026-05-01,ME,Technical help,0.094
2026-05-01,ME,Writing,0.243
2026-05-01,MG,Multimedia,0.074
2026-05-01,MG,Other/Unknown,0.051
2026-05-01,MG,Practical Guidance,0.288
2026-05-01,MG,Seeking information,0.165
2026-05-01,MG,Self-expression,0.076
2026-05-01,MG,Technical help,0.055
2026-05-01,MG,Writing,0.292
2026-05-01,MK,Multimedia,0.061
2026-05-01,MK,Other/Unknown,0.098
2026-05-01,MK,Practical Guidance,0.392
2026-05-01,MK,Seeking information,0.139
2026-05-01,MK,Self-expression,0.073
2026-05-01,MK,Technical help,0.036
2026-05-01,MK,Writing,0.201
2026-05-01,MM,Multimedia,0.077
2026-05-01,MM,Other/Unknown,0.091
2026-05-01,MM,Practical Guidance,0.260
2026-05-01,MM,Seeking information,0.151
2026-05-01,MM,Self-expression,0.211
2026-05-01,MM,Technical help,0.038
2026-05-01,MM,Writing,0.172
2026-05-01,MN,Multimedia,0.099
2026-05-01,MN,Other/Unknown,0.104
2026-05-01,MN,Practical Guidance,0.343
2026-05-01,MN,Seeking information,0.176
2026-05-01,MN,Self-expression,0.071
2026-05-01,MN,Technical help,0.048
2026-05-01,MN,Writing,0.160
2026-05-01,MT,Multimedia,0.053
2026-05-01,MT,Other/Unknown,0.071
2026-05-01,MT,Practical Guidance,0.266
2026-05-01,MT,Seeking information,0.211
2026-05-01,MT,Self-expression,0.052
2026-05-01,MT,Technical help,0.023
2026-05-01,MT,Writing,0.325
2026-05-01,MU,Multimedia,0.075
2026-05-01,MU,Other/Unknown,0.052
2026-05-01,MU,Practical Guidance,0.287
2026-05-01,MU,Seeking information,0.188
2026-05-01,MU,Self-expression,0.056
2026-05-01,MU,Technical help,0.011
2026-05-01,MU,Writing,0.331
2026-05-01,MX,Multimedia,0.095
2026-05-01,MX,Other/Unknown,0.053
2026-05-01,MX,Practical Guidance,0.314
2026-05-01,MX,Seeking information,0.163
2026-05-01,MX,Self-expression,0.113
2026-05-01,MX,Technical help,0.035
2026-05-01,MX,Writing,0.227
2026-05-01,MY,Multimedia,0.063
2026-05-01,MY,Other/Unknown,0.057
2026-05-01,MY,Practical Guidance,0.291
2026-05-01,MY,Seeking information,0.187
2026-05-01,MY,Self-expression,0.081
2026-05-01,MY,Technical help,0.035
2026-05-01,MY,Writing,0.285
2026-05-01,MZ,Multimedia,0.070
2026-05-01,MZ,Other/Unknown,0.092
2026-05-01,MZ,Practical Guidance,0.320
2026-05-01,MZ,Seeking information,0.176
2026-05-01,MZ,Self-expression,0.067
2026-05-01,MZ,Technical help,0.033
2026-05-01,MZ,Writing,0.241
2026-05-01,NG,Multimedia,0.069
2026-05-01,NG,Other/Unknown,0.059
2026-05-01,NG,Practical Guidance,0.237
2026-05-01,NG,Seeking information,0.170
2026-05-01,NG,Self-expression,0.089
2026-05-01,NG,Technical help,0.029
2026-05-01,NG,Writing,0.348
2026-05-01,NI,Multimedia,0.099
2026-05-01,NI,Other/Unknown,0.046
2026-05-01,NI,Practical Guidance,0.389
2026-05-01,NI,Seeking information,0.099
2026-05-01,NI,Self-expression,0.107
2026-05-01,NI,Technical help,0.029
2026-05-01,NI,Writing,0.230
2026-05-01,NL,Multimedia,0.067
2026-05-01,NL,Other/Unknown,0.046
2026-05-01,NL,Practical Guidance,0.331
2026-05-01,NL,Seeking information,0.193
2026-05-01,NL,Self-expression,0.074
2026-05-01,NL,Technical help,0.048
2026-05-01,NL,Writing,0.241
2026-05-01,NO,Multimedia,0.051
2026-05-01,NO,Other/Unknown,0.062
2026-05-01,NO,Practical Guidance,0.319
2026-05-01,NO,Seeking information,0.212
2026-05-01,NO,Self-expression,0.085
2026-05-01,NO,Technical help,0.048
2026-05-01,NO,Writing,0.224
2026-05-01,NP,Multimedia,0.063
2026-05-01,NP,Other/Unknown,0.077
2026-05-01,NP,Practical Guidance,0.329
2026-05-01,NP,Seeking information,0.195
2026-05-01,NP,Self-expression,0.072
2026-05-01,NP,Technical help,0.040
2026-05-01,NP,Writing,0.224
2026-05-01,NZ,Multimedia,0.051
2026-05-01,NZ,Other/Unknown,0.039
2026-05-01,NZ,Practical Guidance,0.279
2026-05-01,NZ,Seeking information,0.220
2026-05-01,NZ,Self-expression,0.072
2026-05-01,NZ,Technical help,0.041
2026-05-01,NZ,Writing,0.298
2026-05-01,OM,Multimedia,0.075
2026-05-01,OM,Other/Unknown,0.059
2026-05-01,OM,Practical Guidance,0.286
2026-05-01,OM,Seeking information,0.183
2026-05-01,OM,Self-expression,0.082
2026-05-01,OM,Technical help,0.041
2026-05-01,OM,Writing,0.274
2026-05-01,PA,Multimedia,0.118
2026-05-01,PA,Other/Unknown,0.075
2026-05-01,PA,Practical Guidance,0.308
2026-05-01,PA,Seeking information,0.135
2026-05-01,PA,Self-expression,0.110
2026-05-01,PA,Technical help,0.020
2026-05-01,PA,Writing,0.235
2026-05-01,PE,Multimedia,0.090
2026-05-01,PE,Other/Unknown,0.048
2026-05-01,PE,Practical Guidance,0.322
2026-05-01,PE,Seeking information,0.132
2026-05-01,PE,Self-expression,0.081
2026-05-01,PE,Technical help,0.048
2026-05-01,PE,Writing,0.280
2026-05-01,PH,Multimedia,0.057
2026-05-01,PH,Other/Unknown,0.049
2026-05-01,PH,Practical Guidance,0.264
2026-05-01,PH,Seeking information,0.146
2026-05-01,PH,Self-expression,0.064
2026-05-01,PH,Technical help,0.038
2026-05-01,PH,Writing,0.382
2026-05-01,PK,Multimedia,0.090
2026-05-01,PK,Other/Unknown,0.070
2026-05-01,PK,Practical Guidance,0.317
2026-05-01,PK,Seeking information,0.149
2026-05-01,PK,Self-expression,0.053
2026-05-01,PK,Technical help,0.046
2026-05-01,PK,Writing,0.274
2026-05-01,PL,Multimedia,0.066
2026-05-01,PL,Other/Unknown,0.047
2026-05-01,PL,Practical Guidance,0.324
2026-05-01,PL,Seeking information,0.232
2026-05-01,PL,Self-expression,0.086
2026-05-01,PL,Technical help,0.045
2026-05-01,PL,Writing,0.201
2026-05-01,PR,Multimedia,0.111
2026-05-01,PR,Other/Unknown,0.047
2026-05-01,PR,Practical Guidance,0.291
2026-05-01,PR,Seeking information,0.208
2026-05-01,PR,Self-expression,0.104
2026-05-01,PR,Technical help,0.013
2026-05-01,PR,Writing,0.226
2026-05-01,PS,Multimedia,0.069
2026-05-01,PS,Other/Unknown,0.096
2026-05-01,PS,Practical Guidance,0.326
2026-05-01,PS,Seeking information,0.154
2026-05-01,PS,Self-expression,0.100
2026-05-01,PS,Technical help,0.051
2026-05-01,PS,Writing,0.203
2026-05-01,PT,Multimedia,0.085
2026-05-01,PT,Other/Unknown,0.043
2026-05-01,PT,Practical Guidance,0.298
2026-05-01,PT,Seeking information,0.238
2026-05-01,PT,Self-expression,0.061
2026-05-01,PT,Technical help,0.041
2026-05-01,PT,Writing,0.234
2026-05-01,PY,Multimedia,0.094
2026-05-01,PY,Other/Unknown,0.061
2026-05-01,PY,Practical Guidance,0.346
2026-05-01,PY,Seeking information,0.154
2026-05-01,PY,Self-expression,0.089
2026-05-01,PY,Technical help,0.023
2026-05-01,PY,Writing,0.233
2026-05-01,QA,Multimedia,0.060
2026-05-01,QA,Other/Unknown,0.085
2026-05-01,QA,Practical Guidance,0.264
2026-05-01,QA,Seeking information,0.178
2026-05-01,QA,Self-expression,0.039
2026-05-01,QA,Technical help,0.073
2026-05-01,QA,Writing,0.301
2026-05-01,RE,Multimedia,0.095
2026-05-01,RE,Other/Unknown,0.057
2026-05-01,RE,Practical Guidance,0.298
2026-05-01,RE,Seeking information,0.193
2026-05-01,RE,Self-expression,0.060
2026-05-01,RE,Technical help,0.038
2026-05-01,RE,Writing,0.259
2026-05-01,RO,Multimedia,0.071
2026-05-01,RO,Other/Unknown,0.058
2026-05-01,RO,Practical Guidance,0.335
2026-05-01,RO,Seeking information,0.228
2026-05-01,RO,Self-expression,0.071
2026-05-01,RO,Technical help,0.040
2026-05-01,RO,Writing,0.198
2026-05-01,RS,Multimedia,0.067
2026-05-01,RS,Other/Unknown,0.063
2026-05-01,RS,Practical Guidance,0.313
2026-05-01,RS,Seeking information,0.243
2026-05-01,RS,Self-expression,0.080
2026-05-01,RS,Technical help,0.036
2026-05-01,RS,Writing,0.198
2026-05-01,RW,Multimedia,0.106
2026-05-01,RW,Other/Unknown,0.061
2026-05-01,RW,Practical Guidance,0.294
2026-05-01,RW,Seeking information,0.170
2026-05-01,RW,Self-expression,0.054
2026-05-01,RW,Technical help,0.040
2026-05-01,RW,Writing,0.275
2026-05-01,SA,Multimedia,0.073
2026-05-01,SA,Other/Unknown,0.064
2026-05-01,SA,Practical Guidance,0.313
2026-05-01,SA,Seeking information,0.192
2026-05-01,SA,Self-expression,0.091
2026-05-01,SA,Technical help,0.031
2026-05-01,SA,Writing,0.235
2026-05-01,SD,Multimedia,0.132
2026-05-01,SD,Other/Unknown,0.053
2026-05-01,SD,Practical Guidance,0.386
2026-05-01,SD,Seeking information,0.158
2026-05-01,SD,Self-expression,0.020
2026-05-01,SD,Technical help,0.000
2026-05-01,SD,Writing,0.251
2026-05-01,SE,Multimedia,0.053
2026-05-01,SE,Other/Unknown,0.047
2026-05-01,SE,Practical Guidance,0.330
2026-05-01,SE,Seeking information,0.212
2026-05-01,SE,Self-expression,0.069
2026-05-01,SE,Technical help,0.053
2026-05-01,SE,Writing,0.235
2026-05-01,SG,Multimedia,0.073
2026-05-01,SG,Other/Unknown,0.044
2026-05-01,SG,Practical Guidance,0.291
2026-05-01,SG,Seeking information,0.182
2026-05-01,SG,Self-expression,0.072
2026-05-01,SG,Technical help,0.057
2026-05-01,SG,Writing,0.282
2026-05-01,SI,Multimedia,0.038
2026-05-01,SI,Other/Unknown,0.019
2026-05-01,SI,Practical Guidance,0.343
2026-05-01,SI,Seeking information,0.293
2026-05-01,SI,Self-expression,0.073
2026-05-01,SI,Technical help,0.025
2026-05-01,SI,Writing,0.210
2026-05-01,SK,Multimedia,0.079
2026-05-01,SK,Other/Unknown,0.057
2026-05-01,SK,Practical Guidance,0.338
2026-05-01,SK,Seeking information,0.247
2026-05-01,SK,Self-expression,0.083
2026-05-01,SK,Technical help,0.030
2026-05-01,SK,Writing,0.166
2026-05-01,SN,Multimedia,0.087
2026-05-01,SN,Other/Unknown,0.116
2026-05-01,SN,Practical Guidance,0.243
2026-05-01,SN,Seeking information,0.151
2026-05-01,SN,Self-expression,0.132
2026-05-01,SN,Technical help,0.046
2026-05-01,SN,Writing,0.224
2026-05-01,SO,Multimedia,0.093
2026-05-01,SO,Other/Unknown,0.126
2026-05-01,SO,Practical Guidance,0.223
2026-05-01,SO,Seeking information,0.171
2026-05-01,SO,Self-expression,0.081
2026-05-01,SO,Technical help,0.035
2026-05-01,SO,Writing,0.270
2026-05-01,SV,Multimedia,0.104
2026-05-01,SV,Other/Unknown,0.058
2026-05-01,SV,Practical Guidance,0.289
2026-05-01,SV,Seeking information,0.150
2026-05-01,SV,Self-expression,0.145
2026-05-01,SV,Technical help,0.067
2026-05-01,SV,Writing,0.186
2026-05-01,TH,Multimedia,0.100
2026-05-01,TH,Other/Unknown,0.067
2026-05-01,TH,Practical Guidance,0.278
2026-05-01,TH,Seeking information,0.154
2026-05-01,TH,Self-expression,0.119
2026-05-01,TH,Technical help,0.032
2026-05-01,TH,Writing,0.250
2026-05-01,TJ,Multimedia,0.042
2026-05-01,TJ,Other/Unknown,0.028
2026-05-01,TJ,Practical Guidance,0.320
2026-05-01,TJ,Seeking information,0.196
2026-05-01,TJ,Self-expression,0.105
2026-05-01,TJ,Technical help,0.032
2026-05-01,TJ,Writing,0.276
2026-05-01,TN,Multimedia,0.056
2026-05-01,TN,Other/Unknown,0.085
2026-05-01,TN,Practical Guidance,0.323
2026-05-01,TN,Seeking information,0.164
2026-05-01,TN,Self-expression,0.073
2026-05-01,TN,Technical help,0.038
2026-05-01,TN,Writing,0.262
2026-05-01,TR,Multimedia,0.077
2026-05-01,TR,Other/Unknown,0.066
2026-05-01,TR,Practical Guidance,0.341
2026-05-01,TR,Seeking information,0.208
2026-05-01,TR,Self-expression,0.108
2026-05-01,TR,Technical help,0.032
2026-05-01,TR,Writing,0.167
2026-05-01,TW,Multimedia,0.081
2026-05-01,TW,Other/Unknown,0.066
2026-05-01,TW,Practical Guidance,0.287
2026-05-01,TW,Seeking information,0.176
2026-05-01,TW,Self-expression,0.121
2026-05-01,TW,Technical help,0.049
2026-05-01,TW,Writing,0.219
2026-05-01,TZ,Multimedia,0.096
2026-05-01,TZ,Other/Unknown,0.082
2026-05-01,TZ,Practical Guidance,0.297
2026-05-01,TZ,Seeking information,0.193
2026-05-01,TZ,Self-expression,0.085
2026-05-01,TZ,Technical help,0.029
2026-05-01,TZ,Writing,0.218
2026-05-01,UA,Multimedia,0.071
2026-05-01,UA,Other/Unknown,0.068
2026-05-01,UA,Practical Guidance,0.318
2026-05-01,UA,Seeking information,0.205
2026-05-01,UA,Self-expression,0.092
2026-05-01,UA,Technical help,0.040
2026-05-01,UA,Writing,0.205
2026-05-01,UG,Multimedia,0.061
2026-05-01,UG,Other/Unknown,0.062
2026-05-01,UG,Practical Guidance,0.365
2026-05-01,UG,Seeking information,0.164
2026-05-01,UG,Self-expression,0.044
2026-05-01,UG,Technical help,0.054
2026-05-01,UG,Writing,0.250
2026-05-01,US,Multimedia,0.070
2026-05-01,US,Other/Unknown,0.052
2026-05-01,US,Practical Guidance,0.318
2026-05-01,US,Seeking information,0.201
2026-05-01,US,Self-expression,0.083
2026-05-01,US,Technical help,0.041
2026-05-01,US,Writing,0.235
2026-05-01,UY,Multimedia,0.110
2026-05-01,UY,Other/Unknown,0.052
2026-05-01,UY,Practical Guidance,0.314
2026-05-01,UY,Seeking information,0.178
2026-05-01,UY,Self-expression,0.126
2026-05-01,UY,Technical help,0.042
2026-05-01,UY,Writing,0.176
2026-05-01,UZ,Multimedia,0.073
2026-05-01,UZ,Other/Unknown,0.081
2026-05-01,UZ,Practical Guidance,0.300
2026-05-01,UZ,Seeking information,0.186
2026-05-01,UZ,Self-expression,0.090
2026-05-01,UZ,Technical help,0.028
2026-05-01,UZ,Writing,0.241
2026-05-01,VN,Multimedia,0.068
2026-05-01,VN,Other/Unknown,0.064
2026-05-01,VN,Practical Guidance,0.293
2026-05-01,VN,Seeking information,0.143
2026-05-01,VN,Self-expression,0.091
2026-05-01,VN,Technical help,0.050
2026-05-01,VN,Writing,0.291
2026-05-01,YE,Multimedia,0.128
2026-05-01,YE,Other/Unknown,0.085
2026-05-01,YE,Practical Guidance,0.239
2026-05-01,YE,Seeking information,0.211
2026-05-01,YE,Self-expression,0.092
2026-05-01,YE,Technical help,0.033
2026-05-01,YE,Writing,0.212
2026-05-01,ZA,Multimedia,0.072
2026-05-01,ZA,Other/Unknown,0.056
2026-05-01,ZA,Practical Guidance,0.297
2026-05-01,ZA,Seeking information,0.155
2026-05-01,ZA,Self-expression,0.085
2026-05-01,ZA,Technical help,0.047
2026-05-01,ZA,Writing,0.287
2026-05-01,ZM,Multimedia,0.045
2026-05-01,ZM,Other/Unknown,0.058
2026-05-01,ZM,Practical Guidance,0.375
2026-05-01,ZM,Seeking information,0.184
2026-05-01,ZM,Self-expression,0.061
2026-05-01,ZM,Technical help,0.033
2026-05-01,ZM,Writing,0.244
2026-05-01,ZW,Multimedia,0.126
2026-05-01,ZW,Other/Unknown,0.038
2026-05-01,ZW,Practical Guidance,0.363
2026-05-01,ZW,Seeking information,0.129
2026-05-01,ZW,Self-expression,0.105
2026-05-01,ZW,Technical help,0.030
2026-05-01,ZW,Writing,0.209
2026-06-01,AE,Multimedia,0.068
2026-06-01,AE,Other/Unknown,0.059
2026-06-01,AE,Practical Guidance,0.262
2026-06-01,AE,Seeking information,0.212
2026-06-01,AE,Self-expression,0.056
2026-06-01,AE,Technical help,0.039
2026-06-01,AE,Writing,0.305
2026-06-01,AF,Multimedia,0.099
2026-06-01,AF,Other/Unknown,0.105
2026-06-01,AF,Practical Guidance,0.300
2026-06-01,AF,Seeking information,0.126
2026-06-01,AF,Self-expression,0.105
2026-06-01,AF,Technical help,0.025
2026-06-01,AF,Writing,0.240
2026-06-01,AL,Multimedia,0.080
2026-06-01,AL,Other/Unknown,0.073
2026-06-01,AL,Practical Guidance,0.380
2026-06-01,AL,Seeking information,0.259
2026-06-01,AL,Self-expression,0.042
2026-06-01,AL,Technical help,0.029
2026-06-01,AL,Writing,0.136
2026-06-01,AM,Multimedia,0.097
2026-06-01,AM,Other/Unknown,0.064
2026-06-01,AM,Practical Guidance,0.317
2026-06-01,AM,Seeking information,0.210
2026-06-01,AM,Self-expression,0.094
2026-06-01,AM,Technical help,0.003
2026-06-01,AM,Writing,0.216
2026-06-01,AO,Multimedia,0.086
2026-06-01,AO,Other/Unknown,0.063
2026-06-01,AO,Practical Guidance,0.298
2026-06-01,AO,Seeking information,0.172
2026-06-01,AO,Self-expression,0.086
2026-06-01,AO,Technical help,0.027
2026-06-01,AO,Writing,0.266
2026-06-01,AR,Multimedia,0.108
2026-06-01,AR,Other/Unknown,0.052
2026-06-01,AR,Practical Guidance,0.327
2026-06-01,AR,Seeking information,0.172
2026-06-01,AR,Self-expression,0.110
2026-06-01,AR,Technical help,0.039
2026-06-01,AR,Writing,0.192
2026-06-01,AT,Multimedia,0.067
2026-06-01,AT,Other/Unknown,0.049
2026-06-01,AT,Practical Guidance,0.331
2026-06-01,AT,Seeking information,0.209
2026-06-01,AT,Self-expression,0.071
2026-06-01,AT,Technical help,0.039
2026-06-01,AT,Writing,0.234
2026-06-01,AU,Multimedia,0.057
2026-06-01,AU,Other/Unknown,0.049
2026-06-01,AU,Practical Guidance,0.316
2026-06-01,AU,Seeking information,0.198
2026-06-01,AU,Self-expression,0.078
2026-06-01,AU,Technical help,0.044
2026-06-01,AU,Writing,0.260
2026-06-01,AZ,Multimedia,0.090
2026-06-01,AZ,Other/Unknown,0.055
2026-06-01,AZ,Practical Guidance,0.347
2026-06-01,AZ,Seeking information,0.155
2026-06-01,AZ,Self-expression,0.164
2026-06-01,AZ,Technical help,0.033
2026-06-01,AZ,Writing,0.155
2026-06-01,BA,Multimedia,0.073
2026-06-01,BA,Other/Unknown,0.079
2026-06-01,BA,Practical Guidance,0.332
2026-06-01,BA,Seeking information,0.323
2026-06-01,BA,Self-expression,0.060
2026-06-01,BA,Technical help,0.044
2026-06-01,BA,Writing,0.088
2026-06-01,BD,Multimedia,0.070
2026-06-01,BD,Other/Unknown,0.074
2026-06-01,BD,Practical Guidance,0.301
2026-06-01,BD,Seeking information,0.209
2026-06-01,BD,Self-expression,0.064
2026-06-01,BD,Technical help,0.042
2026-06-01,BD,Writing,0.239
2026-06-01,BE,Multimedia,0.057
2026-06-01,BE,Other/Unknown,0.046
2026-06-01,BE,Practical Guidance,0.363
2026-06-01,BE,Seeking information,0.204
2026-06-01,BE,Self-expression,0.069
2026-06-01,BE,Technical help,0.041
2026-06-01,BE,Writing,0.219
2026-06-01,BF,Multimedia,0.073
2026-06-01,BF,Other/Unknown,0.102
2026-06-01,BF,Practical Guidance,0.316
2026-06-01,BF,Seeking information,0.179
2026-06-01,BF,Self-expression,0.054
2026-06-01,BF,Technical help,0.000
2026-06-01,BF,Writing,0.275
2026-06-01,BG,Multimedia,0.091
2026-06-01,BG,Other/Unknown,0.075
2026-06-01,BG,Practical Guidance,0.352
2026-06-01,BG,Seeking information,0.207
2026-06-01,BG,Self-expression,0.069
2026-06-01,BG,Technical help,0.045
2026-06-01,BG,Writing,0.161
2026-06-01,BH,Multimedia,0.036
2026-06-01,BH,Other/Unknown,0.074
2026-06-01,BH,Practical Guidance,0.340
2026-06-01,BH,Seeking information,0.187
2026-06-01,BH,Self-expression,0.098
2026-06-01,BH,Technical help,0.051
2026-06-01,BH,Writing,0.214
2026-06-01,BJ,Multimedia,0.092
2026-06-01,BJ,Other/Unknown,0.051
2026-06-01,BJ,Practical Guidance,0.257
2026-06-01,BJ,Seeking information,0.173
2026-06-01,BJ,Self-expression,0.054
2026-06-01,BJ,Technical help,0.075
2026-06-01,BJ,Writing,0.298
2026-06-01,BO,Multimedia,0.086
2026-06-01,BO,Other/Unknown,0.063
2026-06-01,BO,Practical Guidance,0.335
2026-06-01,BO,Seeking information,0.181
2026-06-01,BO,Self-expression,0.063
2026-06-01,BO,Technical help,0.047
2026-06-01,BO,Writing,0.224
2026-06-01,BR,Multimedia,0.119
2026-06-01,BR,Other/Unknown,0.059
2026-06-01,BR,Practical Guidance,0.297
2026-06-01,BR,Seeking information,0.150
2026-06-01,BR,Self-expression,0.090
2026-06-01,BR,Technical help,0.044
2026-06-01,BR,Writing,0.243
2026-06-01,CA,Multimedia,0.065
2026-06-01,CA,Other/Unknown,0.053
2026-06-01,CA,Practical Guidance,0.319
2026-06-01,CA,Seeking information,0.199
2026-06-01,CA,Self-expression,0.081
2026-06-01,CA,Technical help,0.039
2026-06-01,CA,Writing,0.245
2026-06-01,CD,Multimedia,0.069
2026-06-01,CD,Other/Unknown,0.105
2026-06-01,CD,Practical Guidance,0.229
2026-06-01,CD,Seeking information,0.199
2026-06-01,CD,Self-expression,0.071
2026-06-01,CD,Technical help,0.040
2026-06-01,CD,Writing,0.286
2026-06-01,CH,Multimedia,0.065
2026-06-01,CH,Other/Unknown,0.046
2026-06-01,CH,Practical Guidance,0.293
2026-06-01,CH,Seeking information,0.213
2026-06-01,CH,Self-expression,0.072
2026-06-01,CH,Technical help,0.042
2026-06-01,CH,Writing,0.270
2026-06-01,CI,Multimedia,0.069
2026-06-01,CI,Other/Unknown,0.039
2026-06-01,CI,Practical Guidance,0.299
2026-06-01,CI,Seeking information,0.140
2026-06-01,CI,Self-expression,0.082
2026-06-01,CI,Technical help,0.026
2026-06-01,CI,Writing,0.346
2026-06-01,CL,Multimedia,0.086
2026-06-01,CL,Other/Unknown,0.062
2026-06-01,CL,Practical Guidance,0.327
2026-06-01,CL,Seeking information,0.146
2026-06-01,CL,Self-expression,0.094
2026-06-01,CL,Technical help,0.046
2026-06-01,CL,Writing,0.238
2026-06-01,CM,Multimedia,0.110
2026-06-01,CM,Other/Unknown,0.051
2026-06-01,CM,Practical Guidance,0.281
2026-06-01,CM,Seeking information,0.167
2026-06-01,CM,Self-expression,0.045
2026-06-01,CM,Technical help,0.021
2026-06-01,CM,Writing,0.325
2026-06-01,CO,Multimedia,0.104
2026-06-01,CO,Other/Unknown,0.059
2026-06-01,CO,Practical Guidance,0.295
2026-06-01,CO,Seeking information,0.177
2026-06-01,CO,Self-expression,0.086
2026-06-01,CO,Technical help,0.040
2026-06-01,CO,Writing,0.239
2026-06-01,CR,Multimedia,0.106
2026-06-01,CR,Other/Unknown,0.078
2026-06-01,CR,Practical Guidance,0.339
2026-06-01,CR,Seeking information,0.164
2026-06-01,CR,Self-expression,0.071
2026-06-01,CR,Technical help,0.036
2026-06-01,CR,Writing,0.206
2026-06-01,CY,Multimedia,0.073
2026-06-01,CY,Other/Unknown,0.050
2026-06-01,CY,Practical Guidance,0.304
2026-06-01,CY,Seeking information,0.284
2026-06-01,CY,Self-expression,0.072
2026-06-01,CY,Technical help,0.028
2026-06-01,CY,Writing,0.190
2026-06-01,CZ,Multimedia,0.059
2026-06-01,CZ,Other/Unknown,0.047
2026-06-01,CZ,Practical Guidance,0.346
2026-06-01,CZ,Seeking information,0.262
2026-06-01,CZ,Self-expression,0.084
2026-06-01,CZ,Technical help,0.028
2026-06-01,CZ,Writing,0.173
2026-06-01,DE,Multimedia,0.067
2026-06-01,DE,Other/Unknown,0.051
2026-06-01,DE,Practical Guidance,0.320
2026-06-01,DE,Seeking information,0.228
2026-06-01,DE,Self-expression,0.078
2026-06-01,DE,Technical help,0.038
2026-06-01,DE,Writing,0.219
2026-06-01,DK,Multimedia,0.050
2026-06-01,DK,Other/Unknown,0.052
2026-06-01,DK,Practical Guidance,0.330
2026-06-01,DK,Seeking information,0.208
2026-06-01,DK,Self-expression,0.087
2026-06-01,DK,Technical help,0.037
2026-06-01,DK,Writing,0.234
2026-06-01,DO,Multimedia,0.112
2026-06-01,DO,Other/Unknown,0.070
2026-06-01,DO,Practical Guidance,0.339
2026-06-01,DO,Seeking information,0.150
2026-06-01,DO,Self-expression,0.082
2026-06-01,DO,Technical help,0.031
2026-06-01,DO,Writing,0.216
2026-06-01,DZ,Multimedia,0.076
2026-06-01,DZ,Other/Unknown,0.078
2026-06-01,DZ,Practical Guidance,0.333
2026-06-01,DZ,Seeking information,0.186
2026-06-01,DZ,Self-expression,0.102
2026-06-01,DZ,Technical help,0.021
2026-06-01,DZ,Writing,0.203
2026-06-01,EC,Multimedia,0.102
2026-06-01,EC,Other/Unknown,0.050
2026-06-01,EC,Practical Guidance,0.334
2026-06-01,EC,Seeking information,0.161
2026-06-01,EC,Self-expression,0.067
2026-06-01,EC,Technical help,0.051
2026-06-01,EC,Writing,0.236
2026-06-01,EE,Multimedia,0.049
2026-06-01,EE,Other/Unknown,0.027
2026-06-01,EE,Practical Guidance,0.310
2026-06-01,EE,Seeking information,0.198
2026-06-01,EE,Self-expression,0.132
2026-06-01,EE,Technical help,0.069
2026-06-01,EE,Writing,0.214
2026-06-01,EG,Multimedia,0.074
2026-06-01,EG,Other/Unknown,0.066
2026-06-01,EG,Practical Guidance,0.376
2026-06-01,EG,Seeking information,0.181
2026-06-01,EG,Self-expression,0.086
2026-06-01,EG,Technical help,0.035
2026-06-01,EG,Writing,0.183
2026-06-01,ES,Multimedia,0.072
2026-06-01,ES,Other/Unknown,0.044
2026-06-01,ES,Practical Guidance,0.338
2026-06-01,ES,Seeking information,0.232
2026-06-01,ES,Self-expression,0.076
2026-06-01,ES,Technical help,0.038
2026-06-01,ES,Writing,0.200
2026-06-01,ET,Multimedia,0.079
2026-06-01,ET,Other/Unknown,0.087
2026-06-01,ET,Practical Guidance,0.356
2026-06-01,ET,Seeking information,0.123
2026-06-01,ET,Self-expression,0.079
2026-06-01,ET,Technical help,0.046
2026-06-01,ET,Writing,0.230
2026-06-01,FI,Multimedia,0.072
2026-06-01,FI,Other/Unknown,0.048
2026-06-01,FI,Practical Guidance,0.363
2026-06-01,FI,Seeking information,0.209
2026-06-01,FI,Self-expression,0.069
2026-06-01,FI,Technical help,0.054
2026-06-01,FI,Writing,0.185
2026-06-01,FR,Multimedia,0.063
2026-06-01,FR,Other/Unknown,0.050
2026-06-01,FR,Practical Guidance,0.334
2026-06-01,FR,Seeking information,0.234
2026-06-01,FR,Self-expression,0.079
2026-06-01,FR,Technical help,0.036
2026-06-01,FR,Writing,0.204
2026-06-01,GB,Multimedia,0.066
2026-06-01,GB,Other/Unknown,0.049
2026-06-01,GB,Practical Guidance,0.321
2026-06-01,GB,Seeking information,0.210
2026-06-01,GB,Self-expression,0.085
2026-06-01,GB,Technical help,0.042
2026-06-01,GB,Writing,0.226
2026-06-01,GE,Multimedia,0.050
2026-06-01,GE,Other/Unknown,0.076
2026-06-01,GE,Practical Guidance,0.346
2026-06-01,GE,Seeking information,0.201
2026-06-01,GE,Self-expression,0.098
2026-06-01,GE,Technical help,0.046
2026-06-01,GE,Writing,0.182
2026-06-01,GH,Multimedia,0.062
2026-06-01,GH,Other/Unknown,0.081
2026-06-01,GH,Practical Guidance,0.289
2026-06-01,GH,Seeking information,0.153
2026-06-01,GH,Self-expression,0.080
2026-06-01,GH,Technical help,0.051
2026-06-01,GH,Writing,0.284
2026-06-01,GR,Multimedia,0.058
2026-06-01,GR,Other/Unknown,0.055
2026-06-01,GR,Practical Guidance,0.366
2026-06-01,GR,Seeking information,0.239
2026-06-01,GR,Self-expression,0.081
2026-06-01,GR,Technical help,0.025
2026-06-01,GR,Writing,0.175
2026-06-01,GT,Multimedia,0.096
2026-06-01,GT,Other/Unknown,0.060
2026-06-01,GT,Practical Guidance,0.321
2026-06-01,GT,Seeking information,0.144
2026-06-01,GT,Self-expression,0.118
2026-06-01,GT,Technical help,0.041
2026-06-01,GT,Writing,0.220
2026-06-01,HN,Multimedia,0.126
2026-06-01,HN,Other/Unknown,0.060
2026-06-01,HN,Practical Guidance,0.315
2026-06-01,HN,Seeking information,0.155
2026-06-01,HN,Self-expression,0.071
2026-06-01,HN,Technical help,0.061
2026-06-01,HN,Writing,0.213
2026-06-01,HR,Multimedia,0.073
2026-06-01,HR,Other/Unknown,0.065
2026-06-01,HR,Practical Guidance,0.355
2026-06-01,HR,Seeking information,0.240
2026-06-01,HR,Self-expression,0.070
2026-06-01,HR,Technical help,0.034
2026-06-01,HR,Writing,0.164
2026-06-01,HT,Multimedia,0.077
2026-06-01,HT,Other/Unknown,0.048
2026-06-01,HT,Practical Guidance,0.267
2026-06-01,HT,Seeking information,0.121
2026-06-01,HT,Self-expression,0.127
2026-06-01,HT,Technical help,0.039
2026-06-01,HT,Writing,0.320
2026-06-01,HU,Multimedia,0.052
2026-06-01,HU,Other/Unknown,0.066
2026-06-01,HU,Practical Guidance,0.340
2026-06-01,HU,Seeking information,0.258
2026-06-01,HU,Self-expression,0.093
2026-06-01,HU,Technical help,0.045
2026-06-01,HU,Writing,0.146
2026-06-01,ID,Multimedia,0.083
2026-06-01,ID,Other/Unknown,0.054
2026-06-01,ID,Practical Guidance,0.304
2026-06-01,ID,Seeking information,0.135
2026-06-01,ID,Self-expression,0.081
2026-06-01,ID,Technical help,0.049
2026-06-01,ID,Writing,0.294
2026-06-01,IE,Multimedia,0.064
2026-06-01,IE,Other/Unknown,0.063
2026-06-01,IE,Practical Guidance,0.305
2026-06-01,IE,Seeking information,0.253
2026-06-01,IE,Self-expression,0.074
2026-06-01,IE,Technical help,0.026
2026-06-01,IE,Writing,0.215
2026-06-01,IL,Multimedia,0.068
2026-06-01,IL,Other/Unknown,0.071
2026-06-01,IL,Practical Guidance,0.314
2026-06-01,IL,Seeking information,0.234
2026-06-01,IL,Self-expression,0.090
2026-06-01,IL,Technical help,0.037
2026-06-01,IL,Writing,0.186
2026-06-01,IN,Multimedia,0.098
2026-06-01,IN,Other/Unknown,0.077
2026-06-01,IN,Practical Guidance,0.332
2026-06-01,IN,Seeking information,0.172
2026-06-01,IN,Self-expression,0.063
2026-06-01,IN,Technical help,0.063
2026-06-01,IN,Writing,0.195
2026-06-01,IQ,Multimedia,0.085
2026-06-01,IQ,Other/Unknown,0.075
2026-06-01,IQ,Practical Guidance,0.335
2026-06-01,IQ,Seeking information,0.184
2026-06-01,IQ,Self-expression,0.137
2026-06-01,IQ,Technical help,0.026
2026-06-01,IQ,Writing,0.159
2026-06-01,IT,Multimedia,0.069
2026-06-01,IT,Other/Unknown,0.055
2026-06-01,IT,Practical Guidance,0.337
2026-06-01,IT,Seeking information,0.202
2026-06-01,IT,Self-expression,0.071
2026-06-01,IT,Technical help,0.046
2026-06-01,IT,Writing,0.221
2026-06-01,JM,Multimedia,0.093
2026-06-01,JM,Other/Unknown,0.045
2026-06-01,JM,Practical Guidance,0.266
2026-06-01,JM,Seeking information,0.182
2026-06-01,JM,Self-expression,0.163
2026-06-01,JM,Technical help,0.053
2026-06-01,JM,Writing,0.199
2026-06-01,JO,Multimedia,0.080
2026-06-01,JO,Other/Unknown,0.062
2026-06-01,JO,Practical Guidance,0.395
2026-06-01,JO,Seeking information,0.178
2026-06-01,JO,Self-expression,0.082
2026-06-01,JO,Technical help,0.036
2026-06-01,JO,Writing,0.168
2026-06-01,JP,Multimedia,0.046
2026-06-01,JP,Other/Unknown,0.059
2026-06-01,JP,Practical Guidance,0.312
2026-06-01,JP,Seeking information,0.184
2026-06-01,JP,Self-expression,0.179
2026-06-01,JP,Technical help,0.030
2026-06-01,JP,Writing,0.191
2026-06-01,KE,Multimedia,0.063
2026-06-01,KE,Other/Unknown,0.079
2026-06-01,KE,Practical Guidance,0.319
2026-06-01,KE,Seeking information,0.166
2026-06-01,KE,Self-expression,0.063
2026-06-01,KE,Technical help,0.041
2026-06-01,KE,Writing,0.270
2026-06-01,KG,Multimedia,0.075
2026-06-01,KG,Other/Unknown,0.060
2026-06-01,KG,Practical Guidance,0.357
2026-06-01,KG,Seeking information,0.146
2026-06-01,KG,Self-expression,0.084
2026-06-01,KG,Technical help,0.042
2026-06-01,KG,Writing,0.235
2026-06-01,KH,Multimedia,0.088
2026-06-01,KH,Other/Unknown,0.027
2026-06-01,KH,Practical Guidance,0.299
2026-06-01,KH,Seeking information,0.161
2026-06-01,KH,Self-expression,0.117
2026-06-01,KH,Technical help,0.043
2026-06-01,KH,Writing,0.265
2026-06-01,KR,Multimedia,0.050
2026-06-01,KR,Other/Unknown,0.063
2026-06-01,KR,Practical Guidance,0.341
2026-06-01,KR,Seeking information,0.190
2026-06-01,KR,Self-expression,0.102
2026-06-01,KR,Technical help,0.041
2026-06-01,KR,Writing,0.213
2026-06-01,KW,Multimedia,0.065
2026-06-01,KW,Other/Unknown,0.057
2026-06-01,KW,Practical Guidance,0.292
2026-06-01,KW,Seeking information,0.230
2026-06-01,KW,Self-expression,0.090
2026-06-01,KW,Technical help,0.048
2026-06-01,KW,Writing,0.218
2026-06-01,KZ,Multimedia,0.063
2026-06-01,KZ,Other/Unknown,0.065
2026-06-01,KZ,Practical Guidance,0.347
2026-06-01,KZ,Seeking information,0.182
2026-06-01,KZ,Self-expression,0.094
2026-06-01,KZ,Technical help,0.031
2026-06-01,KZ,Writing,0.217
2026-06-01,LB,Multimedia,0.096
2026-06-01,LB,Other/Unknown,0.060
2026-06-01,LB,Practical Guidance,0.412
2026-06-01,LB,Seeking information,0.182
2026-06-01,LB,Self-expression,0.049
2026-06-01,LB,Technical help,0.015
2026-06-01,LB,Writing,0.185
2026-06-01,LK,Multimedia,0.108
2026-06-01,LK,Other/Unknown,0.060
2026-06-01,LK,Practical Guidance,0.322
2026-06-01,LK,Seeking information,0.160
2026-06-01,LK,Self-expression,0.055
2026-06-01,LK,Technical help,0.025
2026-06-01,LK,Writing,0.268
2026-06-01,LT,Multimedia,0.046
2026-06-01,LT,Other/Unknown,0.065
2026-06-01,LT,Practical Guidance,0.315
2026-06-01,LT,Seeking information,0.300
2026-06-01,LT,Self-expression,0.074
2026-06-01,LT,Technical help,0.039
2026-06-01,LT,Writing,0.162
2026-06-01,LU,Multimedia,0.065
2026-06-01,LU,Other/Unknown,0.008
2026-06-01,LU,Practical Guidance,0.383
2026-06-01,LU,Seeking information,0.237
2026-06-01,LU,Self-expression,0.062
2026-06-01,LU,Technical help,0.000
2026-06-01,LU,Writing,0.246
2026-06-01,LV,Multimedia,0.101
2026-06-01,LV,Other/Unknown,0.057
2026-06-01,LV,Practical Guidance,0.298
2026-06-01,LV,Seeking information,0.238
2026-06-01,LV,Self-expression,0.056
2026-06-01,LV,Technical help,0.045
2026-06-01,LV,Writing,0.204
2026-06-01,LY,Multimedia,0.107
2026-06-01,LY,Other/Unknown,0.077
2026-06-01,LY,Practical Guidance,0.344
2026-06-01,LY,Seeking information,0.159
2026-06-01,LY,Self-expression,0.092
2026-06-01,LY,Technical help,0.041
2026-06-01,LY,Writing,0.179
2026-06-01,MA,Multimedia,0.061
2026-06-01,MA,Other/Unknown,0.071
2026-06-01,MA,Practical Guidance,0.330
2026-06-01,MA,Seeking information,0.175
2026-06-01,MA,Self-expression,0.091
2026-06-01,MA,Technical help,0.032
2026-06-01,MA,Writing,0.239
2026-06-01,MD,Multimedia,0.070
2026-06-01,MD,Other/Unknown,0.044
2026-06-01,MD,Practical Guidance,0.350
2026-06-01,MD,Seeking information,0.244
2026-06-01,MD,Self-expression,0.083
2026-06-01,MD,Technical help,0.021
2026-06-01,MD,Writing,0.188
2026-06-01,ME,Multimedia,0.052
2026-06-01,ME,Other/Unknown,0.059
2026-06-01,ME,Practical Guidance,0.375
2026-06-01,ME,Seeking information,0.209
2026-06-01,ME,Self-expression,0.084
2026-06-01,ME,Technical help,0.046
2026-06-01,ME,Writing,0.176
2026-06-01,MG,Multimedia,0.073
2026-06-01,MG,Other/Unknown,0.060
2026-06-01,MG,Practical Guidance,0.273
2026-06-01,MG,Seeking information,0.246
2026-06-01,MG,Self-expression,0.051
2026-06-01,MG,Technical help,0.034
2026-06-01,MG,Writing,0.263
2026-06-01,MK,Multimedia,0.085
2026-06-01,MK,Other/Unknown,0.064
2026-06-01,MK,Practical Guidance,0.399
2026-06-01,MK,Seeking information,0.164
2026-06-01,MK,Self-expression,0.106
2026-06-01,MK,Technical help,0.034
2026-06-01,MK,Writing,0.147
2026-06-01,MM,Multimedia,0.072
2026-06-01,MM,Other/Unknown,0.084
2026-06-01,MM,Practical Guidance,0.314
2026-06-01,MM,Seeking information,0.130
2026-06-01,MM,Self-expression,0.138
2026-06-01,MM,Technical help,0.025
2026-06-01,MM,Writing,0.238
2026-06-01,MN,Multimedia,0.084
2026-06-01,MN,Other/Unknown,0.103
2026-06-01,MN,Practical Guidance,0.288
2026-06-01,MN,Seeking information,0.204
2026-06-01,MN,Self-expression,0.104
2026-06-01,MN,Technical help,0.070
2026-06-01,MN,Writing,0.147
2026-06-01,MT,Multimedia,0.095
2026-06-01,MT,Other/Unknown,0.033
2026-06-01,MT,Practical Guidance,0.258
2026-06-01,MT,Seeking information,0.267
2026-06-01,MT,Self-expression,0.093
2026-06-01,MT,Technical help,0.033
2026-06-01,MT,Writing,0.221
2026-06-01,MU,Multimedia,0.091
2026-06-01,MU,Other/Unknown,0.010
2026-06-01,MU,Practical Guidance,0.366
2026-06-01,MU,Seeking information,0.169
2026-06-01,MU,Self-expression,0.092
2026-06-01,MU,Technical help,0.056
2026-06-01,MU,Writing,0.218
2026-06-01,MX,Multimedia,0.106
2026-06-01,MX,Other/Unknown,0.054
2026-06-01,MX,Practical Guidance,0.304
2026-06-01,MX,Seeking information,0.170
2026-06-01,MX,Self-expression,0.118
2026-06-01,MX,Technical help,0.040
2026-06-01,MX,Writing,0.208
2026-06-01,MY,Multimedia,0.073
2026-06-01,MY,Other/Unknown,0.057
2026-06-01,MY,Practical Guidance,0.300
2026-06-01,MY,Seeking information,0.184
2026-06-01,MY,Self-expression,0.087
2026-06-01,MY,Technical help,0.034
2026-06-01,MY,Writing,0.266
2026-06-01,MZ,Multimedia,0.086
2026-06-01,MZ,Other/Unknown,0.077
2026-06-01,MZ,Practical Guidance,0.229
2026-06-01,MZ,Seeking information,0.192
2026-06-01,MZ,Self-expression,0.093
2026-06-01,MZ,Technical help,0.034
2026-06-01,MZ,Writing,0.288
2026-06-01,NG,Multimedia,0.062
2026-06-01,NG,Other/Unknown,0.064
2026-06-01,NG,Practical Guidance,0.245
2026-06-01,NG,Seeking information,0.161
2026-06-01,NG,Self-expression,0.084
2026-06-01,NG,Technical help,0.033
2026-06-01,NG,Writing,0.350
2026-06-01,NI,Multimedia,0.088
2026-06-01,NI,Other/Unknown,0.057
2026-06-01,NI,Practical Guidance,0.341
2026-06-01,NI,Seeking information,0.173
2026-06-01,NI,Self-expression,0.079
2026-06-01,NI,Technical help,0.030
2026-06-01,NI,Writing,0.232
2026-06-01,NL,Multimedia,0.067
2026-06-01,NL,Other/Unknown,0.054
2026-06-01,NL,Practical Guidance,0.325
2026-06-01,NL,Seeking information,0.200
2026-06-01,NL,Self-expression,0.081
2026-06-01,NL,Technical help,0.043
2026-06-01,NL,Writing,0.230
2026-06-01,NO,Multimedia,0.063
2026-06-01,NO,Other/Unknown,0.048
2026-06-01,NO,Practical Guidance,0.306
2026-06-01,NO,Seeking information,0.254
2026-06-01,NO,Self-expression,0.094
2026-06-01,NO,Technical help,0.042
2026-06-01,NO,Writing,0.193
2026-06-01,NP,Multimedia,0.066
2026-06-01,NP,Other/Unknown,0.081
2026-06-01,NP,Practical Guidance,0.326
2026-06-01,NP,Seeking information,0.183
2026-06-01,NP,Self-expression,0.071
2026-06-01,NP,Technical help,0.050
2026-06-01,NP,Writing,0.222
2026-06-01,NZ,Multimedia,0.060
2026-06-01,NZ,Other/Unknown,0.051
2026-06-01,NZ,Practical Guidance,0.331
2026-06-01,NZ,Seeking information,0.160
2026-06-01,NZ,Self-expression,0.087
2026-06-01,NZ,Technical help,0.051
2026-06-01,NZ,Writing,0.260
2026-06-01,OM,Multimedia,0.106
2026-06-01,OM,Other/Unknown,0.054
2026-06-01,OM,Practical Guidance,0.283
2026-06-01,OM,Seeking information,0.181
2026-06-01,OM,Self-expression,0.089
2026-06-01,OM,Technical help,0.019
2026-06-01,OM,Writing,0.268
2026-06-01,PA,Multimedia,0.116
2026-06-01,PA,Other/Unknown,0.055
2026-06-01,PA,Practical Guidance,0.272
2026-06-01,PA,Seeking information,0.177
2026-06-01,PA,Self-expression,0.080
2026-06-01,PA,Technical help,0.034
2026-06-01,PA,Writing,0.267
2026-06-01,PE,Multimedia,0.109
2026-06-01,PE,Other/Unknown,0.041
2026-06-01,PE,Practical Guidance,0.331
2026-06-01,PE,Seeking information,0.136
2026-06-01,PE,Self-expression,0.074
2026-06-01,PE,Technical help,0.040
2026-06-01,PE,Writing,0.270
2026-06-01,PH,Multimedia,0.061
2026-06-01,PH,Other/Unknown,0.057
2026-06-01,PH,Practical Guidance,0.275
2026-06-01,PH,Seeking information,0.138
2026-06-01,PH,Self-expression,0.066
2026-06-01,PH,Technical help,0.037
2026-06-01,PH,Writing,0.365
2026-06-01,PK,Multimedia,0.079
2026-06-01,PK,Other/Unknown,0.068
2026-06-01,PK,Practical Guidance,0.336
2026-06-01,PK,Seeking information,0.173
2026-06-01,PK,Self-expression,0.054
2026-06-01,PK,Technical help,0.041
2026-06-01,PK,Writing,0.249
2026-06-01,PL,Multimedia,0.069
2026-06-01,PL,Other/Unknown,0.051
2026-06-01,PL,Practical Guidance,0.336
2026-06-01,PL,Seeking information,0.236
2026-06-01,PL,Self-expression,0.078
2026-06-01,PL,Technical help,0.042
2026-06-01,PL,Writing,0.189
2026-06-01,PR,Multimedia,0.082
2026-06-01,PR,Other/Unknown,0.080
2026-06-01,PR,Practical Guidance,0.298
2026-06-01,PR,Seeking information,0.199
2026-06-01,PR,Self-expression,0.097
2026-06-01,PR,Technical help,0.047
2026-06-01,PR,Writing,0.197
2026-06-01,PS,Multimedia,0.064
2026-06-01,PS,Other/Unknown,0.078
2026-06-01,PS,Practical Guidance,0.381
2026-06-01,PS,Seeking information,0.162
2026-06-01,PS,Self-expression,0.080
2026-06-01,PS,Technical help,0.067
2026-06-01,PS,Writing,0.168
2026-06-01,PT,Multimedia,0.057
2026-06-01,PT,Other/Unknown,0.057
2026-06-01,PT,Practical Guidance,0.285
2026-06-01,PT,Seeking information,0.249
2026-06-01,PT,Self-expression,0.072
2026-06-01,PT,Technical help,0.035
2026-06-01,PT,Writing,0.245
2026-06-01,PY,Multimedia,0.133
2026-06-01,PY,Other/Unknown,0.058
2026-06-01,PY,Practical Guidance,0.322
2026-06-01,PY,Seeking information,0.193
2026-06-01,PY,Self-expression,0.077
2026-06-01,PY,Technical help,0.011
2026-06-01,PY,Writing,0.207
2026-06-01,QA,Multimedia,0.064
2026-06-01,QA,Other/Unknown,0.070
2026-06-01,QA,Practical Guidance,0.261
2026-06-01,QA,Seeking information,0.168
2026-06-01,QA,Self-expression,0.077
2026-06-01,QA,Technical help,0.033
2026-06-01,QA,Writing,0.327
2026-06-01,RE,Multimedia,0.052
2026-06-01,RE,Other/Unknown,0.047
2026-06-01,RE,Practical Guidance,0.355
2026-06-01,RE,Seeking information,0.213
2026-06-01,RE,Self-expression,0.128
2026-06-01,RE,Technical help,0.060
2026-06-01,RE,Writing,0.146
2026-06-01,RO,Multimedia,0.053
2026-06-01,RO,Other/Unknown,0.050
2026-06-01,RO,Practical Guidance,0.405
2026-06-01,RO,Seeking information,0.234
2026-06-01,RO,Self-expression,0.067
2026-06-01,RO,Technical help,0.035
2026-06-01,RO,Writing,0.156
2026-06-01,RS,Multimedia,0.052
2026-06-01,RS,Other/Unknown,0.053
2026-06-01,RS,Practical Guidance,0.343
2026-06-01,RS,Seeking information,0.250
2026-06-01,RS,Self-expression,0.116
2026-06-01,RS,Technical help,0.034
2026-06-01,RS,Writing,0.152
2026-06-01,RW,Multimedia,0.078
2026-06-01,RW,Other/Unknown,0.064
2026-06-01,RW,Practical Guidance,0.354
2026-06-01,RW,Seeking information,0.187
2026-06-01,RW,Self-expression,0.013
2026-06-01,RW,Technical help,0.041
2026-06-01,RW,Writing,0.262
2026-06-01,SA,Multimedia,0.062
2026-06-01,SA,Other/Unknown,0.063
2026-06-01,SA,Practical Guidance,0.340
2026-06-01,SA,Seeking information,0.183
2026-06-01,SA,Self-expression,0.089
2026-06-01,SA,Technical help,0.038
2026-06-01,SA,Writing,0.225
2026-06-01,SD,Multimedia,0.071
2026-06-01,SD,Other/Unknown,0.060
2026-06-01,SD,Practical Guidance,0.411
2026-06-01,SD,Seeking information,0.118
2026-06-01,SD,Self-expression,0.099
2026-06-01,SD,Technical help,0.000
2026-06-01,SD,Writing,0.240
2026-06-01,SE,Multimedia,0.058
2026-06-01,SE,Other/Unknown,0.057
2026-06-01,SE,Practical Guidance,0.334
2026-06-01,SE,Seeking information,0.227
2026-06-01,SE,Self-expression,0.092
2026-06-01,SE,Technical help,0.033
2026-06-01,SE,Writing,0.199
2026-06-01,SG,Multimedia,0.066
2026-06-01,SG,Other/Unknown,0.041
2026-06-01,SG,Practical Guidance,0.297
2026-06-01,SG,Seeking information,0.176
2026-06-01,SG,Self-expression,0.069
2026-06-01,SG,Technical help,0.073
2026-06-01,SG,Writing,0.278
2026-06-01,SI,Multimedia,0.063
2026-06-01,SI,Other/Unknown,0.029
2026-06-01,SI,Practical Guidance,0.364
2026-06-01,SI,Seeking information,0.260
2026-06-01,SI,Self-expression,0.074
2026-06-01,SI,Technical help,0.047
2026-06-01,SI,Writing,0.162
2026-06-01,SK,Multimedia,0.088
2026-06-01,SK,Other/Unknown,0.069
2026-06-01,SK,Practical Guidance,0.355
2026-06-01,SK,Seeking information,0.229
2026-06-01,SK,Self-expression,0.048
2026-06-01,SK,Technical help,0.026
2026-06-01,SK,Writing,0.185
2026-06-01,SN,Multimedia,0.086
2026-06-01,SN,Other/Unknown,0.038
2026-06-01,SN,Practical Guidance,0.229
2026-06-01,SN,Seeking information,0.209
2026-06-01,SN,Self-expression,0.077
2026-06-01,SN,Technical help,0.046
2026-06-01,SN,Writing,0.314
2026-06-01,SO,Multimedia,0.078
2026-06-01,SO,Other/Unknown,0.087
2026-06-01,SO,Practical Guidance,0.293
2026-06-01,SO,Seeking information,0.141
2026-06-01,SO,Self-expression,0.117
2026-06-01,SO,Technical help,0.049
2026-06-01,SO,Writing,0.235
2026-06-01,SV,Multimedia,0.112
2026-06-01,SV,Other/Unknown,0.051
2026-06-01,SV,Practical Guidance,0.301
2026-06-01,SV,Seeking information,0.176
2026-06-01,SV,Self-expression,0.109
2026-06-01,SV,Technical help,0.041
2026-06-01,SV,Writing,0.210
2026-06-01,TH,Multimedia,0.100
2026-06-01,TH,Other/Unknown,0.077
2026-06-01,TH,Practical Guidance,0.291
2026-06-01,TH,Seeking information,0.146
2026-06-01,TH,Self-expression,0.108
2026-06-01,TH,Technical help,0.038
2026-06-01,TH,Writing,0.240
2026-06-01,TJ,Multimedia,0.090
2026-06-01,TJ,Other/Unknown,0.115
2026-06-01,TJ,Practical Guidance,0.333
2026-06-01,TJ,Seeking information,0.144
2026-06-01,TJ,Self-expression,0.084
2026-06-01,TJ,Technical help,0.003
2026-06-01,TJ,Writing,0.232
2026-06-01,TN,Multimedia,0.065
2026-06-01,TN,Other/Unknown,0.071
2026-06-01,TN,Practical Guidance,0.310
2026-06-01,TN,Seeking information,0.179
2026-06-01,TN,Self-expression,0.093
2026-06-01,TN,Technical help,0.034
2026-06-01,TN,Writing,0.248
2026-06-01,TR,Multimedia,0.081
2026-06-01,TR,Other/Unknown,0.064
2026-06-01,TR,Practical Guidance,0.356
2026-06-01,TR,Seeking information,0.205
2026-06-01,TR,Self-expression,0.106
2026-06-01,TR,Technical help,0.037
2026-06-01,TR,Writing,0.153
2026-06-01,TT,Multimedia,0.113
2026-06-01,TT,Other/Unknown,0.089
2026-06-01,TT,Practical Guidance,0.282
2026-06-01,TT,Seeking information,0.198
2026-06-01,TT,Self-expression,0.068
2026-06-01,TT,Technical help,0.015
2026-06-01,TT,Writing,0.235
2026-06-01,TW,Multimedia,0.076
2026-06-01,TW,Other/Unknown,0.066
2026-06-01,TW,Practical Guidance,0.289
2026-06-01,TW,Seeking information,0.190
2026-06-01,TW,Self-expression,0.129
2026-06-01,TW,Technical help,0.045
2026-06-01,TW,Writing,0.204
2026-06-01,TZ,Multimedia,0.068
2026-06-01,TZ,Other/Unknown,0.095
2026-06-01,TZ,Practical Guidance,0.352
2026-06-01,TZ,Seeking information,0.174
2026-06-01,TZ,Self-expression,0.064
2026-06-01,TZ,Technical help,0.023
2026-06-01,TZ,Writing,0.224
2026-06-01,UA,Multimedia,0.069
2026-06-01,UA,Other/Unknown,0.059
2026-06-01,UA,Practical Guidance,0.335
2026-06-01,UA,Seeking information,0.203
2026-06-01,UA,Self-expression,0.091
2026-06-01,UA,Technical help,0.039
2026-06-01,UA,Writing,0.204
2026-06-01,UG,Multimedia,0.112
2026-06-01,UG,Other/Unknown,0.090
2026-06-01,UG,Practical Guidance,0.354
2026-06-01,UG,Seeking information,0.166
2026-06-01,UG,Self-expression,0.048
2026-06-01,UG,Technical help,0.000
2026-06-01,UG,Writing,0.231
2026-06-01,US,Multimedia,0.069
2026-06-01,US,Other/Unknown,0.053
2026-06-01,US,Practical Guidance,0.321
2026-06-01,US,Seeking information,0.207
2026-06-01,US,Self-expression,0.095
2026-06-01,US,Technical help,0.037
2026-06-01,US,Writing,0.219
2026-06-01,UY,Multimedia,0.073
2026-06-01,UY,Other/Unknown,0.075
2026-06-01,UY,Practical Guidance,0.337
2026-06-01,UY,Seeking information,0.178
2026-06-01,UY,Self-expression,0.126
2026-06-01,UY,Technical help,0.046
2026-06-01,UY,Writing,0.163
2026-06-01,UZ,Multimedia,0.068
2026-06-01,UZ,Other/Unknown,0.081
2026-06-01,UZ,Practical Guidance,0.347
2026-06-01,UZ,Seeking information,0.180
2026-06-01,UZ,Self-expression,0.098
2026-06-01,UZ,Technical help,0.030
2026-06-01,UZ,Writing,0.197
2026-06-01,VN,Multimedia,0.067
2026-06-01,VN,Other/Unknown,0.067
2026-06-01,VN,Practical Guidance,0.297
2026-06-01,VN,Seeking information,0.151
2026-06-01,VN,Self-expression,0.087
2026-06-01,VN,Technical help,0.049
2026-06-01,VN,Writing,0.283
2026-06-01,YE,Multimedia,0.140
2026-06-01,YE,Other/Unknown,0.079
2026-06-01,YE,Practical Guidance,0.394
2026-06-01,YE,Seeking information,0.125
2026-06-01,YE,Self-expression,0.071
2026-06-01,YE,Technical help,0.036
2026-06-01,YE,Writing,0.155
2026-06-01,ZA,Multimedia,0.067
2026-06-01,ZA,Other/Unknown,0.060
2026-06-01,ZA,Practical Guidance,0.296
2026-06-01,ZA,Seeking information,0.159
2026-06-01,ZA,Self-expression,0.097
2026-06-01,ZA,Technical help,0.052
2026-06-01,ZA,Writing,0.270
2026-06-01,ZM,Multimedia,0.078
2026-06-01,ZM,Other/Unknown,0.042
2026-06-01,ZM,Practical Guidance,0.311
2026-06-01,ZM,Seeking information,0.201
2026-06-01,ZM,Self-expression,0.085
2026-06-01,ZM,Technical help,0.022
2026-06-01,ZM,Writing,0.262
2026-06-01,ZW,Multimedia,0.101
2026-06-01,ZW,Other/Unknown,0.142
2026-06-01,ZW,Practical Guidance,0.275
2026-06-01,ZW,Seeking information,0.140
2026-06-01,ZW,Self-expression,0.070
2026-06-01,ZW,Technical help,0.101
2026-06-01,ZW,Writing,0.170
